/* AUTO-GENERATED by tools/bake_icons_rgba.py from theme/icons/*.png.
 * DO NOT EDIT BY HAND -- edit the PNGs and re-run the bake tool:
 *   docker run --rm -v <repo>:/work sms-ipu-tools python3 /work/tools/bake_icons_rgba.py
 * Format: R,G,B,A bytes (GS PSMCT32), alpha 0..0x80, transparent zeroed. */

static const unsigned char rgba_s_IconFolder[ 4096 ] __attribute__(   (  aligned( 16 ), section( ".data" )  )   ) = {
	0x00,0x00,0x00,0x00,0x00,0x00,0x00,0x00,0x00,0x00,0x00,0x00,0x00,0x00,0x00,0x00,
	0x00,0x00,0x00,0x00,0x00,0x00,0x00,0x00,0x00,0x00,0x00,0x00,0x00,0x00,0x00,0x00,
	0x00,0x00,0x00,0x00,0x00,0x00,0x00,0x00,0x00,0x00,0x00,0x00,0x00,0x00,0x00,0x00,
	0x00,0x00,0x00,0x00,0x00,0x00,0x00,0x00,0x00,0x00,0x00,0x00,0x00,0x00,0x00,0x00,
	0x00,0x00,0x00,0x00,0x00,0x00,0x00,0x00,0x00,0x00,0x00,0x00,0x00,0x00,0x00,0x00,
	0x00,0x00,0x00,0x00,0x00,0x00,0x00,0x00,0x00,0x00,0x00,0x00,0x00,0x00,0x00,0x00,
	0x00,0x00,0x00,0x00,0x00,0x00,0x00,0x00,0x00,0x00,0x00,0x00,0x00,0x00,0x00,0x00,
	0x00,0x00,0x00,0x00,0x00,0x00,0x00,0x00,0x00,0x00,0x00,0x00,0x00,0x00,0x00,0x00,
	0x00,0x00,0x00,0x00,0x00,0x00,0x00,0x00,0x00,0x00,0x00,0x00,0x00,0x00,0x00,0x00,
	0x00,0x00,0x00,0x00,0x00,0x00,0x00,0x00,0x00,0x00,0x00,0x00,0x00,0x00,0x00,0x00,
	0x00,0x00,0x00,0x00,0x00,0x00,0x00,0x00,0x00,0x00,0x00,0x00,0x00,0x00,0x00,0x00,
	0x00,0x00,0x00,0x00,0x00,0x00,0x00,0x00,0x00,0x00,0x00,0x00,0x00,0x00,0x00,0x00,
	0x00,0x00,0x00,0x00,0x00,0x00,0x00,0x00,0x00,0x00,0x00,0x00,0x00,0x00,0x00,0x00,
	0x00,0x00,0x00,0x00,0x00,0x00,0x00,0x00,0x00,0x00,0x00,0x00,0x00,0x00,0x00,0x00,
	0x00,0x00,0x00,0x00,0x00,0x00,0x00,0x00,0x00,0x00,0x00,0x00,0x00,0x00,0x00,0x00,
	0x00,0x00,0x00,0x00,0x00,0x00,0x00,0x00,0x00,0x00,0x00,0x00,0x00,0x00,0x00,0x00,
	0x00,0x00,0x00,0x00,0x00,0x00,0x00,0x00,0x00,0x00,0x00,0x00,0x00,0x00,0x00,0x00,
	0x00,0x00,0x00,0x00,0x00,0x00,0x00,0x00,0x00,0x00,0x00,0x00,0x00,0x00,0x00,0x00,
	0x00,0x00,0x00,0x00,0x00,0x00,0x00,0x00,0x00,0x00,0x00,0x00,0x00,0x00,0x00,0x00,
	0x00,0x00,0x00,0x00,0x00,0x00,0x00,0x00,0x00,0x00,0x00,0x00,0x00,0x00,0x00,0x00,
	0x00,0x00,0x00,0x00,0x00,0x00,0x00,0x00,0x00,0x00,0x00,0x00,0x00,0x00,0x00,0x00,
	0x00,0x00,0x00,0x00,0x00,0x00,0x00,0x00,0x00,0x00,0x00,0x00,0x00,0x00,0x00,0x00,
	0x00,0x00,0x00,0x00,0x00,0x00,0x00,0x00,0x00,0x00,0x00,0x00,0x00,0x00,0x00,0x00,
	0x00,0x00,0x00,0x00,0x00,0x00,0x00,0x00,0x00,0x00,0x00,0x00,0x00,0x00,0x00,0x00,
	0x00,0x00,0x00,0x00,0x00,0x00,0x00,0x00,0x00,0x00,0x00,0x00,0x00,0x00,0x00,0x00,
	0x00,0x00,0x00,0x00,0x00,0x00,0x00,0x00,0x00,0x00,0x00,0x00,0x00,0x00,0x00,0x00,
	0x00,0x00,0x00,0x00,0x00,0x00,0x00,0x00,0x00,0x00,0x00,0x00,0x00,0x00,0x00,0x00,
	0x00,0x00,0x00,0x00,0x00,0x00,0x00,0x00,0x00,0x00,0x00,0x00,0x00,0x00,0x00,0x00,
	0x00,0x00,0x00,0x00,0x00,0x00,0x00,0x00,0x00,0x00,0x00,0x00,0x00,0x00,0x00,0x00,
	0x00,0x00,0x00,0x00,0x00,0x00,0x00,0x00,0x00,0x00,0x00,0x00,0x00,0x00,0x00,0x00,
	0x00,0x00,0x00,0x00,0x00,0x00,0x00,0x00,0x00,0x00,0x00,0x00,0x00,0x00,0x00,0x00,
	0x00,0x00,0x00,0x00,0x00,0x00,0x00,0x00,0x00,0x00,0x00,0x00,0x00,0x00,0x00,0x00,
	0x00,0x00,0x00,0x00,0x00,0x00,0x00,0x00,0x00,0x00,0x00,0x00,0x00,0x00,0x00,0x00,
	0x00,0x00,0x00,0x00,0x00,0x00,0x00,0x00,0x00,0x00,0x00,0x00,0x00,0x00,0x00,0x00,
	0x00,0x00,0x00,0x00,0x00,0x00,0x00,0x00,0x00,0x00,0x00,0x00,0x00,0x00,0x00,0x00,
	0x00,0x00,0x00,0x00,0x00,0x00,0x00,0x00,0x00,0x00,0x00,0x00,0x00,0x00,0x00,0x00,
	0x00,0x00,0x00,0x00,0x00,0x00,0x00,0x00,0x00,0x00,0x00,0x00,0x00,0x00,0x00,0x00,
	0x00,0x00,0x00,0x00,0x00,0x00,0x00,0x00,0x00,0x00,0x00,0x00,0x00,0x00,0x00,0x00,
	0x00,0x00,0x00,0x00,0x00,0x00,0x00,0x00,0x00,0x00,0x00,0x00,0x00,0x00,0x00,0x00,
	0x00,0x00,0x00,0x00,0x00,0x00,0x00,0x00,0x00,0x00,0x00,0x00,0x00,0x00,0x00,0x00,
	0x00,0x00,0x00,0x00,0x00,0x00,0x00,0x00,0xfd,0xca,0x57,0x25,0xfc,0xca,0x56,0x73,
	0xfc,0xc9,0x55,0x80,0xfb,0xc8,0x54,0x80,0xfb,0xc7,0x54,0x80,0xfa,0xc6,0x53,0x80,
	0xfa,0xc5,0x52,0x80,0xf9,0xc5,0x51,0x80,0xf9,0xc4,0x50,0x80,0xf8,0xc3,0x4f,0x80,
	0xf7,0xc2,0x4e,0x80,0xf7,0xc1,0x4d,0x80,0xf6,0xc0,0x4c,0x80,0xf6,0xbe,0x4b,0x6e,
	0xf5,0xbd,0x4a,0x0b,0x00,0x00,0x00,0x00,0x00,0x00,0x00,0x00,0x00,0x00,0x00,0x00,
	0x00,0x00,0x00,0x00,0x00,0x00,0x00,0x00,0x00,0x00,0x00,0x00,0x00,0x00,0x00,0x00,
	0x00,0x00,0x00,0x00,0x00,0x00,0x00,0x00,0x00,0x00,0x00,0x00,0x00,0x00,0x00,0x00,
	0x00,0x00,0x00,0x00,0x00,0x00,0x00,0x00,0x00,0x00,0x00,0x00,0x00,0x00,0x00,0x00,
	0x00,0x00,0x00,0x00,0x00,0x00,0x00,0x00,0xfc,0xc9,0x55,0x73,0xfb,0xc8,0x54,0x80,
	0xfb,0xc7,0x53,0x80,0xfa,0xc6,0x53,0x80,0xfa,0xc5,0x52,0x80,0xf9,0xc4,0x51,0x80,
	0xf9,0xc3,0x50,0x80,0xf8,0xc2,0x4f,0x80,0xf7,0xc1,0x4e,0x80,0xf7,0xc0,0x4d,0x80,
	0xf6,0xbf,0x4c,0x80,0xf6,0xbe,0x4b,0x80,0xf5,0xbd,0x4a,0x80,0xf4,0xbc,0x49,0x80,
	0xf6,0xca,0x6f,0x80,0xff,0xfc,0xf8,0x80,0xff,0xff,0xff,0x80,0xff,0xff,0xff,0x80,
	0xff,0xff,0xff,0x80,0xff,0xff,0xff,0x80,0xff,0xff,0xff,0x80,0xff,0xff,0xff,0x80,
	0xff,0xff,0xff,0x80,0xff,0xff,0xff,0x80,0xff,0xff,0xff,0x80,0xff,0xff,0xff,0x80,
	0xff,0xff,0xff,0x80,0x00,0x00,0x00,0x00,0x00,0x00,0x00,0x00,0x00,0x00,0x00,0x00,
	0x00,0x00,0x00,0x00,0x00,0x00,0x00,0x00,0xfb,0xc7,0x53,0x80,0xfa,0xc6,0x53,0x80,
	0xfa,0xc5,0x52,0x80,0xf9,0xc4,0x51,0x80,0xf8,0xc3,0x50,0x80,0xf8,0xc2,0x4f,0x80,
	0xf7,0xc1,0x4e,0x80,0xf7,0xc0,0x4d,0x80,0xf6,0xbf,0x4c,0x80,0xf6,0xbe,0x4b,0x80,
	0xf5,0xbd,0x4a,0x80,0xf4,0xbc,0x49,0x80,0xf4,0xbb,0x47,0x80,0xf3,0xba,0x46,0x80,
	0xf2,0xb9,0x45,0x80,0xf6,0xcd,0x7d,0x80,0xff,0xfe,0xfd,0x80,0xff,0xff,0xff,0x80,
	0xff,0xff,0xff,0x80,0xff,0xff,0xff,0x80,0xff,0xff,0xff,0x80,0xff,0xff,0xff,0x80,
	0xff,0xff,0xff,0x80,0xff,0xff,0xff,0x80,0xff,0xff,0xff,0x80,0xff,0xff,0xff,0x80,
	0xff,0xff,0xff,0x80,0x00,0x00,0x00,0x00,0x00,0x00,0x00,0x00,0x00,0x00,0x00,0x00,
	0x00,0x00,0x00,0x00,0x00,0x00,0x00,0x00,0xf9,0xc5,0x52,0x80,0xf9,0xc4,0x51,0x80,
	0xf8,0xc3,0x50,0x80,0xf8,0xc2,0x4f,0x80,0xf7,0xc1,0x4e,0x80,0xf7,0xc0,0x4d,0x80,
	0xf6,0xbf,0x4c,0x80,0xf5,0xbe,0x4b,0x80,0xf5,0xbd,0x4a,0x80,0xf4,0xbc,0x48,0x80,
	0xf4,0xbb,0x47,0x80,0xf3,0xba,0x46,0x80,0xf2,0xb8,0x45,0x80,0xf2,0xb7,0x44,0x80,
	0xf1,0xb6,0x43,0x80,0xe9,0xa9,0x36,0x80,0xe5,0xa3,0x2f,0x80,0xe4,0x9f,0x2d,0x80,
	0xe3,0x9f,0x2c,0x80,0xe3,0x9e,0x2b,0x80,0xe3,0x9d,0x2b,0x80,0xe2,0x9c,0x2a,0x80,
	0xe2,0x9c,0x29,0x80,0xe1,0x9b,0x29,0x80,0xe2,0x9b,0x28,0x80,0xe2,0x9b,0x29,0x80,
	0xe4,0xa4,0x39,0x80,0xe8,0xa6,0x33,0x25,0x00,0x00,0x00,0x00,0x00,0x00,0x00,0x00,
	0x00,0x00,0x00,0x00,0x00,0x00,0x00,0x00,0xf8,0xc3,0x50,0x80,0xf8,0xc2,0x4f,0x80,
	0xf7,0xc1,0x4e,0x80,0xf7,0xc0,0x4d,0x80,0xf6,0xbf,0x4c,0x80,0xf5,0xbe,0x4a,0x80,
	0xf5,0xbd,0x49,0x80,0xf4,0xbc,0x48,0x80,0xf3,0xbb,0x47,0x80,0xf3,0xb9,0x46,0x80,
	0xf2,0xb8,0x45,0x80,0xf1,0xb7,0x44,0x80,0xf1,0xb6,0x43,0x80,0xf0,0xb5,0x41,0x80,
	0xef,0xb3,0x40,0x80,0xef,0xb2,0x3f,0x80,0xee,0xb1,0x3e,0x80,0xed,0xb0,0x3d,0x80,
	0xed,0xaf,0x3b,0x80,0xec,0xad,0x3a,0x80,0xeb,0xac,0x39,0x80,0xea,0xab,0x38,0x80,
	0xea,0xa9,0x36,0x80,0xe9,0xa8,0x35,0x80,0xe8,0xa7,0x34,0x80,0xe7,0xa5,0x32,0x80,
	0xe7,0xa4,0x31,0x80,0xe6,0xa3,0x30,0x73,0x00,0x00,0x00,0x00,0x00,0x00,0x00,0x00,
	0x00,0x00,0x00,0x00,0x00,0x00,0x00,0x00,0xf7,0xc1,0x4d,0x80,0xf7,0xc0,0x4c,0x80,
	0xf6,0xbf,0x4b,0x80,0xf5,0xbe,0x4a,0x80,0xf5,0xbd,0x49,0x80,0xf4,0xbc,0x48,0x80,
	0xf3,0xba,0x47,0x80,0xf3,0xb9,0x46,0x80,0xf2,0xb8,0x45,0x80,0xf1,0xb7,0x44,0x80,
	0xf1,0xb6,0x42,0x80,0xf0,0xb5,0x41,0x80,0xef,0xb3,0x40,0x80,0xef,0xb2,0x3f,0x80,
	0xee,0xb1,0x3e,0x80,0xed,0xb0,0x3c,0x80,0xec,0xae,0x3b,0x80,0xec,0xad,0x3a,0x80,
	0xeb,0xac,0x39,0x80,0xea,0xab,0x37,0x80,0xea,0xa9,0x36,0x80,0xe9,0xa8,0x35,0x80,
	0xe8,0xa7,0x34,0x80,0xe7,0xa5,0x32,0x80,0xe7,0xa4,0x31,0x80,0xe6,0xa3,0x30,0x80,
	0xe5,0xa1,0x2e,0x80,0xe4,0xa0,0x2d,0x80,0x00,0x00,0x00,0x00,0x00,0x00,0x00,0x00,
	0x00,0x00,0x00,0x00,0x00,0x00,0x00,0x00,0xf6,0xbf,0x4b,0x80,0xf5,0xbe,0x4a,0x80,
	0xf5,0xbd,0x49,0x80,0xf4,0xbb,0x48,0x80,0xf3,0xba,0x47,0x80,0xf3,0xb9,0x46,0x80,
	0xf2,0xb8,0x45,0x80,0xf1,0xb7,0x43,0x80,0xf1,0xb6,0x42,0x80,0xf0,0xb4,0x41,0x80,
	0xef,0xb3,0x40,0x80,0xef,0xb2,0x3f,0x80,0xee,0xb1,0x3e,0x80,0xed,0xaf,0x3c,0x80,
	0xec,0xae,0x3b,0x80,0xec,0xad,0x3a,0x80,0xeb,0xac,0x39,0x80,0xea,0xaa,0x37,0x80,
	0xe9,0xa9,0x36,0x80,0xe9,0xa8,0x35,0x80,0xe8,0xa6,0x33,0x80,0xe7,0xa5,0x32,0x80,
	0xe6,0xa4,0x31,0x80,0xe6,0xa3,0x30,0x80,0xe5,0xa1,0x2e,0x80,0xe4,0xa0,0x2d,0x80,
	0xe3,0x9f,0x2c,0x80,0xe3,0x9d,0x2a,0x80,0x00,0x00,0x00,0x00,0x00,0x00,0x00,0x00,
	0x00,0x00,0x00,0x00,0x00,0x00,0x00,0x00,0xf5,0xbc,0x49,0x80,0xf4,0xbb,0x48,0x80,
	0xf3,0xba,0x47,0x80,0xf3,0xb9,0x46,0x80,0xf2,0xb8,0x45,0x80,0xf1,0xb7,0x43,0x80,
	0xf1,0xb5,0x42,0x80,0xf0,0xb4,0x41,0x80,0xef,0xb3,0x40,0x80,0xee,0xb2,0x3f,0x80,
	0xee,0xb1,0x3d,0x80,0xed,0xaf,0x3c,0x80,0xec,0xae,0x3b,0x80,0xec,0xad,0x3a,0x80,
	0xeb,0xab,0x38,0x80,0xea,0xaa,0x37,0x80,0xe9,0xa9,0x36,0x80,0xe9,0xa8,0x35,0x80,
	0xe8,0xa6,0x33,0x80,0xe7,0xa5,0x32,0x80,0xe6,0xa4,0x31,0x80,0xe6,0xa2,0x2f,0x80,
	0xe5,0xa1,0x2e,0x80,0xe4,0xa0,0x2d,0x80,0xe3,0x9e,0x2c,0x80,0xe3,0x9d,0x2a,0x80,
	0xe2,0x9c,0x29,0x80,0xe1,0x9b,0x28,0x80,0x00,0x00,0x00,0x00,0x00,0x00,0x00,0x00,
	0x00,0x00,0x00,0x00,0x00,0x00,0x00,0x00,0xf3,0xba,0x47,0x80,0xf2,0xb9,0x46,0x80,
	0xf2,0xb8,0x44,0x80,0xf1,0xb7,0x43,0x80,0xf0,0xb5,0x42,0x80,0xf0,0xb4,0x41,0x80,
	0xef,0xb3,0x40,0x80,0xee,0xb2,0x3e,0x80,0xee,0xb0,0x3d,0x80,0xed,0xaf,0x3c,0x80,
	0xec,0xae,0x3b,0x80,0xeb,0xad,0x39,0x80,0xeb,0xab,0x38,0x80,0xea,0xaa,0x37,0x80,
	0xe9,0xa9,0x36,0x80,0xe9,0xa7,0x34,0x80,0xe8,0xa6,0x33,0x80,0xe7,0xa5,0x32,0x80,
	0xe6,0xa4,0x31,0x80,0xe6,0xa2,0x2f,0x80,0xe5,0xa1,0x2e,0x80,0xe4,0xa0,0x2d,0x80,
	0xe3,0x9e,0x2b,0x80,0xe3,0x9d,0x2a,0x80,0xe2,0x9c,0x29,0x80,0xe1,0x9a,0x28,0x80,
	0xe0,0x99,0x26,0x80,0xe0,0x98,0x25,0x80,0x00,0x00,0x00,0x00,0x00,0x00,0x00,0x00,
	0x00,0x00,0x00,0x00,0x00,0x00,0x00,0x00,0xf2,0xb8,0x44,0x80,0xf1,0xb6,0x43,0x80,
	0xf0,0xb5,0x42,0x80,0xf0,0xb4,0x41,0x80,0xef,0xb3,0x3f,0x80,0xee,0xb1,0x3e,0x80,
	0xee,0xb0,0x3d,0x80,0xed,0xaf,0x3c,0x80,0xec,0xae,0x3b,0x80,0xeb,0xac,0x39,0x80,
	0xeb,0xab,0x38,0x80,0xea,0xaa,0x37,0x80,0xe9,0xa9,0x36,0x80,0xe8,0xa7,0x34,0x80,
	0xe8,0xa6,0x33,0x80,0xe7,0xa5,0x32,0x80,0xe6,0xa3,0x30,0x80,0xe5,0xa2,0x2f,0x80,
	0xe5,0xa1,0x2e,0x80,0xe4,0x9f,0x2d,0x80,0xe3,0x9e,0x2b,0x80,0xe2,0x9d,0x2a,0x80,
	0xe2,0x9b,0x29,0x80,0xe1,0x9a,0x27,0x80,0xe0,0x99,0x26,0x80,0xdf,0x98,0x25,0x80,
	0xdf,0x96,0x24,0x80,0xde,0x95,0x22,0x80,0x00,0x00,0x00,0x00,0x00,0x00,0x00,0x00,
	0x00,0x00,0x00,0x00,0x00,0x00,0x00,0x00,0xf0,0xb5,0x42,0x80,0xf0,0xb4,0x41,0x80,
	0xef,0xb3,0x3f,0x80,0xee,0xb1,0x3e,0x80,0xed,0xb0,0x3d,0x80,0xed,0xaf,0x3c,0x80,
	0xec,0xae,0x3a,0x80,0xeb,0xac,0x39,0x80,0xeb,0xab,0x38,0x80,0xea,0xaa,0x37,0x80,
	0xe9,0xa8,0x35,0x80,0xe8,0xa7,0x34,0x80,0xe8,0xa6,0x33,0x80,0xe7,0xa5,0x32,0x80,
	0xe6,0xa3,0x30,0x80,0xe5,0xa2,0x2f,0x80,0xe5,0xa1,0x2e,0x80,0xe4,0x9f,0x2c,0x80,
	0xe3,0x9e,0x2b,0x80,0xe2,0x9d,0x2a,0x80,0xe2,0x9b,0x29,0x80,0xe1,0x9a,0x27,0x80,
	0xe0,0x99,0x26,0x80,0xdf,0x97,0x25,0x80,0xdf,0x96,0x23,0x80,0xde,0x95,0x22,0x80,
	0xdd,0x94,0x21,0x80,0xdc,0x92,0x20,0x80,0x00,0x00,0x00,0x00,0x00,0x00,0x00,0x00,
	0x00,0x00,0x00,0x00,0x00,0x00,0x00,0x00,0xef,0xb2,0x3f,0x80,0xee,0xb1,0x3e,0x80,
	0xed,0xb0,0x3d,0x80,0xed,0xaf,0x3c,0x80,0xec,0xad,0x3a,0x80,0xeb,0xac,0x39,0x80,
	0xea,0xab,0x38,0x80,0xea,0xaa,0x36,0x80,0xe9,0xa8,0x35,0x80,0xe8,0xa7,0x34,0x80,
	0xe8,0xa6,0x33,0x80,0xe7,0xa4,0x31,0x80,0xe6,0xa3,0x30,0x80,0xe5,0xa2,0x2f,0x80,
	0xe4,0xa0,0x2d,0x80,0xe4,0x9f,0x2c,0x80,0xe3,0x9e,0x2b,0x80,0xe2,0x9c,0x2a,0x80,
	0xe1,0x9b,0x28,0x80,0xe1,0x9a,0x27,0x80,0xe0,0x99,0x26,0x80,0xdf,0x97,0x25,0x80,
	0xdf,0x96,0x23,0x80,0xde,0x95,0x22,0x80,0xdd,0x93,0x21,0x80,0xdc,0x92,0x1f,0x80,
	0xdc,0x91,0x1e,0x80,0xdb,0x90,0x1d,0x80,0x00,0x00,0x00,0x00,0x00,0x00,0x00,0x00,
	0x00,0x00,0x00,0x00,0x00,0x00,0x00,0x00,0xed,0xb0,0x3d,0x80,0xed,0xaf,0x3b,0x80,
	0xec,0xad,0x3a,0x80,0xeb,0xac,0x39,0x80,0xea,0xab,0x38,0x80,0xea,0xa9,0x36,0x80,
	0xe9,0xa8,0x35,0x80,0xe8,0xa7,0x34,0x80,0xe7,0xa5,0x32,0x80,0xe7,0xa4,0x31,0x80,
	0xe6,0xa3,0x30,0x80,0xe5,0xa2,0x2f,0x80,0xe4,0xa0,0x2d,0x80,0xe4,0x9f,0x2c,0x80,
	0xe3,0x9e,0x2b,0x80,0xe2,0x9c,0x29,0x80,0xe1,0x9b,0x28,0x80,0xe1,0x9a,0x27,0x80,
	0xe0,0x98,0x26,0x80,0xdf,0x97,0x24,0x80,0xde,0x96,0x23,0x80,0xde,0x95,0x22,0x80,
	0xdd,0x93,0x21,0x80,0xdc,0x92,0x1f,0x80,0xdc,0x91,0x1e,0x80,0xdb,0x8f,0x1d,0x80,
	0xda,0x8e,0x1c,0x80,0xd9,0x8d,0x1a,0x80,0x00,0x00,0x00,0x00,0x00,0x00,0x00,0x00,
	0x00,0x00,0x00,0x00,0x00,0x00,0x00,0x00,0xec,0xad,0x3a,0x80,0xeb,0xac,0x39,0x80,
	0xea,0xab,0x37,0x80,0xea,0xa9,0x36,0x80,0xe9,0xa8,0x35,0x80,0xe8,0xa7,0x34,0x80,
	0xe7,0xa5,0x32,0x80,0xe7,0xa4,0x31,0x80,0xe6,0xa3,0x30,0x80,0xe5,0xa1,0x2e,0x80,
	0xe4,0xa0,0x2d,0x80,0xe4,0x9f,0x2c,0x80,0xe3,0x9d,0x2b,0x80,0xe2,0x9c,0x29,0x80,
	0xe1,0x9b,0x28,0x80,0xe1,0x9a,0x27,0x80,0xe0,0x98,0x25,0x80,0xdf,0x97,0x24,0x80,
	0xde,0x96,0x23,0x80,0xde,0x94,0x22,0x80,0xdd,0x93,0x20,0x80,0xdc,0x92,0x1f,0x80,
	0xdb,0x91,0x1e,0x80,0xdb,0x8f,0x1d,0x80,0xda,0x8e,0x1c,0x80,0xd9,0x8d,0x1a,0x80,
	0xd9,0x8c,0x19,0x80,0xd8,0x8a,0x18,0x80,0x00,0x00,0x00,0x00,0x00,0x00,0x00,0x00,
	0x00,0x00,0x00,0x00,0x00,0x00,0x00,0x00,0xea,0xaa,0x37,0x80,0xe9,0xa9,0x36,0x80,
	0xe9,0xa8,0x35,0x80,0xe8,0xa6,0x33,0x80,0xe7,0xa5,0x32,0x80,0xe6,0xa4,0x31,0x80,
	0xe6,0xa3,0x30,0x80,0xe5,0xa1,0x2e,0x80,0xe4,0xa0,0x2d,0x80,0xe3,0x9f,0x2c,0x80,
	0xe3,0x9d,0x2a,0x80,0xe2,0x9c,0x29,0x80,0xe1,0x9b,0x28,0x80,0xe0,0x99,0x27,0x80,
	0xe0,0x98,0x25,0x80,0xdf,0x97,0x24,0x80,0xde,0x95,0x23,0x80,0xde,0x94,0x22,0x80,
	0xdd,0x93,0x20,0x80,0xdc,0x92,0x1f,0x80,0xdb,0x90,0x1e,0x80,0xdb,0x8f,0x1d,0x80,
	0xda,0x8e,0x1b,0x80,0xd9,0x8d,0x1a,0x80,0xd9,0x8b,0x19,0x80,0xd8,0x8a,0x18,0x80,
	0xd7,0x89,0x17,0x80,0xd7,0x88,0x15,0x80,0x00,0x00,0x00,0x00,0x00,0x00,0x00,0x00,
	0x00,0x00,0x00,0x00,0x00,0x00,0x00,0x00,0xe9,0xa8,0x35,0x80,0xe8,0xa6,0x33,0x80,
	0xe7,0xa5,0x32,0x80,0xe6,0xa4,0x31,0x80,0xe6,0xa2,0x2f,0x80,0xe5,0xa1,0x2e,0x80,
	0xe4,0xa0,0x2d,0x80,0xe3,0x9e,0x2c,0x80,0xe3,0x9d,0x2a,0x80,0xe2,0x9c,0x29,0x80,
	0xe1,0x9b,0x28,0x80,0xe0,0x99,0x26,0x80,0xe0,0x98,0x25,0x80,0xdf,0x97,0x24,0x80,
	0xde,0x95,0x23,0x80,0xdd,0x94,0x21,0x80,0xdd,0x93,0x20,0x80,0xdc,0x91,0x1f,0x80,
	0xdb,0x90,0x1e,0x80,0xdb,0x8f,0x1c,0x80,0xda,0x8e,0x1b,0x80,0xd9,0x8d,0x1a,0x80,
	0xd8,0x8b,0x19,0x80,0xd8,0x8a,0x18,0x80,0xd7,0x89,0x16,0x80,0xd6,0x88,0x15,0x80,
	0xd6,0x87,0x14,0x80,0xd5,0x86,0x13,0x80,0x00,0x00,0x00,0x00,0x00,0x00,0x00,0x00,
	0x00,0x00,0x00,0x00,0x00,0x00,0x00,0x00,0xe7,0xa5,0x32,0x80,0xe6,0xa4,0x31,0x80,
	0xe6,0xa2,0x2f,0x80,0xe5,0xa1,0x2e,0x80,0xe4,0xa0,0x2d,0x80,0xe3,0x9e,0x2b,0x80,
	0xe3,0x9d,0x2a,0x80,0xe2,0x9c,0x29,0x80,0xe1,0x9a,0x28,0x80,0xe0,0x99,0x26,0x80,
	0xe0,0x98,0x25,0x80,0xdf,0x96,0x24,0x80,0xde,0x95,0x22,0x80,0xdd,0x94,0x21,0x80,
	0xdd,0x93,0x20,0x80,0xdc,0x91,0x1f,0x80,0xdb,0x90,0x1d,0x80,0xda,0x8f,0x1c,0x80,
	0xda,0x8e,0x1b,0x80,0xd9,0x8c,0x1a,0x80,0xd8,0x8b,0x19,0x80,0xd8,0x8a,0x18,0x80,
	0xd7,0x89,0x16,0x80,0xd6,0x88,0x15,0x80,0xd6,0x87,0x14,0x80,0xd5,0x85,0x13,0x80,
	0xd4,0x84,0x12,0x80,0xd4,0x83,0x11,0x80,0x00,0x00,0x00,0x00,0x00,0x00,0x00,0x00,
	0x00,0x00,0x00,0x00,0x00,0x00,0x00,0x00,0xe5,0xa2,0x2f,0x80,0xe5,0xa1,0x2e,0x80,
	0xe4,0x9f,0x2d,0x80,0xe3,0x9e,0x2b,0x80,0xe2,0x9d,0x2a,0x80,0xe2,0x9b,0x29,0x80,
	0xe1,0x9a,0x27,0x80,0xe0,0x99,0x26,0x80,0xdf,0x98,0x25,0x80,0xdf,0x96,0x24,0x80,
	0xde,0x95,0x22,0x80,0xdd,0x94,0x21,0x80,0xdd,0x92,0x20,0x80,0xdc,0x91,0x1f,0x80,
	0xdb,0x90,0x1d,0x80,0xda,0x8f,0x1c,0x80,0xda,0x8d,0x1b,0x80,0xd9,0x8c,0x1a,0x80,
	0xd8,0x8b,0x19,0x80,0xd8,0x8a,0x17,0x80,0xd7,0x89,0x16,0x80,0xd6,0x87,0x15,0x80,
	0xd6,0x86,0x14,0x80,0xd5,0x85,0x13,0x80,0xd4,0x84,0x12,0x80,0xd4,0x83,0x11,0x80,
	0xd3,0x82,0x10,0x80,0xd2,0x81,0x0f,0x80,0x00,0x00,0x00,0x00,0x00,0x00,0x00,0x00,
	0x00,0x00,0x00,0x00,0x00,0x00,0x00,0x00,0xe4,0x9f,0x2c,0x80,0xe3,0x9e,0x2b,0x80,
	0xe2,0x9d,0x2a,0x80,0xe2,0x9b,0x29,0x80,0xe1,0x9a,0x27,0x80,0xe0,0x99,0x26,0x80,
	0xdf,0x97,0x25,0x80,0xdf,0x96,0x23,0x80,0xde,0x95,0x22,0x80,0xdd,0x94,0x21,0x80,
	0xdc,0x92,0x20,0x80,0xdc,0x91,0x1e,0x80,0xdb,0x90,0x1d,0x80,0xda,0x8f,0x1c,0x80,
	0xda,0x8d,0x1b,0x80,0xd9,0x8c,0x1a,0x80,0xd8,0x8b,0x18,0x80,0xd8,0x8a,0x17,0x80,
	0xd7,0x89,0x16,0x80,0xd6,0x87,0x15,0x80,0xd6,0x86,0x14,0x80,0xd5,0x85,0x13,0x80,
	0xd4,0x84,0x12,0x80,0xd4,0x83,0x11,0x80,0xd3,0x82,0x0f,0x80,0xd2,0x81,0x0e,0x80,
	0xd2,0x80,0x0d,0x80,0xd1,0x7f,0x0c,0x80,0x00,0x00,0x00,0x00,0x00,0x00,0x00,0x00,
	0x00,0x00,0x00,0x00,0x00,0x00,0x00,0x00,0xe2,0x9c,0x2a,0x80,0xe1,0x9b,0x28,0x80,
	0xe1,0x9a,0x27,0x80,0xe0,0x99,0x26,0x80,0xdf,0x97,0x25,0x80,0xdf,0x96,0x23,0x80,
	0xde,0x95,0x22,0x80,0xdd,0x93,0x21,0x80,0xdc,0x92,0x1f,0x80,0xdc,0x91,0x1e,0x80,
	0xdb,0x90,0x1d,0x80,0xda,0x8e,0x1c,0x80,0xd9,0x8d,0x1b,0x80,0xd9,0x8c,0x19,0x80,
	0xd8,0x8b,0x18,0x80,0xd7,0x8a,0x17,0x80,0xd7,0x88,0x16,0x80,0xd6,0x87,0x15,0x80,
	0xd5,0x86,0x14,0x80,0xd5,0x85,0x13,0x80,0xd4,0x84,0x11,0x80,0xd4,0x83,0x10,0x80,
	0xd3,0x82,0x0f,0x80,0xd2,0x81,0x0e,0x80,0xd2,0x80,0x0d,0x80,0xd1,0x7f,0x0c,0x80,
	0xd1,0x7e,0x0b,0x80,0xd0,0x7d,0x0a,0x80,0x00,0x00,0x00,0x00,0x00,0x00,0x00,0x00,
	0x00,0x00,0x00,0x00,0x00,0x00,0x00,0x00,0xe1,0x9a,0x27,0x80,0xe0,0x98,0x26,0x80,
	0xdf,0x97,0x24,0x80,0xde,0x96,0x23,0x80,0xde,0x95,0x22,0x80,0xdd,0x93,0x21,0x80,
	0xdc,0x92,0x1f,0x80,0xdc,0x91,0x1e,0x80,0xdb,0x8f,0x1d,0x80,0xda,0x8e,0x1c,0x80,
	0xd9,0x8d,0x1a,0x80,0xd9,0x8c,0x19,0x80,0xd8,0x8b,0x18,0x80,0xd7,0x89,0x17,0x80,
	0xd7,0x88,0x16,0x80,0xd6,0x87,0x15,0x80,0xd5,0x86,0x14,0x80,0xd5,0x85,0x12,0x80,
	0xd4,0x84,0x11,0x80,0xd3,0x83,0x10,0x80,0xd3,0x82,0x0f,0x80,0xd2,0x80,0x0e,0x80,
	0xd2,0x7f,0x0d,0x80,0xd1,0x7e,0x0c,0x80,0xd1,0x7d,0x0b,0x80,0xd0,0x7d,0x0a,0x80,
	0xcf,0x7c,0x09,0x80,0xcf,0x7b,0x08,0x80,0x00,0x00,0x00,0x00,0x00,0x00,0x00,0x00,
	0x00,0x00,0x00,0x00,0x00,0x00,0x00,0x00,0xdf,0x97,0x24,0x73,0xde,0x96,0x23,0x80,
	0xde,0x94,0x22,0x80,0xdd,0x93,0x20,0x80,0xdc,0x92,0x1f,0x80,0xdb,0x91,0x1e,0x80,
	0xdb,0x8f,0x1d,0x80,0xda,0x8e,0x1c,0x80,0xd9,0x8d,0x1a,0x80,0xd9,0x8c,0x19,0x80,
	0xd8,0x8a,0x18,0x80,0xd7,0x89,0x17,0x80,0xd7,0x88,0x16,0x80,0xd6,0x87,0x14,0x80,
	0xd5,0x86,0x13,0x80,0xd5,0x85,0x12,0x80,0xd4,0x84,0x11,0x80,0xd3,0x82,0x10,0x80,
	0xd3,0x81,0x0f,0x80,0xd2,0x80,0x0e,0x80,0xd2,0x7f,0x0d,0x80,0xd1,0x7e,0x0c,0x80,
	0xd0,0x7d,0x0b,0x80,0xd0,0x7c,0x0a,0x80,0xcf,0x7b,0x09,0x80,0xcf,0x7b,0x08,0x80,
	0xce,0x7a,0x08,0x80,0xce,0x79,0x07,0x74,0x00,0x00,0x00,0x00,0x00,0x00,0x00,0x00,
	0x00,0x00,0x00,0x00,0x00,0x00,0x00,0x00,0xde,0x94,0x22,0x25,0xdd,0x93,0x20,0x74,
	0xdc,0x92,0x1f,0x80,0xdb,0x90,0x1e,0x80,0xdb,0x8f,0x1d,0x80,0xda,0x8e,0x1b,0x80,
	0xd9,0x8d,0x1a,0x80,0xd9,0x8b,0x19,0x80,0xd8,0x8a,0x18,0x80,0xd7,0x89,0x17,0x80,
	0xd7,0x88,0x15,0x80,0xd6,0x87,0x14,0x80,0xd5,0x86,0x13,0x80,0xd5,0x85,0x12,0x80,
	0xd4,0x83,0x11,0x80,0xd3,0x82,0x10,0x80,0xd3,0x81,0x0f,0x80,0xd2,0x80,0x0e,0x80,
	0xd2,0x7f,0x0d,0x80,0xd1,0x7e,0x0c,0x80,0xd0,0x7d,0x0b,0x80,0xd0,0x7c,0x0a,0x80,
	0xcf,0x7b,0x09,0x80,0xcf,0x7a,0x08,0x80,0xce,0x7a,0x07,0x80,0xce,0x79,0x07,0x80,
	0xcd,0x78,0x06,0x72,0xcd,0x77,0x05,0x25,0x00,0x00,0x00,0x00,0x00,0x00,0x00,0x00,
	0x00,0x00,0x00,0x00,0x00,0x00,0x00,0x00,0x00,0x00,0x00,0x00,0x00,0x00,0x00,0x00,
	0x00,0x00,0x00,0x00,0x00,0x00,0x00,0x00,0x00,0x00,0x00,0x00,0x00,0x00,0x00,0x00,
	0x00,0x00,0x00,0x00,0x00,0x00,0x00,0x00,0x00,0x00,0x00,0x00,0x00,0x00,0x00,0x00,
	0x00,0x00,0x00,0x00,0x00,0x00,0x00,0x00,0x00,0x00,0x00,0x00,0x00,0x00,0x00,0x00,
	0x00,0x00,0x00,0x00,0x00,0x00,0x00,0x00,0x00,0x00,0x00,0x00,0x00,0x00,0x00,0x00,
	0x00,0x00,0x00,0x00,0x00,0x00,0x00,0x00,0x00,0x00,0x00,0x00,0x00,0x00,0x00,0x00,
	0x00,0x00,0x00,0x00,0x00,0x00,0x00,0x00,0x00,0x00,0x00,0x00,0x00,0x00,0x00,0x00,
	0x00,0x00,0x00,0x00,0x00,0x00,0x00,0x00,0x00,0x00,0x00,0x00,0x00,0x00,0x00,0x00,
	0x00,0x00,0x00,0x00,0x00,0x00,0x00,0x00,0x00,0x00,0x00,0x00,0x00,0x00,0x00,0x00,
	0x00,0x00,0x00,0x00,0x00,0x00,0x00,0x00,0x00,0x00,0x00,0x00,0x00,0x00,0x00,0x00,
	0x00,0x00,0x00,0x00,0x00,0x00,0x00,0x00,0x00,0x00,0x00,0x00,0x00,0x00,0x00,0x00,
	0x00,0x00,0x00,0x00,0x00,0x00,0x00,0x00,0x00,0x00,0x00,0x00,0x00,0x00,0x00,0x00,
	0x00,0x00,0x00,0x00,0x00,0x00,0x00,0x00,0x00,0x00,0x00,0x00,0x00,0x00,0x00,0x00,
	0x00,0x00,0x00,0x00,0x00,0x00,0x00,0x00,0x00,0x00,0x00,0x00,0x00,0x00,0x00,0x00,
	0x00,0x00,0x00,0x00,0x00,0x00,0x00,0x00,0x00,0x00,0x00,0x00,0x00,0x00,0x00,0x00,
	0x00,0x00,0x00,0x00,0x00,0x00,0x00,0x00,0x00,0x00,0x00,0x00,0x00,0x00,0x00,0x00,
	0x00,0x00,0x00,0x00,0x00,0x00,0x00,0x00,0x00,0x00,0x00,0x00,0x00,0x00,0x00,0x00,
	0x00,0x00,0x00,0x00,0x00,0x00,0x00,0x00,0x00,0x00,0x00,0x00,0x00,0x00,0x00,0x00,
	0x00,0x00,0x00,0x00,0x00,0x00,0x00,0x00,0x00,0x00,0x00,0x00,0x00,0x00,0x00,0x00,
	0x00,0x00,0x00,0x00,0x00,0x00,0x00,0x00,0x00,0x00,0x00,0x00,0x00,0x00,0x00,0x00,
	0x00,0x00,0x00,0x00,0x00,0x00,0x00,0x00,0x00,0x00,0x00,0x00,0x00,0x00,0x00,0x00,
	0x00,0x00,0x00,0x00,0x00,0x00,0x00,0x00,0x00,0x00,0x00,0x00,0x00,0x00,0x00,0x00,
	0x00,0x00,0x00,0x00,0x00,0x00,0x00,0x00,0x00,0x00,0x00,0x00,0x00,0x00,0x00,0x00,
	0x00,0x00,0x00,0x00,0x00,0x00,0x00,0x00,0x00,0x00,0x00,0x00,0x00,0x00,0x00,0x00,
	0x00,0x00,0x00,0x00,0x00,0x00,0x00,0x00,0x00,0x00,0x00,0x00,0x00,0x00,0x00,0x00,
	0x00,0x00,0x00,0x00,0x00,0x00,0x00,0x00,0x00,0x00,0x00,0x00,0x00,0x00,0x00,0x00,
	0x00,0x00,0x00,0x00,0x00,0x00,0x00,0x00,0x00,0x00,0x00,0x00,0x00,0x00,0x00,0x00,
	0x00,0x00,0x00,0x00,0x00,0x00,0x00,0x00,0x00,0x00,0x00,0x00,0x00,0x00,0x00,0x00,
	0x00,0x00,0x00,0x00,0x00,0x00,0x00,0x00,0x00,0x00,0x00,0x00,0x00,0x00,0x00,0x00,
	0x00,0x00,0x00,0x00,0x00,0x00,0x00,0x00,0x00,0x00,0x00,0x00,0x00,0x00,0x00,0x00,
	0x00,0x00,0x00,0x00,0x00,0x00,0x00,0x00,0x00,0x00,0x00,0x00,0x00,0x00,0x00,0x00,
	0x00,0x00,0x00,0x00,0x00,0x00,0x00,0x00,0x00,0x00,0x00,0x00,0x00,0x00,0x00,0x00,
};
static const unsigned char rgba_s_IconAVI[ 4096 ] __attribute__(   (  aligned( 16 ), section( ".data" )  )   ) = {
	0x00,0x00,0x00,0x00,0x00,0x00,0x00,0x00,0x00,0x00,0x00,0x00,0x00,0x00,0x00,0x00,
	0x00,0x00,0x00,0x00,0x00,0x00,0x00,0x00,0x00,0x00,0x00,0x00,0x00,0x00,0x00,0x00,
	0x00,0x00,0x00,0x00,0x00,0x00,0x00,0x00,0x00,0x00,0x00,0x00,0x00,0x00,0x00,0x00,
	0x00,0x00,0x00,0x00,0x00,0x00,0x00,0x00,0x00,0x00,0x00,0x00,0x00,0x00,0x00,0x00,
	0x00,0x00,0x00,0x00,0x00,0x00,0x00,0x00,0x00,0x00,0x00,0x00,0x00,0x00,0x00,0x00,
	0x00,0x00,0x00,0x00,0x00,0x00,0x00,0x00,0x00,0x00,0x00,0x00,0x00,0x00,0x00,0x00,
	0x00,0x00,0x00,0x00,0x00,0x00,0x00,0x00,0x00,0x00,0x00,0x00,0x00,0x00,0x00,0x00,
	0x00,0x00,0x00,0x00,0x00,0x00,0x00,0x00,0x00,0x00,0x00,0x00,0x00,0x00,0x00,0x00,
	0x00,0x00,0x00,0x00,0x00,0x00,0x00,0x00,0x00,0x00,0x00,0x00,0x00,0x00,0x00,0x00,
	0x00,0x00,0x00,0x00,0x00,0x00,0x00,0x00,0x00,0x00,0x00,0x00,0x00,0x00,0x00,0x00,
	0x00,0x00,0x00,0x00,0x00,0x00,0x00,0x00,0x00,0x00,0x00,0x00,0x00,0x00,0x00,0x00,
	0x00,0x00,0x00,0x00,0x00,0x00,0x00,0x00,0x00,0x00,0x00,0x00,0x00,0x00,0x00,0x00,
	0x00,0x00,0x00,0x00,0x00,0x00,0x00,0x00,0x00,0x00,0x00,0x00,0x00,0x00,0x00,0x00,
	0x00,0x00,0x00,0x00,0x00,0x00,0x00,0x00,0x00,0x00,0x00,0x00,0x00,0x00,0x00,0x00,
	0x00,0x00,0x00,0x00,0x00,0x00,0x00,0x00,0x00,0x00,0x00,0x00,0x00,0x00,0x00,0x00,
	0x00,0x00,0x00,0x00,0x00,0x00,0x00,0x00,0x00,0x00,0x00,0x00,0x00,0x00,0x00,0x00,
	0x00,0x00,0x00,0x00,0x00,0x00,0x00,0x00,0x00,0x00,0x00,0x00,0x00,0x00,0x00,0x00,
	0x00,0x00,0x00,0x00,0x00,0x00,0x00,0x00,0x00,0x00,0x00,0x00,0x00,0x00,0x00,0x00,
	0x00,0x00,0x00,0x00,0x00,0x00,0x00,0x00,0x00,0x00,0x00,0x00,0x00,0x00,0x00,0x00,
	0x00,0x00,0x00,0x00,0x00,0x00,0x00,0x00,0x00,0x00,0x00,0x00,0x00,0x00,0x00,0x00,
	0x00,0x00,0x00,0x00,0x00,0x00,0x00,0x00,0x00,0x00,0x00,0x00,0x00,0x00,0x00,0x00,
	0x00,0x00,0x00,0x00,0x00,0x00,0x00,0x00,0x00,0x00,0x00,0x00,0x00,0x00,0x00,0x00,
	0x00,0x00,0x00,0x00,0x00,0x00,0x00,0x00,0x00,0x00,0x00,0x00,0x00,0x00,0x00,0x00,
	0x00,0x00,0x00,0x00,0x00,0x00,0x00,0x00,0x00,0x00,0x00,0x00,0x00,0x00,0x00,0x00,
	0x00,0x00,0x00,0x00,0x00,0x00,0x00,0x00,0x00,0x00,0x00,0x00,0x00,0x00,0x00,0x00,
	0x00,0x00,0x00,0x00,0xfe,0xfe,0xfe,0x62,0xfe,0xfe,0xfe,0x80,0xfe,0xfe,0xfe,0x80,
	0xfe,0xfe,0xfe,0x80,0xfd,0xfd,0xfd,0x80,0xfd,0xfd,0xfd,0x80,0xfd,0xfd,0xfd,0x80,
	0xfd,0xfd,0xfd,0x80,0xfd,0xfd,0xfd,0x80,0xfd,0xfd,0xfd,0x80,0xfd,0xfd,0xfd,0x80,
	0xfc,0xfc,0xfc,0x80,0xfc,0xfc,0xfc,0x80,0xfc,0xfc,0xfc,0x80,0xfc,0xfc,0xfc,0x80,
	0xfc,0xfc,0xfc,0x80,0xfc,0xfc,0xfc,0x80,0xfb,0xfb,0xfb,0x80,0xfb,0xfb,0xfb,0x80,
	0xfb,0xfb,0xfb,0x80,0xfb,0xfb,0xfb,0x80,0xfb,0xfb,0xfb,0x62,0x00,0x00,0x00,0x00,
	0x00,0x00,0x00,0x00,0x00,0x00,0x00,0x00,0x00,0x00,0x00,0x00,0x00,0x00,0x00,0x00,
	0x00,0x00,0x00,0x00,0x00,0x00,0x00,0x00,0x00,0x00,0x00,0x00,0x00,0x00,0x00,0x00,
	0x00,0x00,0x00,0x00,0xfe,0xfe,0xfe,0x80,0xfe,0xfe,0xfe,0x80,0xfd,0xfd,0xfd,0x80,
	0xfd,0xfd,0xfd,0x80,0xfd,0xfd,0xfd,0x80,0xfd,0xfd,0xfd,0x80,0xfd,0xfd,0xfd,0x80,
	0xfd,0xfd,0xfd,0x80,0xfd,0xfd,0xfd,0x80,0xfc,0xfc,0xfc,0x80,0xfc,0xfc,0xfc,0x80,
	0xfc,0xfc,0xfc,0x80,0xfc,0xfc,0xfc,0x80,0xfc,0xfc,0xfc,0x80,0xfc,0xfc,0xfc,0x80,
	0xfb,0xfb,0xfb,0x80,0xfb,0xfb,0xfb,0x80,0xfb,0xfb,0xfb,0x80,0xfb,0xfb,0xfb,0x80,
	0xfb,0xfb,0xfb,0x80,0xfb,0xfb,0xfb,0x80,0xfa,0xfa,0xfa,0x80,0x00,0x00,0x00,0x00,
	0x00,0x00,0x00,0x00,0x00,0x00,0x00,0x00,0x00,0x00,0x00,0x00,0x00,0x00,0x00,0x00,
	0x00,0x00,0x00,0x00,0x00,0x00,0x00,0x00,0x00,0x00,0x00,0x00,0x00,0x00,0x00,0x00,
	0x00,0x00,0x00,0x00,0xfd,0xfd,0xfd,0x80,0xfd,0xfd,0xfd,0x80,0xfd,0xfd,0xfd,0x80,
	0xfd,0xfd,0xfd,0x80,0xfd,0xfd,0xfd,0x80,0xfd,0xfd,0xfd,0x80,0xfd,0xfd,0xfd,0x80,
	0xfc,0xfc,0xfc,0x80,0xfc,0xfc,0xfc,0x80,0xfc,0xfc,0xfc,0x80,0xfc,0xfc,0xfc,0x80,
	0xfc,0xfc,0xfc,0x80,0xfc,0xfc,0xfc,0x80,0xfb,0xfb,0xfb,0x80,0xfb,0xfb,0xfb,0x80,
	0xfb,0xfb,0xfb,0x80,0xfb,0xfb,0xfb,0x80,0xfb,0xfb,0xfb,0x80,0xfb,0xfb,0xfb,0x80,
	0xfa,0xfa,0xfa,0x80,0xfa,0xfa,0xfa,0x80,0xfa,0xfa,0xfa,0x80,0x00,0x00,0x00,0x00,
	0x00,0x00,0x00,0x00,0x00,0x00,0x00,0x00,0x00,0x00,0x00,0x00,0x00,0x00,0x00,0x00,
	0x00,0x00,0x00,0x00,0x00,0x00,0x00,0x00,0x00,0x00,0x00,0x00,0x00,0x00,0x00,0x00,
	0x00,0x00,0x00,0x00,0xfd,0xfd,0xfd,0x80,0xfd,0xfd,0xfd,0x80,0xfd,0xfd,0xfd,0x80,
	0xfd,0xfd,0xfd,0x80,0xfd,0xfd,0xfd,0x80,0xfc,0xfc,0xfc,0x80,0xfc,0xfc,0xfc,0x80,
	0xfc,0xfc,0xfc,0x80,0xfc,0xfc,0xfc,0x80,0xfc,0xfc,0xfc,0x80,0xfc,0xfc,0xfc,0x80,
	0xfb,0xfb,0xfb,0x80,0xfb,0xfb,0xfb,0x80,0xfb,0xfb,0xfb,0x80,0xfb,0xfb,0xfb,0x80,
	0xfb,0xfb,0xfb,0x80,0xfb,0xfb,0xfb,0x80,0xfa,0xfa,0xfa,0x80,0xfa,0xfa,0xfa,0x80,
	0xfa,0xfa,0xfa,0x80,0xfa,0xfa,0xfa,0x80,0xfa,0xfa,0xfa,0x80,0x00,0x00,0x00,0x00,
	0x00,0x00,0x00,0x00,0x00,0x00,0x00,0x00,0x00,0x00,0x00,0x00,0x00,0x00,0x00,0x00,
	0x00,0x00,0x00,0x00,0x00,0x00,0x00,0x00,0x00,0x00,0x00,0x00,0x00,0x00,0x00,0x00,
	0x00,0x00,0x00,0x00,0xfd,0xfd,0xfd,0x80,0xfd,0xfd,0xfd,0x80,0xfc,0xfc,0xfc,0x80,
	0xfc,0xfc,0xfc,0x80,0xfc,0xfc,0xfc,0x80,0xfc,0xfc,0xfc,0x80,0xfc,0xfc,0xfc,0x80,
	0xbb,0xd7,0xee,0x80,0x66,0xa6,0xdb,0x80,0x25,0x80,0xcd,0x80,0x09,0x6e,0xc5,0x80,
	0x09,0x6d,0xc5,0x80,0x26,0x7e,0xcc,0x80,0x67,0xa3,0xda,0x80,0xb9,0xd4,0xec,0x80,
	0xfa,0xfa,0xfa,0x80,0xfa,0xfa,0xfa,0x80,0xfa,0xfa,0xfa,0x80,0xfa,0xfa,0xfa,0x80,
	0xfa,0xfa,0xfa,0x80,0xf9,0xf9,0xf9,0x80,0xf9,0xf9,0xf9,0x80,0x00,0x00,0x00,0x00,
	0x00,0x00,0x00,0x00,0x00,0x00,0x00,0x00,0x00,0x00,0x00,0x00,0x00,0x00,0x00,0x00,
	0x00,0x00,0x00,0x00,0x00,0x00,0x00,0x00,0x00,0x00,0x00,0x00,0x00,0x00,0x00,0x00,
	0x00,0x00,0x00,0x00,0xfc,0xfc,0xfc,0x80,0xfc,0xfc,0xfc,0x80,0xfc,0xfc,0xfc,0x80,
	0xfc,0xfc,0xfc,0x80,0xfc,0xfc,0xfc,0x80,0xd5,0xe6,0xf3,0x80,0x41,0x91,0xd3,0x80,
	0x03,0x6c,0xc5,0x80,0x03,0x6b,0xc4,0x80,0x03,0x6a,0xc4,0x80,0x03,0x69,0xc4,0x80,
	0x04,0x68,0xc4,0x80,0x04,0x67,0xc4,0x80,0x04,0x66,0xc4,0x80,0x05,0x65,0xc3,0x80,
	0x42,0x8a,0xd1,0x80,0xd4,0xe2,0xf1,0x80,0xfa,0xfa,0xfa,0x80,0xf9,0xf9,0xf9,0x80,
	0xf9,0xf9,0xf9,0x80,0xf9,0xf9,0xf9,0x80,0xf9,0xf9,0xf9,0x80,0x00,0x00,0x00,0x00,
	0x00,0x00,0x00,0x00,0x00,0x00,0x00,0x00,0x00,0x00,0x00,0x00,0x00,0x00,0x00,0x00,
	0x00,0x00,0x00,0x00,0x00,0x00,0x00,0x00,0x00,0x00,0x00,0x00,0x00,0x00,0x00,0x00,
	0x00,0x00,0x00,0x00,0xfc,0xfc,0xfc,0x80,0xfc,0xfc,0xfc,0x80,0xfc,0xfc,0xfc,0x80,
	0xfc,0xfc,0xfc,0x80,0xbd,0xd8,0xee,0x80,0x10,0x73,0xc8,0x80,0x03,0x6b,0xc4,0x80,
	0x03,0x6a,0xc4,0x80,0x03,0x69,0xc4,0x80,0x4a,0x92,0xd4,0x80,0xe3,0xec,0xf5,0x80,
	0xe3,0xec,0xf5,0x80,0x4a,0x8f,0xd3,0x80,0x05,0x64,0xc3,0x80,0x05,0x63,0xc3,0x80,
	0x06,0x62,0xc3,0x80,0x12,0x69,0xc6,0x80,0xbd,0xd3,0xec,0x80,0xf9,0xf9,0xf9,0x80,
	0xf9,0xf9,0xf9,0x80,0xf9,0xf9,0xf9,0x80,0xf8,0xf8,0xf8,0x80,0x00,0x00,0x00,0x00,
	0x00,0x00,0x00,0x00,0x00,0x00,0x00,0x00,0x00,0x00,0x00,0x00,0x00,0x00,0x00,0x00,
	0x00,0x00,0x00,0x00,0x00,0x00,0x00,0x00,0x00,0x00,0x00,0x00,0x00,0x00,0x00,0x00,
	0x00,0x00,0x00,0x00,0xfc,0xfc,0xfc,0x80,0xfc,0xfc,0xfc,0x80,0xfb,0xfb,0xfb,0x80,
	0xd4,0xe5,0xf3,0x80,0x12,0x73,0xc7,0x80,0x03,0x6a,0xc4,0x80,0x03,0x69,0xc4,0x80,
	0x04,0x68,0xc4,0x80,0x04,0x67,0xc4,0x80,0xe3,0xec,0xf5,0x80,0xfa,0xfa,0xfa,0x80,
	0xfa,0xfa,0xfa,0x80,0xe3,0xec,0xf5,0x80,0x06,0x62,0xc3,0x80,0x06,0x61,0xc3,0x80,
	0x06,0x60,0xc2,0x80,0x07,0x5f,0xc2,0x80,0x15,0x67,0xc5,0x80,0xd3,0xe0,0xf0,0x80,
	0xf8,0xf8,0xf8,0x80,0xf8,0xf8,0xf8,0x80,0xf8,0xf8,0xf8,0x80,0x00,0x00,0x00,0x00,
	0x00,0x00,0x00,0x00,0x00,0x00,0x00,0x00,0x00,0x00,0x00,0x00,0x00,0x00,0x00,0x00,
	0x00,0x00,0x00,0x00,0x00,0x00,0x00,0x00,0x00,0x00,0x00,0x00,0x00,0x00,0x00,0x00,
	0x00,0x00,0x00,0x00,0xfb,0xfb,0xfb,0x80,0xfb,0xfb,0xfb,0x80,0xfa,0xfa,0xfb,0x80,
	0x39,0x8a,0xd0,0x80,0x03,0x69,0xc4,0x80,0x04,0x68,0xc4,0x80,0x04,0x67,0xc4,0x80,
	0x04,0x66,0xc4,0x80,0x05,0x65,0xc3,0x80,0xe3,0xec,0xf5,0x80,0xfa,0xfa,0xfa,0x80,
	0xf9,0xf9,0xf9,0x80,0xe2,0xeb,0xf4,0x80,0x06,0x60,0xc2,0x80,0x07,0x5e,0xc2,0x80,
	0x07,0x5d,0xc2,0x80,0x07,0x5c,0xc2,0x80,0x08,0x5b,0xc2,0x80,0x3d,0x7d,0xcd,0x80,
	0xf7,0xf7,0xf8,0x80,0xf8,0xf8,0xf8,0x80,0xf8,0xf8,0xf8,0x80,0x00,0x00,0x00,0x00,
	0x00,0x00,0x00,0x00,0x00,0x00,0x00,0x00,0x00,0x00,0x00,0x00,0x00,0x00,0x00,0x00,
	0x00,0x00,0x00,0x00,0x00,0x00,0x00,0x00,0x00,0x00,0x00,0x00,0x00,0x00,0x00,0x00,
	0x00,0x00,0x00,0x00,0xfb,0xfb,0xfb,0x80,0xfb,0xfb,0xfb,0x80,0xb9,0xd4,0xec,0x80,
	0x04,0x68,0xc4,0x80,0x04,0x67,0xc4,0x80,0x04,0x66,0xc4,0x80,0x05,0x65,0xc3,0x80,
	0x05,0x64,0xc3,0x80,0x05,0x63,0xc3,0x80,0x4d,0x8e,0xd3,0x80,0xe2,0xeb,0xf4,0x80,
	0xe0,0xe9,0xf3,0x80,0x4d,0x8b,0xd2,0x80,0x07,0x5d,0xc2,0x80,0x08,0x5c,0xc2,0x80,
	0x08,0x5b,0xc2,0x80,0x08,0x5a,0xc1,0x80,0x09,0x59,0xc1,0x80,0x09,0x57,0xc1,0x80,
	0xb8,0xcd,0xe9,0x80,0xf7,0xf7,0xf7,0x80,0xf7,0xf7,0xf7,0x80,0x00,0x00,0x00,0x00,
	0x00,0x00,0x00,0x00,0x00,0x00,0x00,0x00,0x00,0x00,0x00,0x00,0x00,0x00,0x00,0x00,
	0x00,0x00,0x00,0x00,0x00,0x00,0x00,0x00,0x00,0x00,0x00,0x00,0x00,0x00,0x00,0x00,
	0x00,0x00,0x00,0x00,0xfb,0xfb,0xfb,0x80,0xfb,0xfb,0xfb,0x80,0x65,0xa1,0xd9,0x80,
	0x05,0x66,0xc3,0x80,0x4a,0x8f,0xd3,0x80,0xe3,0xec,0xf5,0x80,0xe3,0xec,0xf5,0x80,
	0x4b,0x8c,0xd2,0x80,0x06,0x60,0xc3,0x80,0x07,0x5f,0xc2,0x80,0x07,0x5e,0xc2,0x80,
	0x07,0x5d,0xc2,0x80,0x08,0x5c,0xc2,0x80,0x08,0x5b,0xc2,0x80,0x4c,0x87,0xd1,0x80,
	0xe2,0xe9,0xf3,0x80,0xe2,0xe9,0xf3,0x80,0x4c,0x84,0xd1,0x80,0x0a,0x55,0xc1,0x80,
	0x68,0x95,0xd6,0x80,0xf7,0xf7,0xf7,0x80,0xf7,0xf7,0xf7,0x80,0x00,0x00,0x00,0x00,
	0x00,0x00,0x00,0x00,0x00,0x00,0x00,0x00,0x00,0x00,0x00,0x00,0x00,0x00,0x00,0x00,
	0x00,0x00,0x00,0x00,0x00,0x00,0x00,0x00,0x00,0x00,0x00,0x00,0x00,0x00,0x00,0x00,
	0x00,0x00,0x00,0x00,0xfa,0xfa,0xfa,0x80,0xfa,0xfa,0xfa,0x80,0x27,0x79,0xcb,0x80,
	0x05,0x63,0xc3,0x80,0xe3,0xec,0xf5,0x80,0xf9,0xf9,0xf9,0x80,0xf9,0xf9,0xf9,0x80,
	0xe2,0xeb,0xf4,0x80,0x07,0x5e,0xc2,0x80,0x07,0x5d,0xc2,0x80,0x08,0x5c,0xc2,0x80,
	0x08,0x5b,0xc2,0x80,0x08,0x59,0xc1,0x80,0x09,0x58,0xc1,0x80,0xe2,0xe9,0xf3,0x80,
	0xf8,0xf8,0xf8,0x80,0xf7,0xf7,0xf7,0x80,0xe1,0xe8,0xf2,0x80,0x0b,0x52,0xc0,0x80,
	0x2b,0x68,0xc8,0x80,0xf7,0xf7,0xf7,0x80,0xf6,0xf6,0xf6,0x80,0x00,0x00,0x00,0x00,
	0x00,0x00,0x00,0x00,0x00,0x00,0x00,0x00,0x00,0x00,0x00,0x00,0x00,0x00,0x00,0x00,
	0x00,0x00,0x00,0x00,0x00,0x00,0x00,0x00,0x00,0x00,0x00,0x00,0x00,0x00,0x00,0x00,
	0x00,0x00,0x00,0x00,0xfa,0xfa,0xfa,0x80,0xfa,0xfa,0xfa,0x80,0x0c,0x66,0xc4,0x80,
	0x06,0x61,0xc3,0x80,0xe2,0xeb,0xf4,0x80,0xf9,0xf9,0xf9,0x80,0xf9,0xf9,0xf9,0x80,
	0xe2,0xea,0xf4,0x80,0x08,0x5b,0xc2,0x80,0x08,0x5a,0xc2,0x80,0xf8,0xf8,0xf8,0x80,
	0xf8,0xf8,0xf8,0x80,0x09,0x57,0xc1,0x80,0x09,0x56,0xc1,0x80,0xe1,0xe8,0xf2,0x80,
	0xf7,0xf7,0xf7,0x80,0xf7,0xf7,0xf7,0x80,0xe1,0xe7,0xf2,0x80,0x0b,0x50,0xc0,0x80,
	0x12,0x53,0xc1,0x80,0xf6,0xf6,0xf6,0x80,0xf6,0xf6,0xf6,0x80,0x00,0x00,0x00,0x00,
	0x00,0x00,0x00,0x00,0x00,0x00,0x00,0x00,0x00,0x00,0x00,0x00,0x00,0x00,0x00,0x00,
	0x00,0x00,0x00,0x00,0x00,0x00,0x00,0x00,0x00,0x00,0x00,0x00,0x00,0x00,0x00,0x00,
	0x00,0x00,0x00,0x00,0xfa,0xfa,0xfa,0x80,0xf9,0xf9,0xf9,0x80,0x12,0x68,0xc5,0x80,
	0x07,0x5f,0xc2,0x80,0x4d,0x8b,0xd2,0x80,0xe2,0xea,0xf4,0x80,0xe0,0xe8,0xf2,0x80,
	0x4e,0x88,0xd1,0x80,0x08,0x59,0xc1,0x80,0x09,0x58,0xc1,0x80,0xf8,0xf8,0xf8,0x80,
	0xf8,0xf8,0xf8,0x80,0x0a,0x54,0xc0,0x80,0x0a,0x53,0xc0,0x80,0x4f,0x82,0xd0,0x80,
	0xe1,0xe7,0xf2,0x80,0xdf,0xe6,0xf1,0x80,0x50,0x7f,0xcf,0x80,0x0c,0x4d,0xbf,0x80,
	0x12,0x50,0xc0,0x80,0xf6,0xf6,0xf6,0x80,0xf6,0xf6,0xf6,0x80,0x00,0x00,0x00,0x00,
	0x00,0x00,0x00,0x00,0x00,0x00,0x00,0x00,0x00,0x00,0x00,0x00,0x00,0x00,0x00,0x00,
	0x00,0x00,0x00,0x00,0x00,0x00,0x00,0x00,0x00,0x00,0x00,0x00,0x00,0x00,0x00,0x00,
	0x00,0x00,0x00,0x00,0xf9,0xf9,0xf9,0x80,0xf9,0xf9,0xf9,0x80,0x2c,0x75,0xca,0x80,
	0x07,0x5c,0xc2,0x80,0x08,0x5b,0xc2,0x80,0x08,0x5a,0xc1,0x80,0x09,0x59,0xc1,0x80,
	0x09,0x58,0xc1,0x80,0x09,0x56,0xc1,0x80,0x0a,0x55,0xc1,0x80,0x0a,0x54,0xc0,0x80,
	0x0a,0x53,0xc0,0x80,0x0b,0x52,0xc0,0x80,0x0b,0x51,0xc0,0x80,0x0b,0x50,0xc0,0x80,
	0x0c,0x4e,0xbf,0x80,0x0c,0x4d,0xbf,0x80,0x0c,0x4c,0xbf,0x80,0x0d,0x4b,0xbf,0x80,
	0x2c,0x61,0xc6,0x80,0xf5,0xf5,0xf5,0x80,0xf5,0xf5,0xf5,0x80,0x00,0x00,0x00,0x00,
	0x00,0x00,0x00,0x00,0x00,0x00,0x00,0x00,0x00,0x00,0x00,0x00,0x00,0x00,0x00,0x00,
	0x00,0x00,0x00,0x00,0x00,0x00,0x00,0x00,0x00,0x00,0x00,0x00,0x00,0x00,0x00,0x00,
	0x00,0x00,0x00,0x00,0xf9,0xf9,0xf9,0x80,0xf9,0xf9,0xf9,0x80,0x60,0x94,0xd6,0x80,
	0x08,0x5a,0xc1,0x80,0x09,0x59,0xc1,0x80,0x09,0x57,0xc1,0x80,0x4c,0x84,0xd1,0x80,
	0xe1,0xe8,0xf2,0x80,0xe1,0xe8,0xf2,0x80,0x4d,0x81,0xd0,0x80,0x0b,0x52,0xc0,0x80,
	0x0b,0x51,0xc0,0x80,0x4e,0x7e,0xd0,0x80,0xe0,0xe6,0xf1,0x80,0xe0,0xe6,0xf1,0x80,
	0x4f,0x7c,0xcf,0x80,0x0d,0x4b,0xbf,0x80,0x0d,0x4a,0xbf,0x80,0x0e,0x49,0xbe,0x80,
	0x62,0x87,0xd2,0x80,0xf5,0xf5,0xf5,0x80,0xf5,0xf5,0xf5,0x80,0x00,0x00,0x00,0x00,
	0x00,0x00,0x00,0x00,0x00,0x00,0x00,0x00,0x00,0x00,0x00,0x00,0x00,0x00,0x00,0x00,
	0x00,0x00,0x00,0x00,0x00,0x00,0x00,0x00,0x00,0x00,0x00,0x00,0x00,0x00,0x00,0x00,
	0x00,0x00,0x00,0x00,0xf8,0xf8,0xf8,0x80,0xf8,0xf8,0xf8,0x80,0xb5,0xcb,0xe9,0x80,
	0x09,0x57,0xc1,0x80,0x09,0x56,0xc1,0x80,0x0a,0x55,0xc1,0x80,0xe1,0xe8,0xf2,0x80,
	0xf7,0xf7,0xf7,0x80,0xf7,0xf7,0xf7,0x80,0xe1,0xe7,0xf2,0x80,0x0c,0x4f,0xc0,0x80,
	0x0c,0x4e,0xbf,0x80,0xe0,0xe6,0xf1,0x80,0xf6,0xf6,0xf6,0x80,0xf6,0xf6,0xf6,0x80,
	0xe0,0xe6,0xf1,0x80,0x0e,0x48,0xbe,0x80,0x0e,0x47,0xbe,0x80,0x0e,0x46,0xbe,0x80,
	0xb6,0xc5,0xe6,0x80,0xf5,0xf5,0xf5,0x80,0xf4,0xf4,0xf4,0x80,0x00,0x00,0x00,0x00,
	0x00,0x00,0x00,0x00,0x00,0x00,0x00,0x00,0x00,0x00,0x00,0x00,0x00,0x00,0x00,0x00,
	0x00,0x00,0x00,0x00,0x00,0x00,0x00,0x00,0x00,0x00,0x00,0x00,0x00,0x00,0x00,0x00,
	0x00,0x00,0x00,0x00,0xf8,0xf8,0xf8,0x80,0xf8,0xf8,0xf8,0x80,0xf7,0xf7,0xf8,0x80,
	0x3e,0x79,0xcd,0x80,0x0a,0x54,0xc0,0x80,0x0b,0x52,0xc0,0x80,0xe1,0xe7,0xf2,0x80,
	0xf7,0xf7,0xf7,0x80,0xf6,0xf6,0xf6,0x80,0xe0,0xe6,0xf1,0x80,0x0c,0x4d,0xbf,0x80,
	0x0d,0x4c,0xbf,0x80,0xe0,0xe6,0xf1,0x80,0xf6,0xf6,0xf6,0x80,0xf5,0xf5,0xf5,0x80,
	0xdf,0xe5,0xf0,0x80,0x0e,0x46,0xbe,0x80,0x0f,0x45,0xbe,0x80,0x42,0x6b,0xca,0x80,
	0xf3,0xf3,0xf4,0x80,0xf4,0xf4,0xf4,0x80,0xf4,0xf4,0xf4,0x80,0x00,0x00,0x00,0x00,
	0x00,0x00,0x00,0x00,0x00,0x00,0x00,0x00,0x00,0x00,0x00,0x00,0x00,0x00,0x00,0x00,
	0x00,0x00,0x00,0x00,0x00,0x00,0x00,0x00,0x00,0x00,0x00,0x00,0x00,0x00,0x00,0x00,
	0x00,0x00,0x00,0x00,0xf8,0xf8,0xf8,0x80,0xf7,0xf7,0xf7,0x80,0xf7,0xf7,0xf7,0x80,
	0xd2,0xdd,0xee,0x80,0x19,0x5b,0xc3,0x80,0x0b,0x50,0xc0,0x80,0x50,0x7f,0xd0,0x80,
	0xe0,0xe6,0xf1,0x80,0xde,0xe5,0xf0,0x80,0x51,0x7d,0xcf,0x80,0x0d,0x4a,0xbf,0x80,
	0x0d,0x49,0xbf,0x80,0x51,0x7a,0xce,0x80,0xdf,0xe5,0xf0,0x80,0xdd,0xe3,0xef,0x80,
	0x52,0x78,0xce,0x80,0x0f,0x44,0xbe,0x80,0x1c,0x4d,0xc0,0x80,0xcf,0xd7,0xeb,0x80,
	0xf4,0xf4,0xf4,0x80,0xf4,0xf4,0xf4,0x80,0xf4,0xf4,0xf4,0x80,0x00,0x00,0x00,0x00,
	0x00,0x00,0x00,0x00,0x00,0x00,0x00,0x00,0x00,0x00,0x00,0x00,0x00,0x00,0x00,0x00,
	0x00,0x00,0x00,0x00,0x00,0x00,0x00,0x00,0x00,0x00,0x00,0x00,0x00,0x00,0x00,0x00,
	0x00,0x00,0x00,0x00,0xf7,0xf7,0xf7,0x80,0xf7,0xf7,0xf7,0x80,0xf7,0xf7,0xf7,0x80,
	0xf7,0xf7,0xf7,0x80,0xbc,0xcd,0xe8,0x80,0x18,0x56,0xc2,0x80,0x0c,0x4c,0xbf,0x80,
	0x0d,0x4b,0xbf,0x80,0x0d,0x4a,0xbf,0x80,0x0d,0x49,0xbf,0x80,0x0e,0x48,0xbe,0x80,
	0x0e,0x47,0xbe,0x80,0x0e,0x46,0xbe,0x80,0x0f,0x45,0xbe,0x80,0x0f,0x44,0xbe,0x80,
	0x0f,0x43,0xbd,0x80,0x10,0x42,0xbd,0x80,0x10,0x41,0xbd,0x80,0x10,0x40,0xbd,0x80,
	0x11,0x3f,0xbd,0x80,0x11,0x3e,0xbd,0x80,0x11,0x3d,0xbc,0x80,0x00,0x00,0x00,0x00,
	0x00,0x00,0x00,0x00,0x00,0x00,0x00,0x00,0x00,0x00,0x00,0x00,0x00,0x00,0x00,0x00,
	0x00,0x00,0x00,0x00,0x00,0x00,0x00,0x00,0x00,0x00,0x00,0x00,0x00,0x00,0x00,0x00,
	0x00,0x00,0x00,0x00,0xf7,0xf7,0xf7,0x80,0xf7,0xf7,0xf7,0x80,0xf6,0xf6,0xf6,0x80,
	0xf6,0xf6,0xf6,0x80,0xf6,0xf6,0xf6,0x80,0xd1,0xdb,0xed,0x80,0x40,0x70,0xcb,0x80,
	0x0e,0x49,0xbe,0x80,0x0e,0x48,0xbe,0x80,0x0e,0x47,0xbe,0x80,0x0f,0x46,0xbe,0x80,
	0x0f,0x45,0xbe,0x80,0x0f,0x44,0xbe,0x80,0x0f,0x43,0xbd,0x80,0x10,0x42,0xbd,0x80,
	0x36,0x5f,0xc6,0x80,0xa4,0xb4,0xe1,0x80,0x63,0x80,0xd1,0x80,0xbf,0xca,0xe7,0x80,
	0x61,0x7d,0xcf,0x80,0xbf,0xc9,0xe6,0x80,0x74,0x8b,0xd4,0x80,0x00,0x00,0x00,0x00,
	0x00,0x00,0x00,0x00,0x00,0x00,0x00,0x00,0x00,0x00,0x00,0x00,0x00,0x00,0x00,0x00,
	0x00,0x00,0x00,0x00,0x00,0x00,0x00,0x00,0x00,0x00,0x00,0x00,0x00,0x00,0x00,0x00,
	0x00,0x00,0x00,0x00,0xf6,0xf6,0xf6,0x80,0xf6,0xf6,0xf6,0x80,0xf6,0xf6,0xf6,0x80,
	0xf6,0xf6,0xf6,0x80,0xf6,0xf6,0xf6,0x80,0xf5,0xf5,0xf5,0x80,0xf4,0xf4,0xf5,0x80,
	0xb6,0xc5,0xe6,0x80,0x6a,0x8b,0xd4,0x80,0x2e,0x5c,0xc5,0x80,0x14,0x46,0xbf,0x80,
	0x10,0x42,0xbd,0x80,0x10,0x41,0xbd,0x80,0x10,0x40,0xbd,0x80,0x10,0x3f,0xbd,0x80,
	0x11,0x3f,0xbd,0x80,0x11,0x3e,0xbd,0x80,0x11,0x3d,0xbc,0x80,0x12,0x3c,0xbc,0x80,
	0x12,0x3b,0xbc,0x80,0x12,0x3a,0xbc,0x80,0x12,0x3a,0xbc,0x80,0x00,0x00,0x00,0x00,
	0x00,0x00,0x00,0x00,0x00,0x00,0x00,0x00,0x00,0x00,0x00,0x00,0x00,0x00,0x00,0x00,
	0x00,0x00,0x00,0x00,0x00,0x00,0x00,0x00,0x00,0x00,0x00,0x00,0x00,0x00,0x00,0x00,
	0x00,0x00,0x00,0x00,0xf6,0xf6,0xf6,0x80,0xf6,0xf6,0xf6,0x80,0xf6,0xf6,0xf6,0x80,
	0xf5,0xf5,0xf5,0x80,0xf5,0xf5,0xf5,0x80,0xf5,0xf5,0xf5,0x80,0xf5,0xf5,0xf5,0x80,
	0xf5,0xf5,0xf5,0x80,0xf5,0xf5,0xf5,0x80,0xf4,0xf4,0xf4,0x80,0xf4,0xf4,0xf4,0x80,
	0xf4,0xf4,0xf4,0x80,0xf4,0xf4,0xf4,0x80,0xf4,0xf4,0xf4,0x80,0xf3,0xf3,0xf3,0x80,
	0xf3,0xf3,0xf3,0x80,0xf3,0xf3,0xf3,0x80,0xf3,0xf3,0xf3,0x80,0xf3,0xf3,0xf3,0x80,
	0xf3,0xf3,0xf3,0x80,0xf3,0xf3,0xf3,0x80,0xf2,0xf2,0xf2,0x80,0x00,0x00,0x00,0x00,
	0x00,0x00,0x00,0x00,0x00,0x00,0x00,0x00,0x00,0x00,0x00,0x00,0x00,0x00,0x00,0x00,
	0x00,0x00,0x00,0x00,0x00,0x00,0x00,0x00,0x00,0x00,0x00,0x00,0x00,0x00,0x00,0x00,
	0x00,0x00,0x00,0x00,0xf6,0xf6,0xf6,0x80,0xf5,0xf5,0xf5,0x80,0xf5,0xf5,0xf5,0x80,
	0xf5,0xf5,0xf5,0x80,0xf5,0xf5,0xf5,0x80,0xf5,0xf5,0xf5,0x80,0xf4,0xf4,0xf4,0x80,
	0xf4,0xf4,0xf4,0x80,0xf4,0xf4,0xf4,0x80,0xf4,0xf4,0xf4,0x80,0xf4,0xf4,0xf4,0x80,
	0xf4,0xf4,0xf4,0x80,0xf3,0xf3,0xf3,0x80,0xf3,0xf3,0xf3,0x80,0xf3,0xf3,0xf3,0x80,
	0xf3,0xf3,0xf3,0x80,0xf3,0xf3,0xf3,0x80,0xf3,0xf3,0xf3,0x80,0xf2,0xf2,0xf2,0x80,
	0xf2,0xf2,0xf2,0x80,0xf2,0xf2,0xf2,0x80,0xf2,0xf2,0xf2,0x80,0x00,0x00,0x00,0x00,
	0x00,0x00,0x00,0x00,0x00,0x00,0x00,0x00,0x00,0x00,0x00,0x00,0x00,0x00,0x00,0x00,
	0x00,0x00,0x00,0x00,0x00,0x00,0x00,0x00,0x00,0x00,0x00,0x00,0x00,0x00,0x00,0x00,
	0x00,0x00,0x00,0x00,0xf5,0xf5,0xf5,0x80,0xf5,0xf5,0xf5,0x80,0xf5,0xf5,0xf5,0x80,
	0xf5,0xf5,0xf5,0x80,0xf4,0xf4,0xf4,0x80,0xf4,0xf4,0xf4,0x80,0xf4,0xf4,0xf4,0x80,
	0xf4,0xf4,0xf4,0x80,0xf4,0xf4,0xf4,0x80,0xf4,0xf4,0xf4,0x80,0xf3,0xf3,0xf3,0x80,
	0xf3,0xf3,0xf3,0x80,0xf3,0xf3,0xf3,0x80,0xf3,0xf3,0xf3,0x80,0xf3,0xf3,0xf3,0x80,
	0xf3,0xf3,0xf3,0x80,0xf2,0xf2,0xf2,0x80,0xf2,0xf2,0xf2,0x80,0xf2,0xf2,0xf2,0x80,
	0xf2,0xf2,0xf2,0x80,0xf2,0xf2,0xf2,0x80,0xf2,0xf2,0xf2,0x80,0x00,0x00,0x00,0x00,
	0x00,0x00,0x00,0x00,0x00,0x00,0x00,0x00,0x00,0x00,0x00,0x00,0x00,0x00,0x00,0x00,
	0x00,0x00,0x00,0x00,0x00,0x00,0x00,0x00,0x00,0x00,0x00,0x00,0x00,0x00,0x00,0x00,
	0x00,0x00,0x00,0x00,0xf5,0xf5,0xf5,0x62,0xf5,0xf5,0xf5,0x80,0xf4,0xf4,0xf4,0x80,
	0xf4,0xf4,0xf4,0x80,0xf4,0xf4,0xf4,0x80,0xf4,0xf4,0xf4,0x80,0xf4,0xf4,0xf4,0x80,
	0xf4,0xf4,0xf4,0x80,0xf3,0xf3,0xf3,0x80,0xf3,0xf3,0xf3,0x80,0xf3,0xf3,0xf3,0x80,
	0xf3,0xf3,0xf3,0x80,0xf3,0xf3,0xf3,0x80,0xf3,0xf3,0xf3,0x80,0xf2,0xf2,0xf2,0x80,
	0xf2,0xf2,0xf2,0x80,0xf2,0xf2,0xf2,0x80,0xf2,0xf2,0xf2,0x80,0xf2,0xf2,0xf2,0x80,
	0xf2,0xf2,0xf2,0x80,0xf2,0xf2,0xf2,0x80,0xf1,0xf1,0xf1,0x62,0x00,0x00,0x00,0x00,
	0x00,0x00,0x00,0x00,0x00,0x00,0x00,0x00,0x00,0x00,0x00,0x00,0x00,0x00,0x00,0x00,
	0x00,0x00,0x00,0x00,0x00,0x00,0x00,0x00,0x00,0x00,0x00,0x00,0x00,0x00,0x00,0x00,
	0x00,0x00,0x00,0x00,0x00,0x00,0x00,0x00,0x00,0x00,0x00,0x00,0x00,0x00,0x00,0x00,
	0x00,0x00,0x00,0x00,0x00,0x00,0x00,0x00,0x00,0x00,0x00,0x00,0x00,0x00,0x00,0x00,
	0x00,0x00,0x00,0x00,0x00,0x00,0x00,0x00,0x00,0x00,0x00,0x00,0x00,0x00,0x00,0x00,
	0x00,0x00,0x00,0x00,0x00,0x00,0x00,0x00,0x00,0x00,0x00,0x00,0x00,0x00,0x00,0x00,
	0x00,0x00,0x00,0x00,0x00,0x00,0x00,0x00,0x00,0x00,0x00,0x00,0x00,0x00,0x00,0x00,
	0x00,0x00,0x00,0x00,0x00,0x00,0x00,0x00,0x00,0x00,0x00,0x00,0x00,0x00,0x00,0x00,
	0x00,0x00,0x00,0x00,0x00,0x00,0x00,0x00,0x00,0x00,0x00,0x00,0x00,0x00,0x00,0x00,
	0x00,0x00,0x00,0x00,0x00,0x00,0x00,0x00,0x00,0x00,0x00,0x00,0x00,0x00,0x00,0x00,
	0x00,0x00,0x00,0x00,0x00,0x00,0x00,0x00,0x00,0x00,0x00,0x00,0x00,0x00,0x00,0x00,
	0x00,0x00,0x00,0x00,0x00,0x00,0x00,0x00,0x00,0x00,0x00,0x00,0x00,0x00,0x00,0x00,
	0x00,0x00,0x00,0x00,0x00,0x00,0x00,0x00,0x00,0x00,0x00,0x00,0x00,0x00,0x00,0x00,
	0x00,0x00,0x00,0x00,0x00,0x00,0x00,0x00,0x00,0x00,0x00,0x00,0x00,0x00,0x00,0x00,
	0x00,0x00,0x00,0x00,0x00,0x00,0x00,0x00,0x00,0x00,0x00,0x00,0x00,0x00,0x00,0x00,
	0x00,0x00,0x00,0x00,0x00,0x00,0x00,0x00,0x00,0x00,0x00,0x00,0x00,0x00,0x00,0x00,
	0x00,0x00,0x00,0x00,0x00,0x00,0x00,0x00,0x00,0x00,0x00,0x00,0x00,0x00,0x00,0x00,
	0x00,0x00,0x00,0x00,0x00,0x00,0x00,0x00,0x00,0x00,0x00,0x00,0x00,0x00,0x00,0x00,
	0x00,0x00,0x00,0x00,0x00,0x00,0x00,0x00,0x00,0x00,0x00,0x00,0x00,0x00,0x00,0x00,
	0x00,0x00,0x00,0x00,0x00,0x00,0x00,0x00,0x00,0x00,0x00,0x00,0x00,0x00,0x00,0x00,
	0x00,0x00,0x00,0x00,0x00,0x00,0x00,0x00,0x00,0x00,0x00,0x00,0x00,0x00,0x00,0x00,
	0x00,0x00,0x00,0x00,0x00,0x00,0x00,0x00,0x00,0x00,0x00,0x00,0x00,0x00,0x00,0x00,
	0x00,0x00,0x00,0x00,0x00,0x00,0x00,0x00,0x00,0x00,0x00,0x00,0x00,0x00,0x00,0x00,
	0x00,0x00,0x00,0x00,0x00,0x00,0x00,0x00,0x00,0x00,0x00,0x00,0x00,0x00,0x00,0x00,
	0x00,0x00,0x00,0x00,0x00,0x00,0x00,0x00,0x00,0x00,0x00,0x00,0x00,0x00,0x00,0x00,
};
static const unsigned char rgba_s_IconMP3[ 4096 ] __attribute__(   (  aligned( 16 ), section( ".data" )  )   ) = {
	0x00,0x00,0x00,0x00,0x00,0x00,0x00,0x00,0x00,0x00,0x00,0x00,0x00,0x00,0x00,0x00,
	0x00,0x00,0x00,0x00,0x00,0x00,0x00,0x00,0x00,0x00,0x00,0x00,0x00,0x00,0x00,0x00,
	0x00,0x00,0x00,0x00,0x00,0x00,0x00,0x00,0x00,0x00,0x00,0x00,0x00,0x00,0x00,0x00,
	0x00,0x00,0x00,0x00,0x00,0x00,0x00,0x00,0x00,0x00,0x00,0x00,0x00,0x00,0x00,0x00,
	0x00,0x00,0x00,0x00,0x00,0x00,0x00,0x00,0x00,0x00,0x00,0x00,0x00,0x00,0x00,0x00,
	0x00,0x00,0x00,0x00,0x00,0x00,0x00,0x00,0x00,0x00,0x00,0x00,0x00,0x00,0x00,0x00,
	0x00,0x00,0x00,0x00,0x00,0x00,0x00,0x00,0x00,0x00,0x00,0x00,0x00,0x00,0x00,0x00,
	0x00,0x00,0x00,0x00,0x00,0x00,0x00,0x00,0x00,0x00,0x00,0x00,0x00,0x00,0x00,0x00,
	0x00,0x00,0x00,0x00,0x00,0x00,0x00,0x00,0x00,0x00,0x00,0x00,0x00,0x00,0x00,0x00,
	0x00,0x00,0x00,0x00,0x00,0x00,0x00,0x00,0x00,0x00,0x00,0x00,0x00,0x00,0x00,0x00,
	0x00,0x00,0x00,0x00,0x00,0x00,0x00,0x00,0x00,0x00,0x00,0x00,0x00,0x00,0x00,0x00,
	0x00,0x00,0x00,0x00,0x00,0x00,0x00,0x00,0x00,0x00,0x00,0x00,0x00,0x00,0x00,0x00,
	0x00,0x00,0x00,0x00,0x00,0x00,0x00,0x00,0x00,0x00,0x00,0x00,0x00,0x00,0x00,0x00,
	0x00,0x00,0x00,0x00,0x00,0x00,0x00,0x00,0x00,0x00,0x00,0x00,0x00,0x00,0x00,0x00,
	0x00,0x00,0x00,0x00,0x00,0x00,0x00,0x00,0x00,0x00,0x00,0x00,0x00,0x00,0x00,0x00,
	0x00,0x00,0x00,0x00,0x00,0x00,0x00,0x00,0x00,0x00,0x00,0x00,0x00,0x00,0x00,0x00,
	0x00,0x00,0x00,0x00,0x00,0x00,0x00,0x00,0x00,0x00,0x00,0x00,0x00,0x00,0x00,0x00,
	0x00,0x00,0x00,0x00,0x00,0x00,0x00,0x00,0x00,0x00,0x00,0x00,0x00,0x00,0x00,0x00,
	0x00,0x00,0x00,0x00,0x00,0x00,0x00,0x00,0x00,0x00,0x00,0x00,0x00,0x00,0x00,0x00,
	0x00,0x00,0x00,0x00,0x00,0x00,0x00,0x00,0x00,0x00,0x00,0x00,0x00,0x00,0x00,0x00,
	0x00,0x00,0x00,0x00,0x00,0x00,0x00,0x00,0x00,0x00,0x00,0x00,0x00,0x00,0x00,0x00,
	0x00,0x00,0x00,0x00,0x00,0x00,0x00,0x00,0x00,0x00,0x00,0x00,0x00,0x00,0x00,0x00,
	0x00,0x00,0x00,0x00,0x00,0x00,0x00,0x00,0x00,0x00,0x00,0x00,0x00,0x00,0x00,0x00,
	0x00,0x00,0x00,0x00,0x00,0x00,0x00,0x00,0x00,0x00,0x00,0x00,0x00,0x00,0x00,0x00,
	0x00,0x00,0x00,0x00,0x00,0x00,0x00,0x00,0x00,0x00,0x00,0x00,0x00,0x00,0x00,0x00,
	0x00,0x00,0x00,0x00,0xfe,0xfe,0xfe,0x62,0xfe,0xfe,0xfe,0x80,0xfe,0xfe,0xfe,0x80,
	0xfe,0xfe,0xfe,0x80,0xfd,0xfd,0xfd,0x80,0xfd,0xfd,0xfd,0x80,0xfd,0xfd,0xfd,0x80,
	0xfd,0xfd,0xfd,0x80,0xfd,0xfd,0xfd,0x80,0xfd,0xfd,0xfd,0x80,0xfd,0xfd,0xfd,0x80,
	0xfc,0xfc,0xfc,0x80,0xfc,0xfc,0xfc,0x80,0xfc,0xfc,0xfc,0x80,0xfc,0xfc,0xfc,0x80,
	0xfc,0xfc,0xfc,0x80,0xfc,0xfc,0xfc,0x80,0xfb,0xfb,0xfb,0x80,0xfb,0xfb,0xfb,0x80,
	0xfb,0xfb,0xfb,0x80,0xfb,0xfb,0xfb,0x80,0xfb,0xfb,0xfb,0x62,0x00,0x00,0x00,0x00,
	0x00,0x00,0x00,0x00,0x00,0x00,0x00,0x00,0x00,0x00,0x00,0x00,0x00,0x00,0x00,0x00,
	0x00,0x00,0x00,0x00,0x00,0x00,0x00,0x00,0x00,0x00,0x00,0x00,0x00,0x00,0x00,0x00,
	0x00,0x00,0x00,0x00,0xfe,0xfe,0xfe,0x80,0xfe,0xfe,0xfe,0x80,0xfd,0xfd,0xfd,0x80,
	0xfd,0xfd,0xfd,0x80,0xfd,0xfd,0xfd,0x80,0xfd,0xfd,0xfd,0x80,0xfd,0xfd,0xfd,0x80,
	0xfd,0xfd,0xfd,0x80,0xfd,0xfd,0xfd,0x80,0xfc,0xfc,0xfc,0x80,0xfc,0xfc,0xfc,0x80,
	0xfc,0xfc,0xfc,0x80,0xfc,0xfc,0xfc,0x80,0xfc,0xfc,0xfc,0x80,0xfc,0xfc,0xfc,0x80,
	0xfb,0xfb,0xfb,0x80,0xfb,0xfb,0xfb,0x80,0xfb,0xfb,0xfb,0x80,0xfb,0xfb,0xfb,0x80,
	0xfb,0xfb,0xfb,0x80,0xfb,0xfb,0xfb,0x80,0xfa,0xfa,0xfa,0x80,0x00,0x00,0x00,0x00,
	0x00,0x00,0x00,0x00,0x00,0x00,0x00,0x00,0x00,0x00,0x00,0x00,0x00,0x00,0x00,0x00,
	0x00,0x00,0x00,0x00,0x00,0x00,0x00,0x00,0x00,0x00,0x00,0x00,0x00,0x00,0x00,0x00,
	0x00,0x00,0x00,0x00,0xfd,0xfd,0xfd,0x80,0xfd,0xfd,0xfd,0x80,0xfd,0xfd,0xfd,0x80,
	0xfd,0xfd,0xfd,0x80,0xfd,0xfd,0xfd,0x80,0xfd,0xfd,0xfd,0x80,0xfd,0xfd,0xfd,0x80,
	0xfc,0xfc,0xfc,0x80,0xfc,0xfc,0xfc,0x80,0xfc,0xfc,0xfc,0x80,0xfc,0xfc,0xfc,0x80,
	0xfc,0xfc,0xfc,0x80,0xfc,0xfc,0xfc,0x80,0xfb,0xfb,0xfb,0x80,0xfb,0xfb,0xfb,0x80,
	0xfb,0xfb,0xfb,0x80,0xfb,0xfb,0xfb,0x80,0xfb,0xfb,0xfb,0x80,0xfb,0xfb,0xfb,0x80,
	0xfa,0xfa,0xfa,0x80,0xfa,0xfa,0xfa,0x80,0xfa,0xfa,0xfa,0x80,0x00,0x00,0x00,0x00,
	0x00,0x00,0x00,0x00,0x00,0x00,0x00,0x00,0x00,0x00,0x00,0x00,0x00,0x00,0x00,0x00,
	0x00,0x00,0x00,0x00,0x00,0x00,0x00,0x00,0x00,0x00,0x00,0x00,0x00,0x00,0x00,0x00,
	0x00,0x00,0x00,0x00,0xfd,0xfd,0xfd,0x80,0xfd,0xfd,0xfd,0x80,0xfd,0xfd,0xfd,0x80,
	0xfd,0xfd,0xfd,0x80,0xfd,0xfd,0xfd,0x80,0xfc,0xfc,0xfc,0x80,0xfc,0xfc,0xfc,0x80,
	0xfc,0xfc,0xfc,0x80,0xfc,0xfc,0xfc,0x80,0xfc,0xfc,0xfc,0x80,0x87,0xb7,0xe2,0x80,
	0xf5,0xf8,0xfa,0x80,0xfb,0xfb,0xfb,0x80,0xfb,0xfb,0xfb,0x80,0xfb,0xfb,0xfb,0x80,
	0xfb,0xfb,0xfb,0x80,0xfb,0xfb,0xfb,0x80,0xfa,0xfa,0xfa,0x80,0xfa,0xfa,0xfa,0x80,
	0xfa,0xfa,0xfa,0x80,0xfa,0xfa,0xfa,0x80,0xfa,0xfa,0xfa,0x80,0x00,0x00,0x00,0x00,
	0x00,0x00,0x00,0x00,0x00,0x00,0x00,0x00,0x00,0x00,0x00,0x00,0x00,0x00,0x00,0x00,
	0x00,0x00,0x00,0x00,0x00,0x00,0x00,0x00,0x00,0x00,0x00,0x00,0x00,0x00,0x00,0x00,
	0x00,0x00,0x00,0x00,0xfd,0xfd,0xfd,0x80,0xfd,0xfd,0xfd,0x80,0xfc,0xfc,0xfc,0x80,
	0xfc,0xfc,0xfc,0x80,0xfc,0xfc,0xfc,0x80,0xfc,0xfc,0xfc,0x80,0xfc,0xfc,0xfc,0x80,
	0xfc,0xfc,0xfc,0x80,0xfc,0xfc,0xfc,0x80,0xfb,0xfb,0xfb,0x80,0x04,0x69,0xc4,0x80,
	0x92,0xbd,0xe4,0x80,0xfb,0xfb,0xfb,0x80,0xfb,0xfb,0xfb,0x80,0xfa,0xfa,0xfa,0x80,
	0xfa,0xfa,0xfa,0x80,0xfa,0xfa,0xfa,0x80,0xfa,0xfa,0xfa,0x80,0xfa,0xfa,0xfa,0x80,
	0xfa,0xfa,0xfa,0x80,0xf9,0xf9,0xf9,0x80,0xf9,0xf9,0xf9,0x80,0x00,0x00,0x00,0x00,
	0x00,0x00,0x00,0x00,0x00,0x00,0x00,0x00,0x00,0x00,0x00,0x00,0x00,0x00,0x00,0x00,
	0x00,0x00,0x00,0x00,0x00,0x00,0x00,0x00,0x00,0x00,0x00,0x00,0x00,0x00,0x00,0x00,
	0x00,0x00,0x00,0x00,0xfc,0xfc,0xfc,0x80,0xfc,0xfc,0xfc,0x80,0xfc,0xfc,0xfc,0x80,
	0xfc,0xfc,0xfc,0x80,0xfc,0xfc,0xfc,0x80,0xfc,0xfc,0xfc,0x80,0xfc,0xfc,0xfc,0x80,
	0xfb,0xfb,0xfb,0x80,0xfb,0xfb,0xfb,0x80,0xfb,0xfb,0xfb,0x80,0x04,0x67,0xc4,0x80,
	0x2e,0x7f,0xcd,0x80,0xf7,0xf8,0xf9,0x80,0xfa,0xfa,0xfa,0x80,0xfa,0xfa,0xfa,0x80,
	0xfa,0xfa,0xfa,0x80,0xfa,0xfa,0xfa,0x80,0xfa,0xfa,0xfa,0x80,0xf9,0xf9,0xf9,0x80,
	0xf9,0xf9,0xf9,0x80,0xf9,0xf9,0xf9,0x80,0xf9,0xf9,0xf9,0x80,0x00,0x00,0x00,0x00,
	0x00,0x00,0x00,0x00,0x00,0x00,0x00,0x00,0x00,0x00,0x00,0x00,0x00,0x00,0x00,0x00,
	0x00,0x00,0x00,0x00,0x00,0x00,0x00,0x00,0x00,0x00,0x00,0x00,0x00,0x00,0x00,0x00,
	0x00,0x00,0x00,0x00,0xfc,0xfc,0xfc,0x80,0xfc,0xfc,0xfc,0x80,0xfc,0xfc,0xfc,0x80,
	0xfc,0xfc,0xfc,0x80,0xfb,0xfb,0xfb,0x80,0xfb,0xfb,0xfb,0x80,0xfb,0xfb,0xfb,0x80,
	0xfb,0xfb,0xfb,0x80,0xfb,0xfb,0xfb,0x80,0xfb,0xfb,0xfb,0x80,0x05,0x64,0xc3,0x80,
	0x05,0x64,0xc3,0x80,0x6e,0xa4,0xdb,0x80,0xf9,0xf9,0xfa,0x80,0xfa,0xfa,0xfa,0x80,
	0xfa,0xfa,0xfa,0x80,0xf9,0xf9,0xf9,0x80,0xf9,0xf9,0xf9,0x80,0xf9,0xf9,0xf9,0x80,
	0xf9,0xf9,0xf9,0x80,0xf9,0xf9,0xf9,0x80,0xf8,0xf8,0xf8,0x80,0x00,0x00,0x00,0x00,
	0x00,0x00,0x00,0x00,0x00,0x00,0x00,0x00,0x00,0x00,0x00,0x00,0x00,0x00,0x00,0x00,
	0x00,0x00,0x00,0x00,0x00,0x00,0x00,0x00,0x00,0x00,0x00,0x00,0x00,0x00,0x00,0x00,
	0x00,0x00,0x00,0x00,0xfc,0xfc,0xfc,0x80,0xfc,0xfc,0xfc,0x80,0xfb,0xfb,0xfb,0x80,
	0xfb,0xfb,0xfb,0x80,0xfb,0xfb,0xfb,0x80,0xfb,0xfb,0xfb,0x80,0xfb,0xfb,0xfb,0x80,
	0xfb,0xfb,0xfb,0x80,0xfa,0xfa,0xfa,0x80,0xfa,0xfa,0xfa,0x80,0x06,0x62,0xc3,0x80,
	0x06,0x61,0xc3,0x80,0x06,0x60,0xc3,0x80,0x68,0x9d,0xd8,0x80,0xf6,0xf7,0xf8,0x80,
	0xf9,0xf9,0xf9,0x80,0xf9,0xf9,0xf9,0x80,0xf9,0xf9,0xf9,0x80,0xf9,0xf9,0xf9,0x80,
	0xf8,0xf8,0xf8,0x80,0xf8,0xf8,0xf8,0x80,0xf8,0xf8,0xf8,0x80,0x00,0x00,0x00,0x00,
	0x00,0x00,0x00,0x00,0x00,0x00,0x00,0x00,0x00,0x00,0x00,0x00,0x00,0x00,0x00,0x00,
	0x00,0x00,0x00,0x00,0x00,0x00,0x00,0x00,0x00,0x00,0x00,0x00,0x00,0x00,0x00,0x00,
	0x00,0x00,0x00,0x00,0xfb,0xfb,0xfb,0x80,0xfb,0xfb,0xfb,0x80,0xfb,0xfb,0xfb,0x80,
	0xfb,0xfb,0xfb,0x80,0xfb,0xfb,0xfb,0x80,0xfb,0xfb,0xfb,0x80,0xfa,0xfa,0xfa,0x80,
	0xfa,0xfa,0xfa,0x80,0xfa,0xfa,0xfa,0x80,0xfa,0xfa,0xfa,0x80,0x06,0x60,0xc3,0x80,
	0x78,0xa7,0xdc,0x80,0x53,0x8f,0xd3,0x80,0x0c,0x60,0xc3,0x80,0x5b,0x92,0xd5,0x80,
	0xf3,0xf5,0xf8,0x80,0xf9,0xf9,0xf9,0x80,0xf8,0xf8,0xf8,0x80,0xf8,0xf8,0xf8,0x80,
	0xf8,0xf8,0xf8,0x80,0xf8,0xf8,0xf8,0x80,0xf8,0xf8,0xf8,0x80,0x00,0x00,0x00,0x00,
	0x00,0x00,0x00,0x00,0x00,0x00,0x00,0x00,0x00,0x00,0x00,0x00,0x00,0x00,0x00,0x00,
	0x00,0x00,0x00,0x00,0x00,0x00,0x00,0x00,0x00,0x00,0x00,0x00,0x00,0x00,0x00,0x00,
	0x00,0x00,0x00,0x00,0xfb,0xfb,0xfb,0x80,0xfb,0xfb,0xfb,0x80,0xfb,0xfb,0xfb,0x80,
	0xfb,0xfb,0xfb,0x80,0xfa,0xfa,0xfa,0x80,0xfa,0xfa,0xfa,0x80,0xfa,0xfa,0xfa,0x80,
	0xfa,0xfa,0xfa,0x80,0xfa,0xfa,0xfa,0x80,0xf9,0xf9,0xf9,0x80,0x07,0x5e,0xc2,0x80,
	0xf9,0xf9,0xf9,0x80,0xf9,0xf9,0xf9,0x80,0xd2,0xe0,0xf0,0x80,0x38,0x7a,0xcc,0x80,
	0x5e,0x92,0xd5,0x80,0xf7,0xf7,0xf8,0x80,0xf8,0xf8,0xf8,0x80,0xf8,0xf8,0xf8,0x80,
	0xf8,0xf8,0xf8,0x80,0xf7,0xf7,0xf7,0x80,0xf7,0xf7,0xf7,0x80,0x00,0x00,0x00,0x00,
	0x00,0x00,0x00,0x00,0x00,0x00,0x00,0x00,0x00,0x00,0x00,0x00,0x00,0x00,0x00,0x00,
	0x00,0x00,0x00,0x00,0x00,0x00,0x00,0x00,0x00,0x00,0x00,0x00,0x00,0x00,0x00,0x00,
	0x00,0x00,0x00,0x00,0xfb,0xfb,0xfb,0x80,0xfb,0xfb,0xfb,0x80,0xfa,0xfa,0xfa,0x80,
	0xfa,0xfa,0xfa,0x80,0xfa,0xfa,0xfa,0x80,0xfa,0xfa,0xfa,0x80,0xfa,0xfa,0xfa,0x80,
	0xf9,0xf9,0xf9,0x80,0xf9,0xf9,0xf9,0x80,0xf9,0xf9,0xf9,0x80,0x08,0x5b,0xc2,0x80,
	0xf9,0xf9,0xf9,0x80,0xf9,0xf9,0xf9,0x80,0xf8,0xf8,0xf8,0x80,0xed,0xf0,0xf5,0x80,
	0x37,0x75,0xcc,0x80,0xa5,0xbf,0xe5,0x80,0xf8,0xf8,0xf8,0x80,0xf7,0xf7,0xf7,0x80,
	0xf7,0xf7,0xf7,0x80,0xf7,0xf7,0xf7,0x80,0xf7,0xf7,0xf7,0x80,0x00,0x00,0x00,0x00,
	0x00,0x00,0x00,0x00,0x00,0x00,0x00,0x00,0x00,0x00,0x00,0x00,0x00,0x00,0x00,0x00,
	0x00,0x00,0x00,0x00,0x00,0x00,0x00,0x00,0x00,0x00,0x00,0x00,0x00,0x00,0x00,0x00,
	0x00,0x00,0x00,0x00,0xfa,0xfa,0xfa,0x80,0xfa,0xfa,0xfa,0x80,0xfa,0xfa,0xfa,0x80,
	0xfa,0xfa,0xfa,0x80,0xfa,0xfa,0xfa,0x80,0xf9,0xf9,0xf9,0x80,0xf9,0xf9,0xf9,0x80,
	0xf9,0xf9,0xf9,0x80,0xf9,0xf9,0xf9,0x80,0xf9,0xf9,0xf9,0x80,0x08,0x59,0xc1,0x80,
	0xf8,0xf8,0xf8,0x80,0xf8,0xf8,0xf8,0x80,0xf8,0xf8,0xf8,0x80,0xf8,0xf8,0xf8,0x80,
	0xc3,0xd3,0xeb,0x80,0x3f,0x78,0xcc,0x80,0xf7,0xf7,0xf7,0x80,0xf7,0xf7,0xf7,0x80,
	0xf7,0xf7,0xf7,0x80,0xf7,0xf7,0xf7,0x80,0xf6,0xf6,0xf6,0x80,0x00,0x00,0x00,0x00,
	0x00,0x00,0x00,0x00,0x00,0x00,0x00,0x00,0x00,0x00,0x00,0x00,0x00,0x00,0x00,0x00,
	0x00,0x00,0x00,0x00,0x00,0x00,0x00,0x00,0x00,0x00,0x00,0x00,0x00,0x00,0x00,0x00,
	0x00,0x00,0x00,0x00,0xfa,0xfa,0xfa,0x80,0xfa,0xfa,0xfa,0x80,0xfa,0xfa,0xfa,0x80,
	0xf9,0xf9,0xf9,0x80,0xf9,0xf9,0xf9,0x80,0xf9,0xf9,0xf9,0x80,0xf9,0xf9,0xf9,0x80,
	0xf9,0xf9,0xf9,0x80,0xf8,0xf8,0xf8,0x80,0xf8,0xf8,0xf8,0x80,0x09,0x57,0xc1,0x80,
	0xf8,0xf8,0xf8,0x80,0xf8,0xf8,0xf8,0x80,0xf8,0xf8,0xf8,0x80,0xf7,0xf7,0xf7,0x80,
	0xf7,0xf7,0xf7,0x80,0x2e,0x6a,0xc8,0x80,0xf7,0xf7,0xf7,0x80,0xf7,0xf7,0xf7,0x80,
	0xf6,0xf6,0xf6,0x80,0xf6,0xf6,0xf6,0x80,0xf6,0xf6,0xf6,0x80,0x00,0x00,0x00,0x00,
	0x00,0x00,0x00,0x00,0x00,0x00,0x00,0x00,0x00,0x00,0x00,0x00,0x00,0x00,0x00,0x00,
	0x00,0x00,0x00,0x00,0x00,0x00,0x00,0x00,0x00,0x00,0x00,0x00,0x00,0x00,0x00,0x00,
	0x00,0x00,0x00,0x00,0xfa,0xfa,0xfa,0x80,0xf9,0xf9,0xf9,0x80,0xf9,0xf9,0xf9,0x80,
	0xf9,0xf9,0xf9,0x80,0xf9,0xf9,0xf9,0x80,0xf9,0xf9,0xf9,0x80,0xf8,0xf8,0xf8,0x80,
	0xf8,0xf8,0xf8,0x80,0xf8,0xf8,0xf8,0x80,0xf8,0xf8,0xf8,0x80,0x0a,0x54,0xc0,0x80,
	0xf8,0xf8,0xf8,0x80,0xf7,0xf7,0xf7,0x80,0xf7,0xf7,0xf7,0x80,0xf7,0xf7,0xf7,0x80,
	0xf7,0xf7,0xf7,0x80,0x4e,0x7e,0xcf,0x80,0xf6,0xf6,0xf6,0x80,0xf6,0xf6,0xf6,0x80,
	0xf6,0xf6,0xf6,0x80,0xf6,0xf6,0xf6,0x80,0xf6,0xf6,0xf6,0x80,0x00,0x00,0x00,0x00,
	0x00,0x00,0x00,0x00,0x00,0x00,0x00,0x00,0x00,0x00,0x00,0x00,0x00,0x00,0x00,0x00,
	0x00,0x00,0x00,0x00,0x00,0x00,0x00,0x00,0x00,0x00,0x00,0x00,0x00,0x00,0x00,0x00,
	0x00,0x00,0x00,0x00,0xf9,0xf9,0xf9,0x80,0xf9,0xf9,0xf9,0x80,0xf9,0xf9,0xf9,0x80,
	0xf9,0xf9,0xf9,0x80,0xf8,0xf8,0xf8,0x80,0xf8,0xf8,0xf8,0x80,0xf8,0xf8,0xf8,0x80,
	0xf8,0xf8,0xf8,0x80,0xf8,0xf8,0xf8,0x80,0xf7,0xf7,0xf7,0x80,0x0b,0x52,0xc0,0x80,
	0xf7,0xf7,0xf7,0x80,0xf7,0xf7,0xf7,0x80,0xf7,0xf7,0xf7,0x80,0xf7,0xf7,0xf7,0x80,
	0xf6,0xf6,0xf6,0x80,0x67,0x8d,0xd4,0x80,0xf6,0xf6,0xf6,0x80,0xf6,0xf6,0xf6,0x80,
	0xf6,0xf6,0xf6,0x80,0xf5,0xf5,0xf5,0x80,0xf5,0xf5,0xf5,0x80,0x00,0x00,0x00,0x00,
	0x00,0x00,0x00,0x00,0x00,0x00,0x00,0x00,0x00,0x00,0x00,0x00,0x00,0x00,0x00,0x00,
	0x00,0x00,0x00,0x00,0x00,0x00,0x00,0x00,0x00,0x00,0x00,0x00,0x00,0x00,0x00,0x00,
	0x00,0x00,0x00,0x00,0xf9,0xf9,0xf9,0x80,0xf9,0xf9,0xf9,0x80,0xf8,0xf8,0xf8,0x80,
	0xf8,0xf8,0xf8,0x80,0xf8,0xf8,0xf8,0x80,0xf8,0xf8,0xf8,0x80,0xf8,0xf8,0xf8,0x80,
	0xf7,0xf7,0xf7,0x80,0xf7,0xf7,0xf7,0x80,0xf7,0xf7,0xf7,0x80,0x0b,0x50,0xc0,0x80,
	0xf7,0xf7,0xf7,0x80,0xf7,0xf7,0xf7,0x80,0xf6,0xf6,0xf6,0x80,0xf6,0xf6,0xf6,0x80,
	0xd0,0xda,0xed,0x80,0x9d,0xb5,0xe1,0x80,0xf6,0xf6,0xf6,0x80,0xf5,0xf5,0xf5,0x80,
	0xf5,0xf5,0xf5,0x80,0xf5,0xf5,0xf5,0x80,0xf5,0xf5,0xf5,0x80,0x00,0x00,0x00,0x00,
	0x00,0x00,0x00,0x00,0x00,0x00,0x00,0x00,0x00,0x00,0x00,0x00,0x00,0x00,0x00,0x00,
	0x00,0x00,0x00,0x00,0x00,0x00,0x00,0x00,0x00,0x00,0x00,0x00,0x00,0x00,0x00,0x00,
	0x00,0x00,0x00,0x00,0xf8,0xf8,0xf8,0x80,0xf8,0xf8,0xf8,0x80,0xf8,0xf8,0xf8,0x80,
	0xf8,0xf8,0xf8,0x80,0xf8,0xf8,0xf8,0x80,0xf7,0xf7,0xf7,0x80,0xf7,0xf7,0xf7,0x80,
	0xf7,0xf7,0xf7,0x80,0xf7,0xf7,0xf7,0x80,0xf7,0xf7,0xf7,0x80,0x0c,0x4d,0xbf,0x80,
	0xf6,0xf6,0xf6,0x80,0xf6,0xf6,0xf6,0x80,0xf6,0xf6,0xf6,0x80,0xf6,0xf6,0xf6,0x80,
	0x89,0xa4,0xdc,0x80,0xef,0xf0,0xf3,0x80,0xf5,0xf5,0xf5,0x80,0xf5,0xf5,0xf5,0x80,
	0xf5,0xf5,0xf5,0x80,0xf5,0xf5,0xf5,0x80,0xf4,0xf4,0xf4,0x80,0x00,0x00,0x00,0x00,
	0x00,0x00,0x00,0x00,0x00,0x00,0x00,0x00,0x00,0x00,0x00,0x00,0x00,0x00,0x00,0x00,
	0x00,0x00,0x00,0x00,0x00,0x00,0x00,0x00,0x00,0x00,0x00,0x00,0x00,0x00,0x00,0x00,
	0x00,0x00,0x00,0x00,0xf8,0xf8,0xf8,0x80,0xf8,0xf8,0xf8,0x80,0xf8,0xf8,0xf8,0x80,
	0xf7,0xf7,0xf7,0x80,0xf7,0xf7,0xf7,0x80,0xf7,0xf7,0xf7,0x80,0xf7,0xf7,0xf7,0x80,
	0xf7,0xf7,0xf7,0x80,0xf6,0xf6,0xf6,0x80,0xf6,0xf6,0xf6,0x80,0x0d,0x4b,0xbf,0x80,
	0xf6,0xf6,0xf6,0x80,0xf6,0xf6,0xf6,0x80,0xf6,0xf6,0xf6,0x80,0xd9,0xe0,0xee,0x80,
	0xad,0xbf,0xe4,0x80,0xf5,0xf5,0xf5,0x80,0xf5,0xf5,0xf5,0x80,0xf5,0xf5,0xf5,0x80,
	0xf4,0xf4,0xf4,0x80,0xf4,0xf4,0xf4,0x80,0xf4,0xf4,0xf4,0x80,0x00,0x00,0x00,0x00,
	0x00,0x00,0x00,0x00,0x00,0x00,0x00,0x00,0x00,0x00,0x00,0x00,0x00,0x00,0x00,0x00,
	0x00,0x00,0x00,0x00,0x00,0x00,0x00,0x00,0x00,0x00,0x00,0x00,0x00,0x00,0x00,0x00,
	0x00,0x00,0x00,0x00,0xf8,0xf8,0xf8,0x80,0xf7,0xf7,0xf7,0x80,0xf7,0xf7,0xf7,0x80,
	0xf7,0xf7,0xf7,0x80,0xf7,0xf7,0xf7,0x80,0xec,0xef,0xf4,0x80,0x85,0xa4,0xdb,0x80,
	0x31,0x66,0xc7,0x80,0x10,0x4d,0xc0,0x80,0x1f,0x57,0xc3,0x80,0x0e,0x49,0xbe,0x80,
	0xf6,0xf6,0xf6,0x80,0xf5,0xf5,0xf5,0x80,0xf5,0xf5,0xf5,0x80,0xf5,0xf5,0xf5,0x80,
	0xf5,0xf5,0xf5,0x80,0xf5,0xf5,0xf5,0x80,0xf4,0xf4,0xf4,0x80,0xf4,0xf4,0xf4,0x80,
	0xf4,0xf4,0xf4,0x80,0xf4,0xf4,0xf4,0x80,0xf4,0xf4,0xf4,0x80,0x00,0x00,0x00,0x00,
	0x00,0x00,0x00,0x00,0x00,0x00,0x00,0x00,0x00,0x00,0x00,0x00,0x00,0x00,0x00,0x00,
	0x00,0x00,0x00,0x00,0x00,0x00,0x00,0x00,0x00,0x00,0x00,0x00,0x00,0x00,0x00,0x00,
	0x00,0x00,0x00,0x00,0xf7,0xf7,0xf7,0x80,0xf7,0xf7,0xf7,0x80,0xf7,0xf7,0xf7,0x80,
	0xf7,0xf7,0xf7,0x80,0xd5,0xde,0xee,0x80,0x2e,0x63,0xc7,0x80,0x0d,0x4a,0xbf,0x80,
	0x0d,0x49,0xbf,0x80,0x0e,0x48,0xbe,0x80,0x0e,0x47,0xbe,0x80,0x0e,0x46,0xbe,0x80,
	0xf5,0xf5,0xf5,0x80,0xf5,0xf5,0xf5,0x80,0xf5,0xf5,0xf5,0x80,0xf5,0xf5,0xf5,0x80,
	0xf4,0xf4,0xf4,0x80,0xf4,0xf4,0xf4,0x80,0xf4,0xf4,0xf4,0x80,0xf4,0xf4,0xf4,0x80,
	0xf4,0xf4,0xf4,0x80,0xf4,0xf4,0xf4,0x80,0xf3,0xf3,0xf3,0x80,0x00,0x00,0x00,0x00,
	0x00,0x00,0x00,0x00,0x00,0x00,0x00,0x00,0x00,0x00,0x00,0x00,0x00,0x00,0x00,0x00,
	0x00,0x00,0x00,0x00,0x00,0x00,0x00,0x00,0x00,0x00,0x00,0x00,0x00,0x00,0x00,0x00,
	0x00,0x00,0x00,0x00,0xf7,0xf7,0xf7,0x80,0xf7,0xf7,0xf7,0x80,0xf6,0xf6,0xf6,0x80,
	0xf6,0xf6,0xf6,0x80,0x41,0x70,0xcb,0x80,0x0d,0x49,0xbf,0x80,0x0e,0x48,0xbe,0x80,
	0x0e,0x47,0xbe,0x80,0x0e,0x46,0xbe,0x80,0x0f,0x45,0xbe,0x80,0x21,0x52,0xc2,0x80,
	0xf5,0xf5,0xf5,0x80,0xf5,0xf5,0xf5,0x80,0xf4,0xf4,0xf4,0x80,0xf4,0xf4,0xf4,0x80,
	0xf4,0xf4,0xf4,0x80,0xf4,0xf4,0xf4,0x80,0xf4,0xf4,0xf4,0x80,0xf4,0xf4,0xf4,0x80,
	0xf3,0xf3,0xf3,0x80,0xf3,0xf3,0xf3,0x80,0xf3,0xf3,0xf3,0x80,0x00,0x00,0x00,0x00,
	0x00,0x00,0x00,0x00,0x00,0x00,0x00,0x00,0x00,0x00,0x00,0x00,0x00,0x00,0x00,0x00,
	0x00,0x00,0x00,0x00,0x00,0x00,0x00,0x00,0x00,0x00,0x00,0x00,0x00,0x00,0x00,0x00,
	0x00,0x00,0x00,0x00,0xf6,0xf6,0xf6,0x80,0xf6,0xf6,0xf6,0x80,0xf6,0xf6,0xf6,0x80,
	0xf6,0xf6,0xf6,0x80,0x1d,0x53,0xc2,0x80,0x0e,0x47,0xbe,0x80,0x0e,0x46,0xbe,0x80,
	0x0f,0x45,0xbe,0x80,0x0f,0x44,0xbe,0x80,0x1c,0x4d,0xc0,0x80,0xbb,0xc7,0xe7,0x80,
	0xf4,0xf4,0xf4,0x80,0xf4,0xf4,0xf4,0x80,0xf4,0xf4,0xf4,0x80,0xf4,0xf4,0xf4,0x80,
	0xf4,0xf4,0xf4,0x80,0xf3,0xf3,0xf3,0x80,0xf3,0xf3,0xf3,0x80,0xf3,0xf3,0xf3,0x80,
	0xf3,0xf3,0xf3,0x80,0xf3,0xf3,0xf3,0x80,0xf3,0xf3,0xf3,0x80,0x00,0x00,0x00,0x00,
	0x00,0x00,0x00,0x00,0x00,0x00,0x00,0x00,0x00,0x00,0x00,0x00,0x00,0x00,0x00,0x00,
	0x00,0x00,0x00,0x00,0x00,0x00,0x00,0x00,0x00,0x00,0x00,0x00,0x00,0x00,0x00,0x00,
	0x00,0x00,0x00,0x00,0xf6,0xf6,0xf6,0x80,0xf6,0xf6,0xf6,0x80,0xf6,0xf6,0xf6,0x80,
	0xf5,0xf5,0xf5,0x80,0xaf,0xbf,0xe4,0x80,0x33,0x61,0xc7,0x80,0x17,0x4a,0xc0,0x80,
	0x36,0x61,0xc6,0x80,0x71,0x8e,0xd5,0x80,0xd9,0xdf,0xee,0x80,0xf4,0xf4,0xf4,0x80,
	0xf4,0xf4,0xf4,0x80,0xf4,0xf4,0xf4,0x80,0xf4,0xf4,0xf4,0x80,0xf3,0xf3,0xf3,0x80,
	0xf3,0xf3,0xf3,0x80,0xf3,0xf3,0xf3,0x80,0xf3,0xf3,0xf3,0x80,0xf3,0xf3,0xf3,0x80,
	0xf3,0xf3,0xf3,0x80,0xf3,0xf3,0xf3,0x80,0xf2,0xf2,0xf2,0x80,0x00,0x00,0x00,0x00,
	0x00,0x00,0x00,0x00,0x00,0x00,0x00,0x00,0x00,0x00,0x00,0x00,0x00,0x00,0x00,0x00,
	0x00,0x00,0x00,0x00,0x00,0x00,0x00,0x00,0x00,0x00,0x00,0x00,0x00,0x00,0x00,0x00,
	0x00,0x00,0x00,0x00,0xf6,0xf6,0xf6,0x80,0xf5,0xf5,0xf5,0x80,0xf5,0xf5,0xf5,0x80,
	0xf5,0xf5,0xf5,0x80,0xf5,0xf5,0xf5,0x80,0xf5,0xf5,0xf5,0x80,0xf4,0xf4,0xf4,0x80,
	0xf4,0xf4,0xf4,0x80,0xf4,0xf4,0xf4,0x80,0xf4,0xf4,0xf4,0x80,0xf4,0xf4,0xf4,0x80,
	0xf4,0xf4,0xf4,0x80,0xf3,0xf3,0xf3,0x80,0xf3,0xf3,0xf3,0x80,0xf3,0xf3,0xf3,0x80,
	0xf3,0xf3,0xf3,0x80,0xf3,0xf3,0xf3,0x80,0xf3,0xf3,0xf3,0x80,0xf2,0xf2,0xf2,0x80,
	0xf2,0xf2,0xf2,0x80,0xf2,0xf2,0xf2,0x80,0xf2,0xf2,0xf2,0x80,0x00,0x00,0x00,0x00,
	0x00,0x00,0x00,0x00,0x00,0x00,0x00,0x00,0x00,0x00,0x00,0x00,0x00,0x00,0x00,0x00,
	0x00,0x00,0x00,0x00,0x00,0x00,0x00,0x00,0x00,0x00,0x00,0x00,0x00,0x00,0x00,0x00,
	0x00,0x00,0x00,0x00,0xf5,0xf5,0xf5,0x80,0xf5,0xf5,0xf5,0x80,0xf5,0xf5,0xf5,0x80,
	0xf5,0xf5,0xf5,0x80,0xf4,0xf4,0xf4,0x80,0xf4,0xf4,0xf4,0x80,0xf4,0xf4,0xf4,0x80,
	0xf4,0xf4,0xf4,0x80,0xf4,0xf4,0xf4,0x80,0xf4,0xf4,0xf4,0x80,0xf3,0xf3,0xf3,0x80,
	0xf3,0xf3,0xf3,0x80,0xf3,0xf3,0xf3,0x80,0xf3,0xf3,0xf3,0x80,0xf3,0xf3,0xf3,0x80,
	0xf3,0xf3,0xf3,0x80,0xf2,0xf2,0xf2,0x80,0xf2,0xf2,0xf2,0x80,0xf2,0xf2,0xf2,0x80,
	0xf2,0xf2,0xf2,0x80,0xf2,0xf2,0xf2,0x80,0xf2,0xf2,0xf2,0x80,0x00,0x00,0x00,0x00,
	0x00,0x00,0x00,0x00,0x00,0x00,0x00,0x00,0x00,0x00,0x00,0x00,0x00,0x00,0x00,0x00,
	0x00,0x00,0x00,0x00,0x00,0x00,0x00,0x00,0x00,0x00,0x00,0x00,0x00,0x00,0x00,0x00,
	0x00,0x00,0x00,0x00,0xf5,0xf5,0xf5,0x62,0xf5,0xf5,0xf5,0x80,0xf4,0xf4,0xf4,0x80,
	0xf4,0xf4,0xf4,0x80,0xf4,0xf4,0xf4,0x80,0xf4,0xf4,0xf4,0x80,0xf4,0xf4,0xf4,0x80,
	0xf4,0xf4,0xf4,0x80,0xf3,0xf3,0xf3,0x80,0xf3,0xf3,0xf3,0x80,0xf3,0xf3,0xf3,0x80,
	0xf3,0xf3,0xf3,0x80,0xf3,0xf3,0xf3,0x80,0xf3,0xf3,0xf3,0x80,0xf2,0xf2,0xf2,0x80,
	0xf2,0xf2,0xf2,0x80,0xf2,0xf2,0xf2,0x80,0xf2,0xf2,0xf2,0x80,0xf2,0xf2,0xf2,0x80,
	0xf2,0xf2,0xf2,0x80,0xf2,0xf2,0xf2,0x80,0xf1,0xf1,0xf1,0x62,0x00,0x00,0x00,0x00,
	0x00,0x00,0x00,0x00,0x00,0x00,0x00,0x00,0x00,0x00,0x00,0x00,0x00,0x00,0x00,0x00,
	0x00,0x00,0x00,0x00,0x00,0x00,0x00,0x00,0x00,0x00,0x00,0x00,0x00,0x00,0x00,0x00,
	0x00,0x00,0x00,0x00,0x00,0x00,0x00,0x00,0x00,0x00,0x00,0x00,0x00,0x00,0x00,0x00,
	0x00,0x00,0x00,0x00,0x00,0x00,0x00,0x00,0x00,0x00,0x00,0x00,0x00,0x00,0x00,0x00,
	0x00,0x00,0x00,0x00,0x00,0x00,0x00,0x00,0x00,0x00,0x00,0x00,0x00,0x00,0x00,0x00,
	0x00,0x00,0x00,0x00,0x00,0x00,0x00,0x00,0x00,0x00,0x00,0x00,0x00,0x00,0x00,0x00,
	0x00,0x00,0x00,0x00,0x00,0x00,0x00,0x00,0x00,0x00,0x00,0x00,0x00,0x00,0x00,0x00,
	0x00,0x00,0x00,0x00,0x00,0x00,0x00,0x00,0x00,0x00,0x00,0x00,0x00,0x00,0x00,0x00,
	0x00,0x00,0x00,0x00,0x00,0x00,0x00,0x00,0x00,0x00,0x00,0x00,0x00,0x00,0x00,0x00,
	0x00,0x00,0x00,0x00,0x00,0x00,0x00,0x00,0x00,0x00,0x00,0x00,0x00,0x00,0x00,0x00,
	0x00,0x00,0x00,0x00,0x00,0x00,0x00,0x00,0x00,0x00,0x00,0x00,0x00,0x00,0x00,0x00,
	0x00,0x00,0x00,0x00,0x00,0x00,0x00,0x00,0x00,0x00,0x00,0x00,0x00,0x00,0x00,0x00,
	0x00,0x00,0x00,0x00,0x00,0x00,0x00,0x00,0x00,0x00,0x00,0x00,0x00,0x00,0x00,0x00,
	0x00,0x00,0x00,0x00,0x00,0x00,0x00,0x00,0x00,0x00,0x00,0x00,0x00,0x00,0x00,0x00,
	0x00,0x00,0x00,0x00,0x00,0x00,0x00,0x00,0x00,0x00,0x00,0x00,0x00,0x00,0x00,0x00,
	0x00,0x00,0x00,0x00,0x00,0x00,0x00,0x00,0x00,0x00,0x00,0x00,0x00,0x00,0x00,0x00,
	0x00,0x00,0x00,0x00,0x00,0x00,0x00,0x00,0x00,0x00,0x00,0x00,0x00,0x00,0x00,0x00,
	0x00,0x00,0x00,0x00,0x00,0x00,0x00,0x00,0x00,0x00,0x00,0x00,0x00,0x00,0x00,0x00,
	0x00,0x00,0x00,0x00,0x00,0x00,0x00,0x00,0x00,0x00,0x00,0x00,0x00,0x00,0x00,0x00,
	0x00,0x00,0x00,0x00,0x00,0x00,0x00,0x00,0x00,0x00,0x00,0x00,0x00,0x00,0x00,0x00,
	0x00,0x00,0x00,0x00,0x00,0x00,0x00,0x00,0x00,0x00,0x00,0x00,0x00,0x00,0x00,0x00,
	0x00,0x00,0x00,0x00,0x00,0x00,0x00,0x00,0x00,0x00,0x00,0x00,0x00,0x00,0x00,0x00,
	0x00,0x00,0x00,0x00,0x00,0x00,0x00,0x00,0x00,0x00,0x00,0x00,0x00,0x00,0x00,0x00,
	0x00,0x00,0x00,0x00,0x00,0x00,0x00,0x00,0x00,0x00,0x00,0x00,0x00,0x00,0x00,0x00,
	0x00,0x00,0x00,0x00,0x00,0x00,0x00,0x00,0x00,0x00,0x00,0x00,0x00,0x00,0x00,0x00,
};
static const unsigned char rgba_s_IconM3U[ 4096 ] __attribute__(   (  aligned( 16 ), section( ".data" )  )   ) = {
	0x00,0x00,0x00,0x00,0x00,0x00,0x00,0x00,0x00,0x00,0x00,0x00,0x00,0x00,0x00,0x00,
	0x00,0x00,0x00,0x00,0x00,0x00,0x00,0x00,0x00,0x00,0x00,0x00,0x00,0x00,0x00,0x00,
	0x00,0x00,0x00,0x00,0x00,0x00,0x00,0x00,0x00,0x00,0x00,0x00,0x00,0x00,0x00,0x00,
	0x00,0x00,0x00,0x00,0x00,0x00,0x00,0x00,0x00,0x00,0x00,0x00,0x00,0x00,0x00,0x00,
	0x00,0x00,0x00,0x00,0x00,0x00,0x00,0x00,0x00,0x00,0x00,0x00,0x00,0x00,0x00,0x00,
	0x00,0x00,0x00,0x00,0x00,0x00,0x00,0x00,0x00,0x00,0x00,0x00,0x00,0x00,0x00,0x00,
	0x00,0x00,0x00,0x00,0x00,0x00,0x00,0x00,0x00,0x00,0x00,0x00,0x00,0x00,0x00,0x00,
	0x00,0x00,0x00,0x00,0x00,0x00,0x00,0x00,0x00,0x00,0x00,0x00,0x00,0x00,0x00,0x00,
	0x00,0x00,0x00,0x00,0x00,0x00,0x00,0x00,0x00,0x00,0x00,0x00,0x00,0x00,0x00,0x00,
	0x00,0x00,0x00,0x00,0x00,0x00,0x00,0x00,0x00,0x00,0x00,0x00,0x00,0x00,0x00,0x00,
	0x00,0x00,0x00,0x00,0x00,0x00,0x00,0x00,0x00,0x00,0x00,0x00,0x00,0x00,0x00,0x00,
	0x00,0x00,0x00,0x00,0x00,0x00,0x00,0x00,0x00,0x00,0x00,0x00,0x00,0x00,0x00,0x00,
	0x00,0x00,0x00,0x00,0x00,0x00,0x00,0x00,0x00,0x00,0x00,0x00,0x00,0x00,0x00,0x00,
	0x00,0x00,0x00,0x00,0x00,0x00,0x00,0x00,0x00,0x00,0x00,0x00,0x00,0x00,0x00,0x00,
	0x00,0x00,0x00,0x00,0x00,0x00,0x00,0x00,0x00,0x00,0x00,0x00,0x00,0x00,0x00,0x00,
	0x00,0x00,0x00,0x00,0x00,0x00,0x00,0x00,0x00,0x00,0x00,0x00,0x00,0x00,0x00,0x00,
	0x00,0x00,0x00,0x00,0x00,0x00,0x00,0x00,0x00,0x00,0x00,0x00,0x00,0x00,0x00,0x00,
	0x00,0x00,0x00,0x00,0x00,0x00,0x00,0x00,0x00,0x00,0x00,0x00,0x00,0x00,0x00,0x00,
	0x00,0x00,0x00,0x00,0x00,0x00,0x00,0x00,0x00,0x00,0x00,0x00,0x00,0x00,0x00,0x00,
	0x00,0x00,0x00,0x00,0x00,0x00,0x00,0x00,0x00,0x00,0x00,0x00,0x00,0x00,0x00,0x00,
	0x00,0x00,0x00,0x00,0x00,0x00,0x00,0x00,0x00,0x00,0x00,0x00,0x00,0x00,0x00,0x00,
	0x00,0x00,0x00,0x00,0x00,0x00,0x00,0x00,0x00,0x00,0x00,0x00,0x00,0x00,0x00,0x00,
	0x00,0x00,0x00,0x00,0x00,0x00,0x00,0x00,0x00,0x00,0x00,0x00,0x00,0x00,0x00,0x00,
	0x00,0x00,0x00,0x00,0x00,0x00,0x00,0x00,0x00,0x00,0x00,0x00,0x00,0x00,0x00,0x00,
	0x00,0x00,0x00,0x00,0x00,0x00,0x00,0x00,0x00,0x00,0x00,0x00,0x00,0x00,0x00,0x00,
	0x00,0x00,0x00,0x00,0xfe,0xfe,0xfe,0x62,0xfe,0xfe,0xfe,0x80,0xfe,0xfe,0xfe,0x80,
	0xfe,0xfe,0xfe,0x80,0xfd,0xfd,0xfd,0x80,0xfd,0xfd,0xfd,0x80,0xfd,0xfd,0xfd,0x80,
	0xfd,0xfd,0xfd,0x80,0xfd,0xfd,0xfd,0x80,0xfd,0xfd,0xfd,0x80,0xfd,0xfd,0xfd,0x80,
	0xfc,0xfc,0xfc,0x80,0xfc,0xfc,0xfc,0x80,0xfc,0xfc,0xfc,0x80,0xfc,0xfc,0xfc,0x80,
	0xfc,0xfc,0xfc,0x80,0xfc,0xfc,0xfc,0x80,0xfb,0xfb,0xfb,0x80,0xfb,0xfb,0xfb,0x80,
	0xfb,0xfb,0xfb,0x80,0xfb,0xfb,0xfb,0x80,0xfb,0xfb,0xfb,0x62,0x00,0x00,0x00,0x00,
	0x00,0x00,0x00,0x00,0x00,0x00,0x00,0x00,0x00,0x00,0x00,0x00,0x00,0x00,0x00,0x00,
	0x00,0x00,0x00,0x00,0x00,0x00,0x00,0x00,0x00,0x00,0x00,0x00,0x00,0x00,0x00,0x00,
	0x00,0x00,0x00,0x00,0xfe,0xfe,0xfe,0x80,0xfe,0xfe,0xfe,0x80,0xfd,0xfd,0xfd,0x80,
	0xfd,0xfd,0xfd,0x80,0xfd,0xfd,0xfd,0x80,0xfd,0xfd,0xfd,0x80,0xfd,0xfd,0xfd,0x80,
	0xfd,0xfd,0xfd,0x80,0xfd,0xfd,0xfd,0x80,0xfc,0xfc,0xfc,0x80,0xfc,0xfc,0xfc,0x80,
	0xfc,0xfc,0xfc,0x80,0xfc,0xfc,0xfc,0x80,0xfc,0xfc,0xfc,0x80,0xfc,0xfc,0xfc,0x80,
	0xfb,0xfb,0xfb,0x80,0xfb,0xfb,0xfb,0x80,0xfb,0xfb,0xfb,0x80,0xfb,0xfb,0xfb,0x80,
	0xfb,0xfb,0xfb,0x80,0xfb,0xfb,0xfb,0x80,0xfa,0xfa,0xfa,0x80,0x00,0x00,0x00,0x00,
	0x00,0x00,0x00,0x00,0x00,0x00,0x00,0x00,0x00,0x00,0x00,0x00,0x00,0x00,0x00,0x00,
	0x00,0x00,0x00,0x00,0x00,0x00,0x00,0x00,0x00,0x00,0x00,0x00,0x00,0x00,0x00,0x00,
	0x00,0x00,0x00,0x00,0xfd,0xfd,0xfd,0x80,0xfd,0xfd,0xfd,0x80,0xfd,0xfd,0xfd,0x80,
	0xfd,0xfd,0xfd,0x80,0xfd,0xfd,0xfd,0x80,0xfd,0xfd,0xfd,0x80,0xfd,0xfd,0xfd,0x80,
	0xfc,0xfc,0xfc,0x80,0xfc,0xfc,0xfc,0x80,0xfc,0xfc,0xfc,0x80,0xfc,0xfc,0xfc,0x80,
	0xfc,0xfc,0xfc,0x80,0xfc,0xfc,0xfc,0x80,0xfb,0xfb,0xfb,0x80,0xfb,0xfb,0xfb,0x80,
	0xfb,0xfb,0xfb,0x80,0xfb,0xfb,0xfb,0x80,0xfb,0xfb,0xfb,0x80,0xfb,0xfb,0xfb,0x80,
	0xfa,0xfa,0xfa,0x80,0xfa,0xfa,0xfa,0x80,0xfa,0xfa,0xfa,0x80,0x00,0x00,0x00,0x00,
	0x00,0x00,0x00,0x00,0x00,0x00,0x00,0x00,0x00,0x00,0x00,0x00,0x00,0x00,0x00,0x00,
	0x00,0x00,0x00,0x00,0x00,0x00,0x00,0x00,0x00,0x00,0x00,0x00,0x00,0x00,0x00,0x00,
	0x00,0x00,0x00,0x00,0xfd,0xfd,0xfd,0x80,0xfd,0xfd,0xfd,0x80,0xfd,0xfd,0xfd,0x80,
	0xfd,0xfd,0xfd,0x80,0xfd,0xfd,0xfd,0x80,0xfc,0xfc,0xfc,0x80,0xfc,0xfc,0xfc,0x80,
	0xfc,0xfc,0xfc,0x80,0xfc,0xfc,0xfc,0x80,0xfc,0xfc,0xfc,0x80,0xfc,0xfc,0xfc,0x80,
	0xfb,0xfb,0xfb,0x80,0xfb,0xfb,0xfb,0x80,0xfb,0xfb,0xfb,0x80,0xfb,0xfb,0xfb,0x80,
	0xfb,0xfb,0xfb,0x80,0xfb,0xfb,0xfb,0x80,0xfa,0xfa,0xfa,0x80,0xfa,0xfa,0xfa,0x80,
	0xfa,0xfa,0xfa,0x80,0xfa,0xfa,0xfa,0x80,0xfa,0xfa,0xfa,0x80,0x00,0x00,0x00,0x00,
	0x00,0x00,0x00,0x00,0x00,0x00,0x00,0x00,0x00,0x00,0x00,0x00,0x00,0x00,0x00,0x00,
	0x00,0x00,0x00,0x00,0x00,0x00,0x00,0x00,0x00,0x00,0x00,0x00,0x00,0x00,0x00,0x00,
	0x00,0x00,0x00,0x00,0xfd,0xfd,0xfd,0x80,0xfd,0xfd,0xfd,0x80,0xfc,0xfc,0xfc,0x80,
	0xfc,0xfc,0xfc,0x80,0xfc,0xfc,0xfc,0x80,0xfc,0xfc,0xfc,0x80,0xfc,0xfc,0xfc,0x80,
	0xfc,0xfc,0xfc,0x80,0xfc,0xfc,0xfc,0x80,0xfb,0xfb,0xfb,0x80,0xfb,0xfb,0xfb,0x80,
	0xfb,0xfb,0xfb,0x80,0xfb,0xfb,0xfb,0x80,0xfb,0xfb,0xfb,0x80,0xfa,0xfa,0xfa,0x80,
	0xfa,0xfa,0xfa,0x80,0xfa,0xfa,0xfa,0x80,0xfa,0xfa,0xfa,0x80,0xfa,0xfa,0xfa,0x80,
	0xfa,0xfa,0xfa,0x80,0xf9,0xf9,0xf9,0x80,0xf9,0xf9,0xf9,0x80,0x00,0x00,0x00,0x00,
	0x00,0x00,0x00,0x00,0x00,0x00,0x00,0x00,0x00,0x00,0x00,0x00,0x00,0x00,0x00,0x00,
	0x00,0x00,0x00,0x00,0x00,0x00,0x00,0x00,0x00,0x00,0x00,0x00,0x00,0x00,0x00,0x00,
	0x00,0x00,0x00,0x00,0xfc,0xfc,0xfc,0x80,0xfc,0xfc,0xfc,0x80,0xfc,0xfc,0xfc,0x80,
	0xb4,0xd4,0xec,0x80,0x1a,0x7d,0xca,0x80,0x1b,0x7d,0xca,0x80,0xb4,0xd3,0xec,0x80,
	0xfb,0xfb,0xfb,0x80,0xfb,0xfb,0xfb,0x80,0xfb,0xfb,0xfb,0x80,0xfb,0xfb,0xfb,0x80,
	0xfb,0xfb,0xfb,0x80,0xfa,0xfa,0xfa,0x80,0xfa,0xfa,0xfa,0x80,0xfa,0xfa,0xfa,0x80,
	0xfa,0xfa,0xfa,0x80,0xfa,0xfa,0xfa,0x80,0xfa,0xfa,0xfa,0x80,0xf9,0xf9,0xf9,0x80,
	0xf9,0xf9,0xf9,0x80,0xf9,0xf9,0xf9,0x80,0xf9,0xf9,0xf9,0x80,0x00,0x00,0x00,0x00,
	0x00,0x00,0x00,0x00,0x00,0x00,0x00,0x00,0x00,0x00,0x00,0x00,0x00,0x00,0x00,0x00,
	0x00,0x00,0x00,0x00,0x00,0x00,0x00,0x00,0x00,0x00,0x00,0x00,0x00,0x00,0x00,0x00,
	0x00,0x00,0x00,0x00,0xfc,0xfc,0xfc,0x80,0xfc,0xfc,0xfc,0x80,0xfc,0xfc,0xfc,0x80,
	0x1b,0x7c,0xca,0x80,0x02,0x6d,0xc5,0x80,0x02,0x6d,0xc5,0x80,0x1b,0x7a,0xca,0x80,
	0xfb,0xfb,0xfb,0x80,0xfb,0xfb,0xfb,0x80,0x3d,0x8b,0xd1,0x80,0x04,0x68,0xc4,0x80,
	0x04,0x67,0xc4,0x80,0x04,0x66,0xc4,0x80,0x05,0x65,0xc3,0x80,0x05,0x64,0xc3,0x80,
	0x05,0x63,0xc3,0x80,0x06,0x62,0xc3,0x80,0x06,0x61,0xc3,0x80,0x3f,0x84,0xcf,0x80,
	0xf9,0xf9,0xf9,0x80,0xf9,0xf9,0xf9,0x80,0xf8,0xf8,0xf8,0x80,0x00,0x00,0x00,0x00,
	0x00,0x00,0x00,0x00,0x00,0x00,0x00,0x00,0x00,0x00,0x00,0x00,0x00,0x00,0x00,0x00,
	0x00,0x00,0x00,0x00,0x00,0x00,0x00,0x00,0x00,0x00,0x00,0x00,0x00,0x00,0x00,0x00,
	0x00,0x00,0x00,0x00,0xfc,0xfc,0xfc,0x80,0xfc,0xfc,0xfc,0x80,0xfb,0xfb,0xfb,0x80,
	0x1a,0x7a,0xca,0x80,0x03,0x6b,0xc5,0x80,0x03,0x6a,0xc4,0x80,0x1a,0x78,0xc9,0x80,
	0xfb,0xfb,0xfb,0x80,0xfa,0xfa,0xfa,0x80,0x3e,0x8a,0xd1,0x80,0x04,0x66,0xc3,0x80,
	0x05,0x65,0xc3,0x80,0x05,0x64,0xc3,0x80,0x05,0x62,0xc3,0x80,0x06,0x61,0xc3,0x80,
	0x06,0x60,0xc3,0x80,0x07,0x5f,0xc2,0x80,0x07,0x5e,0xc2,0x80,0x3f,0x81,0xcf,0x80,
	0xf8,0xf8,0xf8,0x80,0xf8,0xf8,0xf8,0x80,0xf8,0xf8,0xf8,0x80,0x00,0x00,0x00,0x00,
	0x00,0x00,0x00,0x00,0x00,0x00,0x00,0x00,0x00,0x00,0x00,0x00,0x00,0x00,0x00,0x00,
	0x00,0x00,0x00,0x00,0x00,0x00,0x00,0x00,0x00,0x00,0x00,0x00,0x00,0x00,0x00,0x00,
	0x00,0x00,0x00,0x00,0xfb,0xfb,0xfb,0x80,0xfb,0xfb,0xfb,0x80,0xfb,0xfb,0xfb,0x80,
	0xb3,0xd1,0xeb,0x80,0x1a,0x77,0xc9,0x80,0x1e,0x78,0xca,0x80,0xb3,0xcf,0xea,0x80,
	0xfa,0xfa,0xfa,0x80,0xfa,0xfa,0xfa,0x80,0xfa,0xfa,0xfa,0x80,0xfa,0xfa,0xfa,0x80,
	0xf9,0xf9,0xf9,0x80,0xf9,0xf9,0xf9,0x80,0xf9,0xf9,0xf9,0x80,0xf9,0xf9,0xf9,0x80,
	0xf9,0xf9,0xf9,0x80,0xf9,0xf9,0xf9,0x80,0xf8,0xf8,0xf8,0x80,0xf8,0xf8,0xf8,0x80,
	0xf8,0xf8,0xf8,0x80,0xf8,0xf8,0xf8,0x80,0xf8,0xf8,0xf8,0x80,0x00,0x00,0x00,0x00,
	0x00,0x00,0x00,0x00,0x00,0x00,0x00,0x00,0x00,0x00,0x00,0x00,0x00,0x00,0x00,0x00,
	0x00,0x00,0x00,0x00,0x00,0x00,0x00,0x00,0x00,0x00,0x00,0x00,0x00,0x00,0x00,0x00,
	0x00,0x00,0x00,0x00,0xfb,0xfb,0xfb,0x80,0xfb,0xfb,0xfb,0x80,0xfb,0xfb,0xfb,0x80,
	0xfb,0xfb,0xfb,0x80,0xfa,0xfa,0xfa,0x80,0xfa,0xfa,0xfa,0x80,0xfa,0xfa,0xfa,0x80,
	0xfa,0xfa,0xfa,0x80,0xfa,0xfa,0xfa,0x80,0xf9,0xf9,0xf9,0x80,0xf9,0xf9,0xf9,0x80,
	0xf9,0xf9,0xf9,0x80,0xf9,0xf9,0xf9,0x80,0xf9,0xf9,0xf9,0x80,0xf9,0xf9,0xf9,0x80,
	0xf8,0xf8,0xf8,0x80,0xf8,0xf8,0xf8,0x80,0xf8,0xf8,0xf8,0x80,0xf8,0xf8,0xf8,0x80,
	0xf8,0xf8,0xf8,0x80,0xf7,0xf7,0xf7,0x80,0xf7,0xf7,0xf7,0x80,0x00,0x00,0x00,0x00,
	0x00,0x00,0x00,0x00,0x00,0x00,0x00,0x00,0x00,0x00,0x00,0x00,0x00,0x00,0x00,0x00,
	0x00,0x00,0x00,0x00,0x00,0x00,0x00,0x00,0x00,0x00,0x00,0x00,0x00,0x00,0x00,0x00,
	0x00,0x00,0x00,0x00,0xfb,0xfb,0xfb,0x80,0xfb,0xfb,0xfb,0x80,0xfa,0xfa,0xfa,0x80,
	0xfa,0xfa,0xfa,0x80,0xfa,0xfa,0xfa,0x80,0xfa,0xfa,0xfa,0x80,0xfa,0xfa,0xfa,0x80,
	0xf9,0xf9,0xf9,0x80,0xf9,0xf9,0xf9,0x80,0xf9,0xf9,0xf9,0x80,0xf9,0xf9,0xf9,0x80,
	0xf9,0xf9,0xf9,0x80,0xf9,0xf9,0xf9,0x80,0xf8,0xf8,0xf8,0x80,0xf8,0xf8,0xf8,0x80,
	0xf8,0xf8,0xf8,0x80,0xf8,0xf8,0xf8,0x80,0xf8,0xf8,0xf8,0x80,0xf7,0xf7,0xf7,0x80,
	0xf7,0xf7,0xf7,0x80,0xf7,0xf7,0xf7,0x80,0xf7,0xf7,0xf7,0x80,0x00,0x00,0x00,0x00,
	0x00,0x00,0x00,0x00,0x00,0x00,0x00,0x00,0x00,0x00,0x00,0x00,0x00,0x00,0x00,0x00,
	0x00,0x00,0x00,0x00,0x00,0x00,0x00,0x00,0x00,0x00,0x00,0x00,0x00,0x00,0x00,0x00,
	0x00,0x00,0x00,0x00,0xfa,0xfa,0xfa,0x80,0xfa,0xfa,0xfa,0x80,0xfa,0xfa,0xfa,0x80,
	0xb4,0xcf,0xea,0x80,0x1e,0x71,0xc8,0x80,0x1e,0x70,0xc8,0x80,0xb3,0xcd,0xe9,0x80,
	0xf9,0xf9,0xf9,0x80,0xf9,0xf9,0xf9,0x80,0xf9,0xf9,0xf9,0x80,0xf8,0xf8,0xf8,0x80,
	0xf8,0xf8,0xf8,0x80,0xf8,0xf8,0xf8,0x80,0xf8,0xf8,0xf8,0x80,0xf8,0xf8,0xf8,0x80,
	0xf8,0xf8,0xf8,0x80,0xf7,0xf7,0xf7,0x80,0xf7,0xf7,0xf7,0x80,0xf7,0xf7,0xf7,0x80,
	0xf7,0xf7,0xf7,0x80,0xf7,0xf7,0xf7,0x80,0xf6,0xf6,0xf6,0x80,0x00,0x00,0x00,0x00,
	0x00,0x00,0x00,0x00,0x00,0x00,0x00,0x00,0x00,0x00,0x00,0x00,0x00,0x00,0x00,0x00,
	0x00,0x00,0x00,0x00,0x00,0x00,0x00,0x00,0x00,0x00,0x00,0x00,0x00,0x00,0x00,0x00,
	0x00,0x00,0x00,0x00,0xfa,0xfa,0xfa,0x80,0xfa,0xfa,0xfa,0x80,0xfa,0xfa,0xfa,0x80,
	0x1e,0x6f,0xc8,0x80,0x07,0x5f,0xc2,0x80,0x07,0x5e,0xc2,0x80,0x1f,0x6c,0xc7,0x80,
	0xf9,0xf9,0xf9,0x80,0xf8,0xf8,0xf8,0x80,0x40,0x7f,0xce,0x80,0x09,0x58,0xc1,0x80,
	0x09,0x57,0xc1,0x80,0x09,0x56,0xc1,0x80,0x0a,0x55,0xc1,0x80,0x0a,0x54,0xc0,0x80,
	0x0a,0x53,0xc0,0x80,0x0b,0x51,0xc0,0x80,0x0b,0x50,0xc0,0x80,0x43,0x77,0xcd,0x80,
	0xf6,0xf6,0xf6,0x80,0xf6,0xf6,0xf6,0x80,0xf6,0xf6,0xf6,0x80,0x00,0x00,0x00,0x00,
	0x00,0x00,0x00,0x00,0x00,0x00,0x00,0x00,0x00,0x00,0x00,0x00,0x00,0x00,0x00,0x00,
	0x00,0x00,0x00,0x00,0x00,0x00,0x00,0x00,0x00,0x00,0x00,0x00,0x00,0x00,0x00,0x00,
	0x00,0x00,0x00,0x00,0xfa,0xfa,0xfa,0x80,0xf9,0xf9,0xf9,0x80,0xf9,0xf9,0xf9,0x80,
	0x1f,0x6d,0xc7,0x80,0x07,0x5c,0xc2,0x80,0x08,0x5b,0xc2,0x80,0x1f,0x69,0xc7,0x80,
	0xf8,0xf8,0xf8,0x80,0xf8,0xf8,0xf8,0x80,0x41,0x7d,0xce,0x80,0x0a,0x56,0xc1,0x80,
	0x0a,0x54,0xc0,0x80,0x0a,0x53,0xc0,0x80,0x0b,0x52,0xc0,0x80,0x0b,0x51,0xc0,0x80,
	0x0b,0x50,0xc0,0x80,0x0c,0x4f,0xbf,0x80,0x0c,0x4d,0xbf,0x80,0x42,0x73,0xcc,0x80,
	0xf6,0xf6,0xf6,0x80,0xf6,0xf6,0xf6,0x80,0xf6,0xf6,0xf6,0x80,0x00,0x00,0x00,0x00,
	0x00,0x00,0x00,0x00,0x00,0x00,0x00,0x00,0x00,0x00,0x00,0x00,0x00,0x00,0x00,0x00,
	0x00,0x00,0x00,0x00,0x00,0x00,0x00,0x00,0x00,0x00,0x00,0x00,0x00,0x00,0x00,0x00,
	0x00,0x00,0x00,0x00,0xf9,0xf9,0xf9,0x80,0xf9,0xf9,0xf9,0x80,0xf9,0xf9,0xf9,0x80,
	0xb3,0xcb,0xe9,0x80,0x1f,0x69,0xc6,0x80,0x22,0x6a,0xc7,0x80,0xb3,0xc9,0xe8,0x80,
	0xf8,0xf8,0xf8,0x80,0xf8,0xf8,0xf8,0x80,0xf7,0xf7,0xf7,0x80,0xf7,0xf7,0xf7,0x80,
	0xf7,0xf7,0xf7,0x80,0xf7,0xf7,0xf7,0x80,0xf7,0xf7,0xf7,0x80,0xf7,0xf7,0xf7,0x80,
	0xf6,0xf6,0xf6,0x80,0xf6,0xf6,0xf6,0x80,0xf6,0xf6,0xf6,0x80,0xf6,0xf6,0xf6,0x80,
	0xf6,0xf6,0xf6,0x80,0xf5,0xf5,0xf5,0x80,0xf5,0xf5,0xf5,0x80,0x00,0x00,0x00,0x00,
	0x00,0x00,0x00,0x00,0x00,0x00,0x00,0x00,0x00,0x00,0x00,0x00,0x00,0x00,0x00,0x00,
	0x00,0x00,0x00,0x00,0x00,0x00,0x00,0x00,0x00,0x00,0x00,0x00,0x00,0x00,0x00,0x00,
	0x00,0x00,0x00,0x00,0xf9,0xf9,0xf9,0x80,0xf9,0xf9,0xf9,0x80,0xf8,0xf8,0xf8,0x80,
	0xf8,0xf8,0xf8,0x80,0xf8,0xf8,0xf8,0x80,0xf8,0xf8,0xf8,0x80,0xf8,0xf8,0xf8,0x80,
	0xf7,0xf7,0xf7,0x80,0xf7,0xf7,0xf7,0x80,0xf7,0xf7,0xf7,0x80,0xf7,0xf7,0xf7,0x80,
	0xf7,0xf7,0xf7,0x80,0xf7,0xf7,0xf7,0x80,0xf6,0xf6,0xf6,0x80,0xf6,0xf6,0xf6,0x80,
	0xf6,0xf6,0xf6,0x80,0xf6,0xf6,0xf6,0x80,0xf6,0xf6,0xf6,0x80,0xf5,0xf5,0xf5,0x80,
	0xf5,0xf5,0xf5,0x80,0xf5,0xf5,0xf5,0x80,0xf5,0xf5,0xf5,0x80,0x00,0x00,0x00,0x00,
	0x00,0x00,0x00,0x00,0x00,0x00,0x00,0x00,0x00,0x00,0x00,0x00,0x00,0x00,0x00,0x00,
	0x00,0x00,0x00,0x00,0x00,0x00,0x00,0x00,0x00,0x00,0x00,0x00,0x00,0x00,0x00,0x00,
	0x00,0x00,0x00,0x00,0xf8,0xf8,0xf8,0x80,0xf8,0xf8,0xf8,0x80,0xf8,0xf8,0xf8,0x80,
	0xf8,0xf8,0xf8,0x80,0xf8,0xf8,0xf8,0x80,0xf7,0xf7,0xf7,0x80,0xf7,0xf7,0xf7,0x80,
	0xf7,0xf7,0xf7,0x80,0xf7,0xf7,0xf7,0x80,0xf7,0xf7,0xf7,0x80,0xf6,0xf6,0xf6,0x80,
	0xf6,0xf6,0xf6,0x80,0xf6,0xf6,0xf6,0x80,0xf6,0xf6,0xf6,0x80,0xf6,0xf6,0xf6,0x80,
	0xf6,0xf6,0xf6,0x80,0xf5,0xf5,0xf5,0x80,0xf5,0xf5,0xf5,0x80,0xf5,0xf5,0xf5,0x80,
	0xf5,0xf5,0xf5,0x80,0xf5,0xf5,0xf5,0x80,0xf4,0xf4,0xf4,0x80,0x00,0x00,0x00,0x00,
	0x00,0x00,0x00,0x00,0x00,0x00,0x00,0x00,0x00,0x00,0x00,0x00,0x00,0x00,0x00,0x00,
	0x00,0x00,0x00,0x00,0x00,0x00,0x00,0x00,0x00,0x00,0x00,0x00,0x00,0x00,0x00,0x00,
	0x00,0x00,0x00,0x00,0xf8,0xf8,0xf8,0x80,0xf8,0xf8,0xf8,0x80,0xf8,0xf8,0xf8,0x80,
	0xb3,0xc8,0xe7,0x80,0x22,0x61,0xc5,0x80,0x22,0x60,0xc5,0x80,0xb4,0xc7,0xe7,0x80,
	0xf7,0xf7,0xf7,0x80,0xf6,0xf6,0xf6,0x80,0xf6,0xf6,0xf6,0x80,0xf6,0xf6,0xf6,0x80,
	0xf6,0xf6,0xf6,0x80,0xf6,0xf6,0xf6,0x80,0xf6,0xf6,0xf6,0x80,0xf5,0xf5,0xf5,0x80,
	0xf5,0xf5,0xf5,0x80,0xf5,0xf5,0xf5,0x80,0xf5,0xf5,0xf5,0x80,0xf5,0xf5,0xf5,0x80,
	0xf4,0xf4,0xf4,0x80,0xf4,0xf4,0xf4,0x80,0xf4,0xf4,0xf4,0x80,0x00,0x00,0x00,0x00,
	0x00,0x00,0x00,0x00,0x00,0x00,0x00,0x00,0x00,0x00,0x00,0x00,0x00,0x00,0x00,0x00,
	0x00,0x00,0x00,0x00,0x00,0x00,0x00,0x00,0x00,0x00,0x00,0x00,0x00,0x00,0x00,0x00,
	0x00,0x00,0x00,0x00,0xf8,0xf8,0xf8,0x80,0xf7,0xf7,0xf7,0x80,0xf7,0xf7,0xf7,0x80,
	0x22,0x60,0xc5,0x80,0x0c,0x4f,0xbf,0x80,0x0c,0x4d,0xbf,0x80,0x23,0x5d,0xc4,0x80,
	0xf6,0xf6,0xf6,0x80,0xf6,0xf6,0xf6,0x80,0x44,0x72,0xcb,0x80,0x0e,0x48,0xbe,0x80,
	0x0e,0x47,0xbe,0x80,0x0f,0x46,0xbe,0x80,0x0f,0x45,0xbe,0x80,0x0f,0x44,0xbe,0x80,
	0x0f,0x43,0xbd,0x80,0x10,0x42,0xbd,0x80,0x10,0x41,0xbd,0x80,0x46,0x6a,0xca,0x80,
	0xf4,0xf4,0xf4,0x80,0xf4,0xf4,0xf4,0x80,0xf4,0xf4,0xf4,0x80,0x00,0x00,0x00,0x00,
	0x00,0x00,0x00,0x00,0x00,0x00,0x00,0x00,0x00,0x00,0x00,0x00,0x00,0x00,0x00,0x00,
	0x00,0x00,0x00,0x00,0x00,0x00,0x00,0x00,0x00,0x00,0x00,0x00,0x00,0x00,0x00,0x00,
	0x00,0x00,0x00,0x00,0xf7,0xf7,0xf7,0x80,0xf7,0xf7,0xf7,0x80,0xf7,0xf7,0xf7,0x80,
	0x23,0x5e,0xc4,0x80,0x0d,0x4c,0xbf,0x80,0x0d,0x4b,0xbf,0x80,0x23,0x5a,0xc4,0x80,
	0xf6,0xf6,0xf6,0x80,0xf6,0xf6,0xf6,0x80,0x44,0x6f,0xcb,0x80,0x0f,0x45,0xbe,0x80,
	0x0f,0x44,0xbe,0x80,0x0f,0x43,0xbd,0x80,0x10,0x42,0xbd,0x80,0x10,0x41,0xbd,0x80,
	0x10,0x40,0xbd,0x80,0x11,0x3f,0xbd,0x80,0x11,0x3e,0xbd,0x80,0x46,0x67,0xc9,0x80,
	0xf4,0xf4,0xf4,0x80,0xf4,0xf4,0xf4,0x80,0xf3,0xf3,0xf3,0x80,0x00,0x00,0x00,0x00,
	0x00,0x00,0x00,0x00,0x00,0x00,0x00,0x00,0x00,0x00,0x00,0x00,0x00,0x00,0x00,0x00,
	0x00,0x00,0x00,0x00,0x00,0x00,0x00,0x00,0x00,0x00,0x00,0x00,0x00,0x00,0x00,0x00,
	0x00,0x00,0x00,0x00,0xf7,0xf7,0xf7,0x80,0xf7,0xf7,0xf7,0x80,0xf6,0xf6,0xf6,0x80,
	0xb2,0xc4,0xe6,0x80,0x23,0x59,0xc4,0x80,0x27,0x5a,0xc4,0x80,0xb3,0xc3,0xe6,0x80,
	0xf5,0xf5,0xf5,0x80,0xf5,0xf5,0xf5,0x80,0xf5,0xf5,0xf5,0x80,0xf5,0xf5,0xf5,0x80,
	0xf5,0xf5,0xf5,0x80,0xf5,0xf5,0xf5,0x80,0xf4,0xf4,0xf4,0x80,0xf4,0xf4,0xf4,0x80,
	0xf4,0xf4,0xf4,0x80,0xf4,0xf4,0xf4,0x80,0xf4,0xf4,0xf4,0x80,0xf4,0xf4,0xf4,0x80,
	0xf3,0xf3,0xf3,0x80,0xf3,0xf3,0xf3,0x80,0xf3,0xf3,0xf3,0x80,0x00,0x00,0x00,0x00,
	0x00,0x00,0x00,0x00,0x00,0x00,0x00,0x00,0x00,0x00,0x00,0x00,0x00,0x00,0x00,0x00,
	0x00,0x00,0x00,0x00,0x00,0x00,0x00,0x00,0x00,0x00,0x00,0x00,0x00,0x00,0x00,0x00,
	0x00,0x00,0x00,0x00,0xf6,0xf6,0xf6,0x80,0xf6,0xf6,0xf6,0x80,0xf6,0xf6,0xf6,0x80,
	0xf6,0xf6,0xf6,0x80,0xf6,0xf6,0xf6,0x80,0xf5,0xf5,0xf5,0x80,0xf5,0xf5,0xf5,0x80,
	0xf5,0xf5,0xf5,0x80,0xf5,0xf5,0xf5,0x80,0xf5,0xf5,0xf5,0x80,0xf5,0xf5,0xf5,0x80,
	0xf4,0xf4,0xf4,0x80,0xf4,0xf4,0xf4,0x80,0xf4,0xf4,0xf4,0x80,0xf4,0xf4,0xf4,0x80,
	0xf4,0xf4,0xf4,0x80,0xf3,0xf3,0xf3,0x80,0xf3,0xf3,0xf3,0x80,0xf3,0xf3,0xf3,0x80,
	0xf3,0xf3,0xf3,0x80,0xf3,0xf3,0xf3,0x80,0xf3,0xf3,0xf3,0x80,0x00,0x00,0x00,0x00,
	0x00,0x00,0x00,0x00,0x00,0x00,0x00,0x00,0x00,0x00,0x00,0x00,0x00,0x00,0x00,0x00,
	0x00,0x00,0x00,0x00,0x00,0x00,0x00,0x00,0x00,0x00,0x00,0x00,0x00,0x00,0x00,0x00,
	0x00,0x00,0x00,0x00,0xf6,0xf6,0xf6,0x80,0xf6,0xf6,0xf6,0x80,0xf6,0xf6,0xf6,0x80,
	0xf5,0xf5,0xf5,0x80,0xf5,0xf5,0xf5,0x80,0xf5,0xf5,0xf5,0x80,0xf5,0xf5,0xf5,0x80,
	0xf5,0xf5,0xf5,0x80,0xf5,0xf5,0xf5,0x80,0xf4,0xf4,0xf4,0x80,0xf4,0xf4,0xf4,0x80,
	0xf4,0xf4,0xf4,0x80,0xf4,0xf4,0xf4,0x80,0xf4,0xf4,0xf4,0x80,0xf3,0xf3,0xf3,0x80,
	0xf3,0xf3,0xf3,0x80,0xf3,0xf3,0xf3,0x80,0xf3,0xf3,0xf3,0x80,0xf3,0xf3,0xf3,0x80,
	0xf3,0xf3,0xf3,0x80,0xf3,0xf3,0xf3,0x80,0xf2,0xf2,0xf2,0x80,0x00,0x00,0x00,0x00,
	0x00,0x00,0x00,0x00,0x00,0x00,0x00,0x00,0x00,0x00,0x00,0x00,0x00,0x00,0x00,0x00,
	0x00,0x00,0x00,0x00,0x00,0x00,0x00,0x00,0x00,0x00,0x00,0x00,0x00,0x00,0x00,0x00,
	0x00,0x00,0x00,0x00,0xf6,0xf6,0xf6,0x80,0xf5,0xf5,0xf5,0x80,0xf5,0xf5,0xf5,0x80,
	0xf5,0xf5,0xf5,0x80,0xf5,0xf5,0xf5,0x80,0xf5,0xf5,0xf5,0x80,0xf4,0xf4,0xf4,0x80,
	0xf4,0xf4,0xf4,0x80,0xf4,0xf4,0xf4,0x80,0xf4,0xf4,0xf4,0x80,0xf4,0xf4,0xf4,0x80,
	0xf4,0xf4,0xf4,0x80,0xf3,0xf3,0xf3,0x80,0xf3,0xf3,0xf3,0x80,0xf3,0xf3,0xf3,0x80,
	0xf3,0xf3,0xf3,0x80,0xf3,0xf3,0xf3,0x80,0xf3,0xf3,0xf3,0x80,0xf2,0xf2,0xf2,0x80,
	0xf2,0xf2,0xf2,0x80,0xf2,0xf2,0xf2,0x80,0xf2,0xf2,0xf2,0x80,0x00,0x00,0x00,0x00,
	0x00,0x00,0x00,0x00,0x00,0x00,0x00,0x00,0x00,0x00,0x00,0x00,0x00,0x00,0x00,0x00,
	0x00,0x00,0x00,0x00,0x00,0x00,0x00,0x00,0x00,0x00,0x00,0x00,0x00,0x00,0x00,0x00,
	0x00,0x00,0x00,0x00,0xf5,0xf5,0xf5,0x80,0xf5,0xf5,0xf5,0x80,0xf5,0xf5,0xf5,0x80,
	0xf5,0xf5,0xf5,0x80,0xf4,0xf4,0xf4,0x80,0xf4,0xf4,0xf4,0x80,0xf4,0xf4,0xf4,0x80,
	0xf4,0xf4,0xf4,0x80,0xf4,0xf4,0xf4,0x80,0xf4,0xf4,0xf4,0x80,0xf3,0xf3,0xf3,0x80,
	0xf3,0xf3,0xf3,0x80,0xf3,0xf3,0xf3,0x80,0xf3,0xf3,0xf3,0x80,0xf3,0xf3,0xf3,0x80,
	0xf3,0xf3,0xf3,0x80,0xf2,0xf2,0xf2,0x80,0xf2,0xf2,0xf2,0x80,0xf2,0xf2,0xf2,0x80,
	0xf2,0xf2,0xf2,0x80,0xf2,0xf2,0xf2,0x80,0xf2,0xf2,0xf2,0x80,0x00,0x00,0x00,0x00,
	0x00,0x00,0x00,0x00,0x00,0x00,0x00,0x00,0x00,0x00,0x00,0x00,0x00,0x00,0x00,0x00,
	0x00,0x00,0x00,0x00,0x00,0x00,0x00,0x00,0x00,0x00,0x00,0x00,0x00,0x00,0x00,0x00,
	0x00,0x00,0x00,0x00,0xf5,0xf5,0xf5,0x62,0xf5,0xf5,0xf5,0x80,0xf4,0xf4,0xf4,0x80,
	0xf4,0xf4,0xf4,0x80,0xf4,0xf4,0xf4,0x80,0xf4,0xf4,0xf4,0x80,0xf4,0xf4,0xf4,0x80,
	0xf4,0xf4,0xf4,0x80,0xf3,0xf3,0xf3,0x80,0xf3,0xf3,0xf3,0x80,0xf3,0xf3,0xf3,0x80,
	0xf3,0xf3,0xf3,0x80,0xf3,0xf3,0xf3,0x80,0xf3,0xf3,0xf3,0x80,0xf2,0xf2,0xf2,0x80,
	0xf2,0xf2,0xf2,0x80,0xf2,0xf2,0xf2,0x80,0xf2,0xf2,0xf2,0x80,0xf2,0xf2,0xf2,0x80,
	0xf2,0xf2,0xf2,0x80,0xf2,0xf2,0xf2,0x80,0xf1,0xf1,0xf1,0x62,0x00,0x00,0x00,0x00,
	0x00,0x00,0x00,0x00,0x00,0x00,0x00,0x00,0x00,0x00,0x00,0x00,0x00,0x00,0x00,0x00,
	0x00,0x00,0x00,0x00,0x00,0x00,0x00,0x00,0x00,0x00,0x00,0x00,0x00,0x00,0x00,0x00,
	0x00,0x00,0x00,0x00,0x00,0x00,0x00,0x00,0x00,0x00,0x00,0x00,0x00,0x00,0x00,0x00,
	0x00,0x00,0x00,0x00,0x00,0x00,0x00,0x00,0x00,0x00,0x00,0x00,0x00,0x00,0x00,0x00,
	0x00,0x00,0x00,0x00,0x00,0x00,0x00,0x00,0x00,0x00,0x00,0x00,0x00,0x00,0x00,0x00,
	0x00,0x00,0x00,0x00,0x00,0x00,0x00,0x00,0x00,0x00,0x00,0x00,0x00,0x00,0x00,0x00,
	0x00,0x00,0x00,0x00,0x00,0x00,0x00,0x00,0x00,0x00,0x00,0x00,0x00,0x00,0x00,0x00,
	0x00,0x00,0x00,0x00,0x00,0x00,0x00,0x00,0x00,0x00,0x00,0x00,0x00,0x00,0x00,0x00,
	0x00,0x00,0x00,0x00,0x00,0x00,0x00,0x00,0x00,0x00,0x00,0x00,0x00,0x00,0x00,0x00,
	0x00,0x00,0x00,0x00,0x00,0x00,0x00,0x00,0x00,0x00,0x00,0x00,0x00,0x00,0x00,0x00,
	0x00,0x00,0x00,0x00,0x00,0x00,0x00,0x00,0x00,0x00,0x00,0x00,0x00,0x00,0x00,0x00,
	0x00,0x00,0x00,0x00,0x00,0x00,0x00,0x00,0x00,0x00,0x00,0x00,0x00,0x00,0x00,0x00,
	0x00,0x00,0x00,0x00,0x00,0x00,0x00,0x00,0x00,0x00,0x00,0x00,0x00,0x00,0x00,0x00,
	0x00,0x00,0x00,0x00,0x00,0x00,0x00,0x00,0x00,0x00,0x00,0x00,0x00,0x00,0x00,0x00,
	0x00,0x00,0x00,0x00,0x00,0x00,0x00,0x00,0x00,0x00,0x00,0x00,0x00,0x00,0x00,0x00,
	0x00,0x00,0x00,0x00,0x00,0x00,0x00,0x00,0x00,0x00,0x00,0x00,0x00,0x00,0x00,0x00,
	0x00,0x00,0x00,0x00,0x00,0x00,0x00,0x00,0x00,0x00,0x00,0x00,0x00,0x00,0x00,0x00,
	0x00,0x00,0x00,0x00,0x00,0x00,0x00,0x00,0x00,0x00,0x00,0x00,0x00,0x00,0x00,0x00,
	0x00,0x00,0x00,0x00,0x00,0x00,0x00,0x00,0x00,0x00,0x00,0x00,0x00,0x00,0x00,0x00,
	0x00,0x00,0x00,0x00,0x00,0x00,0x00,0x00,0x00,0x00,0x00,0x00,0x00,0x00,0x00,0x00,
	0x00,0x00,0x00,0x00,0x00,0x00,0x00,0x00,0x00,0x00,0x00,0x00,0x00,0x00,0x00,0x00,
	0x00,0x00,0x00,0x00,0x00,0x00,0x00,0x00,0x00,0x00,0x00,0x00,0x00,0x00,0x00,0x00,
	0x00,0x00,0x00,0x00,0x00,0x00,0x00,0x00,0x00,0x00,0x00,0x00,0x00,0x00,0x00,0x00,
	0x00,0x00,0x00,0x00,0x00,0x00,0x00,0x00,0x00,0x00,0x00,0x00,0x00,0x00,0x00,0x00,
	0x00,0x00,0x00,0x00,0x00,0x00,0x00,0x00,0x00,0x00,0x00,0x00,0x00,0x00,0x00,0x00,
};
static const unsigned char rgba_s_IconFile[ 4096 ] __attribute__(   (  aligned( 16 ), section( ".data" )  )   ) = {
	0x00,0x00,0x00,0x00,0x00,0x00,0x00,0x00,0x00,0x00,0x00,0x00,0x00,0x00,0x00,0x00,
	0x00,0x00,0x00,0x00,0x00,0x00,0x00,0x00,0x00,0x00,0x00,0x00,0x00,0x00,0x00,0x00,
	0x00,0x00,0x00,0x00,0x00,0x00,0x00,0x00,0x00,0x00,0x00,0x00,0x00,0x00,0x00,0x00,
	0x00,0x00,0x00,0x00,0x00,0x00,0x00,0x00,0x00,0x00,0x00,0x00,0x00,0x00,0x00,0x00,
	0x00,0x00,0x00,0x00,0x00,0x00,0x00,0x00,0x00,0x00,0x00,0x00,0x00,0x00,0x00,0x00,
	0x00,0x00,0x00,0x00,0x00,0x00,0x00,0x00,0x00,0x00,0x00,0x00,0x00,0x00,0x00,0x00,
	0x00,0x00,0x00,0x00,0x00,0x00,0x00,0x00,0x00,0x00,0x00,0x00,0x00,0x00,0x00,0x00,
	0x00,0x00,0x00,0x00,0x00,0x00,0x00,0x00,0x00,0x00,0x00,0x00,0x00,0x00,0x00,0x00,
	0x00,0x00,0x00,0x00,0x00,0x00,0x00,0x00,0x00,0x00,0x00,0x00,0x00,0x00,0x00,0x00,
	0x00,0x00,0x00,0x00,0x00,0x00,0x00,0x00,0x00,0x00,0x00,0x00,0x00,0x00,0x00,0x00,
	0x00,0x00,0x00,0x00,0x00,0x00,0x00,0x00,0x00,0x00,0x00,0x00,0x00,0x00,0x00,0x00,
	0x00,0x00,0x00,0x00,0x00,0x00,0x00,0x00,0x00,0x00,0x00,0x00,0x00,0x00,0x00,0x00,
	0x00,0x00,0x00,0x00,0x00,0x00,0x00,0x00,0x00,0x00,0x00,0x00,0x00,0x00,0x00,0x00,
	0x00,0x00,0x00,0x00,0x00,0x00,0x00,0x00,0x00,0x00,0x00,0x00,0x00,0x00,0x00,0x00,
	0x00,0x00,0x00,0x00,0x00,0x00,0x00,0x00,0x00,0x00,0x00,0x00,0x00,0x00,0x00,0x00,
	0x00,0x00,0x00,0x00,0x00,0x00,0x00,0x00,0x00,0x00,0x00,0x00,0x00,0x00,0x00,0x00,
	0x00,0x00,0x00,0x00,0x00,0x00,0x00,0x00,0x00,0x00,0x00,0x00,0x00,0x00,0x00,0x00,
	0x00,0x00,0x00,0x00,0x00,0x00,0x00,0x00,0x00,0x00,0x00,0x00,0x00,0x00,0x00,0x00,
	0x00,0x00,0x00,0x00,0x00,0x00,0x00,0x00,0x00,0x00,0x00,0x00,0x00,0x00,0x00,0x00,
	0x00,0x00,0x00,0x00,0x00,0x00,0x00,0x00,0x00,0x00,0x00,0x00,0x00,0x00,0x00,0x00,
	0x00,0x00,0x00,0x00,0x00,0x00,0x00,0x00,0x00,0x00,0x00,0x00,0x00,0x00,0x00,0x00,
	0x00,0x00,0x00,0x00,0x00,0x00,0x00,0x00,0x00,0x00,0x00,0x00,0x00,0x00,0x00,0x00,
	0x00,0x00,0x00,0x00,0x00,0x00,0x00,0x00,0x00,0x00,0x00,0x00,0x00,0x00,0x00,0x00,
	0x00,0x00,0x00,0x00,0x00,0x00,0x00,0x00,0x00,0x00,0x00,0x00,0x00,0x00,0x00,0x00,
	0x00,0x00,0x00,0x00,0x00,0x00,0x00,0x00,0x00,0x00,0x00,0x00,0x00,0x00,0x00,0x00,
	0x00,0x00,0x00,0x00,0xfc,0xfc,0xfc,0x25,0xfc,0xfc,0xfc,0x73,0xfb,0xfb,0xfb,0x80,
	0xfb,0xfb,0xfb,0x80,0xfb,0xfb,0xfb,0x80,0xfa,0xfa,0xfa,0x80,0xfa,0xfa,0xfa,0x80,
	0xfa,0xfa,0xfa,0x80,0xf9,0xf9,0xf9,0x80,0xf9,0xf9,0xf9,0x80,0xf8,0xf8,0xf8,0x80,
	0xf7,0xf7,0xf7,0x80,0xf4,0xf4,0xf4,0x80,0xfe,0xfe,0xfe,0x7f,0xfc,0xfc,0xfc,0x77,
	0xe4,0xe4,0xe4,0x10,0x00,0x00,0x00,0x01,0x00,0x00,0x00,0x00,0x00,0x00,0x00,0x00,
	0x00,0x00,0x00,0x00,0x00,0x00,0x00,0x00,0x00,0x00,0x00,0x00,0x00,0x00,0x00,0x00,
	0x00,0x00,0x00,0x00,0x00,0x00,0x00,0x00,0x00,0x00,0x00,0x00,0x00,0x00,0x00,0x00,
	0x00,0x00,0x00,0x00,0x00,0x00,0x00,0x00,0x00,0x00,0x00,0x00,0x00,0x00,0x00,0x00,
	0x00,0x00,0x00,0x00,0xfb,0xfb,0xfb,0x73,0xfb,0xfb,0xfb,0x80,0xfb,0xfb,0xfb,0x80,
	0xfa,0xfa,0xfa,0x80,0xfa,0xfa,0xfa,0x80,0xfa,0xfa,0xfa,0x80,0xf9,0xf9,0xf9,0x80,
	0xf9,0xf9,0xf9,0x80,0xf8,0xf8,0xf8,0x80,0xf8,0xf8,0xf8,0x80,0xf7,0xf7,0xf7,0x80,
	0xf4,0xf4,0xf4,0x80,0xef,0xef,0xef,0x80,0xff,0xff,0xff,0x80,0xff,0xff,0xff,0x80,
	0xfb,0xfb,0xfb,0x77,0x8b,0x8b,0x8b,0x05,0x00,0x00,0x00,0x01,0x00,0x00,0x00,0x00,
	0x00,0x00,0x00,0x00,0x00,0x00,0x00,0x00,0x00,0x00,0x00,0x00,0x00,0x00,0x00,0x00,
	0x00,0x00,0x00,0x00,0x00,0x00,0x00,0x00,0x00,0x00,0x00,0x00,0x00,0x00,0x00,0x00,
	0x00,0x00,0x00,0x00,0x00,0x00,0x00,0x00,0x00,0x00,0x00,0x00,0x00,0x00,0x00,0x00,
	0x00,0x00,0x00,0x00,0xfb,0xfb,0xfb,0x80,0xfa,0xfa,0xfa,0x80,0xfa,0xfa,0xfa,0x80,
	0xfa,0xfa,0xfa,0x80,0xf9,0xf9,0xf9,0x80,0xf9,0xf9,0xf9,0x80,0xf8,0xf8,0xf8,0x80,
	0xf8,0xf8,0xf8,0x80,0xf7,0xf7,0xf7,0x80,0xf7,0xf7,0xf7,0x80,0xf6,0xf6,0xf6,0x80,
	0xf0,0xf0,0xf0,0x80,0xe6,0xe6,0xe6,0x80,0xff,0xff,0xff,0x80,0xff,0xff,0xff,0x80,
	0xff,0xff,0xff,0x80,0xf5,0xf5,0xf5,0x6b,0x00,0x00,0x00,0x02,0x00,0x00,0x00,0x01,
	0x00,0x00,0x00,0x00,0x00,0x00,0x00,0x00,0x00,0x00,0x00,0x00,0x00,0x00,0x00,0x00,
	0x00,0x00,0x00,0x00,0x00,0x00,0x00,0x00,0x00,0x00,0x00,0x00,0x00,0x00,0x00,0x00,
	0x00,0x00,0x00,0x00,0x00,0x00,0x00,0x00,0x00,0x00,0x00,0x00,0x00,0x00,0x00,0x00,
	0x00,0x00,0x00,0x00,0xfa,0xfa,0xfa,0x80,0xf9,0xf9,0xf9,0x80,0xf9,0xf9,0xf9,0x80,
	0xf9,0xf9,0xf9,0x80,0xf8,0xf8,0xf8,0x80,0xf8,0xf8,0xf8,0x80,0xf7,0xf7,0xf7,0x80,
	0xf7,0xf7,0xf7,0x80,0xf6,0xf6,0xf6,0x80,0xf6,0xf6,0xf6,0x80,0xf6,0xf6,0xf6,0x80,
	0xed,0xed,0xed,0x80,0xdf,0xdf,0xdf,0x80,0xff,0xff,0xff,0x80,0xff,0xff,0xff,0x80,
	0xff,0xff,0xff,0x80,0xff,0xff,0xff,0x80,0xf0,0xf0,0xf0,0x55,0x00,0x00,0x00,0x02,
	0x00,0x00,0x00,0x00,0x00,0x00,0x00,0x00,0x00,0x00,0x00,0x00,0x00,0x00,0x00,0x00,
	0x00,0x00,0x00,0x00,0x00,0x00,0x00,0x00,0x00,0x00,0x00,0x00,0x00,0x00,0x00,0x00,
	0x00,0x00,0x00,0x00,0x00,0x00,0x00,0x00,0x00,0x00,0x00,0x00,0x00,0x00,0x00,0x00,
	0x00,0x00,0x00,0x00,0xf9,0xf9,0xf9,0x80,0xf9,0xf9,0xf9,0x80,0xf8,0xf8,0xf8,0x80,
	0xf8,0xf8,0xf8,0x80,0xf7,0xf7,0xf7,0x80,0xf7,0xf7,0xf7,0x80,0xf6,0xf6,0xf6,0x80,
	0xf6,0xf6,0xf6,0x80,0xf6,0xf6,0xf6,0x80,0xf5,0xf5,0xf5,0x80,0xf5,0xf5,0xf5,0x80,
	0xeb,0xeb,0xeb,0x80,0xda,0xda,0xda,0x80,0xff,0xff,0xff,0x80,0xff,0xff,0xff,0x80,
	0xff,0xff,0xff,0x80,0xff,0xff,0xff,0x80,0xfe,0xfe,0xfe,0x80,0xec,0xec,0xec,0x3c,
	0x00,0x00,0x00,0x01,0x00,0x00,0x00,0x00,0x00,0x00,0x00,0x00,0x00,0x00,0x00,0x00,
	0x00,0x00,0x00,0x00,0x00,0x00,0x00,0x00,0x00,0x00,0x00,0x00,0x00,0x00,0x00,0x00,
	0x00,0x00,0x00,0x00,0x00,0x00,0x00,0x00,0x00,0x00,0x00,0x00,0x00,0x00,0x00,0x00,
	0x00,0x00,0x00,0x00,0xf8,0xf8,0xf8,0x80,0xf8,0xf8,0xf8,0x80,0xf7,0xf7,0xf7,0x80,
	0xf7,0xf7,0xf7,0x80,0xf6,0xf6,0xf6,0x80,0xf6,0xf6,0xf6,0x80,0xf6,0xf6,0xf6,0x80,
	0xf5,0xf5,0xf5,0x80,0xf5,0xf5,0xf5,0x80,0xf4,0xf4,0xf4,0x80,0xf4,0xf4,0xf4,0x80,
	0xea,0xea,0xea,0x80,0xd9,0xd9,0xd9,0x80,0xff,0xff,0xff,0x80,0xff,0xff,0xff,0x80,
	0xff,0xff,0xff,0x80,0xff,0xff,0xff,0x80,0xff,0xff,0xff,0x80,0xfd,0xfd,0xfd,0x7f,
	0xe1,0xe1,0xe1,0x25,0x00,0x00,0x00,0x01,0x00,0x00,0x00,0x00,0x00,0x00,0x00,0x00,
	0x00,0x00,0x00,0x00,0x00,0x00,0x00,0x00,0x00,0x00,0x00,0x00,0x00,0x00,0x00,0x00,
	0x00,0x00,0x00,0x00,0x00,0x00,0x00,0x00,0x00,0x00,0x00,0x00,0x00,0x00,0x00,0x00,
	0x00,0x00,0x00,0x00,0xf7,0xf7,0xf7,0x80,0xf7,0xf7,0xf7,0x80,0xf6,0xf6,0xf6,0x80,
	0xf6,0xf6,0xf6,0x80,0xf5,0xf5,0xf5,0x80,0xf5,0xf5,0xf5,0x80,0xf5,0xf5,0xf5,0x80,
	0xf4,0xf4,0xf4,0x80,0xf4,0xf4,0xf4,0x80,0xf3,0xf3,0xf3,0x80,0xf3,0xf3,0xf3,0x80,
	0xe9,0xe9,0xe9,0x80,0xd8,0xd8,0xd8,0x80,0xff,0xff,0xff,0x80,0xff,0xff,0xff,0x80,
	0xff,0xff,0xff,0x80,0xff,0xff,0xff,0x80,0xff,0xff,0xff,0x80,0xff,0xff,0xff,0x80,
	0xfa,0xfa,0xfa,0x7d,0xcc,0xcc,0xcc,0x11,0x00,0x00,0x00,0x01,0x00,0x00,0x00,0x00,
	0x00,0x00,0x00,0x00,0x00,0x00,0x00,0x00,0x00,0x00,0x00,0x00,0x00,0x00,0x00,0x00,
	0x00,0x00,0x00,0x00,0x00,0x00,0x00,0x00,0x00,0x00,0x00,0x00,0x00,0x00,0x00,0x00,
	0x00,0x00,0x00,0x00,0xf6,0xf6,0xf6,0x80,0xf6,0xf6,0xf6,0x80,0xf5,0xf5,0xf5,0x80,
	0xf5,0xf5,0xf5,0x80,0xf4,0xf4,0xf4,0x80,0xf4,0xf4,0xf4,0x80,0xf3,0xf3,0xf3,0x80,
	0xf3,0xf3,0xf3,0x80,0xf2,0xf2,0xf2,0x80,0xf2,0xf2,0xf2,0x80,0xf1,0xf1,0xf1,0x80,
	0xe8,0xe8,0xe8,0x80,0xd7,0xd7,0xd7,0x80,0xff,0xff,0xff,0x80,0xff,0xff,0xff,0x80,
	0xff,0xff,0xff,0x80,0xff,0xff,0xff,0x80,0xff,0xff,0xff,0x80,0xff,0xff,0xff,0x80,
	0xff,0xff,0xff,0x80,0xf7,0xf7,0xf7,0x78,0x7a,0x7a,0x7a,0x05,0x00,0x00,0x00,0x01,
	0x00,0x00,0x00,0x00,0x00,0x00,0x00,0x00,0x00,0x00,0x00,0x00,0x00,0x00,0x00,0x00,
	0x00,0x00,0x00,0x00,0x00,0x00,0x00,0x00,0x00,0x00,0x00,0x00,0x00,0x00,0x00,0x00,
	0x00,0x00,0x00,0x00,0xf5,0xf5,0xf5,0x80,0xf5,0xf5,0xf5,0x80,0xf4,0xf4,0xf4,0x80,
	0xf4,0xf4,0xf4,0x80,0xf3,0xf3,0xf3,0x80,0xf3,0xf3,0xf3,0x80,0xf2,0xf2,0xf2,0x80,
	0xf2,0xf2,0xf2,0x80,0xf1,0xf1,0xf1,0x80,0xf1,0xf1,0xf1,0x80,0xf1,0xf1,0xf1,0x80,
	0xe8,0xe8,0xe8,0x80,0xd6,0xd6,0xd6,0x80,0xff,0xff,0xff,0x80,0xff,0xff,0xff,0x80,
	0xff,0xff,0xff,0x80,0xff,0xff,0xff,0x80,0xff,0xff,0xff,0x80,0xff,0xff,0xff,0x80,
	0xff,0xff,0xff,0x80,0xff,0xff,0xff,0x80,0xf3,0xf3,0xf3,0x6b,0x00,0x00,0x00,0x02,
	0x00,0x00,0x00,0x01,0x00,0x00,0x00,0x00,0x00,0x00,0x00,0x00,0x00,0x00,0x00,0x00,
	0x00,0x00,0x00,0x00,0x00,0x00,0x00,0x00,0x00,0x00,0x00,0x00,0x00,0x00,0x00,0x00,
	0x00,0x00,0x00,0x00,0xf4,0xf4,0xf4,0x80,0xf4,0xf4,0xf4,0x80,0xf3,0xf3,0xf3,0x80,
	0xf3,0xf3,0xf3,0x80,0xf2,0xf2,0xf2,0x80,0xf2,0xf2,0xf2,0x80,0xf1,0xf1,0xf1,0x80,
	0xf1,0xf1,0xf1,0x80,0xf0,0xf0,0xf0,0x80,0xf0,0xf0,0xf0,0x80,0xef,0xef,0xef,0x80,
	0xe7,0xe7,0xe7,0x80,0xd5,0xd5,0xd5,0x80,0xff,0xff,0xff,0x80,0xff,0xff,0xff,0x80,
	0xff,0xff,0xff,0x80,0xff,0xff,0xff,0x80,0xff,0xff,0xff,0x80,0xff,0xff,0xff,0x80,
	0xff,0xff,0xff,0x80,0xff,0xff,0xff,0x80,0xfb,0xfb,0xfb,0x7f,0x00,0x00,0x00,0x06,
	0x00,0x00,0x00,0x01,0x00,0x00,0x00,0x00,0x00,0x00,0x00,0x00,0x00,0x00,0x00,0x00,
	0x00,0x00,0x00,0x00,0x00,0x00,0x00,0x00,0x00,0x00,0x00,0x00,0x00,0x00,0x00,0x00,
	0x00,0x00,0x00,0x00,0xf3,0xf3,0xf3,0x80,0xf3,0xf3,0xf3,0x80,0xf2,0xf2,0xf2,0x80,
	0xf2,0xf2,0xf2,0x80,0xf1,0xf1,0xf1,0x80,0xf1,0xf1,0xf1,0x80,0xf0,0xf0,0xf0,0x80,
	0xf0,0xf0,0xf0,0x80,0xef,0xef,0xef,0x80,0xef,0xef,0xef,0x80,0xee,0xee,0xee,0x80,
	0xe7,0xe7,0xe7,0x80,0xd7,0xd7,0xd7,0x80,0xbf,0xbf,0xbf,0x80,0xb0,0xb0,0xb0,0x80,
	0xa8,0xa8,0xa8,0x80,0xa8,0xa8,0xa8,0x80,0xa8,0xa8,0xa8,0x80,0xa9,0xa9,0xa9,0x80,
	0xae,0xae,0xae,0x80,0xba,0xba,0xba,0x80,0xcc,0xcc,0xcc,0x80,0x00,0x00,0x00,0x08,
	0x00,0x00,0x00,0x02,0x00,0x00,0x00,0x00,0x00,0x00,0x00,0x00,0x00,0x00,0x00,0x00,
	0x00,0x00,0x00,0x00,0x00,0x00,0x00,0x00,0x00,0x00,0x00,0x00,0x00,0x00,0x00,0x00,
	0x00,0x00,0x00,0x00,0xf2,0xf2,0xf2,0x80,0xf2,0xf2,0xf2,0x80,0xf1,0xf1,0xf1,0x80,
	0xf1,0xf1,0xf1,0x80,0xf0,0xf0,0xf0,0x80,0xf0,0xf0,0xf0,0x80,0xef,0xef,0xef,0x80,
	0xef,0xef,0xef,0x80,0xee,0xee,0xee,0x80,0xee,0xee,0xee,0x80,0xed,0xed,0xed,0x80,
	0xe7,0xe7,0xe7,0x80,0xdb,0xdb,0xdb,0x80,0xcb,0xcb,0xcb,0x80,0xbe,0xbe,0xbe,0x80,
	0xb8,0xb8,0xb8,0x80,0xb8,0xb8,0xb8,0x80,0xb8,0xb8,0xb8,0x80,0xb8,0xb8,0xb8,0x80,
	0xb9,0xb9,0xb9,0x80,0xc1,0xc1,0xc1,0x80,0xcd,0xcd,0xcd,0x80,0x00,0x00,0x00,0x08,
	0x00,0x00,0x00,0x02,0x00,0x00,0x00,0x00,0x00,0x00,0x00,0x00,0x00,0x00,0x00,0x00,
	0x00,0x00,0x00,0x00,0x00,0x00,0x00,0x00,0x00,0x00,0x00,0x00,0x00,0x00,0x00,0x00,
	0x00,0x00,0x00,0x00,0xf1,0xf1,0xf1,0x80,0xf1,0xf1,0xf1,0x80,0xf0,0xf0,0xf0,0x80,
	0xf0,0xf0,0xf0,0x80,0xef,0xef,0xef,0x80,0xef,0xef,0xef,0x80,0xee,0xee,0xee,0x80,
	0xee,0xee,0xee,0x80,0xed,0xed,0xed,0x80,0xed,0xed,0xed,0x80,0xec,0xec,0xec,0x80,
	0xe9,0xe9,0xe9,0x80,0xe3,0xe3,0xe3,0x80,0xda,0xda,0xda,0x80,0xd4,0xd4,0xd4,0x80,
	0xd0,0xd0,0xd0,0x80,0xd0,0xd0,0xd0,0x80,0xcf,0xcf,0xcf,0x80,0xcf,0xcf,0xcf,0x80,
	0xcf,0xcf,0xcf,0x80,0xd2,0xd2,0xd2,0x80,0xd8,0xd8,0xd8,0x80,0x00,0x00,0x00,0x05,
	0x00,0x00,0x00,0x02,0x00,0x00,0x00,0x00,0x00,0x00,0x00,0x00,0x00,0x00,0x00,0x00,
	0x00,0x00,0x00,0x00,0x00,0x00,0x00,0x00,0x00,0x00,0x00,0x00,0x00,0x00,0x00,0x00,
	0x00,0x00,0x00,0x00,0xf0,0xf0,0xf0,0x80,0xf0,0xf0,0xf0,0x80,0xef,0xef,0xef,0x80,
	0xef,0xef,0xef,0x80,0xee,0xee,0xee,0x80,0xee,0xee,0xee,0x80,0xed,0xed,0xed,0x80,
	0xed,0xed,0xed,0x80,0xec,0xec,0xec,0x80,0xec,0xec,0xec,0x80,0xeb,0xeb,0xeb,0x80,
	0xea,0xea,0xea,0x80,0xe7,0xe7,0xe7,0x80,0xe4,0xe4,0xe4,0x80,0xe2,0xe2,0xe2,0x80,
	0xe0,0xe0,0xe0,0x80,0xe0,0xe0,0xe0,0x80,0xdf,0xdf,0xdf,0x80,0xdf,0xdf,0xdf,0x80,
	0xde,0xde,0xde,0x80,0xdf,0xdf,0xdf,0x80,0xe0,0xe0,0xe0,0x80,0x00,0x00,0x00,0x02,
	0x00,0x00,0x00,0x01,0x00,0x00,0x00,0x00,0x00,0x00,0x00,0x00,0x00,0x00,0x00,0x00,
	0x00,0x00,0x00,0x00,0x00,0x00,0x00,0x00,0x00,0x00,0x00,0x00,0x00,0x00,0x00,0x00,
	0x00,0x00,0x00,0x00,0xef,0xef,0xef,0x80,0xef,0xef,0xef,0x80,0xee,0xee,0xee,0x80,
	0xee,0xee,0xee,0x80,0xed,0xed,0xed,0x80,0xed,0xed,0xed,0x80,0xec,0xec,0xec,0x80,
	0xec,0xec,0xec,0x80,0xeb,0xeb,0xeb,0x80,0xea,0xea,0xea,0x80,0xea,0xea,0xea,0x80,
	0xe9,0xe9,0xe9,0x80,0xe9,0xe9,0xe9,0x80,0xe8,0xe8,0xe8,0x80,0xe8,0xe8,0xe8,0x80,
	0xe7,0xe7,0xe7,0x80,0xe7,0xe7,0xe7,0x80,0xe6,0xe6,0xe6,0x80,0xe6,0xe6,0xe6,0x80,
	0xe5,0xe5,0xe5,0x80,0xe5,0xe5,0xe5,0x80,0xe4,0xe4,0xe4,0x80,0x00,0x00,0x00,0x00,
	0x00,0x00,0x00,0x00,0x00,0x00,0x00,0x00,0x00,0x00,0x00,0x00,0x00,0x00,0x00,0x00,
	0x00,0x00,0x00,0x00,0x00,0x00,0x00,0x00,0x00,0x00,0x00,0x00,0x00,0x00,0x00,0x00,
	0x00,0x00,0x00,0x00,0xee,0xee,0xee,0x80,0xed,0xed,0xed,0x80,0xed,0xed,0xed,0x80,
	0xed,0xed,0xed,0x80,0xec,0xec,0xec,0x80,0xeb,0xeb,0xeb,0x80,0xeb,0xeb,0xeb,0x80,
	0xea,0xea,0xea,0x80,0xea,0xea,0xea,0x80,0xe9,0xe9,0xe9,0x80,0xe9,0xe9,0xe9,0x80,
	0xe8,0xe8,0xe8,0x80,0xe8,0xe8,0xe8,0x80,0xe7,0xe7,0xe7,0x80,0xe7,0xe7,0xe7,0x80,
	0xe6,0xe6,0xe6,0x80,0xe6,0xe6,0xe6,0x80,0xe5,0xe5,0xe5,0x80,0xe5,0xe5,0xe5,0x80,
	0xe4,0xe4,0xe4,0x80,0xe4,0xe4,0xe4,0x80,0xe3,0xe3,0xe3,0x80,0x00,0x00,0x00,0x00,
	0x00,0x00,0x00,0x00,0x00,0x00,0x00,0x00,0x00,0x00,0x00,0x00,0x00,0x00,0x00,0x00,
	0x00,0x00,0x00,0x00,0x00,0x00,0x00,0x00,0x00,0x00,0x00,0x00,0x00,0x00,0x00,0x00,
	0x00,0x00,0x00,0x00,0xed,0xed,0xed,0x80,0xec,0xec,0xec,0x80,0xec,0xec,0xec,0x80,
	0xeb,0xeb,0xeb,0x80,0xeb,0xeb,0xeb,0x80,0xea,0xea,0xea,0x80,0xea,0xea,0xea,0x80,
	0xe9,0xe9,0xe9,0x80,0xe9,0xe9,0xe9,0x80,0xe8,0xe8,0xe8,0x80,0xe8,0xe8,0xe8,0x80,
	0xe7,0xe7,0xe7,0x80,0xe7,0xe7,0xe7,0x80,0xe6,0xe6,0xe6,0x80,0xe6,0xe6,0xe6,0x80,
	0xe5,0xe5,0xe5,0x80,0xe5,0xe5,0xe5,0x80,0xe4,0xe4,0xe4,0x80,0xe4,0xe4,0xe4,0x80,
	0xe3,0xe3,0xe3,0x80,0xe3,0xe3,0xe3,0x80,0xe2,0xe2,0xe2,0x80,0x00,0x00,0x00,0x00,
	0x00,0x00,0x00,0x00,0x00,0x00,0x00,0x00,0x00,0x00,0x00,0x00,0x00,0x00,0x00,0x00,
	0x00,0x00,0x00,0x00,0x00,0x00,0x00,0x00,0x00,0x00,0x00,0x00,0x00,0x00,0x00,0x00,
	0x00,0x00,0x00,0x00,0xec,0xec,0xec,0x80,0xeb,0xeb,0xeb,0x80,0xeb,0xeb,0xeb,0x80,
	0xea,0xea,0xea,0x80,0xea,0xea,0xea,0x80,0xe9,0xe9,0xe9,0x80,0xe9,0xe9,0xe9,0x80,
	0xe8,0xe8,0xe8,0x80,0xe8,0xe8,0xe8,0x80,0xe7,0xe7,0xe7,0x80,0xe7,0xe7,0xe7,0x80,
	0xe6,0xe6,0xe6,0x80,0xe6,0xe6,0xe6,0x80,0xe5,0xe5,0xe5,0x80,0xe5,0xe5,0xe5,0x80,
	0xe4,0xe4,0xe4,0x80,0xe4,0xe4,0xe4,0x80,0xe3,0xe3,0xe3,0x80,0xe3,0xe3,0xe3,0x80,
	0xe2,0xe2,0xe2,0x80,0xe2,0xe2,0xe2,0x80,0xe1,0xe1,0xe1,0x80,0x00,0x00,0x00,0x00,
	0x00,0x00,0x00,0x00,0x00,0x00,0x00,0x00,0x00,0x00,0x00,0x00,0x00,0x00,0x00,0x00,
	0x00,0x00,0x00,0x00,0x00,0x00,0x00,0x00,0x00,0x00,0x00,0x00,0x00,0x00,0x00,0x00,
	0x00,0x00,0x00,0x00,0xeb,0xeb,0xeb,0x80,0xea,0xea,0xea,0x80,0xea,0xea,0xea,0x80,
	0xe9,0xe9,0xe9,0x80,0xe9,0xe9,0xe9,0x80,0xe8,0xe8,0xe8,0x80,0xe8,0xe8,0xe8,0x80,
	0xe7,0xe7,0xe7,0x80,0xe7,0xe7,0xe7,0x80,0xe6,0xe6,0xe6,0x80,0xe6,0xe6,0xe6,0x80,
	0xe5,0xe5,0xe5,0x80,0xe4,0xe4,0xe4,0x80,0xe4,0xe4,0xe4,0x80,0xe4,0xe4,0xe4,0x80,
	0xe3,0xe3,0xe3,0x80,0xe3,0xe3,0xe3,0x80,0xe2,0xe2,0xe2,0x80,0xe2,0xe2,0xe2,0x80,
	0xe1,0xe1,0xe1,0x80,0xe1,0xe1,0xe1,0x80,0xe0,0xe0,0xe0,0x80,0x00,0x00,0x00,0x00,
	0x00,0x00,0x00,0x00,0x00,0x00,0x00,0x00,0x00,0x00,0x00,0x00,0x00,0x00,0x00,0x00,
	0x00,0x00,0x00,0x00,0x00,0x00,0x00,0x00,0x00,0x00,0x00,0x00,0x00,0x00,0x00,0x00,
	0x00,0x00,0x00,0x00,0xea,0xea,0xea,0x80,0xe9,0xe9,0xe9,0x80,0xe9,0xe9,0xe9,0x80,
	0xe8,0xe8,0xe8,0x80,0xe8,0xe8,0xe8,0x80,0xe7,0xe7,0xe7,0x80,0xe7,0xe7,0xe7,0x80,
	0xe6,0xe6,0xe6,0x80,0xe5,0xe5,0xe5,0x80,0xe5,0xe5,0xe5,0x80,0xe4,0xe4,0xe4,0x80,
	0xe4,0xe4,0xe4,0x80,0xe4,0xe4,0xe4,0x80,0xe3,0xe3,0xe3,0x80,0xe3,0xe3,0xe3,0x80,
	0xe2,0xe2,0xe2,0x80,0xe2,0xe2,0xe2,0x80,0xe1,0xe1,0xe1,0x80,0xe1,0xe1,0xe1,0x80,
	0xe0,0xe0,0xe0,0x80,0xe0,0xe0,0xe0,0x80,0xdf,0xdf,0xdf,0x80,0x00,0x00,0x00,0x00,
	0x00,0x00,0x00,0x00,0x00,0x00,0x00,0x00,0x00,0x00,0x00,0x00,0x00,0x00,0x00,0x00,
	0x00,0x00,0x00,0x00,0x00,0x00,0x00,0x00,0x00,0x00,0x00,0x00,0x00,0x00,0x00,0x00,
	0x00,0x00,0x00,0x00,0xe8,0xe8,0xe8,0x80,0xe8,0xe8,0xe8,0x80,0xe8,0xe8,0xe8,0x80,
	0xe7,0xe7,0xe7,0x80,0xe6,0xe6,0xe6,0x80,0xe6,0xe6,0xe6,0x80,0xe5,0xe5,0xe5,0x80,
	0xe5,0xe5,0xe5,0x80,0xe4,0xe4,0xe4,0x80,0xe4,0xe4,0xe4,0x80,0xe3,0xe3,0xe3,0x80,
	0xe3,0xe3,0xe3,0x80,0xe2,0xe2,0xe2,0x80,0xe2,0xe2,0xe2,0x80,0xe1,0xe1,0xe1,0x80,
	0xe1,0xe1,0xe1,0x80,0xe0,0xe0,0xe0,0x80,0xe0,0xe0,0xe0,0x80,0xe0,0xe0,0xe0,0x80,
	0xdf,0xdf,0xdf,0x80,0xdf,0xdf,0xdf,0x80,0xde,0xde,0xde,0x80,0x00,0x00,0x00,0x00,
	0x00,0x00,0x00,0x00,0x00,0x00,0x00,0x00,0x00,0x00,0x00,0x00,0x00,0x00,0x00,0x00,
	0x00,0x00,0x00,0x00,0x00,0x00,0x00,0x00,0x00,0x00,0x00,0x00,0x00,0x00,0x00,0x00,
	0x00,0x00,0x00,0x00,0xe7,0xe7,0xe7,0x80,0xe7,0xe7,0xe7,0x80,0xe6,0xe6,0xe6,0x80,
	0xe6,0xe6,0xe6,0x80,0xe5,0xe5,0xe5,0x80,0xe5,0xe5,0xe5,0x80,0xe4,0xe4,0xe4,0x80,
	0xe4,0xe4,0xe4,0x80,0xe3,0xe3,0xe3,0x80,0xe3,0xe3,0xe3,0x80,0xe2,0xe2,0xe2,0x80,
	0xe2,0xe2,0xe2,0x80,0xe1,0xe1,0xe1,0x80,0xe1,0xe1,0xe1,0x80,0xe0,0xe0,0xe0,0x80,
	0xe0,0xe0,0xe0,0x80,0xdf,0xdf,0xdf,0x80,0xdf,0xdf,0xdf,0x80,0xdf,0xdf,0xdf,0x80,
	0xde,0xde,0xde,0x80,0xde,0xde,0xde,0x80,0xdd,0xdd,0xdd,0x80,0x00,0x00,0x00,0x00,
	0x00,0x00,0x00,0x00,0x00,0x00,0x00,0x00,0x00,0x00,0x00,0x00,0x00,0x00,0x00,0x00,
	0x00,0x00,0x00,0x00,0x00,0x00,0x00,0x00,0x00,0x00,0x00,0x00,0x00,0x00,0x00,0x00,
	0x00,0x00,0x00,0x00,0xe6,0xe6,0xe6,0x80,0xe6,0xe6,0xe6,0x80,0xe5,0xe5,0xe5,0x80,
	0xe5,0xe5,0xe5,0x80,0xe4,0xe4,0xe4,0x80,0xe4,0xe4,0xe4,0x80,0xe3,0xe3,0xe3,0x80,
	0xe3,0xe3,0xe3,0x80,0xe2,0xe2,0xe2,0x80,0xe2,0xe2,0xe2,0x80,0xe1,0xe1,0xe1,0x80,
	0xe1,0xe1,0xe1,0x80,0xe0,0xe0,0xe0,0x80,0xe0,0xe0,0xe0,0x80,0xdf,0xdf,0xdf,0x80,
	0xdf,0xdf,0xdf,0x80,0xdf,0xdf,0xdf,0x80,0xde,0xde,0xde,0x80,0xde,0xde,0xde,0x80,
	0xdd,0xdd,0xdd,0x80,0xdd,0xdd,0xdd,0x80,0xdc,0xdc,0xdc,0x80,0x00,0x00,0x00,0x00,
	0x00,0x00,0x00,0x00,0x00,0x00,0x00,0x00,0x00,0x00,0x00,0x00,0x00,0x00,0x00,0x00,
	0x00,0x00,0x00,0x00,0x00,0x00,0x00,0x00,0x00,0x00,0x00,0x00,0x00,0x00,0x00,0x00,
	0x00,0x00,0x00,0x00,0xe5,0xe5,0xe5,0x80,0xe5,0xe5,0xe5,0x80,0xe4,0xe4,0xe4,0x80,
	0xe4,0xe4,0xe4,0x80,0xe3,0xe3,0xe3,0x80,0xe3,0xe3,0xe3,0x80,0xe2,0xe2,0xe2,0x80,
	0xe2,0xe2,0xe2,0x80,0xe1,0xe1,0xe1,0x80,0xe1,0xe1,0xe1,0x80,0xe0,0xe0,0xe0,0x80,
	0xe0,0xe0,0xe0,0x80,0xdf,0xdf,0xdf,0x80,0xdf,0xdf,0xdf,0x80,0xdf,0xdf,0xdf,0x80,
	0xde,0xde,0xde,0x80,0xde,0xde,0xde,0x80,0xdd,0xdd,0xdd,0x80,0xdd,0xdd,0xdd,0x80,
	0xdc,0xdc,0xdc,0x80,0xdc,0xdc,0xdc,0x80,0xdc,0xdc,0xdc,0x80,0x00,0x00,0x00,0x00,
	0x00,0x00,0x00,0x00,0x00,0x00,0x00,0x00,0x00,0x00,0x00,0x00,0x00,0x00,0x00,0x00,
	0x00,0x00,0x00,0x00,0x00,0x00,0x00,0x00,0x00,0x00,0x00,0x00,0x00,0x00,0x00,0x00,
	0x00,0x00,0x00,0x00,0xe4,0xe4,0xe4,0x73,0xe4,0xe4,0xe4,0x80,0xe3,0xe3,0xe3,0x80,
	0xe3,0xe3,0xe3,0x80,0xe2,0xe2,0xe2,0x80,0xe2,0xe2,0xe2,0x80,0xe1,0xe1,0xe1,0x80,
	0xe1,0xe1,0xe1,0x80,0xe0,0xe0,0xe0,0x80,0xe0,0xe0,0xe0,0x80,0xdf,0xdf,0xdf,0x80,
	0xdf,0xdf,0xdf,0x80,0xdf,0xdf,0xdf,0x80,0xde,0xde,0xde,0x80,0xde,0xde,0xde,0x80,
	0xdd,0xdd,0xdd,0x80,0xdd,0xdd,0xdd,0x80,0xdc,0xdc,0xdc,0x80,0xdc,0xdc,0xdc,0x80,
	0xdb,0xdb,0xdb,0x80,0xdb,0xdb,0xdb,0x80,0xdb,0xdb,0xdb,0x74,0x00,0x00,0x00,0x00,
	0x00,0x00,0x00,0x00,0x00,0x00,0x00,0x00,0x00,0x00,0x00,0x00,0x00,0x00,0x00,0x00,
	0x00,0x00,0x00,0x00,0x00,0x00,0x00,0x00,0x00,0x00,0x00,0x00,0x00,0x00,0x00,0x00,
	0x00,0x00,0x00,0x00,0xe3,0xe3,0xe3,0x25,0xe3,0xe3,0xe3,0x74,0xe2,0xe2,0xe2,0x80,
	0xe2,0xe2,0xe2,0x80,0xe1,0xe1,0xe1,0x80,0xe1,0xe1,0xe1,0x80,0xe0,0xe0,0xe0,0x80,
	0xe0,0xe0,0xe0,0x80,0xdf,0xdf,0xdf,0x80,0xdf,0xdf,0xdf,0x80,0xde,0xde,0xde,0x80,
	0xde,0xde,0xde,0x80,0xde,0xde,0xde,0x80,0xdd,0xdd,0xdd,0x80,0xdd,0xdd,0xdd,0x80,
	0xdc,0xdc,0xdc,0x80,0xdc,0xdc,0xdc,0x80,0xdb,0xdb,0xdb,0x80,0xdb,0xdb,0xdb,0x80,
	0xdb,0xdb,0xdb,0x80,0xda,0xda,0xda,0x72,0xda,0xda,0xda,0x25,0x00,0x00,0x00,0x00,
	0x00,0x00,0x00,0x00,0x00,0x00,0x00,0x00,0x00,0x00,0x00,0x00,0x00,0x00,0x00,0x00,
	0x00,0x00,0x00,0x00,0x00,0x00,0x00,0x00,0x00,0x00,0x00,0x00,0x00,0x00,0x00,0x00,
	0x00,0x00,0x00,0x00,0x00,0x00,0x00,0x00,0x00,0x00,0x00,0x00,0x00,0x00,0x00,0x00,
	0x00,0x00,0x00,0x00,0x00,0x00,0x00,0x00,0x00,0x00,0x00,0x00,0x00,0x00,0x00,0x00,
	0x00,0x00,0x00,0x00,0x00,0x00,0x00,0x00,0x00,0x00,0x00,0x00,0x00,0x00,0x00,0x00,
	0x00,0x00,0x00,0x00,0x00,0x00,0x00,0x00,0x00,0x00,0x00,0x00,0x00,0x00,0x00,0x00,
	0x00,0x00,0x00,0x00,0x00,0x00,0x00,0x00,0x00,0x00,0x00,0x00,0x00,0x00,0x00,0x00,
	0x00,0x00,0x00,0x00,0x00,0x00,0x00,0x00,0x00,0x00,0x00,0x00,0x00,0x00,0x00,0x00,
	0x00,0x00,0x00,0x00,0x00,0x00,0x00,0x00,0x00,0x00,0x00,0x00,0x00,0x00,0x00,0x00,
	0x00,0x00,0x00,0x00,0x00,0x00,0x00,0x00,0x00,0x00,0x00,0x00,0x00,0x00,0x00,0x00,
	0x00,0x00,0x00,0x00,0x00,0x00,0x00,0x00,0x00,0x00,0x00,0x00,0x00,0x00,0x00,0x00,
	0x00,0x00,0x00,0x00,0x00,0x00,0x00,0x00,0x00,0x00,0x00,0x00,0x00,0x00,0x00,0x00,
	0x00,0x00,0x00,0x00,0x00,0x00,0x00,0x00,0x00,0x00,0x00,0x00,0x00,0x00,0x00,0x00,
	0x00,0x00,0x00,0x00,0x00,0x00,0x00,0x00,0x00,0x00,0x00,0x00,0x00,0x00,0x00,0x00,
	0x00,0x00,0x00,0x00,0x00,0x00,0x00,0x00,0x00,0x00,0x00,0x00,0x00,0x00,0x00,0x00,
	0x00,0x00,0x00,0x00,0x00,0x00,0x00,0x00,0x00,0x00,0x00,0x00,0x00,0x00,0x00,0x00,
	0x00,0x00,0x00,0x00,0x00,0x00,0x00,0x00,0x00,0x00,0x00,0x00,0x00,0x00,0x00,0x00,
	0x00,0x00,0x00,0x00,0x00,0x00,0x00,0x00,0x00,0x00,0x00,0x00,0x00,0x00,0x00,0x00,
	0x00,0x00,0x00,0x00,0x00,0x00,0x00,0x00,0x00,0x00,0x00,0x00,0x00,0x00,0x00,0x00,
	0x00,0x00,0x00,0x00,0x00,0x00,0x00,0x00,0x00,0x00,0x00,0x00,0x00,0x00,0x00,0x00,
	0x00,0x00,0x00,0x00,0x00,0x00,0x00,0x00,0x00,0x00,0x00,0x00,0x00,0x00,0x00,0x00,
	0x00,0x00,0x00,0x00,0x00,0x00,0x00,0x00,0x00,0x00,0x00,0x00,0x00,0x00,0x00,0x00,
	0x00,0x00,0x00,0x00,0x00,0x00,0x00,0x00,0x00,0x00,0x00,0x00,0x00,0x00,0x00,0x00,
	0x00,0x00,0x00,0x00,0x00,0x00,0x00,0x00,0x00,0x00,0x00,0x00,0x00,0x00,0x00,0x00,
	0x00,0x00,0x00,0x00,0x00,0x00,0x00,0x00,0x00,0x00,0x00,0x00,0x00,0x00,0x00,0x00,
};
static const unsigned char rgba_s_IconPart[ 4096 ] __attribute__(   (  aligned( 16 ), section( ".data" )  )   ) = {
	0x00,0x00,0x00,0x00,0x00,0x00,0x00,0x00,0x00,0x00,0x00,0x00,0x00,0x00,0x00,0x00,
	0x00,0x00,0x00,0x00,0x00,0x00,0x00,0x00,0x00,0x00,0x00,0x00,0x00,0x00,0x00,0x00,
	0x00,0x00,0x00,0x00,0x00,0x00,0x00,0x00,0x00,0x00,0x00,0x00,0x00,0x00,0x00,0x00,
	0x00,0x00,0x00,0x00,0x00,0x00,0x00,0x00,0x00,0x00,0x00,0x00,0x00,0x00,0x00,0x00,
	0x00,0x00,0x00,0x00,0x00,0x00,0x00,0x00,0x00,0x00,0x00,0x00,0x00,0x00,0x00,0x00,
	0x00,0x00,0x00,0x00,0x00,0x00,0x00,0x00,0x00,0x00,0x00,0x00,0x00,0x00,0x00,0x00,
	0x00,0x00,0x00,0x00,0x00,0x00,0x00,0x00,0x00,0x00,0x00,0x00,0x00,0x00,0x00,0x00,
	0x00,0x00,0x00,0x00,0x00,0x00,0x00,0x00,0x00,0x00,0x00,0x00,0x00,0x00,0x00,0x00,
	0x00,0x00,0x00,0x00,0x00,0x00,0x00,0x00,0x00,0x00,0x00,0x00,0x00,0x00,0x00,0x00,
	0x00,0x00,0x00,0x00,0x00,0x00,0x00,0x00,0x00,0x00,0x00,0x00,0x00,0x00,0x00,0x00,
	0x00,0x00,0x00,0x00,0x00,0x00,0x00,0x00,0x00,0x00,0x00,0x00,0x00,0x00,0x00,0x00,
	0x00,0x00,0x00,0x00,0x00,0x00,0x00,0x00,0x00,0x00,0x00,0x00,0x00,0x00,0x00,0x00,
	0x00,0x00,0x00,0x00,0x00,0x00,0x00,0x00,0x00,0x00,0x00,0x00,0x00,0x00,0x00,0x00,
	0x00,0x00,0x00,0x00,0x00,0x00,0x00,0x00,0x00,0x00,0x00,0x00,0x00,0x00,0x00,0x00,
	0x00,0x00,0x00,0x00,0x00,0x00,0x00,0x00,0x00,0x00,0x00,0x00,0x00,0x00,0x00,0x00,
	0x00,0x00,0x00,0x00,0x00,0x00,0x00,0x00,0x00,0x00,0x00,0x00,0x00,0x00,0x00,0x00,
	0x00,0x00,0x00,0x00,0x00,0x00,0x00,0x00,0x00,0x00,0x00,0x00,0x00,0x00,0x00,0x00,
	0x00,0x00,0x00,0x00,0x00,0x00,0x00,0x00,0x00,0x00,0x00,0x00,0x00,0x00,0x00,0x00,
	0x00,0x00,0x00,0x00,0x00,0x00,0x00,0x00,0x00,0x00,0x00,0x00,0x00,0x00,0x00,0x00,
	0x00,0x00,0x00,0x00,0x00,0x00,0x00,0x00,0x00,0x00,0x00,0x00,0x00,0x00,0x00,0x00,
	0x00,0x00,0x00,0x00,0x00,0x00,0x00,0x00,0x00,0x00,0x00,0x00,0x00,0x00,0x00,0x00,
	0x00,0x00,0x00,0x00,0x00,0x00,0x00,0x00,0x00,0x00,0x00,0x00,0x00,0x00,0x00,0x00,
	0x00,0x00,0x00,0x00,0x00,0x00,0x00,0x00,0x00,0x00,0x00,0x00,0x00,0x00,0x00,0x00,
	0x00,0x00,0x00,0x00,0x00,0x00,0x00,0x00,0x00,0x00,0x00,0x00,0x00,0x00,0x00,0x00,
	0x00,0x00,0x00,0x00,0x00,0x00,0x00,0x00,0x00,0x00,0x00,0x00,0x26,0x8e,0xdd,0x25,
	0x26,0x8d,0xdd,0x73,0x26,0x8c,0xdd,0x80,0x26,0x8b,0xdd,0x80,0x26,0x8a,0xdd,0x80,
	0x26,0x89,0xdd,0x80,0x26,0x88,0xdd,0x80,0x26,0x86,0xdd,0x80,0x26,0x85,0xdd,0x80,
	0x26,0x84,0xdd,0x80,0x26,0x83,0xdc,0x73,0x26,0x81,0xdc,0x25,0x00,0x00,0x00,0x00,
	0x00,0x00,0x00,0x00,0xf7,0xf7,0xf7,0x25,0xf7,0xf7,0xf7,0x73,0xf7,0xf7,0xf7,0x80,
	0xf6,0xf6,0xf6,0x80,0xf6,0xf6,0xf6,0x80,0xf5,0xf5,0xf5,0x80,0xf5,0xf5,0xf5,0x80,
	0xf4,0xf4,0xf4,0x80,0xf4,0xf4,0xf4,0x80,0xf3,0xf3,0xf3,0x80,0xf3,0xf3,0xf3,0x73,
	0xf2,0xf2,0xf2,0x25,0x00,0x00,0x00,0x00,0x00,0x00,0x00,0x00,0x00,0x00,0x00,0x00,
	0x00,0x00,0x00,0x00,0x00,0x00,0x00,0x00,0x00,0x00,0x00,0x00,0x26,0x8c,0xdd,0x73,
	0x26,0x8b,0xdd,0x80,0x26,0x8a,0xdd,0x80,0x26,0x88,0xdd,0x80,0x26,0x87,0xdd,0x80,
	0x26,0x86,0xdd,0x80,0x26,0x85,0xdd,0x80,0x26,0x84,0xdd,0x80,0x26,0x82,0xdc,0x80,
	0x26,0x81,0xdc,0x80,0x26,0x80,0xdc,0x80,0x26,0x7e,0xdc,0x73,0x00,0x00,0x00,0x00,
	0x00,0x00,0x00,0x00,0xf7,0xf7,0xf7,0x73,0xf6,0xf6,0xf6,0x80,0xf6,0xf6,0xf6,0x80,
	0xf5,0xf5,0xf5,0x80,0xf5,0xf5,0xf5,0x80,0xf4,0xf4,0xf4,0x80,0xf4,0xf4,0xf4,0x80,
	0xf3,0xf3,0xf3,0x80,0xf3,0xf3,0xf3,0x80,0xf2,0xf2,0xf2,0x80,0xf2,0xf2,0xf2,0x80,
	0xf1,0xf1,0xf1,0x73,0x00,0x00,0x00,0x00,0x00,0x00,0x00,0x00,0x00,0x00,0x00,0x00,
	0x00,0x00,0x00,0x00,0x00,0x00,0x00,0x00,0x00,0x00,0x00,0x00,0x26,0x89,0xdd,0x80,
	0x26,0x88,0xdd,0x80,0x26,0x87,0xdd,0x80,0x26,0x86,0xdd,0x80,0x26,0x85,0xdd,0x80,
	0x26,0x83,0xdc,0x80,0x26,0x82,0xdc,0x80,0x26,0x81,0xdc,0x80,0x26,0x7f,0xdc,0x80,
	0x26,0x7e,0xdc,0x80,0x26,0x7d,0xdc,0x80,0x26,0x7b,0xdc,0x80,0x00,0x00,0x00,0x00,
	0x00,0x00,0x00,0x00,0xf6,0xf6,0xf6,0x80,0xf5,0xf5,0xf5,0x80,0xf5,0xf5,0xf5,0x80,
	0xf4,0xf4,0xf4,0x80,0xf4,0xf4,0xf4,0x80,0xf3,0xf3,0xf3,0x80,0xf3,0xf3,0xf3,0x80,
	0xf2,0xf2,0xf2,0x80,0xf2,0xf2,0xf2,0x80,0xf1,0xf1,0xf1,0x80,0xf1,0xf1,0xf1,0x80,
	0xf0,0xf0,0xf0,0x80,0x00,0x00,0x00,0x00,0x00,0x00,0x00,0x00,0x00,0x00,0x00,0x00,
	0x00,0x00,0x00,0x00,0x00,0x00,0x00,0x00,0x00,0x00,0x00,0x00,0x26,0x87,0xdd,0x80,
	0x26,0x86,0xdd,0x80,0x26,0x84,0xdd,0x80,0x26,0x83,0xdc,0x80,0x26,0x82,0xdc,0x80,
	0x26,0x80,0xdc,0x80,0x26,0x7f,0xdc,0x80,0x26,0x7e,0xdc,0x80,0x26,0x7c,0xdc,0x80,
	0x26,0x7b,0xdc,0x80,0x26,0x79,0xdc,0x80,0x26,0x78,0xdc,0x80,0x00,0x00,0x00,0x00,
	0x00,0x00,0x00,0x00,0xf5,0xf5,0xf5,0x80,0xf4,0xf4,0xf4,0x80,0xf4,0xf4,0xf4,0x80,
	0xf3,0xf3,0xf3,0x80,0xf3,0xf3,0xf3,0x80,0xf2,0xf2,0xf2,0x80,0xf2,0xf2,0xf2,0x80,
	0xf1,0xf1,0xf1,0x80,0xf1,0xf1,0xf1,0x80,0xf0,0xf0,0xf0,0x80,0xf0,0xf0,0xf0,0x80,
	0xef,0xef,0xef,0x80,0x00,0x00,0x00,0x00,0x00,0x00,0x00,0x00,0x00,0x00,0x00,0x00,
	0x00,0x00,0x00,0x00,0x00,0x00,0x00,0x00,0x00,0x00,0x00,0x00,0x26,0x84,0xdd,0x80,
	0x26,0x83,0xdc,0x80,0x26,0x81,0xdc,0x80,0x26,0x80,0xdc,0x80,0x26,0x7f,0xdc,0x80,
	0x26,0x7d,0xdc,0x80,0x26,0x7c,0xdc,0x80,0x26,0x7a,0xdc,0x80,0x26,0x79,0xdc,0x80,
	0x26,0x78,0xdc,0x80,0x26,0x76,0xdc,0x80,0x26,0x75,0xdc,0x80,0x00,0x00,0x00,0x00,
	0x00,0x00,0x00,0x00,0xf4,0xf4,0xf4,0x80,0xf3,0xf3,0xf3,0x80,0xf3,0xf3,0xf3,0x80,
	0xf2,0xf2,0xf2,0x80,0xf2,0xf2,0xf2,0x80,0xf1,0xf1,0xf1,0x80,0xf1,0xf1,0xf1,0x80,
	0xf0,0xf0,0xf0,0x80,0xf0,0xf0,0xf0,0x80,0xef,0xef,0xef,0x80,0xef,0xef,0xef,0x80,
	0xee,0xee,0xee,0x80,0x00,0x00,0x00,0x00,0x00,0x00,0x00,0x00,0x00,0x00,0x00,0x00,
	0x00,0x00,0x00,0x00,0x00,0x00,0x00,0x00,0x00,0x00,0x00,0x00,0x26,0x81,0xdc,0x80,
	0x26,0x80,0xdc,0x80,0x26,0x7e,0xdc,0x80,0x26,0x7d,0xdc,0x80,0x26,0x7c,0xdc,0x80,
	0x26,0x7a,0xdc,0x80,0x26,0x79,0xdc,0x80,0x26,0x77,0xdc,0x80,0x26,0x76,0xdc,0x80,
	0x26,0x74,0xdc,0x80,0x26,0x73,0xdc,0x80,0x26,0x72,0xdc,0x80,0x00,0x00,0x00,0x00,
	0x00,0x00,0x00,0x00,0xf3,0xf3,0xf3,0x80,0xf2,0xf2,0xf2,0x80,0xf2,0xf2,0xf2,0x80,
	0xf1,0xf1,0xf1,0x80,0xf1,0xf1,0xf1,0x80,0xf0,0xf0,0xf0,0x80,0xf0,0xf0,0xf0,0x80,
	0xef,0xef,0xef,0x80,0xef,0xef,0xef,0x80,0xee,0xee,0xee,0x80,0xee,0xee,0xee,0x80,
	0xed,0xed,0xed,0x80,0x00,0x00,0x00,0x00,0x00,0x00,0x00,0x00,0x00,0x00,0x00,0x00,
	0x00,0x00,0x00,0x00,0x00,0x00,0x00,0x00,0x00,0x00,0x00,0x00,0x26,0x7e,0xdc,0x80,
	0x26,0x7d,0xdc,0x80,0x26,0x7b,0xdc,0x80,0x26,0x7a,0xdc,0x80,0x26,0x78,0xdc,0x80,
	0x26,0x77,0xdc,0x80,0x26,0x75,0xdc,0x80,0x26,0x74,0xdc,0x80,0x26,0x73,0xdc,0x80,
	0x26,0x71,0xdc,0x80,0x26,0x70,0xdc,0x80,0x26,0x6e,0xdc,0x80,0x00,0x00,0x00,0x00,
	0x00,0x00,0x00,0x00,0xf2,0xf2,0xf2,0x80,0xf1,0xf1,0xf1,0x80,0xf1,0xf1,0xf1,0x80,
	0xf0,0xf0,0xf0,0x80,0xf0,0xf0,0xf0,0x80,0xef,0xef,0xef,0x80,0xef,0xef,0xef,0x80,
	0xee,0xee,0xee,0x80,0xed,0xed,0xed,0x80,0xed,0xed,0xed,0x80,0xed,0xed,0xed,0x80,
	0xec,0xec,0xec,0x80,0x00,0x00,0x00,0x00,0x00,0x00,0x00,0x00,0x00,0x00,0x00,0x00,
	0x00,0x00,0x00,0x00,0x00,0x00,0x00,0x00,0x00,0x00,0x00,0x00,0x26,0x7b,0xdc,0x80,
	0x26,0x79,0xdc,0x80,0x26,0x78,0xdc,0x80,0x26,0x77,0xdc,0x80,0x26,0x75,0xdc,0x80,
	0x26,0x74,0xdc,0x80,0x26,0x72,0xdc,0x80,0x26,0x71,0xdc,0x80,0x26,0x6f,0xdc,0x80,
	0x26,0x6e,0xdc,0x80,0x26,0x6d,0xdc,0x80,0x26,0x6b,0xdc,0x80,0x00,0x00,0x00,0x00,
	0x00,0x00,0x00,0x00,0xf1,0xf1,0xf1,0x80,0xf0,0xf0,0xf0,0x80,0xf0,0xf0,0xf0,0x80,
	0xef,0xef,0xef,0x80,0xee,0xee,0xee,0x80,0xee,0xee,0xee,0x80,0xed,0xed,0xed,0x80,
	0xed,0xed,0xed,0x80,0xec,0xec,0xec,0x80,0xec,0xec,0xec,0x80,0xeb,0xeb,0xeb,0x80,
	0xeb,0xeb,0xeb,0x80,0x00,0x00,0x00,0x00,0x00,0x00,0x00,0x00,0x00,0x00,0x00,0x00,
	0x00,0x00,0x00,0x00,0x00,0x00,0x00,0x00,0x00,0x00,0x00,0x00,0x26,0x78,0xdc,0x80,
	0x26,0x76,0xdc,0x80,0x26,0x75,0xdc,0x80,0x26,0x73,0xdc,0x80,0x26,0x72,0xdc,0x80,
	0x26,0x70,0xdc,0x80,0x26,0x6f,0xdc,0x80,0x26,0x6e,0xdc,0x80,0x26,0x6c,0xdc,0x80,
	0x26,0x6b,0xdc,0x80,0x26,0x6a,0xdc,0x80,0x27,0x68,0xdc,0x80,0x00,0x00,0x00,0x00,
	0x00,0x00,0x00,0x00,0xef,0xef,0xef,0x80,0xef,0xef,0xef,0x80,0xee,0xee,0xee,0x80,
	0xee,0xee,0xee,0x80,0xed,0xed,0xed,0x80,0xed,0xed,0xed,0x80,0xec,0xec,0xec,0x80,
	0xec,0xec,0xec,0x80,0xeb,0xeb,0xeb,0x80,0xeb,0xeb,0xeb,0x80,0xea,0xea,0xea,0x80,
	0xea,0xea,0xea,0x80,0x00,0x00,0x00,0x00,0x00,0x00,0x00,0x00,0x00,0x00,0x00,0x00,
	0x00,0x00,0x00,0x00,0x00,0x00,0x00,0x00,0x00,0x00,0x00,0x00,0x26,0x74,0xdc,0x80,
	0x26,0x73,0xdc,0x80,0x26,0x72,0xdc,0x80,0x26,0x70,0xdc,0x80,0x26,0x6f,0xdc,0x80,
	0x26,0x6d,0xdc,0x80,0x26,0x6c,0xdc,0x80,0x26,0x6b,0xdc,0x80,0x27,0x69,0xdc,0x80,
	0x27,0x68,0xdc,0x80,0x27,0x67,0xdb,0x80,0x27,0x65,0xdb,0x80,0x00,0x00,0x00,0x00,
	0x00,0x00,0x00,0x00,0xee,0xee,0xee,0x80,0xee,0xee,0xee,0x80,0xed,0xed,0xed,0x80,
	0xed,0xed,0xed,0x80,0xec,0xec,0xec,0x80,0xec,0xec,0xec,0x80,0xeb,0xeb,0xeb,0x80,
	0xeb,0xeb,0xeb,0x80,0xea,0xea,0xea,0x80,0xea,0xea,0xea,0x80,0xe9,0xe9,0xe9,0x80,
	0xe9,0xe9,0xe9,0x80,0x00,0x00,0x00,0x00,0x00,0x00,0x00,0x00,0x00,0x00,0x00,0x00,
	0x00,0x00,0x00,0x00,0x00,0x00,0x00,0x00,0x00,0x00,0x00,0x00,0x26,0x71,0xdc,0x73,
	0x26,0x70,0xdc,0x80,0x26,0x6e,0xdc,0x80,0x26,0x6d,0xdc,0x80,0x26,0x6c,0xdc,0x80,
	0x26,0x6a,0xdc,0x80,0x27,0x69,0xdc,0x80,0x27,0x68,0xdb,0x80,0x27,0x66,0xdb,0x80,
	0x27,0x65,0xdb,0x80,0x27,0x64,0xdb,0x80,0x27,0x63,0xdb,0x74,0x00,0x00,0x00,0x00,
	0x00,0x00,0x00,0x00,0xed,0xed,0xed,0x73,0xed,0xed,0xed,0x80,0xec,0xec,0xec,0x80,
	0xec,0xec,0xec,0x80,0xeb,0xeb,0xeb,0x80,0xeb,0xeb,0xeb,0x80,0xea,0xea,0xea,0x80,
	0xea,0xea,0xea,0x80,0xe9,0xe9,0xe9,0x80,0xe9,0xe9,0xe9,0x80,0xe8,0xe8,0xe8,0x80,
	0xe8,0xe8,0xe8,0x74,0x00,0x00,0x00,0x00,0x00,0x00,0x00,0x00,0x00,0x00,0x00,0x00,
	0x00,0x00,0x00,0x00,0x00,0x00,0x00,0x00,0x00,0x00,0x00,0x00,0x26,0x6e,0xdc,0x25,
	0x26,0x6d,0xdc,0x74,0x26,0x6b,0xdc,0x80,0x26,0x6a,0xdc,0x80,0x27,0x69,0xdc,0x80,
	0x27,0x67,0xdb,0x80,0x27,0x66,0xdb,0x80,0x27,0x65,0xdb,0x80,0x27,0x64,0xdb,0x80,
	0x27,0x62,0xdb,0x80,0x27,0x61,0xdb,0x72,0x27,0x60,0xdb,0x25,0x00,0x00,0x00,0x00,
	0x00,0x00,0x00,0x00,0xec,0xec,0xec,0x25,0xec,0xec,0xec,0x74,0xeb,0xeb,0xeb,0x80,
	0xeb,0xeb,0xeb,0x80,0xea,0xea,0xea,0x80,0xea,0xea,0xea,0x80,0xe9,0xe9,0xe9,0x80,
	0xe8,0xe8,0xe8,0x80,0xe8,0xe8,0xe8,0x80,0xe8,0xe8,0xe8,0x80,0xe7,0xe7,0xe7,0x72,
	0xe6,0xe6,0xe6,0x25,0x00,0x00,0x00,0x00,0x00,0x00,0x00,0x00,0x00,0x00,0x00,0x00,
	0x00,0x00,0x00,0x00,0x00,0x00,0x00,0x00,0x00,0x00,0x00,0x00,0x00,0x00,0x00,0x00,
	0x00,0x00,0x00,0x00,0x00,0x00,0x00,0x00,0x00,0x00,0x00,0x00,0x00,0x00,0x00,0x00,
	0x00,0x00,0x00,0x00,0x00,0x00,0x00,0x00,0x00,0x00,0x00,0x00,0x00,0x00,0x00,0x00,
	0x00,0x00,0x00,0x00,0x00,0x00,0x00,0x00,0x00,0x00,0x00,0x00,0x00,0x00,0x00,0x00,
	0x00,0x00,0x00,0x00,0x00,0x00,0x00,0x00,0x00,0x00,0x00,0x00,0x00,0x00,0x00,0x00,
	0x00,0x00,0x00,0x00,0x00,0x00,0x00,0x00,0x00,0x00,0x00,0x00,0x00,0x00,0x00,0x00,
	0x00,0x00,0x00,0x00,0x00,0x00,0x00,0x00,0x00,0x00,0x00,0x00,0x00,0x00,0x00,0x00,
	0x00,0x00,0x00,0x00,0x00,0x00,0x00,0x00,0x00,0x00,0x00,0x00,0x00,0x00,0x00,0x00,
	0x00,0x00,0x00,0x00,0x00,0x00,0x00,0x00,0x00,0x00,0x00,0x00,0x00,0x00,0x00,0x00,
	0x00,0x00,0x00,0x00,0x00,0x00,0x00,0x00,0x00,0x00,0x00,0x00,0x00,0x00,0x00,0x00,
	0x00,0x00,0x00,0x00,0x00,0x00,0x00,0x00,0x00,0x00,0x00,0x00,0x00,0x00,0x00,0x00,
	0x00,0x00,0x00,0x00,0x00,0x00,0x00,0x00,0x00,0x00,0x00,0x00,0x00,0x00,0x00,0x00,
	0x00,0x00,0x00,0x00,0x00,0x00,0x00,0x00,0x00,0x00,0x00,0x00,0x00,0x00,0x00,0x00,
	0x00,0x00,0x00,0x00,0x00,0x00,0x00,0x00,0x00,0x00,0x00,0x00,0x00,0x00,0x00,0x00,
	0x00,0x00,0x00,0x00,0x00,0x00,0x00,0x00,0x00,0x00,0x00,0x00,0x00,0x00,0x00,0x00,
	0x00,0x00,0x00,0x00,0x00,0x00,0x00,0x00,0x00,0x00,0x00,0x00,0x00,0x00,0x00,0x00,
	0x00,0x00,0x00,0x00,0x00,0x00,0x00,0x00,0x00,0x00,0x00,0x00,0xf0,0xf0,0xf0,0x25,
	0xf0,0xf0,0xf0,0x73,0xef,0xef,0xef,0x80,0xef,0xef,0xef,0x80,0xee,0xee,0xee,0x80,
	0xee,0xee,0xee,0x80,0xed,0xed,0xed,0x80,0xed,0xed,0xed,0x80,0xec,0xec,0xec,0x80,
	0xec,0xec,0xec,0x80,0xeb,0xeb,0xeb,0x73,0xea,0xea,0xea,0x25,0x00,0x00,0x00,0x00,
	0x00,0x00,0x00,0x00,0xe9,0xe9,0xe9,0x25,0xe8,0xe8,0xe8,0x73,0xe8,0xe8,0xe8,0x80,
	0xe7,0xe7,0xe7,0x80,0xe7,0xe7,0xe7,0x80,0xe6,0xe6,0xe6,0x80,0xe6,0xe6,0xe6,0x80,
	0xe5,0xe5,0xe5,0x80,0xe5,0xe5,0xe5,0x80,0xe4,0xe4,0xe4,0x80,0xe4,0xe4,0xe4,0x73,
	0xe3,0xe3,0xe3,0x25,0x00,0x00,0x00,0x00,0x00,0x00,0x00,0x00,0x00,0x00,0x00,0x00,
	0x00,0x00,0x00,0x00,0x00,0x00,0x00,0x00,0x00,0x00,0x00,0x00,0xef,0xef,0xef,0x73,
	0xef,0xef,0xef,0x80,0xee,0xee,0xee,0x80,0xed,0xed,0xed,0x80,0xed,0xed,0xed,0x80,
	0xed,0xed,0xed,0x80,0xec,0xec,0xec,0x80,0xeb,0xeb,0xeb,0x80,0xeb,0xeb,0xeb,0x80,
	0xea,0xea,0xea,0x80,0xea,0xea,0xea,0x80,0xe9,0xe9,0xe9,0x73,0x00,0x00,0x00,0x00,
	0x00,0x00,0x00,0x00,0xe8,0xe8,0xe8,0x73,0xe7,0xe7,0xe7,0x80,0xe7,0xe7,0xe7,0x80,
	0xe6,0xe6,0xe6,0x80,0xe6,0xe6,0xe6,0x80,0xe5,0xe5,0xe5,0x80,0xe5,0xe5,0xe5,0x80,
	0xe4,0xe4,0xe4,0x80,0xe4,0xe4,0xe4,0x80,0xe3,0xe3,0xe3,0x80,0xe3,0xe3,0xe3,0x80,
	0xe2,0xe2,0xe2,0x73,0x00,0x00,0x00,0x00,0x00,0x00,0x00,0x00,0x00,0x00,0x00,0x00,
	0x00,0x00,0x00,0x00,0x00,0x00,0x00,0x00,0x00,0x00,0x00,0x00,0xee,0xee,0xee,0x80,
	0xed,0xed,0xed,0x80,0xed,0xed,0xed,0x80,0xec,0xec,0xec,0x80,0xec,0xec,0xec,0x80,
	0xeb,0xeb,0xeb,0x80,0xeb,0xeb,0xeb,0x80,0xea,0xea,0xea,0x80,0xea,0xea,0xea,0x80,
	0xe9,0xe9,0xe9,0x80,0xe9,0xe9,0xe9,0x80,0xe8,0xe8,0xe8,0x80,0x00,0x00,0x00,0x00,
	0x00,0x00,0x00,0x00,0xe7,0xe7,0xe7,0x80,0xe6,0xe6,0xe6,0x80,0xe6,0xe6,0xe6,0x80,
	0xe5,0xe5,0xe5,0x80,0xe5,0xe5,0xe5,0x80,0xe4,0xe4,0xe4,0x80,0xe4,0xe4,0xe4,0x80,
	0xe3,0xe3,0xe3,0x80,0xe3,0xe3,0xe3,0x80,0xe2,0xe2,0xe2,0x80,0xe2,0xe2,0xe2,0x80,
	0xe1,0xe1,0xe1,0x80,0x00,0x00,0x00,0x00,0x00,0x00,0x00,0x00,0x00,0x00,0x00,0x00,
	0x00,0x00,0x00,0x00,0x00,0x00,0x00,0x00,0x00,0x00,0x00,0x00,0xed,0xed,0xed,0x80,
	0xec,0xec,0xec,0x80,0xec,0xec,0xec,0x80,0xeb,0xeb,0xeb,0x80,0xeb,0xeb,0xeb,0x80,
	0xea,0xea,0xea,0x80,0xea,0xea,0xea,0x80,0xe9,0xe9,0xe9,0x80,0xe9,0xe9,0xe9,0x80,
	0xe8,0xe8,0xe8,0x80,0xe8,0xe8,0xe8,0x80,0xe7,0xe7,0xe7,0x80,0x00,0x00,0x00,0x00,
	0x00,0x00,0x00,0x00,0xe6,0xe6,0xe6,0x80,0xe5,0xe5,0xe5,0x80,0xe5,0xe5,0xe5,0x80,
	0xe4,0xe4,0xe4,0x80,0xe4,0xe4,0xe4,0x80,0xe3,0xe3,0xe3,0x80,0xe3,0xe3,0xe3,0x80,
	0xe2,0xe2,0xe2,0x80,0xe2,0xe2,0xe2,0x80,0xe1,0xe1,0xe1,0x80,0xe1,0xe1,0xe1,0x80,
	0xe0,0xe0,0xe0,0x80,0x00,0x00,0x00,0x00,0x00,0x00,0x00,0x00,0x00,0x00,0x00,0x00,
	0x00,0x00,0x00,0x00,0x00,0x00,0x00,0x00,0x00,0x00,0x00,0x00,0xec,0xec,0xec,0x80,
	0xeb,0xeb,0xeb,0x80,0xeb,0xeb,0xeb,0x80,0xea,0xea,0xea,0x80,0xea,0xea,0xea,0x80,
	0xe9,0xe9,0xe9,0x80,0xe9,0xe9,0xe9,0x80,0xe8,0xe8,0xe8,0x80,0xe8,0xe8,0xe8,0x80,
	0xe7,0xe7,0xe7,0x80,0xe7,0xe7,0xe7,0x80,0xe6,0xe6,0xe6,0x80,0x00,0x00,0x00,0x00,
	0x00,0x00,0x00,0x00,0xe4,0xe4,0xe4,0x80,0xe4,0xe4,0xe4,0x80,0xe4,0xe4,0xe4,0x80,
	0xe3,0xe3,0xe3,0x80,0xe3,0xe3,0xe3,0x80,0xe2,0xe2,0xe2,0x80,0xe2,0xe2,0xe2,0x80,
	0xe1,0xe1,0xe1,0x80,0xe1,0xe1,0xe1,0x80,0xe0,0xe0,0xe0,0x80,0xe0,0xe0,0xe0,0x80,
	0xdf,0xdf,0xdf,0x80,0x00,0x00,0x00,0x00,0x00,0x00,0x00,0x00,0x00,0x00,0x00,0x00,
	0x00,0x00,0x00,0x00,0x00,0x00,0x00,0x00,0x00,0x00,0x00,0x00,0xeb,0xeb,0xeb,0x80,
	0xea,0xea,0xea,0x80,0xea,0xea,0xea,0x80,0xe9,0xe9,0xe9,0x80,0xe9,0xe9,0xe9,0x80,
	0xe8,0xe8,0xe8,0x80,0xe8,0xe8,0xe8,0x80,0xe7,0xe7,0xe7,0x80,0xe7,0xe7,0xe7,0x80,
	0xe6,0xe6,0xe6,0x80,0xe5,0xe5,0xe5,0x80,0xe5,0xe5,0xe5,0x80,0x00,0x00,0x00,0x00,
	0x00,0x00,0x00,0x00,0xe4,0xe4,0xe4,0x80,0xe3,0xe3,0xe3,0x80,0xe3,0xe3,0xe3,0x80,
	0xe2,0xe2,0xe2,0x80,0xe2,0xe2,0xe2,0x80,0xe1,0xe1,0xe1,0x80,0xe1,0xe1,0xe1,0x80,
	0xe0,0xe0,0xe0,0x80,0xe0,0xe0,0xe0,0x80,0xdf,0xdf,0xdf,0x80,0xdf,0xdf,0xdf,0x80,
	0xde,0xde,0xde,0x80,0x00,0x00,0x00,0x00,0x00,0x00,0x00,0x00,0x00,0x00,0x00,0x00,
	0x00,0x00,0x00,0x00,0x00,0x00,0x00,0x00,0x00,0x00,0x00,0x00,0xea,0xea,0xea,0x80,
	0xe9,0xe9,0xe9,0x80,0xe8,0xe8,0xe8,0x80,0xe8,0xe8,0xe8,0x80,0xe8,0xe8,0xe8,0x80,
	0xe7,0xe7,0xe7,0x80,0xe6,0xe6,0xe6,0x80,0xe6,0xe6,0xe6,0x80,0xe5,0xe5,0xe5,0x80,
	0xe5,0xe5,0xe5,0x80,0xe4,0xe4,0xe4,0x80,0xe4,0xe4,0xe4,0x80,0x00,0x00,0x00,0x00,
	0x00,0x00,0x00,0x00,0xe2,0xe2,0xe2,0x80,0xe2,0xe2,0xe2,0x80,0xe1,0xe1,0xe1,0x80,
	0xe1,0xe1,0xe1,0x80,0xe0,0xe0,0xe0,0x80,0xe0,0xe0,0xe0,0x80,0xe0,0xe0,0xe0,0x80,
	0xdf,0xdf,0xdf,0x80,0xdf,0xdf,0xdf,0x80,0xde,0xde,0xde,0x80,0xde,0xde,0xde,0x80,
	0xdd,0xdd,0xdd,0x80,0x00,0x00,0x00,0x00,0x00,0x00,0x00,0x00,0x00,0x00,0x00,0x00,
	0x00,0x00,0x00,0x00,0x00,0x00,0x00,0x00,0x00,0x00,0x00,0x00,0xe8,0xe8,0xe8,0x80,
	0xe8,0xe8,0xe8,0x80,0xe7,0xe7,0xe7,0x80,0xe7,0xe7,0xe7,0x80,0xe6,0xe6,0xe6,0x80,
	0xe6,0xe6,0xe6,0x80,0xe5,0xe5,0xe5,0x80,0xe5,0xe5,0xe5,0x80,0xe4,0xe4,0xe4,0x80,
	0xe4,0xe4,0xe4,0x80,0xe3,0xe3,0xe3,0x80,0xe3,0xe3,0xe3,0x80,0x00,0x00,0x00,0x00,
	0x00,0x00,0x00,0x00,0xe1,0xe1,0xe1,0x80,0xe1,0xe1,0xe1,0x80,0xe0,0xe0,0xe0,0x80,
	0xe0,0xe0,0xe0,0x80,0xdf,0xdf,0xdf,0x80,0xdf,0xdf,0xdf,0x80,0xdf,0xdf,0xdf,0x80,
	0xde,0xde,0xde,0x80,0xde,0xde,0xde,0x80,0xdd,0xdd,0xdd,0x80,0xdd,0xdd,0xdd,0x80,
	0xdc,0xdc,0xdc,0x80,0x00,0x00,0x00,0x00,0x00,0x00,0x00,0x00,0x00,0x00,0x00,0x00,
	0x00,0x00,0x00,0x00,0x00,0x00,0x00,0x00,0x00,0x00,0x00,0x00,0xe7,0xe7,0xe7,0x80,
	0xe7,0xe7,0xe7,0x80,0xe6,0xe6,0xe6,0x80,0xe6,0xe6,0xe6,0x80,0xe5,0xe5,0xe5,0x80,
	0xe5,0xe5,0xe5,0x80,0xe4,0xe4,0xe4,0x80,0xe4,0xe4,0xe4,0x80,0xe3,0xe3,0xe3,0x80,
	0xe3,0xe3,0xe3,0x80,0xe2,0xe2,0xe2,0x80,0xe2,0xe2,0xe2,0x80,0x00,0x00,0x00,0x00,
	0x00,0x00,0x00,0x00,0xe0,0xe0,0xe0,0x80,0xe0,0xe0,0xe0,0x80,0xdf,0xdf,0xdf,0x80,
	0xdf,0xdf,0xdf,0x80,0xdf,0xdf,0xdf,0x80,0xde,0xde,0xde,0x80,0xde,0xde,0xde,0x80,
	0xdd,0xdd,0xdd,0x80,0xdd,0xdd,0xdd,0x80,0xdc,0xdc,0xdc,0x80,0xdc,0xdc,0xdc,0x80,
	0xdc,0xdc,0xdc,0x80,0x00,0x00,0x00,0x00,0x00,0x00,0x00,0x00,0x00,0x00,0x00,0x00,
	0x00,0x00,0x00,0x00,0x00,0x00,0x00,0x00,0x00,0x00,0x00,0x00,0xe6,0xe6,0xe6,0x80,
	0xe6,0xe6,0xe6,0x80,0xe5,0xe5,0xe5,0x80,0xe5,0xe5,0xe5,0x80,0xe4,0xe4,0xe4,0x80,
	0xe4,0xe4,0xe4,0x80,0xe3,0xe3,0xe3,0x80,0xe3,0xe3,0xe3,0x80,0xe2,0xe2,0xe2,0x80,
	0xe2,0xe2,0xe2,0x80,0xe1,0xe1,0xe1,0x80,0xe1,0xe1,0xe1,0x80,0x00,0x00,0x00,0x00,
	0x00,0x00,0x00,0x00,0xdf,0xdf,0xdf,0x80,0xdf,0xdf,0xdf,0x80,0xdf,0xdf,0xdf,0x80,
	0xde,0xde,0xde,0x80,0xde,0xde,0xde,0x80,0xdd,0xdd,0xdd,0x80,0xdd,0xdd,0xdd,0x80,
	0xdc,0xdc,0xdc,0x80,0xdc,0xdc,0xdc,0x80,0xdc,0xdc,0xdc,0x80,0xdb,0xdb,0xdb,0x80,
	0xdb,0xdb,0xdb,0x80,0x00,0x00,0x00,0x00,0x00,0x00,0x00,0x00,0x00,0x00,0x00,0x00,
	0x00,0x00,0x00,0x00,0x00,0x00,0x00,0x00,0x00,0x00,0x00,0x00,0xe5,0xe5,0xe5,0x73,
	0xe5,0xe5,0xe5,0x80,0xe4,0xe4,0xe4,0x80,0xe4,0xe4,0xe4,0x80,0xe3,0xe3,0xe3,0x80,
	0xe3,0xe3,0xe3,0x80,0xe2,0xe2,0xe2,0x80,0xe2,0xe2,0xe2,0x80,0xe1,0xe1,0xe1,0x80,
	0xe1,0xe1,0xe1,0x80,0xe0,0xe0,0xe0,0x80,0xe0,0xe0,0xe0,0x74,0x00,0x00,0x00,0x00,
	0x00,0x00,0x00,0x00,0xdf,0xdf,0xdf,0x73,0xde,0xde,0xde,0x80,0xde,0xde,0xde,0x80,
	0xdd,0xdd,0xdd,0x80,0xdd,0xdd,0xdd,0x80,0xdc,0xdc,0xdc,0x80,0xdc,0xdc,0xdc,0x80,
	0xdb,0xdb,0xdb,0x80,0xdb,0xdb,0xdb,0x80,0xdb,0xdb,0xdb,0x80,0xda,0xda,0xda,0x80,
	0xda,0xda,0xda,0x74,0x00,0x00,0x00,0x00,0x00,0x00,0x00,0x00,0x00,0x00,0x00,0x00,
	0x00,0x00,0x00,0x00,0x00,0x00,0x00,0x00,0x00,0x00,0x00,0x00,0xe4,0xe4,0xe4,0x25,
	0xe4,0xe4,0xe4,0x74,0xe3,0xe3,0xe3,0x80,0xe3,0xe3,0xe3,0x80,0xe2,0xe2,0xe2,0x80,
	0xe2,0xe2,0xe2,0x80,0xe1,0xe1,0xe1,0x80,0xe1,0xe1,0xe1,0x80,0xe0,0xe0,0xe0,0x80,
	0xe0,0xe0,0xe0,0x80,0xdf,0xdf,0xdf,0x72,0xdf,0xdf,0xdf,0x25,0x00,0x00,0x00,0x00,
	0x00,0x00,0x00,0x00,0xde,0xde,0xde,0x25,0xdd,0xdd,0xdd,0x74,0xdd,0xdd,0xdd,0x80,
	0xdc,0xdc,0xdc,0x80,0xdc,0xdc,0xdc,0x80,0xdb,0xdb,0xdb,0x80,0xdb,0xdb,0xdb,0x80,
	0xdb,0xdb,0xdb,0x80,0xda,0xda,0xda,0x80,0xda,0xda,0xda,0x80,0xda,0xda,0xda,0x72,
	0xd9,0xd9,0xd9,0x25,0x00,0x00,0x00,0x00,0x00,0x00,0x00,0x00,0x00,0x00,0x00,0x00,
	0x00,0x00,0x00,0x00,0x00,0x00,0x00,0x00,0x00,0x00,0x00,0x00,0x00,0x00,0x00,0x00,
	0x00,0x00,0x00,0x00,0x00,0x00,0x00,0x00,0x00,0x00,0x00,0x00,0x00,0x00,0x00,0x00,
	0x00,0x00,0x00,0x00,0x00,0x00,0x00,0x00,0x00,0x00,0x00,0x00,0x00,0x00,0x00,0x00,
	0x00,0x00,0x00,0x00,0x00,0x00,0x00,0x00,0x00,0x00,0x00,0x00,0x00,0x00,0x00,0x00,
	0x00,0x00,0x00,0x00,0x00,0x00,0x00,0x00,0x00,0x00,0x00,0x00,0x00,0x00,0x00,0x00,
	0x00,0x00,0x00,0x00,0x00,0x00,0x00,0x00,0x00,0x00,0x00,0x00,0x00,0x00,0x00,0x00,
	0x00,0x00,0x00,0x00,0x00,0x00,0x00,0x00,0x00,0x00,0x00,0x00,0x00,0x00,0x00,0x00,
	0x00,0x00,0x00,0x00,0x00,0x00,0x00,0x00,0x00,0x00,0x00,0x00,0x00,0x00,0x00,0x00,
	0x00,0x00,0x00,0x00,0x00,0x00,0x00,0x00,0x00,0x00,0x00,0x00,0x00,0x00,0x00,0x00,
	0x00,0x00,0x00,0x00,0x00,0x00,0x00,0x00,0x00,0x00,0x00,0x00,0x00,0x00,0x00,0x00,
	0x00,0x00,0x00,0x00,0x00,0x00,0x00,0x00,0x00,0x00,0x00,0x00,0x00,0x00,0x00,0x00,
	0x00,0x00,0x00,0x00,0x00,0x00,0x00,0x00,0x00,0x00,0x00,0x00,0x00,0x00,0x00,0x00,
	0x00,0x00,0x00,0x00,0x00,0x00,0x00,0x00,0x00,0x00,0x00,0x00,0x00,0x00,0x00,0x00,
	0x00,0x00,0x00,0x00,0x00,0x00,0x00,0x00,0x00,0x00,0x00,0x00,0x00,0x00,0x00,0x00,
	0x00,0x00,0x00,0x00,0x00,0x00,0x00,0x00,0x00,0x00,0x00,0x00,0x00,0x00,0x00,0x00,
	0x00,0x00,0x00,0x00,0x00,0x00,0x00,0x00,0x00,0x00,0x00,0x00,0x00,0x00,0x00,0x00,
	0x00,0x00,0x00,0x00,0x00,0x00,0x00,0x00,0x00,0x00,0x00,0x00,0x00,0x00,0x00,0x00,
	0x00,0x00,0x00,0x00,0x00,0x00,0x00,0x00,0x00,0x00,0x00,0x00,0x00,0x00,0x00,0x00,
	0x00,0x00,0x00,0x00,0x00,0x00,0x00,0x00,0x00,0x00,0x00,0x00,0x00,0x00,0x00,0x00,
	0x00,0x00,0x00,0x00,0x00,0x00,0x00,0x00,0x00,0x00,0x00,0x00,0x00,0x00,0x00,0x00,
	0x00,0x00,0x00,0x00,0x00,0x00,0x00,0x00,0x00,0x00,0x00,0x00,0x00,0x00,0x00,0x00,
	0x00,0x00,0x00,0x00,0x00,0x00,0x00,0x00,0x00,0x00,0x00,0x00,0x00,0x00,0x00,0x00,
	0x00,0x00,0x00,0x00,0x00,0x00,0x00,0x00,0x00,0x00,0x00,0x00,0x00,0x00,0x00,0x00,
	0x00,0x00,0x00,0x00,0x00,0x00,0x00,0x00,0x00,0x00,0x00,0x00,0x00,0x00,0x00,0x00,
};
static const unsigned char rgba_s_IconAVIS[ 4096 ] __attribute__(   (  aligned( 16 ), section( ".data" )  )   ) = {
	0x00,0x00,0x00,0x00,0x00,0x00,0x00,0x00,0x00,0x00,0x00,0x00,0x00,0x00,0x00,0x00,
	0x00,0x00,0x00,0x00,0x00,0x00,0x00,0x00,0x00,0x00,0x00,0x00,0x00,0x00,0x00,0x00,
	0x00,0x00,0x00,0x00,0x00,0x00,0x00,0x00,0x00,0x00,0x00,0x00,0x00,0x00,0x00,0x00,
	0x00,0x00,0x00,0x00,0x00,0x00,0x00,0x00,0x00,0x00,0x00,0x00,0x00,0x00,0x00,0x00,
	0x00,0x00,0x00,0x00,0x00,0x00,0x00,0x00,0x00,0x00,0x00,0x00,0x00,0x00,0x00,0x00,
	0x00,0x00,0x00,0x00,0x00,0x00,0x00,0x00,0x00,0x00,0x00,0x00,0x00,0x00,0x00,0x00,
	0x00,0x00,0x00,0x00,0x00,0x00,0x00,0x00,0x00,0x00,0x00,0x00,0x00,0x00,0x00,0x00,
	0x00,0x00,0x00,0x00,0x00,0x00,0x00,0x00,0x00,0x00,0x00,0x00,0x00,0x00,0x00,0x00,
	0x00,0x00,0x00,0x00,0x00,0x00,0x00,0x00,0x00,0x00,0x00,0x00,0x00,0x00,0x00,0x00,
	0x00,0x00,0x00,0x00,0x00,0x00,0x00,0x00,0x00,0x00,0x00,0x00,0x00,0x00,0x00,0x00,
	0x00,0x00,0x00,0x00,0x00,0x00,0x00,0x00,0x00,0x00,0x00,0x00,0x00,0x00,0x00,0x00,
	0x00,0x00,0x00,0x00,0x00,0x00,0x00,0x00,0x00,0x00,0x00,0x00,0x00,0x00,0x00,0x00,
	0x00,0x00,0x00,0x00,0x00,0x00,0x00,0x00,0x00,0x00,0x00,0x00,0x00,0x00,0x00,0x00,
	0x00,0x00,0x00,0x00,0x00,0x00,0x00,0x00,0x00,0x00,0x00,0x00,0x00,0x00,0x00,0x00,
	0x00,0x00,0x00,0x00,0x00,0x00,0x00,0x00,0x00,0x00,0x00,0x00,0x00,0x00,0x00,0x00,
	0x00,0x00,0x00,0x00,0x00,0x00,0x00,0x00,0x00,0x00,0x00,0x00,0x00,0x00,0x00,0x00,
	0x00,0x00,0x00,0x00,0x00,0x00,0x00,0x00,0x00,0x00,0x00,0x00,0x00,0x00,0x00,0x00,
	0x00,0x00,0x00,0x00,0x00,0x00,0x00,0x00,0x00,0x00,0x00,0x00,0x00,0x00,0x00,0x00,
	0x00,0x00,0x00,0x00,0x00,0x00,0x00,0x00,0x00,0x00,0x00,0x00,0x00,0x00,0x00,0x00,
	0x00,0x00,0x00,0x00,0x00,0x00,0x00,0x00,0x00,0x00,0x00,0x00,0x00,0x00,0x00,0x00,
	0x00,0x00,0x00,0x00,0x00,0x00,0x00,0x00,0x00,0x00,0x00,0x00,0x00,0x00,0x00,0x00,
	0x00,0x00,0x00,0x00,0x00,0x00,0x00,0x00,0x00,0x00,0x00,0x00,0x00,0x00,0x00,0x00,
	0x00,0x00,0x00,0x00,0x00,0x00,0x00,0x00,0x00,0x00,0x00,0x00,0x00,0x00,0x00,0x00,
	0x00,0x00,0x00,0x00,0x00,0x00,0x00,0x00,0x00,0x00,0x00,0x00,0x00,0x00,0x00,0x00,
	0x00,0x00,0x00,0x00,0x00,0x00,0x00,0x00,0x00,0x00,0x00,0x00,0x00,0x00,0x00,0x00,
	0x00,0x00,0x00,0x00,0xfe,0xfe,0xfe,0x62,0xfe,0xfe,0xfe,0x80,0xfe,0xfe,0xfe,0x80,
	0xfe,0xfe,0xfe,0x80,0xfd,0xfd,0xfd,0x80,0xfd,0xfd,0xfd,0x80,0xfd,0xfd,0xfd,0x80,
	0xfd,0xfd,0xfd,0x80,0xfd,0xfd,0xfd,0x80,0xfd,0xfd,0xfd,0x80,0xfd,0xfd,0xfd,0x80,
	0xfc,0xfc,0xfc,0x80,0xfc,0xfc,0xfc,0x80,0xfc,0xfc,0xfc,0x80,0xfc,0xfc,0xfc,0x80,
	0xfc,0xfc,0xfc,0x80,0xfc,0xfc,0xfc,0x80,0xfb,0xfb,0xfb,0x80,0xfb,0xfb,0xfb,0x80,
	0xfb,0xfb,0xfb,0x80,0xfb,0xfb,0xfb,0x80,0xfb,0xfb,0xfb,0x62,0x00,0x00,0x00,0x00,
	0x00,0x00,0x00,0x00,0x00,0x00,0x00,0x00,0x00,0x00,0x00,0x00,0x00,0x00,0x00,0x00,
	0x00,0x00,0x00,0x00,0x00,0x00,0x00,0x00,0x00,0x00,0x00,0x00,0x00,0x00,0x00,0x00,
	0x00,0x00,0x00,0x00,0xfe,0xfe,0xfe,0x80,0xfe,0xfe,0xfe,0x80,0xfd,0xfd,0xfd,0x80,
	0xfd,0xfd,0xfd,0x80,0xfd,0xfd,0xfd,0x80,0xfd,0xfd,0xfd,0x80,0xfd,0xfd,0xfd,0x80,
	0xfd,0xfd,0xfd,0x80,0xfd,0xfd,0xfd,0x80,0xfc,0xfc,0xfc,0x80,0xfc,0xfc,0xfc,0x80,
	0xfc,0xfc,0xfc,0x80,0xfc,0xfc,0xfc,0x80,0xfc,0xfc,0xfc,0x80,0xfc,0xfc,0xfc,0x80,
	0xfb,0xfb,0xfb,0x80,0xfb,0xfb,0xfb,0x80,0xfb,0xfb,0xfb,0x80,0xfb,0xfb,0xfb,0x80,
	0xfb,0xfb,0xfb,0x80,0xfb,0xfb,0xfb,0x80,0xfa,0xfa,0xfa,0x80,0x00,0x00,0x00,0x00,
	0x00,0x00,0x00,0x00,0x00,0x00,0x00,0x00,0x00,0x00,0x00,0x00,0x00,0x00,0x00,0x00,
	0x00,0x00,0x00,0x00,0x00,0x00,0x00,0x00,0x00,0x00,0x00,0x00,0x00,0x00,0x00,0x00,
	0x00,0x00,0x00,0x00,0xfd,0xfd,0xfd,0x80,0xfd,0xfd,0xfd,0x80,0xfd,0xfd,0xfd,0x80,
	0xfd,0xfd,0xfd,0x80,0xfd,0xfd,0xfd,0x80,0xfd,0xfd,0xfd,0x80,0xfd,0xfd,0xfd,0x80,
	0xfc,0xfc,0xfc,0x80,0xfc,0xfc,0xfc,0x80,0xfc,0xfc,0xfc,0x80,0xfc,0xfc,0xfc,0x80,
	0xfc,0xfc,0xfc,0x80,0xfc,0xfc,0xfc,0x80,0xfb,0xfb,0xfb,0x80,0xfb,0xfb,0xfb,0x80,
	0xfb,0xfb,0xfb,0x80,0xfb,0xfb,0xfb,0x80,0xfb,0xfb,0xfb,0x80,0xfb,0xfb,0xfb,0x80,
	0xfa,0xfa,0xfa,0x80,0xfa,0xfa,0xfa,0x80,0xfa,0xfa,0xfa,0x80,0x00,0x00,0x00,0x00,
	0x00,0x00,0x00,0x00,0x00,0x00,0x00,0x00,0x00,0x00,0x00,0x00,0x00,0x00,0x00,0x00,
	0x00,0x00,0x00,0x00,0x00,0x00,0x00,0x00,0x00,0x00,0x00,0x00,0x00,0x00,0x00,0x00,
	0x00,0x00,0x00,0x00,0xfd,0xfd,0xfd,0x80,0xfd,0xfd,0xfd,0x80,0xfd,0xfd,0xfd,0x80,
	0xfd,0xfd,0xfd,0x80,0xfd,0xfd,0xfd,0x80,0xfc,0xfc,0xfc,0x80,0xfc,0xfc,0xfc,0x80,
	0xfc,0xfc,0xfc,0x80,0xfc,0xfc,0xfc,0x80,0xfc,0xfc,0xfc,0x80,0xfc,0xfc,0xfc,0x80,
	0xfb,0xfb,0xfb,0x80,0xfb,0xfb,0xfb,0x80,0xfb,0xfb,0xfb,0x80,0xfb,0xfb,0xfb,0x80,
	0xfb,0xfb,0xfb,0x80,0xfb,0xfb,0xfb,0x80,0xfa,0xfa,0xfa,0x80,0xfa,0xfa,0xfa,0x80,
	0xfa,0xfa,0xfa,0x80,0xfa,0xfa,0xfa,0x80,0xfa,0xfa,0xfa,0x80,0x00,0x00,0x00,0x00,
	0x00,0x00,0x00,0x00,0x00,0x00,0x00,0x00,0x00,0x00,0x00,0x00,0x00,0x00,0x00,0x00,
	0x00,0x00,0x00,0x00,0x00,0x00,0x00,0x00,0x00,0x00,0x00,0x00,0x00,0x00,0x00,0x00,
	0x00,0x00,0x00,0x00,0xfd,0xfd,0xfd,0x80,0xfd,0xfd,0xfd,0x80,0xfc,0xfc,0xfc,0x80,
	0x3c,0x91,0xd2,0x80,0x01,0x6f,0xc5,0x80,0x02,0x6f,0xc5,0x80,0x02,0x6e,0xc5,0x80,
	0x02,0x6d,0xc5,0x80,0x62,0xa3,0xda,0x80,0xfb,0xfb,0xfb,0x80,0xfb,0xfb,0xfb,0x80,
	0xfb,0xfb,0xfb,0x80,0xfb,0xfb,0xfb,0x80,0xfb,0xfb,0xfb,0x80,0xfa,0xfa,0xfa,0x80,
	0xfa,0xfa,0xfa,0x80,0xfa,0xfa,0xfa,0x80,0xfa,0xfa,0xfa,0x80,0xfa,0xfa,0xfa,0x80,
	0xfa,0xfa,0xfa,0x80,0xf9,0xf9,0xf9,0x80,0xf9,0xf9,0xf9,0x80,0x00,0x00,0x00,0x00,
	0x00,0x00,0x00,0x00,0x00,0x00,0x00,0x00,0x00,0x00,0x00,0x00,0x00,0x00,0x00,0x00,
	0x00,0x00,0x00,0x00,0x00,0x00,0x00,0x00,0x00,0x00,0x00,0x00,0x00,0x00,0x00,0x00,
	0x00,0x00,0x00,0x00,0xfc,0xfc,0xfc,0x80,0xfc,0xfc,0xfc,0x80,0xfc,0xfc,0xfc,0x80,
	0x3d,0x8f,0xd2,0x80,0x02,0x6e,0xc5,0x80,0x02,0x6d,0xc5,0x80,0x03,0x6c,0xc5,0x80,
	0x03,0x6b,0xc4,0x80,0x62,0xa2,0xd9,0x80,0xfb,0xfb,0xfb,0x80,0xfb,0xfb,0xfb,0x80,
	0xfb,0xfb,0xfb,0x80,0xfa,0xfa,0xfa,0x80,0xfa,0xfa,0xfa,0x80,0xfa,0xfa,0xfa,0x80,
	0xfa,0xfa,0xfa,0x80,0xfa,0xfa,0xfa,0x80,0xfa,0xfa,0xfa,0x80,0xf9,0xf9,0xf9,0x80,
	0xf9,0xf9,0xf9,0x80,0xf9,0xf9,0xf9,0x80,0xf9,0xf9,0xf9,0x80,0x00,0x00,0x00,0x00,
	0x00,0x00,0x00,0x00,0x00,0x00,0x00,0x00,0x00,0x00,0x00,0x00,0x00,0x00,0x00,0x00,
	0x00,0x00,0x00,0x00,0x00,0x00,0x00,0x00,0x00,0x00,0x00,0x00,0x00,0x00,0x00,0x00,
	0x00,0x00,0x00,0x00,0xfc,0xfc,0xfc,0x80,0xfc,0xfc,0xfc,0x80,0xfc,0xfc,0xfc,0x80,
	0xfc,0xfc,0xfc,0x80,0xfb,0xfb,0xfb,0x80,0xfb,0xfb,0xfb,0x80,0xfb,0xfb,0xfb,0x80,
	0xfb,0xfb,0xfb,0x80,0xfb,0xfb,0xfb,0x80,0xfb,0xfb,0xfb,0x80,0xfa,0xfa,0xfa,0x80,
	0xfa,0xfa,0xfa,0x80,0xfa,0xfa,0xfa,0x80,0xfa,0xfa,0xfa,0x80,0xfa,0xfa,0xfa,0x80,
	0xfa,0xfa,0xfa,0x80,0xf9,0xf9,0xf9,0x80,0xf9,0xf9,0xf9,0x80,0xf9,0xf9,0xf9,0x80,
	0xf9,0xf9,0xf9,0x80,0xf9,0xf9,0xf9,0x80,0xf8,0xf8,0xf8,0x80,0x00,0x00,0x00,0x00,
	0x00,0x00,0x00,0x00,0x00,0x00,0x00,0x00,0x00,0x00,0x00,0x00,0x00,0x00,0x00,0x00,
	0x00,0x00,0x00,0x00,0x00,0x00,0x00,0x00,0x00,0x00,0x00,0x00,0x00,0x00,0x00,0x00,
	0x00,0x00,0x00,0x00,0xfc,0xfc,0xfc,0x80,0xfc,0xfc,0xfc,0x80,0xfb,0xfb,0xfb,0x80,
	0xfb,0xfb,0xfb,0x80,0xfb,0xfb,0xfb,0x80,0xfb,0xfb,0xfb,0x80,0xfb,0xfb,0xfb,0x80,
	0xfb,0xfb,0xfb,0x80,0xfa,0xfa,0xfa,0x80,0xfa,0xfa,0xfa,0x80,0xfa,0xfa,0xfa,0x80,
	0xfa,0xfa,0xfa,0x80,0xfa,0xfa,0xfa,0x80,0xfa,0xfa,0xfa,0x80,0xf9,0xf9,0xf9,0x80,
	0xf9,0xf9,0xf9,0x80,0xf9,0xf9,0xf9,0x80,0xf9,0xf9,0xf9,0x80,0xf9,0xf9,0xf9,0x80,
	0xf8,0xf8,0xf8,0x80,0xf8,0xf8,0xf8,0x80,0xf8,0xf8,0xf8,0x80,0x00,0x00,0x00,0x00,
	0x00,0x00,0x00,0x00,0x00,0x00,0x00,0x00,0x00,0x00,0x00,0x00,0x00,0x00,0x00,0x00,
	0x00,0x00,0x00,0x00,0x00,0x00,0x00,0x00,0x00,0x00,0x00,0x00,0x00,0x00,0x00,0x00,
	0x00,0x00,0x00,0x00,0xfb,0xfb,0xfb,0x80,0xfb,0xfb,0xfb,0x80,0xfb,0xfb,0xfb,0x80,
	0x3d,0x8b,0xd1,0x80,0x04,0x68,0xc4,0x80,0x04,0x67,0xc4,0x80,0x04,0x66,0xc4,0x80,
	0x05,0x65,0xc3,0x80,0x05,0x64,0xc3,0x80,0x05,0x63,0xc3,0x80,0x06,0x62,0xc3,0x80,
	0x06,0x61,0xc3,0x80,0x06,0x60,0xc2,0x80,0x07,0x5e,0xc2,0x80,0x07,0x5d,0xc2,0x80,
	0x07,0x5c,0xc2,0x80,0x08,0x5b,0xc2,0x80,0x08,0x5a,0xc1,0x80,0x41,0x7e,0xce,0x80,
	0xf8,0xf8,0xf8,0x80,0xf8,0xf8,0xf8,0x80,0xf8,0xf8,0xf8,0x80,0x00,0x00,0x00,0x00,
	0x00,0x00,0x00,0x00,0x00,0x00,0x00,0x00,0x00,0x00,0x00,0x00,0x00,0x00,0x00,0x00,
	0x00,0x00,0x00,0x00,0x00,0x00,0x00,0x00,0x00,0x00,0x00,0x00,0x00,0x00,0x00,0x00,
	0x00,0x00,0x00,0x00,0xfb,0xfb,0xfb,0x80,0xfb,0xfb,0xfb,0x80,0xfb,0xfb,0xfb,0x80,
	0x3e,0x8a,0xd1,0x80,0x04,0x66,0xc4,0x80,0x05,0x65,0xc3,0x80,0x05,0x64,0xc3,0x80,
	0x05,0x63,0xc3,0x80,0x06,0x62,0xc3,0x80,0x06,0x60,0xc3,0x80,0x06,0x5f,0xc2,0x80,
	0x07,0x5e,0xc2,0x80,0x07,0x5d,0xc2,0x80,0x08,0x5c,0xc2,0x80,0x08,0x5b,0xc2,0x80,
	0x08,0x5a,0xc1,0x80,0x09,0x59,0xc1,0x80,0x09,0x57,0xc1,0x80,0x40,0x7b,0xce,0x80,
	0xf8,0xf8,0xf8,0x80,0xf7,0xf7,0xf7,0x80,0xf7,0xf7,0xf7,0x80,0x00,0x00,0x00,0x00,
	0x00,0x00,0x00,0x00,0x00,0x00,0x00,0x00,0x00,0x00,0x00,0x00,0x00,0x00,0x00,0x00,
	0x00,0x00,0x00,0x00,0x00,0x00,0x00,0x00,0x00,0x00,0x00,0x00,0x00,0x00,0x00,0x00,
	0x00,0x00,0x00,0x00,0xfb,0xfb,0xfb,0x80,0xfb,0xfb,0xfb,0x80,0xfa,0xfa,0xfa,0x80,
	0xfa,0xfa,0xfa,0x80,0xfa,0xfa,0xfa,0x80,0xfa,0xfa,0xfa,0x80,0xfa,0xfa,0xfa,0x80,
	0xf9,0xf9,0xf9,0x80,0xf9,0xf9,0xf9,0x80,0xf9,0xf9,0xf9,0x80,0xf9,0xf9,0xf9,0x80,
	0xf9,0xf9,0xf9,0x80,0xf9,0xf9,0xf9,0x80,0xf8,0xf8,0xf8,0x80,0xf8,0xf8,0xf8,0x80,
	0xf8,0xf8,0xf8,0x80,0xf8,0xf8,0xf8,0x80,0xf8,0xf8,0xf8,0x80,0xf7,0xf7,0xf7,0x80,
	0xf7,0xf7,0xf7,0x80,0xf7,0xf7,0xf7,0x80,0xf7,0xf7,0xf7,0x80,0x00,0x00,0x00,0x00,
	0x00,0x00,0x00,0x00,0x00,0x00,0x00,0x00,0x00,0x00,0x00,0x00,0x00,0x00,0x00,0x00,
	0x00,0x00,0x00,0x00,0x00,0x00,0x00,0x00,0x00,0x00,0x00,0x00,0x00,0x00,0x00,0x00,
	0x00,0x00,0x00,0x00,0xfa,0xfa,0xfa,0x80,0xfa,0xfa,0xfa,0x80,0xfa,0xfa,0xfa,0x80,
	0xfa,0xfa,0xfa,0x80,0xfa,0xfa,0xfa,0x80,0xf9,0xf9,0xf9,0x80,0xf9,0xf9,0xf9,0x80,
	0xf9,0xf9,0xf9,0x80,0xf9,0xf9,0xf9,0x80,0xf9,0xf9,0xf9,0x80,0xf8,0xf8,0xf8,0x80,
	0xf8,0xf8,0xf8,0x80,0xf8,0xf8,0xf8,0x80,0xf8,0xf8,0xf8,0x80,0xf8,0xf8,0xf8,0x80,
	0xf8,0xf8,0xf8,0x80,0xf7,0xf7,0xf7,0x80,0xf7,0xf7,0xf7,0x80,0xf7,0xf7,0xf7,0x80,
	0xf7,0xf7,0xf7,0x80,0xf7,0xf7,0xf7,0x80,0xf6,0xf6,0xf6,0x80,0x00,0x00,0x00,0x00,
	0x00,0x00,0x00,0x00,0x00,0x00,0x00,0x00,0x00,0x00,0x00,0x00,0x00,0x00,0x00,0x00,
	0x00,0x00,0x00,0x00,0x00,0x00,0x00,0x00,0x00,0x00,0x00,0x00,0x00,0x00,0x00,0x00,
	0x00,0x00,0x00,0x00,0xfa,0xfa,0xfa,0x80,0xfa,0xfa,0xfa,0x80,0xfa,0xfa,0xfa,0x80,
	0x3f,0x84,0xd0,0x80,0x07,0x5f,0xc2,0x80,0x07,0x5e,0xc2,0x80,0x07,0x5d,0xc2,0x80,
	0x08,0x5b,0xc2,0x80,0x08,0x5a,0xc2,0x80,0x08,0x59,0xc1,0x80,0x09,0x58,0xc1,0x80,
	0x09,0x57,0xc1,0x80,0x09,0x56,0xc1,0x80,0x0a,0x55,0xc1,0x80,0x0a,0x53,0xc0,0x80,
	0x0b,0x52,0xc0,0x80,0x0b,0x51,0xc0,0x80,0x0b,0x50,0xc0,0x80,0x43,0x77,0xcd,0x80,
	0xf6,0xf6,0xf6,0x80,0xf6,0xf6,0xf6,0x80,0xf6,0xf6,0xf6,0x80,0x00,0x00,0x00,0x00,
	0x00,0x00,0x00,0x00,0x00,0x00,0x00,0x00,0x00,0x00,0x00,0x00,0x00,0x00,0x00,0x00,
	0x00,0x00,0x00,0x00,0x00,0x00,0x00,0x00,0x00,0x00,0x00,0x00,0x00,0x00,0x00,0x00,
	0x00,0x00,0x00,0x00,0xfa,0xfa,0xfa,0x80,0xf9,0xf9,0xf9,0x80,0xf9,0xf9,0xf9,0x80,
	0x40,0x82,0xcf,0x80,0x07,0x5c,0xc2,0x80,0x08,0x5b,0xc2,0x80,0x08,0x5a,0xc1,0x80,
	0x08,0x59,0xc1,0x80,0x09,0x58,0xc1,0x80,0x09,0x57,0xc1,0x80,0x0a,0x56,0xc1,0x80,
	0x0a,0x54,0xc0,0x80,0x0a,0x53,0xc0,0x80,0x0b,0x52,0xc0,0x80,0x0b,0x51,0xc0,0x80,
	0x0b,0x50,0xc0,0x80,0x0c,0x4f,0xbf,0x80,0x0c,0x4d,0xbf,0x80,0x42,0x73,0xcc,0x80,
	0xf6,0xf6,0xf6,0x80,0xf6,0xf6,0xf6,0x80,0xf6,0xf6,0xf6,0x80,0x00,0x00,0x00,0x00,
	0x00,0x00,0x00,0x00,0x00,0x00,0x00,0x00,0x00,0x00,0x00,0x00,0x00,0x00,0x00,0x00,
	0x00,0x00,0x00,0x00,0x00,0x00,0x00,0x00,0x00,0x00,0x00,0x00,0x00,0x00,0x00,0x00,
	0x00,0x00,0x00,0x00,0xf9,0xf9,0xf9,0x80,0xf9,0xf9,0xf9,0x80,0xf9,0xf9,0xf9,0x80,
	0xf9,0xf9,0xf9,0x80,0xf8,0xf8,0xf8,0x80,0xf8,0xf8,0xf8,0x80,0xf8,0xf8,0xf8,0x80,
	0xf8,0xf8,0xf8,0x80,0xf8,0xf8,0xf8,0x80,0xf7,0xf7,0xf7,0x80,0xf7,0xf7,0xf7,0x80,
	0xf7,0xf7,0xf7,0x80,0xf7,0xf7,0xf7,0x80,0xf7,0xf7,0xf7,0x80,0xf7,0xf7,0xf7,0x80,
	0xf6,0xf6,0xf6,0x80,0xf6,0xf6,0xf6,0x80,0xf6,0xf6,0xf6,0x80,0xf6,0xf6,0xf6,0x80,
	0xf6,0xf6,0xf6,0x80,0xf5,0xf5,0xf5,0x80,0xf5,0xf5,0xf5,0x80,0x00,0x00,0x00,0x00,
	0x00,0x00,0x00,0x00,0x00,0x00,0x00,0x00,0x00,0x00,0x00,0x00,0x00,0x00,0x00,0x00,
	0x00,0x00,0x00,0x00,0x00,0x00,0x00,0x00,0x00,0x00,0x00,0x00,0x00,0x00,0x00,0x00,
	0x00,0x00,0x00,0x00,0xf9,0xf9,0xf9,0x80,0xf9,0xf9,0xf9,0x80,0xf8,0xf8,0xf8,0x80,
	0xf8,0xf8,0xf8,0x80,0xf8,0xf8,0xf8,0x80,0xf8,0xf8,0xf8,0x80,0xf8,0xf8,0xf8,0x80,
	0xf7,0xf7,0xf7,0x80,0xf7,0xf7,0xf7,0x80,0xf7,0xf7,0xf7,0x80,0xf7,0xf7,0xf7,0x80,
	0xf7,0xf7,0xf7,0x80,0xf7,0xf7,0xf7,0x80,0xf6,0xf6,0xf6,0x80,0xf6,0xf6,0xf6,0x80,
	0xf6,0xf6,0xf6,0x80,0xf6,0xf6,0xf6,0x80,0xf6,0xf6,0xf6,0x80,0xf5,0xf5,0xf5,0x80,
	0xf5,0xf5,0xf5,0x80,0xf5,0xf5,0xf5,0x80,0xf5,0xf5,0xf5,0x80,0x00,0x00,0x00,0x00,
	0x00,0x00,0x00,0x00,0x00,0x00,0x00,0x00,0x00,0x00,0x00,0x00,0x00,0x00,0x00,0x00,
	0x00,0x00,0x00,0x00,0x00,0x00,0x00,0x00,0x00,0x00,0x00,0x00,0x00,0x00,0x00,0x00,
	0x00,0x00,0x00,0x00,0xf8,0xf8,0xf8,0x80,0xf8,0xf8,0xf8,0x80,0xf8,0xf8,0xf8,0x80,
	0x41,0x7c,0xce,0x80,0x0a,0x55,0xc1,0x80,0x0a,0x54,0xc0,0x80,0x0a,0x53,0xc0,0x80,
	0x0b,0x51,0xc0,0x80,0x0b,0x50,0xc0,0x80,0x0c,0x4f,0xc0,0x80,0x0c,0x4e,0xbf,0x80,
	0x0c,0x4d,0xbf,0x80,0x0d,0x4c,0xbf,0x80,0x0d,0x4b,0xbf,0x80,0x0d,0x4a,0xbf,0x80,
	0x0e,0x48,0xbe,0x80,0x0e,0x47,0xbe,0x80,0x0e,0x46,0xbe,0x80,0x45,0x6e,0xcb,0x80,
	0xf5,0xf5,0xf5,0x80,0xf5,0xf5,0xf5,0x80,0xf4,0xf4,0xf4,0x80,0x00,0x00,0x00,0x00,
	0x00,0x00,0x00,0x00,0x00,0x00,0x00,0x00,0x00,0x00,0x00,0x00,0x00,0x00,0x00,0x00,
	0x00,0x00,0x00,0x00,0x00,0x00,0x00,0x00,0x00,0x00,0x00,0x00,0x00,0x00,0x00,0x00,
	0x00,0x00,0x00,0x00,0xf8,0xf8,0xf8,0x80,0xf8,0xf8,0xf8,0x80,0xf8,0xf8,0xf8,0x80,
	0x42,0x7a,0xcd,0x80,0x0b,0x52,0xc0,0x80,0x0b,0x51,0xc0,0x80,0x0b,0x50,0xc0,0x80,
	0x0c,0x4f,0xc0,0x80,0x0c,0x4e,0xbf,0x80,0x0c,0x4d,0xbf,0x80,0x0d,0x4c,0xbf,0x80,
	0x0d,0x4a,0xbf,0x80,0x0d,0x49,0xbf,0x80,0x0e,0x48,0xbe,0x80,0x0e,0x47,0xbe,0x80,
	0x0e,0x46,0xbe,0x80,0x0f,0x45,0xbe,0x80,0x0f,0x44,0xbe,0x80,0x44,0x6c,0xca,0x80,
	0xf4,0xf4,0xf4,0x80,0xf4,0xf4,0xf4,0x80,0xf4,0xf4,0xf4,0x80,0x00,0x00,0x00,0x00,
	0x00,0x00,0x00,0x00,0x00,0x00,0x00,0x00,0x00,0x00,0x00,0x00,0x00,0x00,0x00,0x00,
	0x00,0x00,0x00,0x00,0x00,0x00,0x00,0x00,0x00,0x00,0x00,0x00,0x00,0x00,0x00,0x00,
	0x00,0x00,0x00,0x00,0xf8,0xf8,0xf8,0x80,0xf7,0xf7,0xf7,0x80,0xf7,0xf7,0xf7,0x80,
	0xf7,0xf7,0xf7,0x80,0xf7,0xf7,0xf7,0x80,0xf7,0xf7,0xf7,0x80,0xf6,0xf6,0xf6,0x80,
	0xf6,0xf6,0xf6,0x80,0xf6,0xf6,0xf6,0x80,0xf6,0xf6,0xf6,0x80,0xf6,0xf6,0xf6,0x80,
	0xf6,0xf6,0xf6,0x80,0xf5,0xf5,0xf5,0x80,0xf5,0xf5,0xf5,0x80,0xf5,0xf5,0xf5,0x80,
	0xf5,0xf5,0xf5,0x80,0xf5,0xf5,0xf5,0x80,0xf4,0xf4,0xf4,0x80,0xf4,0xf4,0xf4,0x80,
	0xf4,0xf4,0xf4,0x80,0xf4,0xf4,0xf4,0x80,0xf4,0xf4,0xf4,0x80,0x00,0x00,0x00,0x00,
	0x00,0x00,0x00,0x00,0x00,0x00,0x00,0x00,0x00,0x00,0x00,0x00,0x00,0x00,0x00,0x00,
	0x00,0x00,0x00,0x00,0x00,0x00,0x00,0x00,0x00,0x00,0x00,0x00,0x00,0x00,0x00,0x00,
	0x00,0x00,0x00,0x00,0xf7,0xf7,0xf7,0x80,0xf7,0xf7,0xf7,0x80,0xf7,0xf7,0xf7,0x80,
	0xf7,0xf7,0xf7,0x80,0xf6,0xf6,0xf6,0x80,0xf6,0xf6,0xf6,0x80,0xf6,0xf6,0xf6,0x80,
	0xf6,0xf6,0xf6,0x80,0xf6,0xf6,0xf6,0x80,0xf5,0xf5,0xf5,0x80,0xf5,0xf5,0xf5,0x80,
	0xf5,0xf5,0xf5,0x80,0xf5,0xf5,0xf5,0x80,0xf5,0xf5,0xf5,0x80,0xf5,0xf5,0xf5,0x80,
	0xf4,0xf4,0xf4,0x80,0xf4,0xf4,0xf4,0x80,0xf4,0xf4,0xf4,0x80,0xf4,0xf4,0xf4,0x80,
	0xf4,0xf4,0xf4,0x80,0xf4,0xf4,0xf4,0x80,0xf3,0xf3,0xf3,0x80,0x00,0x00,0x00,0x00,
	0x00,0x00,0x00,0x00,0x00,0x00,0x00,0x00,0x00,0x00,0x00,0x00,0x00,0x00,0x00,0x00,
	0x00,0x00,0x00,0x00,0x00,0x00,0x00,0x00,0x00,0x00,0x00,0x00,0x00,0x00,0x00,0x00,
	0x00,0x00,0x00,0x00,0xf7,0xf7,0xf7,0x80,0xf7,0xf7,0xf7,0x80,0xf6,0xf6,0xf6,0x80,
	0x43,0x74,0xcc,0x80,0x0d,0x4b,0xbf,0x80,0x0d,0x4a,0xbf,0x80,0x0e,0x49,0xbe,0x80,
	0x0e,0x48,0xbe,0x80,0x0e,0x47,0xbe,0x80,0x0f,0x46,0xbe,0x80,0x0f,0x45,0xbe,0x80,
	0x0f,0x44,0xbe,0x80,0x0f,0x43,0xbd,0x80,0x10,0x42,0xbd,0x80,0x10,0x41,0xbd,0x80,
	0x10,0x40,0xbd,0x80,0x11,0x3f,0xbd,0x80,0x11,0x3e,0xbd,0x80,0x46,0x68,0xc9,0x80,
	0xf3,0xf3,0xf3,0x80,0xf3,0xf3,0xf3,0x80,0xf3,0xf3,0xf3,0x80,0x00,0x00,0x00,0x00,
	0x00,0x00,0x00,0x00,0x00,0x00,0x00,0x00,0x00,0x00,0x00,0x00,0x00,0x00,0x00,0x00,
	0x00,0x00,0x00,0x00,0x00,0x00,0x00,0x00,0x00,0x00,0x00,0x00,0x00,0x00,0x00,0x00,
	0x00,0x00,0x00,0x00,0xf6,0xf6,0xf6,0x80,0xf6,0xf6,0xf6,0x80,0xf6,0xf6,0xf6,0x80,
	0x44,0x72,0xcc,0x80,0x0e,0x49,0xbe,0x80,0x0e,0x48,0xbe,0x80,0x0e,0x46,0xbe,0x80,
	0x0f,0x45,0xbe,0x80,0x0f,0x44,0xbe,0x80,0x0f,0x43,0xbe,0x80,0x10,0x42,0xbd,0x80,
	0x10,0x41,0xbd,0x80,0x10,0x40,0xbd,0x80,0x10,0x3f,0xbd,0x80,0x11,0x3f,0xbd,0x80,
	0x11,0x3e,0xbd,0x80,0x11,0x3d,0xbc,0x80,0x12,0x3c,0xbc,0x80,0x46,0x66,0xc9,0x80,
	0xf3,0xf3,0xf3,0x80,0xf3,0xf3,0xf3,0x80,0xf3,0xf3,0xf3,0x80,0x00,0x00,0x00,0x00,
	0x00,0x00,0x00,0x00,0x00,0x00,0x00,0x00,0x00,0x00,0x00,0x00,0x00,0x00,0x00,0x00,
	0x00,0x00,0x00,0x00,0x00,0x00,0x00,0x00,0x00,0x00,0x00,0x00,0x00,0x00,0x00,0x00,
	0x00,0x00,0x00,0x00,0xf6,0xf6,0xf6,0x80,0xf6,0xf6,0xf6,0x80,0xf6,0xf6,0xf6,0x80,
	0xf5,0xf5,0xf5,0x80,0xf5,0xf5,0xf5,0x80,0xf5,0xf5,0xf5,0x80,0xf5,0xf5,0xf5,0x80,
	0xf5,0xf5,0xf5,0x80,0xf5,0xf5,0xf5,0x80,0xf4,0xf4,0xf4,0x80,0xf4,0xf4,0xf4,0x80,
	0xf4,0xf4,0xf4,0x80,0xf4,0xf4,0xf4,0x80,0xf4,0xf4,0xf4,0x80,0xf3,0xf3,0xf3,0x80,
	0xf3,0xf3,0xf3,0x80,0xf3,0xf3,0xf3,0x80,0xf3,0xf3,0xf3,0x80,0xf3,0xf3,0xf3,0x80,
	0xf3,0xf3,0xf3,0x80,0xf3,0xf3,0xf3,0x80,0xf2,0xf2,0xf2,0x80,0x00,0x00,0x00,0x00,
	0x00,0x00,0x00,0x00,0x00,0x00,0x00,0x00,0x00,0x00,0x00,0x00,0x00,0x00,0x00,0x00,
	0x00,0x00,0x00,0x00,0x00,0x00,0x00,0x00,0x00,0x00,0x00,0x00,0x00,0x00,0x00,0x00,
	0x00,0x00,0x00,0x00,0xf6,0xf6,0xf6,0x80,0xf5,0xf5,0xf5,0x80,0xf5,0xf5,0xf5,0x80,
	0xf5,0xf5,0xf5,0x80,0xf5,0xf5,0xf5,0x80,0xf5,0xf5,0xf5,0x80,0xf4,0xf4,0xf4,0x80,
	0xf4,0xf4,0xf4,0x80,0xf4,0xf4,0xf4,0x80,0xf4,0xf4,0xf4,0x80,0xf4,0xf4,0xf4,0x80,
	0xf4,0xf4,0xf4,0x80,0xf3,0xf3,0xf3,0x80,0xf3,0xf3,0xf3,0x80,0xf3,0xf3,0xf3,0x80,
	0xf3,0xf3,0xf3,0x80,0xf3,0xf3,0xf3,0x80,0xf3,0xf3,0xf3,0x80,0xf2,0xf2,0xf2,0x80,
	0xf2,0xf2,0xf2,0x80,0xf2,0xf2,0xf2,0x80,0xf2,0xf2,0xf2,0x80,0x00,0x00,0x00,0x00,
	0x00,0x00,0x00,0x00,0x00,0x00,0x00,0x00,0x00,0x00,0x00,0x00,0x00,0x00,0x00,0x00,
	0x00,0x00,0x00,0x00,0x00,0x00,0x00,0x00,0x00,0x00,0x00,0x00,0x00,0x00,0x00,0x00,
	0x00,0x00,0x00,0x00,0xf5,0xf5,0xf5,0x80,0xf5,0xf5,0xf5,0x80,0xf5,0xf5,0xf5,0x80,
	0xf5,0xf5,0xf5,0x80,0xf4,0xf4,0xf4,0x80,0xf4,0xf4,0xf4,0x80,0xf4,0xf4,0xf4,0x80,
	0xf4,0xf4,0xf4,0x80,0xf4,0xf4,0xf4,0x80,0xf4,0xf4,0xf4,0x80,0xf3,0xf3,0xf3,0x80,
	0xf3,0xf3,0xf3,0x80,0xf3,0xf3,0xf3,0x80,0xf3,0xf3,0xf3,0x80,0xf3,0xf3,0xf3,0x80,
	0xf3,0xf3,0xf3,0x80,0xf2,0xf2,0xf2,0x80,0xf2,0xf2,0xf2,0x80,0xf2,0xf2,0xf2,0x80,
	0xf2,0xf2,0xf2,0x80,0xf2,0xf2,0xf2,0x80,0xf2,0xf2,0xf2,0x80,0x00,0x00,0x00,0x00,
	0x00,0x00,0x00,0x00,0x00,0x00,0x00,0x00,0x00,0x00,0x00,0x00,0x00,0x00,0x00,0x00,
	0x00,0x00,0x00,0x00,0x00,0x00,0x00,0x00,0x00,0x00,0x00,0x00,0x00,0x00,0x00,0x00,
	0x00,0x00,0x00,0x00,0xf5,0xf5,0xf5,0x62,0xf5,0xf5,0xf5,0x80,0xf4,0xf4,0xf4,0x80,
	0xf4,0xf4,0xf4,0x80,0xf4,0xf4,0xf4,0x80,0xf4,0xf4,0xf4,0x80,0xf4,0xf4,0xf4,0x80,
	0xf4,0xf4,0xf4,0x80,0xf3,0xf3,0xf3,0x80,0xf3,0xf3,0xf3,0x80,0xf3,0xf3,0xf3,0x80,
	0xf3,0xf3,0xf3,0x80,0xf3,0xf3,0xf3,0x80,0xf3,0xf3,0xf3,0x80,0xf2,0xf2,0xf2,0x80,
	0xf2,0xf2,0xf2,0x80,0xf2,0xf2,0xf2,0x80,0xf2,0xf2,0xf2,0x80,0xf2,0xf2,0xf2,0x80,
	0xf2,0xf2,0xf2,0x80,0xf2,0xf2,0xf2,0x80,0xf1,0xf1,0xf1,0x62,0x00,0x00,0x00,0x00,
	0x00,0x00,0x00,0x00,0x00,0x00,0x00,0x00,0x00,0x00,0x00,0x00,0x00,0x00,0x00,0x00,
	0x00,0x00,0x00,0x00,0x00,0x00,0x00,0x00,0x00,0x00,0x00,0x00,0x00,0x00,0x00,0x00,
	0x00,0x00,0x00,0x00,0x00,0x00,0x00,0x00,0x00,0x00,0x00,0x00,0x00,0x00,0x00,0x00,
	0x00,0x00,0x00,0x00,0x00,0x00,0x00,0x00,0x00,0x00,0x00,0x00,0x00,0x00,0x00,0x00,
	0x00,0x00,0x00,0x00,0x00,0x00,0x00,0x00,0x00,0x00,0x00,0x00,0x00,0x00,0x00,0x00,
	0x00,0x00,0x00,0x00,0x00,0x00,0x00,0x00,0x00,0x00,0x00,0x00,0x00,0x00,0x00,0x00,
	0x00,0x00,0x00,0x00,0x00,0x00,0x00,0x00,0x00,0x00,0x00,0x00,0x00,0x00,0x00,0x00,
	0x00,0x00,0x00,0x00,0x00,0x00,0x00,0x00,0x00,0x00,0x00,0x00,0x00,0x00,0x00,0x00,
	0x00,0x00,0x00,0x00,0x00,0x00,0x00,0x00,0x00,0x00,0x00,0x00,0x00,0x00,0x00,0x00,
	0x00,0x00,0x00,0x00,0x00,0x00,0x00,0x00,0x00,0x00,0x00,0x00,0x00,0x00,0x00,0x00,
	0x00,0x00,0x00,0x00,0x00,0x00,0x00,0x00,0x00,0x00,0x00,0x00,0x00,0x00,0x00,0x00,
	0x00,0x00,0x00,0x00,0x00,0x00,0x00,0x00,0x00,0x00,0x00,0x00,0x00,0x00,0x00,0x00,
	0x00,0x00,0x00,0x00,0x00,0x00,0x00,0x00,0x00,0x00,0x00,0x00,0x00,0x00,0x00,0x00,
	0x00,0x00,0x00,0x00,0x00,0x00,0x00,0x00,0x00,0x00,0x00,0x00,0x00,0x00,0x00,0x00,
	0x00,0x00,0x00,0x00,0x00,0x00,0x00,0x00,0x00,0x00,0x00,0x00,0x00,0x00,0x00,0x00,
	0x00,0x00,0x00,0x00,0x00,0x00,0x00,0x00,0x00,0x00,0x00,0x00,0x00,0x00,0x00,0x00,
	0x00,0x00,0x00,0x00,0x00,0x00,0x00,0x00,0x00,0x00,0x00,0x00,0x00,0x00,0x00,0x00,
	0x00,0x00,0x00,0x00,0x00,0x00,0x00,0x00,0x00,0x00,0x00,0x00,0x00,0x00,0x00,0x00,
	0x00,0x00,0x00,0x00,0x00,0x00,0x00,0x00,0x00,0x00,0x00,0x00,0x00,0x00,0x00,0x00,
	0x00,0x00,0x00,0x00,0x00,0x00,0x00,0x00,0x00,0x00,0x00,0x00,0x00,0x00,0x00,0x00,
	0x00,0x00,0x00,0x00,0x00,0x00,0x00,0x00,0x00,0x00,0x00,0x00,0x00,0x00,0x00,0x00,
	0x00,0x00,0x00,0x00,0x00,0x00,0x00,0x00,0x00,0x00,0x00,0x00,0x00,0x00,0x00,0x00,
	0x00,0x00,0x00,0x00,0x00,0x00,0x00,0x00,0x00,0x00,0x00,0x00,0x00,0x00,0x00,0x00,
	0x00,0x00,0x00,0x00,0x00,0x00,0x00,0x00,0x00,0x00,0x00,0x00,0x00,0x00,0x00,0x00,
	0x00,0x00,0x00,0x00,0x00,0x00,0x00,0x00,0x00,0x00,0x00,0x00,0x00,0x00,0x00,0x00,
};
static const unsigned char rgba_s_IconShare[ 4096 ] __attribute__(   (  aligned( 16 ), section( ".data" )  )   ) = {
	0x00,0x00,0x00,0x00,0x00,0x00,0x00,0x00,0x00,0x00,0x00,0x00,0x00,0x00,0x00,0x00,
	0x00,0x00,0x00,0x00,0x00,0x00,0x00,0x00,0x00,0x00,0x00,0x00,0x00,0x00,0x00,0x00,
	0x00,0x00,0x00,0x00,0x00,0x00,0x00,0x00,0x00,0x00,0x00,0x00,0x00,0x00,0x00,0x00,
	0x00,0x00,0x00,0x00,0x00,0x00,0x00,0x00,0x00,0x00,0x00,0x00,0x00,0x00,0x00,0x00,
	0x00,0x00,0x00,0x00,0x00,0x00,0x00,0x00,0x00,0x00,0x00,0x00,0x00,0x00,0x00,0x00,
	0x00,0x00,0x00,0x00,0x00,0x00,0x00,0x00,0x00,0x00,0x00,0x00,0x00,0x00,0x00,0x00,
	0x00,0x00,0x00,0x00,0x00,0x00,0x00,0x00,0x00,0x00,0x00,0x00,0x00,0x00,0x00,0x00,
	0x00,0x00,0x00,0x00,0x00,0x00,0x00,0x00,0x00,0x00,0x00,0x00,0x00,0x00,0x00,0x00,
	0x00,0x00,0x00,0x00,0x00,0x00,0x00,0x00,0x00,0x00,0x00,0x00,0x00,0x00,0x00,0x00,
	0x00,0x00,0x00,0x00,0x00,0x00,0x00,0x00,0x00,0x00,0x00,0x00,0x00,0x00,0x00,0x00,
	0x00,0x00,0x00,0x00,0x00,0x00,0x00,0x00,0x00,0x00,0x00,0x00,0x00,0x00,0x00,0x00,
	0x00,0x00,0x00,0x00,0x00,0x00,0x00,0x00,0x00,0x00,0x00,0x00,0x00,0x00,0x00,0x00,
	0x00,0x00,0x00,0x00,0x00,0x00,0x00,0x00,0x00,0x00,0x00,0x00,0x00,0x00,0x00,0x00,
	0x00,0x00,0x00,0x00,0x00,0x00,0x00,0x00,0x00,0x00,0x00,0x00,0x00,0x00,0x00,0x00,
	0x00,0x00,0x00,0x00,0x00,0x00,0x00,0x00,0x00,0x00,0x00,0x00,0x00,0x00,0x00,0x00,
	0x00,0x00,0x00,0x00,0x00,0x00,0x00,0x00,0x00,0x00,0x00,0x00,0x00,0x00,0x00,0x00,
	0x00,0x00,0x00,0x00,0x00,0x00,0x00,0x00,0x00,0x00,0x00,0x00,0x00,0x00,0x00,0x00,
	0x00,0x00,0x00,0x00,0x00,0x00,0x00,0x00,0x00,0x00,0x00,0x00,0x00,0x00,0x00,0x00,
	0x00,0x00,0x00,0x00,0x00,0x00,0x00,0x00,0x00,0x00,0x00,0x00,0x00,0x00,0x00,0x00,
	0x00,0x00,0x00,0x00,0x00,0x00,0x00,0x00,0x00,0x00,0x00,0x00,0x00,0x00,0x00,0x00,
	0x00,0x00,0x00,0x00,0x00,0x00,0x00,0x00,0x00,0x00,0x00,0x00,0x00,0x00,0x00,0x00,
	0x00,0x00,0x00,0x00,0x00,0x00,0x00,0x00,0x00,0x00,0x00,0x00,0x00,0x00,0x00,0x00,
	0x00,0x00,0x00,0x00,0x00,0x00,0x00,0x00,0x00,0x00,0x00,0x00,0x00,0x00,0x00,0x00,
	0x00,0x00,0x00,0x00,0x00,0x00,0x00,0x00,0x00,0x00,0x00,0x00,0x00,0x00,0x00,0x00,
	0x00,0x00,0x00,0x00,0x00,0x00,0x00,0x00,0x00,0x00,0x00,0x00,0x00,0x00,0x00,0x00,
	0x00,0x00,0x00,0x00,0x00,0x00,0x00,0x00,0x00,0x00,0x00,0x00,0x00,0x00,0x00,0x00,
	0x00,0x00,0x00,0x00,0x00,0x00,0x00,0x00,0x00,0x00,0x00,0x00,0x00,0x00,0x00,0x00,
	0x00,0x00,0x00,0x00,0x00,0x00,0x00,0x00,0x00,0x00,0x00,0x00,0x00,0x00,0x00,0x00,
	0x00,0x00,0x00,0x00,0x00,0x00,0x00,0x00,0x00,0x00,0x00,0x00,0x00,0x00,0x00,0x00,
	0x00,0x00,0x00,0x00,0x00,0x00,0x00,0x00,0x00,0x00,0x00,0x00,0x00,0x00,0x00,0x00,
	0x00,0x00,0x00,0x00,0x00,0x00,0x00,0x00,0x00,0x00,0x00,0x00,0x00,0x00,0x00,0x00,
	0x00,0x00,0x00,0x00,0x00,0x00,0x00,0x00,0x00,0x00,0x00,0x00,0x00,0x00,0x00,0x00,
	0x00,0x00,0x00,0x00,0x00,0x00,0x00,0x00,0x00,0x00,0x00,0x00,0x00,0x00,0x00,0x00,
	0x00,0x00,0x00,0x00,0xfd,0xcc,0x58,0x41,0xfd,0xcb,0x57,0x7c,0xfc,0xca,0x56,0x80,
	0xfc,0xc9,0x55,0x80,0xfb,0xc8,0x54,0x80,0xfa,0xc7,0x53,0x80,0xfa,0xc6,0x52,0x80,
	0xf9,0xc4,0x51,0x80,0xf8,0xc3,0x50,0x80,0xf8,0xc2,0x4e,0x80,0xf7,0xc1,0x4d,0x75,
	0xf6,0xbf,0x4c,0x13,0x00,0x00,0x00,0x00,0x00,0x00,0x00,0x00,0x00,0x00,0x00,0x00,
	0x00,0x00,0x00,0x00,0x00,0x00,0x00,0x00,0x00,0x00,0x00,0x00,0x00,0x00,0x00,0x00,
	0x00,0x00,0x00,0x00,0x00,0x00,0x00,0x00,0x00,0x00,0x00,0x00,0x00,0x00,0x00,0x00,
	0x00,0x00,0x00,0x00,0x00,0x00,0x00,0x00,0x00,0x00,0x00,0x00,0x00,0x00,0x00,0x00,
	0x00,0x00,0x00,0x00,0x00,0x00,0x00,0x00,0x00,0x00,0x00,0x00,0x00,0x00,0x00,0x00,
	0x00,0x00,0x00,0x00,0xfc,0xca,0x56,0x7e,0xfb,0xc9,0x55,0x80,0xfb,0xc7,0x54,0x80,
	0xfa,0xc6,0x53,0x80,0xfa,0xc5,0x52,0x80,0xf9,0xc4,0x50,0x80,0xf8,0xc3,0x4f,0x80,
	0xf7,0xc1,0x4e,0x80,0xf7,0xc0,0x4d,0x80,0xf6,0xbf,0x4b,0x80,0xf5,0xbd,0x4a,0x80,
	0xf5,0xc3,0x5c,0x80,0xfe,0xf7,0xeb,0x80,0xff,0xff,0xff,0x80,0xff,0xff,0xff,0x80,
	0xff,0xff,0xff,0x80,0xff,0xff,0xff,0x80,0xff,0xff,0xff,0x80,0xff,0xff,0xff,0x80,
	0xff,0xff,0xff,0x80,0xff,0xff,0xff,0x80,0x00,0x00,0x00,0x00,0x00,0x00,0x00,0x00,
	0x00,0x00,0x00,0x00,0x00,0x00,0x00,0x00,0x00,0x00,0x00,0x00,0x00,0x00,0x00,0x00,
	0x00,0x00,0x00,0x00,0x00,0x00,0x00,0x00,0x00,0x00,0x00,0x00,0x00,0x00,0x00,0x00,
	0x00,0x00,0x00,0x00,0xfb,0xc7,0x53,0x80,0xfa,0xc6,0x52,0x80,0xf9,0xc5,0x51,0x80,
	0xf9,0xc3,0x50,0x80,0xf8,0xc2,0x4f,0x80,0xf7,0xc1,0x4d,0x80,0xf6,0xbf,0x4c,0x80,
	0xf5,0xbe,0x4b,0x80,0xf5,0xbd,0x49,0x80,0xf4,0xbb,0x48,0x80,0xf3,0xb9,0x45,0x80,
	0xee,0xb1,0x3f,0x80,0xe6,0xa5,0x38,0x80,0xe4,0xa5,0x3e,0x80,0xe4,0xa5,0x3d,0x80,
	0xe3,0xa4,0x3d,0x80,0xe3,0xa3,0x3c,0x80,0xe3,0xa3,0x3b,0x80,0xe3,0xa2,0x3b,0x80,
	0xe3,0xa2,0x3b,0x80,0xe4,0xa6,0x42,0x80,0xdd,0x93,0x21,0x48,0x00,0x00,0x00,0x00,
	0x00,0x00,0x00,0x00,0x00,0x00,0x00,0x00,0x00,0x00,0x00,0x00,0x00,0x00,0x00,0x00,
	0x00,0x00,0x00,0x00,0x00,0x00,0x00,0x00,0x00,0x00,0x00,0x00,0x00,0x00,0x00,0x00,
	0x00,0x00,0x00,0x00,0xf9,0xc4,0x51,0x80,0xf8,0xc3,0x4f,0x80,0xf7,0xc2,0x4e,0x80,
	0xf7,0xc0,0x4d,0x80,0xf6,0xbf,0x4b,0x80,0xf5,0xbe,0x4a,0x80,0xf4,0xbc,0x49,0x80,
	0xf3,0xbb,0x47,0x80,0xf3,0xb9,0x46,0x80,0xf2,0xb8,0x44,0x80,0xf1,0xb6,0x43,0x80,
	0xf0,0xb4,0x41,0x80,0xef,0xb3,0x40,0x80,0xee,0xb1,0x3e,0x80,0xed,0xb0,0x3c,0x80,
	0xec,0xae,0x3b,0x80,0xeb,0xac,0x39,0x80,0xea,0xab,0x38,0x80,0xe9,0xa9,0x36,0x80,
	0xe8,0xa7,0x34,0x80,0xe7,0xa6,0x33,0x80,0xe6,0xa4,0x31,0x79,0x00,0x00,0x00,0x00,
	0x00,0x00,0x00,0x00,0x00,0x00,0x00,0x00,0x00,0x00,0x00,0x00,0x00,0x00,0x00,0x00,
	0x00,0x00,0x00,0x00,0x00,0x00,0x00,0x00,0x00,0x00,0x00,0x00,0x00,0x00,0x00,0x00,
	0x00,0x00,0x00,0x00,0xf7,0xc1,0x4e,0x80,0xf6,0xc0,0x4c,0x80,0xf6,0xbe,0x4b,0x80,
	0xf5,0xbd,0x49,0x80,0xf4,0xbb,0x48,0x80,0xf3,0xba,0x47,0x80,0xf2,0xb9,0x45,0x80,
	0xf1,0xb7,0x44,0x80,0xf0,0xb5,0x42,0x80,0xf0,0xb4,0x41,0x80,0xef,0xb2,0x3f,0x80,
	0xee,0xb1,0x3d,0x80,0xed,0xaf,0x3c,0x80,0xec,0xad,0x3a,0x80,0xeb,0xac,0x39,0x80,
	0xea,0xaa,0x37,0x80,0xe9,0xa8,0x35,0x80,0xe8,0xa7,0x34,0x80,0xe7,0xa5,0x32,0x80,
	0xe6,0xa3,0x30,0x80,0xe5,0xa1,0x2e,0x80,0xe4,0xa0,0x2d,0x80,0x00,0x00,0x00,0x00,
	0x00,0x00,0x00,0x00,0x00,0x00,0x00,0x00,0x00,0x00,0x00,0x00,0x00,0x00,0x00,0x00,
	0x00,0x00,0x00,0x00,0x00,0x00,0x00,0x00,0x00,0x00,0x00,0x00,0x00,0x00,0x00,0x00,
	0x00,0x00,0x00,0x00,0xf5,0xbe,0x4a,0x80,0xf4,0xbc,0x49,0x80,0xf4,0xbb,0x48,0x80,
	0xf3,0xb9,0x46,0x80,0xf2,0xb8,0x45,0x80,0xf1,0xb6,0x43,0x80,0xf0,0xb5,0x41,0x80,
	0xef,0xb3,0x40,0x80,0xee,0xb2,0x3e,0x80,0xed,0xb0,0x3d,0x80,0xec,0xae,0x3b,0x80,
	0xeb,0xad,0x39,0x80,0xeb,0xab,0x38,0x80,0xea,0xa9,0x36,0x80,0xe9,0xa8,0x35,0x80,
	0xe8,0xa6,0x33,0x80,0xe7,0xa4,0x31,0x80,0xe6,0xa2,0x30,0x80,0xe5,0xa1,0x2e,0x80,
	0xe4,0x9f,0x2c,0x80,0xe3,0x9d,0x2a,0x80,0xe2,0x9c,0x29,0x80,0x00,0x00,0x00,0x00,
	0x00,0x00,0x00,0x00,0x00,0x00,0x00,0x00,0x00,0x00,0x00,0x00,0x00,0x00,0x00,0x00,
	0x00,0x00,0x00,0x00,0x00,0x00,0x00,0x00,0x00,0x00,0x00,0x00,0x00,0x00,0x00,0x00,
	0x00,0x00,0x00,0x00,0xf3,0xba,0x47,0x80,0xf2,0xb9,0x45,0x80,0xf2,0xb7,0x44,0x80,
	0xf1,0xb6,0x42,0x80,0xf0,0xb4,0x41,0x80,0xef,0xb3,0x3f,0x80,0xee,0xb1,0x3e,0x80,
	0xed,0xaf,0x3c,0x80,0xec,0xae,0x3a,0x80,0xeb,0xac,0x39,0x80,0xea,0xaa,0x37,0x80,
	0xe9,0xa9,0x36,0x80,0xe8,0xa7,0x34,0x80,0xe7,0xa5,0x32,0x80,0xe6,0xa3,0x31,0x80,
	0xe5,0xa2,0x2f,0x80,0xe4,0xa0,0x2d,0x80,0xe3,0x9e,0x2b,0x80,0xe2,0x9d,0x2a,0x80,
	0xe1,0x9b,0x28,0x80,0xe0,0x99,0x26,0x80,0xdf,0x98,0x25,0x80,0x00,0x00,0x00,0x00,
	0x00,0x00,0x00,0x00,0x00,0x00,0x00,0x00,0x00,0x00,0x00,0x00,0x00,0x00,0x00,0x00,
	0x00,0x00,0x00,0x00,0x00,0x00,0x00,0x00,0x00,0x00,0x00,0x00,0x00,0x00,0x00,0x00,
	0x00,0x00,0x00,0x00,0xf1,0xb7,0x43,0x80,0xf0,0xb5,0x42,0x80,0xef,0xb4,0x40,0x80,
	0xee,0xb2,0x3f,0x80,0xee,0xb0,0x3d,0x80,0xed,0xaf,0x3b,0x80,0xec,0xad,0x3a,0x80,
	0xeb,0xab,0x38,0x80,0xea,0xaa,0x37,0x80,0xe9,0xa8,0x35,0x80,0xe8,0xa6,0x33,0x80,
	0xe7,0xa5,0x32,0x80,0xe6,0xa3,0x30,0x80,0xe5,0xa1,0x2e,0x80,0xe4,0x9f,0x2c,0x80,
	0xe3,0x9e,0x2b,0x80,0xe2,0x9c,0x29,0x80,0xe1,0x9a,0x27,0x80,0xe0,0x99,0x26,0x80,
	0xdf,0x97,0x24,0x80,0xde,0x95,0x22,0x80,0xdd,0x94,0x21,0x80,0x00,0x00,0x00,0x00,
	0x00,0x00,0x00,0x00,0x00,0x00,0x00,0x00,0x00,0x00,0x00,0x00,0x00,0x00,0x00,0x00,
	0x00,0x00,0x00,0x00,0x00,0x00,0x00,0x00,0x00,0x00,0x00,0x00,0x00,0x00,0x00,0x00,
	0x00,0x00,0x00,0x00,0xef,0xb3,0x40,0x80,0xee,0xb1,0x3e,0x80,0xed,0xb0,0x3c,0x80,
	0xec,0xae,0x3b,0x80,0xeb,0xac,0x39,0x80,0xea,0xab,0x38,0x80,0xe9,0xa9,0x36,0x80,
	0xe8,0xa7,0x34,0x80,0xe7,0xa6,0x33,0x80,0xe6,0xa4,0x31,0x80,0xe5,0xa2,0x2f,0x80,
	0xe4,0xa0,0x2d,0x80,0xe4,0x9f,0x2c,0x80,0xe3,0x9d,0x2a,0x80,0xe2,0x9b,0x28,0x80,
	0xe1,0x9a,0x27,0x80,0xe0,0x98,0x25,0x80,0xdf,0x96,0x23,0x80,0xde,0x95,0x22,0x80,
	0xdd,0x93,0x20,0x80,0xdc,0x91,0x1f,0x80,0xdb,0x90,0x1d,0x80,0x00,0x00,0x00,0x00,
	0x00,0x00,0x00,0x00,0x00,0x00,0x00,0x00,0x00,0x00,0x00,0x00,0x00,0x00,0x00,0x00,
	0x00,0x00,0x00,0x00,0x00,0x00,0x00,0x00,0x00,0x00,0x00,0x00,0x00,0x00,0x00,0x00,
	0x00,0x00,0x00,0x00,0xed,0xaf,0x3c,0x80,0xec,0xad,0x3a,0x80,0xeb,0xac,0x39,0x80,
	0xea,0xaa,0x37,0x80,0xe9,0xa8,0x35,0x80,0xe8,0xa7,0x34,0x80,0xe7,0xa5,0x32,0x80,
	0xe6,0xa3,0x30,0x80,0xe5,0xa1,0x2e,0x80,0xe4,0xa0,0x2d,0x80,0xe3,0x9e,0x2b,0x80,
	0xe2,0x9c,0x29,0x80,0xe1,0x9b,0x28,0x80,0xe0,0x99,0x26,0x80,0xdf,0x97,0x24,0x80,
	0xde,0x96,0x23,0x80,0xdd,0x94,0x21,0x80,0xdc,0x92,0x20,0x80,0xdb,0x91,0x1e,0x80,
	0xdb,0x8f,0x1c,0x80,0xda,0x8d,0x1b,0x80,0xd9,0x8c,0x19,0x80,0x00,0x00,0x00,0x00,
	0x00,0x00,0x00,0x00,0x00,0x00,0x00,0x00,0x00,0x00,0x00,0x00,0x00,0x00,0x00,0x00,
	0x00,0x00,0x00,0x00,0x00,0x00,0x00,0x00,0x00,0x00,0x00,0x00,0x00,0x00,0x00,0x00,
	0x00,0x00,0x00,0x00,0xeb,0xab,0x38,0x80,0xea,0xa9,0x36,0x80,0xe9,0xa8,0x35,0x80,
	0xe8,0xa6,0x33,0x80,0xe7,0xa4,0x31,0x80,0xe6,0xa2,0x30,0x80,0xe5,0xa1,0x2e,0x80,
	0xe4,0x9f,0x2c,0x80,0xe3,0x9d,0x2a,0x80,0xe2,0x9c,0x29,0x80,0xe1,0x9a,0x27,0x80,
	0xe0,0x98,0x25,0x80,0xdf,0x97,0x24,0x80,0xde,0x95,0x22,0x80,0xdd,0x93,0x21,0x80,
	0xdc,0x92,0x1f,0x80,0xdb,0x90,0x1d,0x80,0xda,0x8e,0x1c,0x80,0xd9,0x8d,0x1a,0x80,
	0xd8,0x8b,0x19,0x80,0xd7,0x8a,0x17,0x80,0xd7,0x88,0x16,0x80,0x00,0x00,0x00,0x00,
	0x00,0x00,0x00,0x00,0x00,0x00,0x00,0x00,0x00,0x00,0x00,0x00,0x00,0x00,0x00,0x00,
	0x00,0x00,0x00,0x00,0x00,0x00,0x00,0x00,0x00,0x00,0x00,0x00,0x00,0x00,0x00,0x00,
	0x00,0x00,0x00,0x00,0xe8,0xa7,0x34,0x80,0xe7,0xa5,0x32,0x80,0xe6,0xa3,0x31,0x80,
	0xe5,0xa2,0x2f,0x80,0xe4,0xa0,0x2d,0x80,0xe3,0x9e,0x2b,0x80,0xe2,0x9d,0x2a,0x80,
	0xe1,0x9b,0x28,0x80,0xe0,0x99,0x26,0x80,0xdf,0x98,0x25,0x80,0xde,0x96,0x23,0x80,
	0xde,0x94,0x22,0x80,0xdd,0x93,0x20,0x80,0xdc,0x91,0x1e,0x80,0xdb,0x8f,0x1d,0x80,
	0xda,0x8e,0x1b,0x80,0xd9,0x8c,0x1a,0x80,0xd8,0x8a,0x18,0x80,0xd7,0x89,0x16,0x80,
	0xd6,0x87,0x15,0x80,0xd5,0x86,0x13,0x80,0xd5,0x84,0x12,0x80,0x00,0x00,0x00,0x00,
	0x00,0x00,0x00,0x00,0x00,0x00,0x00,0x00,0x00,0x00,0x00,0x00,0x00,0x00,0x00,0x00,
	0x00,0x00,0x00,0x00,0x00,0x00,0x00,0x00,0x00,0x00,0x00,0x00,0x00,0x00,0x00,0x00,
	0x00,0x00,0x00,0x00,0xe6,0xa3,0x30,0x80,0xe5,0xa1,0x2e,0x80,0xe4,0x9f,0x2c,0x80,
	0xe3,0x9e,0x2b,0x80,0xe2,0x9c,0x29,0x80,0xe1,0x9a,0x27,0x80,0xe0,0x99,0x26,0x80,
	0xdf,0x97,0x24,0x80,0xde,0x95,0x22,0x80,0xdd,0x94,0x21,0x80,0xdc,0x92,0x1f,0x80,
	0xdb,0x90,0x1e,0x80,0xda,0x8f,0x1c,0x80,0xd9,0x8d,0x1a,0x80,0xd8,0x8b,0x19,0x80,
	0xd8,0x8a,0x17,0x80,0xd7,0x88,0x16,0x80,0xd6,0x87,0x14,0x80,0xd5,0x85,0x13,0x80,
	0xd4,0x84,0x11,0x80,0xd3,0x82,0x10,0x80,0xd3,0x81,0x0f,0x80,0x00,0x00,0x00,0x00,
	0x00,0x00,0x00,0x00,0x00,0x00,0x00,0x00,0x00,0x00,0x00,0x00,0x00,0x00,0x00,0x00,
	0x00,0x00,0x00,0x00,0x00,0x00,0x00,0x00,0x00,0x00,0x00,0x00,0x00,0x00,0x00,0x00,
	0x00,0x00,0x00,0x00,0xe4,0x9f,0x2c,0x80,0xe3,0x9d,0x2a,0x80,0xe2,0x9b,0x28,0x80,
	0xe1,0x9a,0x27,0x80,0xe0,0x98,0x25,0x80,0xdf,0x96,0x23,0x80,0xde,0x95,0x22,0x80,
	0xdd,0x93,0x20,0x80,0xdc,0x91,0x1f,0x80,0xdb,0x90,0x1d,0x80,0xda,0x8e,0x1b,0x80,
	0xd9,0x8c,0x1a,0x80,0xd8,0x8b,0x18,0x80,0xd7,0x89,0x17,0x80,0xd6,0x88,0x15,0x80,
	0xd6,0x86,0x14,0x80,0xd5,0x85,0x12,0x80,0xd4,0x83,0x11,0x80,0xd3,0x82,0x10,0x80,
	0xd2,0x81,0x0e,0x80,0xd2,0x7f,0x0d,0x80,0xd1,0x7e,0x0c,0x80,0x00,0x00,0x00,0x00,
	0x00,0x00,0x00,0x00,0x00,0x00,0x00,0x00,0x00,0x00,0x00,0x00,0x00,0x00,0x00,0x00,
	0x00,0x00,0x00,0x00,0x00,0x00,0x00,0x00,0x00,0x00,0x00,0x00,0x00,0x00,0x00,0x00,
	0x00,0x00,0x00,0x00,0xe1,0x9b,0x28,0x80,0xe0,0x99,0x26,0x80,0xdf,0x97,0x24,0x80,
	0xde,0x96,0x23,0x80,0xdd,0x94,0x21,0x80,0xdc,0x92,0x20,0x80,0xdb,0x91,0x1e,0x80,
	0xdb,0x8f,0x1c,0x80,0xda,0x8d,0x1b,0x80,0xd9,0x8c,0x19,0x80,0xd8,0x8a,0x18,0x80,
	0xd7,0x89,0x16,0x80,0xd6,0x87,0x15,0x80,0xd5,0x86,0x13,0x80,0xd4,0x84,0x12,0x80,
	0xd4,0x83,0x10,0x80,0xd3,0x81,0x0f,0x80,0xd2,0x80,0x0e,0x80,0xd1,0x7f,0x0c,0x80,
	0xd0,0x7d,0x0b,0x80,0xd0,0x7c,0x0a,0x80,0xcf,0x7b,0x09,0x80,0x00,0x00,0x00,0x00,
	0x00,0x00,0x00,0x00,0x00,0x00,0x00,0x00,0x00,0x00,0x00,0x00,0x00,0x00,0x00,0x00,
	0x00,0x00,0x00,0x00,0x00,0x00,0x00,0x00,0x00,0x00,0x00,0x00,0x00,0x00,0x00,0x00,
	0x00,0x00,0x00,0x00,0xdf,0x97,0x24,0x7e,0xde,0x95,0x22,0x80,0xdd,0x93,0x21,0x80,
	0xdc,0x92,0x1f,0x80,0xdb,0x90,0x1d,0x80,0xda,0x8e,0x1c,0x80,0xd9,0x8d,0x1a,0x80,
	0xd8,0x8b,0x19,0x80,0xd7,0x8a,0x17,0x80,0xd7,0x88,0x16,0x80,0xd6,0x87,0x14,0x80,
	0xd5,0x85,0x13,0x80,0xd4,0x84,0x11,0x80,0xd3,0x82,0x10,0x80,0xd2,0x81,0x0e,0x80,
	0xd2,0x7f,0x0d,0x80,0xd1,0x7e,0x0c,0x80,0xd0,0x7d,0x0b,0x80,0xcf,0x7c,0x09,0x80,
	0xcf,0x7a,0x08,0x80,0xce,0x79,0x07,0x80,0xce,0x78,0x06,0x7d,0x00,0x00,0x00,0x00,
	0x00,0x00,0x00,0x00,0x00,0x00,0x00,0x00,0x00,0x00,0x00,0x00,0x00,0x00,0x00,0x00,
	0x00,0x00,0x00,0x00,0x00,0x00,0x00,0x00,0x00,0x00,0x00,0x00,0x00,0x00,0x00,0x00,
	0x00,0x00,0x00,0x00,0xdd,0x93,0x20,0x41,0xdc,0x91,0x1e,0x7c,0xdb,0x8f,0x1d,0x80,
	0xda,0x8e,0x1b,0x80,0xd9,0x8c,0x1a,0x80,0xd8,0x8a,0x18,0x80,0xd7,0x89,0x16,0x80,
	0xd6,0x87,0x15,0x80,0xd5,0x86,0x13,0x80,0xd5,0x84,0x12,0x80,0xd4,0x83,0x11,0x80,
	0xd3,0x82,0x0f,0x80,0xd2,0x80,0x0e,0x80,0xd1,0x7f,0x0d,0x80,0xd1,0x7e,0x0b,0x80,
	0xd0,0x7c,0x0a,0x80,0xcf,0x7b,0x09,0x80,0xcf,0x7a,0x08,0x80,0xce,0x79,0x07,0x80,
	0xcd,0x78,0x06,0x80,0xcd,0x77,0x05,0x7c,0xcc,0x76,0x04,0x41,0x00,0x00,0x00,0x00,
	0x00,0x00,0x00,0x00,0x00,0x00,0x00,0x00,0x00,0x00,0x00,0x00,0x00,0x00,0x00,0x00,
	0x00,0x00,0x00,0x00,0x00,0x00,0x00,0x00,0x00,0x00,0x00,0x00,0x00,0x00,0x00,0x00,
	0x00,0x00,0x00,0x00,0x00,0x00,0x00,0x00,0x00,0x00,0x00,0x00,0x00,0x00,0x00,0x00,
	0x00,0x00,0x00,0x00,0x00,0x00,0x00,0x00,0x00,0x00,0x00,0x00,0x00,0x00,0x00,0x00,
	0x00,0x00,0x00,0x00,0x00,0x00,0x00,0x00,0x00,0x00,0x00,0x00,0xff,0xff,0xff,0x80,
	0xc2,0xc2,0xc2,0x80,0x00,0x00,0x00,0x00,0x00,0x00,0x00,0x00,0x00,0x00,0x00,0x00,
	0x00,0x00,0x00,0x00,0x00,0x00,0x00,0x00,0x00,0x00,0x00,0x00,0x00,0x00,0x00,0x00,
	0x00,0x00,0x00,0x00,0x00,0x00,0x00,0x00,0x00,0x00,0x00,0x00,0x00,0x00,0x00,0x00,
	0x00,0x00,0x00,0x00,0x00,0x00,0x00,0x00,0x00,0x00,0x00,0x00,0x00,0x00,0x00,0x00,
	0x00,0x00,0x00,0x00,0x00,0x00,0x00,0x00,0x00,0x00,0x00,0x00,0x00,0x00,0x00,0x00,
	0x00,0x00,0x00,0x00,0x00,0x00,0x00,0x00,0x00,0x00,0x00,0x00,0x00,0x00,0x00,0x00,
	0x00,0x00,0x00,0x00,0x00,0x00,0x00,0x00,0x00,0x00,0x00,0x00,0x00,0x00,0x00,0x00,
	0x00,0x00,0x00,0x00,0x00,0x00,0x00,0x00,0x00,0x00,0x00,0x00,0xff,0xff,0xff,0x80,
	0xc2,0xc2,0xc2,0x80,0x00,0x00,0x00,0x00,0x00,0x00,0x00,0x00,0x00,0x00,0x00,0x00,
	0x00,0x00,0x00,0x00,0x00,0x00,0x00,0x00,0x00,0x00,0x00,0x00,0x00,0x00,0x00,0x00,
	0x00,0x00,0x00,0x00,0x00,0x00,0x00,0x00,0x00,0x00,0x00,0x00,0x00,0x00,0x00,0x00,
	0x00,0x00,0x00,0x00,0x00,0x00,0x00,0x00,0x00,0x00,0x00,0x00,0x00,0x00,0x00,0x00,
	0x00,0x00,0x00,0x00,0x00,0x00,0x00,0x00,0x00,0x00,0x00,0x00,0x00,0x00,0x00,0x00,
	0x00,0x00,0x00,0x00,0x00,0x00,0x00,0x00,0x00,0x00,0x00,0x00,0x00,0x00,0x00,0x00,
	0x00,0x00,0x00,0x00,0x00,0x00,0x00,0x00,0x00,0x00,0x00,0x00,0x00,0x00,0x00,0x00,
	0x00,0x00,0x00,0x00,0x00,0x00,0x00,0x00,0x00,0x00,0x00,0x00,0xff,0xff,0xff,0x80,
	0xc2,0xc2,0xc2,0x80,0x00,0x00,0x00,0x00,0x00,0x00,0x00,0x00,0x00,0x00,0x00,0x00,
	0x00,0x00,0x00,0x00,0x00,0x00,0x00,0x00,0x00,0x00,0x00,0x00,0x00,0x00,0x00,0x00,
	0x00,0x00,0x00,0x00,0x00,0x00,0x00,0x00,0x00,0x00,0x00,0x00,0x00,0x00,0x00,0x00,
	0x00,0x00,0x00,0x00,0x00,0x00,0x00,0x00,0x00,0x00,0x00,0x00,0x00,0x00,0x00,0x00,
	0x00,0x00,0x00,0x00,0x00,0x00,0x00,0x00,0x00,0x00,0x00,0x00,0x00,0x00,0x00,0x00,
	0x00,0x00,0x00,0x00,0x00,0x00,0x00,0x00,0x00,0x00,0x00,0x00,0x00,0x00,0x00,0x00,
	0x00,0x00,0x00,0x00,0x00,0x00,0x00,0x00,0x00,0x00,0x00,0x00,0x00,0x00,0x00,0x00,
	0x00,0x00,0x00,0x00,0x00,0x00,0x00,0x00,0x00,0x00,0x00,0x00,0xd6,0xd6,0xd6,0x80,
	0xa3,0xa3,0xa3,0x80,0x00,0x00,0x00,0x00,0x00,0x00,0x00,0x00,0x00,0x00,0x00,0x00,
	0x00,0x00,0x00,0x00,0x00,0x00,0x00,0x00,0x00,0x00,0x00,0x00,0x00,0x00,0x00,0x00,
	0x00,0x00,0x00,0x00,0x00,0x00,0x00,0x00,0x00,0x00,0x00,0x00,0x00,0x00,0x00,0x00,
	0x00,0x00,0x00,0x00,0x00,0x00,0x00,0x00,0x00,0x00,0x00,0x00,0x00,0x00,0x00,0x00,
	0x00,0x00,0x00,0x00,0x00,0x00,0x00,0x00,0x00,0x00,0x00,0x00,0x00,0x00,0x00,0x00,
	0x00,0x00,0x00,0x00,0x00,0x00,0x00,0x00,0x00,0x00,0x00,0x00,0x00,0x00,0x00,0x00,
	0x00,0x00,0x00,0x00,0x00,0x00,0x00,0x00,0x00,0x00,0x00,0x00,0x00,0x00,0x00,0x00,
	0xff,0xdf,0x98,0x80,0xfe,0xdc,0x94,0x80,0xfc,0xd8,0x8f,0x80,0xfa,0xd4,0x89,0x80,
	0xf8,0xd0,0x82,0x80,0xf5,0xcb,0x7b,0x80,0xf3,0xc5,0x73,0x80,0xf0,0xbf,0x6b,0x80,
	0x00,0x00,0x00,0x00,0x00,0x00,0x00,0x00,0x00,0x00,0x00,0x00,0x00,0x00,0x00,0x00,
	0x00,0x00,0x00,0x00,0x00,0x00,0x00,0x00,0x00,0x00,0x00,0x00,0x00,0x00,0x00,0x00,
	0x00,0x00,0x00,0x00,0x00,0x00,0x00,0x00,0x00,0x00,0x00,0x00,0x00,0x00,0x00,0x00,
	0xff,0xff,0xff,0x80,0xff,0xff,0xff,0x80,0xff,0xff,0xff,0x80,0xff,0xff,0xff,0x80,
	0xff,0xff,0xff,0x80,0xff,0xff,0xff,0x80,0xff,0xff,0xff,0x80,0xff,0xff,0xff,0x80,
	0xff,0xff,0xff,0x80,0xff,0xff,0xff,0x80,0xff,0xff,0xff,0x80,0xd6,0xd6,0xd6,0x80,
	0xfa,0xd4,0x89,0x80,0xf8,0xd0,0x82,0x80,0xf5,0xcb,0x7b,0x80,0xf3,0xc5,0x73,0x80,
	0xf0,0xbf,0x6b,0x80,0xed,0xba,0x62,0x80,0xea,0xb4,0x59,0x80,0xe7,0xad,0x51,0x80,
	0xd6,0xd6,0xd6,0x80,0xff,0xff,0xff,0x80,0xff,0xff,0xff,0x80,0xff,0xff,0xff,0x80,
	0xff,0xff,0xff,0x80,0xff,0xff,0xff,0x80,0xff,0xff,0xff,0x80,0xff,0xff,0xff,0x80,
	0xff,0xff,0xff,0x80,0xff,0xff,0xff,0x80,0xff,0xff,0xff,0x80,0xff,0xff,0xff,0x80,
	0xc2,0xc2,0xc2,0x80,0xc2,0xc2,0xc2,0x80,0xc2,0xc2,0xc2,0x80,0xc2,0xc2,0xc2,0x80,
	0xc2,0xc2,0xc2,0x80,0xc2,0xc2,0xc2,0x80,0xc2,0xc2,0xc2,0x80,0xc2,0xc2,0xc2,0x80,
	0xc2,0xc2,0xc2,0x80,0xc2,0xc2,0xc2,0x80,0xc2,0xc2,0xc2,0x80,0xa3,0xa3,0xa3,0x80,
	0xf3,0xc5,0x73,0x80,0xf0,0xbf,0x6b,0x80,0xed,0xba,0x62,0x80,0xea,0xb4,0x59,0x80,
	0xe7,0xad,0x51,0x80,0xe4,0xa7,0x48,0x80,0xe1,0xa1,0x3f,0x80,0xde,0x9b,0x36,0x80,
	0xa3,0xa3,0xa3,0x80,0xc2,0xc2,0xc2,0x80,0xc2,0xc2,0xc2,0x80,0xc2,0xc2,0xc2,0x80,
	0xc2,0xc2,0xc2,0x80,0xc2,0xc2,0xc2,0x80,0xc2,0xc2,0xc2,0x80,0xc2,0xc2,0xc2,0x80,
	0xc2,0xc2,0xc2,0x80,0xc2,0xc2,0xc2,0x80,0xc2,0xc2,0xc2,0x80,0xc2,0xc2,0xc2,0x80,
	0x00,0x00,0x00,0x00,0x00,0x00,0x00,0x00,0x00,0x00,0x00,0x00,0x00,0x00,0x00,0x00,
	0x00,0x00,0x00,0x00,0x00,0x00,0x00,0x00,0x00,0x00,0x00,0x00,0x00,0x00,0x00,0x00,
	0x00,0x00,0x00,0x00,0x00,0x00,0x00,0x00,0x00,0x00,0x00,0x00,0x00,0x00,0x00,0x00,
	0xea,0xb4,0x59,0x80,0xe7,0xad,0x51,0x80,0xe4,0xa7,0x48,0x80,0xe1,0xa1,0x3f,0x80,
	0xde,0x9b,0x36,0x80,0xdb,0x95,0x2e,0x80,0xd9,0x90,0x26,0x80,0xd6,0x8b,0x1f,0x80,
	0x00,0x00,0x00,0x00,0x00,0x00,0x00,0x00,0x00,0x00,0x00,0x00,0x00,0x00,0x00,0x00,
	0x00,0x00,0x00,0x00,0x00,0x00,0x00,0x00,0x00,0x00,0x00,0x00,0x00,0x00,0x00,0x00,
	0x00,0x00,0x00,0x00,0x00,0x00,0x00,0x00,0x00,0x00,0x00,0x00,0x00,0x00,0x00,0x00,
	0x00,0x00,0x00,0x00,0x00,0x00,0x00,0x00,0x00,0x00,0x00,0x00,0x00,0x00,0x00,0x00,
	0x00,0x00,0x00,0x00,0x00,0x00,0x00,0x00,0x00,0x00,0x00,0x00,0x00,0x00,0x00,0x00,
	0x00,0x00,0x00,0x00,0x00,0x00,0x00,0x00,0x00,0x00,0x00,0x00,0x00,0x00,0x00,0x00,
	0x00,0x00,0x00,0x00,0x00,0x00,0x00,0x00,0x00,0x00,0x00,0x00,0x00,0x00,0x00,0x00,
	0x00,0x00,0x00,0x00,0x00,0x00,0x00,0x00,0x00,0x00,0x00,0x00,0x00,0x00,0x00,0x00,
	0x00,0x00,0x00,0x00,0x00,0x00,0x00,0x00,0x00,0x00,0x00,0x00,0x00,0x00,0x00,0x00,
	0x00,0x00,0x00,0x00,0x00,0x00,0x00,0x00,0x00,0x00,0x00,0x00,0x00,0x00,0x00,0x00,
	0x00,0x00,0x00,0x00,0x00,0x00,0x00,0x00,0x00,0x00,0x00,0x00,0x00,0x00,0x00,0x00,
	0x00,0x00,0x00,0x00,0x00,0x00,0x00,0x00,0x00,0x00,0x00,0x00,0x00,0x00,0x00,0x00,
	0x00,0x00,0x00,0x00,0x00,0x00,0x00,0x00,0x00,0x00,0x00,0x00,0x00,0x00,0x00,0x00,
	0x00,0x00,0x00,0x00,0x00,0x00,0x00,0x00,0x00,0x00,0x00,0x00,0x00,0x00,0x00,0x00,
	0x00,0x00,0x00,0x00,0x00,0x00,0x00,0x00,0x00,0x00,0x00,0x00,0x00,0x00,0x00,0x00,
	0x00,0x00,0x00,0x00,0x00,0x00,0x00,0x00,0x00,0x00,0x00,0x00,0x00,0x00,0x00,0x00,
	0x00,0x00,0x00,0x00,0x00,0x00,0x00,0x00,0x00,0x00,0x00,0x00,0x00,0x00,0x00,0x00,
	0x00,0x00,0x00,0x00,0x00,0x00,0x00,0x00,0x00,0x00,0x00,0x00,0x00,0x00,0x00,0x00,
	0x00,0x00,0x00,0x00,0x00,0x00,0x00,0x00,0x00,0x00,0x00,0x00,0x00,0x00,0x00,0x00,
	0x00,0x00,0x00,0x00,0x00,0x00,0x00,0x00,0x00,0x00,0x00,0x00,0x00,0x00,0x00,0x00,
	0x00,0x00,0x00,0x00,0x00,0x00,0x00,0x00,0x00,0x00,0x00,0x00,0x00,0x00,0x00,0x00,
	0x00,0x00,0x00,0x00,0x00,0x00,0x00,0x00,0x00,0x00,0x00,0x00,0x00,0x00,0x00,0x00,
	0x00,0x00,0x00,0x00,0x00,0x00,0x00,0x00,0x00,0x00,0x00,0x00,0x00,0x00,0x00,0x00,
	0x00,0x00,0x00,0x00,0x00,0x00,0x00,0x00,0x00,0x00,0x00,0x00,0x00,0x00,0x00,0x00,
	0x00,0x00,0x00,0x00,0x00,0x00,0x00,0x00,0x00,0x00,0x00,0x00,0x00,0x00,0x00,0x00,
	0x00,0x00,0x00,0x00,0x00,0x00,0x00,0x00,0x00,0x00,0x00,0x00,0x00,0x00,0x00,0x00,
	0x00,0x00,0x00,0x00,0x00,0x00,0x00,0x00,0x00,0x00,0x00,0x00,0x00,0x00,0x00,0x00,
};
static const unsigned char rgba_s_IconPicture[ 4096 ] __attribute__(   (  aligned( 16 ), section( ".data" )  )   ) = {
	0x00,0x00,0x00,0x00,0x00,0x00,0x00,0x00,0x00,0x00,0x00,0x00,0x00,0x00,0x00,0x00,
	0x00,0x00,0x00,0x00,0x00,0x00,0x00,0x00,0x00,0x00,0x00,0x00,0x00,0x00,0x00,0x00,
	0x00,0x00,0x00,0x00,0x00,0x00,0x00,0x00,0x00,0x00,0x00,0x00,0x00,0x00,0x00,0x00,
	0x00,0x00,0x00,0x00,0x00,0x00,0x00,0x00,0x00,0x00,0x00,0x00,0x00,0x00,0x00,0x00,
	0x00,0x00,0x00,0x00,0x00,0x00,0x00,0x00,0x00,0x00,0x00,0x00,0x00,0x00,0x00,0x00,
	0x00,0x00,0x00,0x00,0x00,0x00,0x00,0x00,0x00,0x00,0x00,0x00,0x00,0x00,0x00,0x00,
	0x00,0x00,0x00,0x00,0x00,0x00,0x00,0x00,0x00,0x00,0x00,0x00,0x00,0x00,0x00,0x00,
	0x00,0x00,0x00,0x00,0x00,0x00,0x00,0x00,0x00,0x00,0x00,0x00,0x00,0x00,0x00,0x00,
	0x00,0x00,0x00,0x00,0x00,0x00,0x00,0x00,0x00,0x00,0x00,0x00,0x00,0x00,0x00,0x00,
	0x00,0x00,0x00,0x00,0x00,0x00,0x00,0x00,0x00,0x00,0x00,0x00,0x00,0x00,0x00,0x00,
	0x00,0x00,0x00,0x00,0x00,0x00,0x00,0x00,0x00,0x00,0x00,0x00,0x00,0x00,0x00,0x00,
	0x00,0x00,0x00,0x00,0x00,0x00,0x00,0x00,0x00,0x00,0x00,0x00,0x00,0x00,0x00,0x00,
	0x00,0x00,0x00,0x00,0x00,0x00,0x00,0x00,0x00,0x00,0x00,0x00,0x00,0x00,0x00,0x00,
	0x00,0x00,0x00,0x00,0x00,0x00,0x00,0x00,0x00,0x00,0x00,0x00,0x00,0x00,0x00,0x00,
	0x00,0x00,0x00,0x00,0x00,0x00,0x00,0x00,0x00,0x00,0x00,0x00,0x00,0x00,0x00,0x00,
	0x00,0x00,0x00,0x00,0x00,0x00,0x00,0x00,0x00,0x00,0x00,0x00,0x00,0x00,0x00,0x00,
	0x00,0x00,0x00,0x00,0x00,0x00,0x00,0x00,0x00,0x00,0x00,0x00,0x00,0x00,0x00,0x00,
	0x00,0x00,0x00,0x00,0x00,0x00,0x00,0x00,0x00,0x00,0x00,0x00,0x00,0x00,0x00,0x00,
	0x00,0x00,0x00,0x00,0x00,0x00,0x00,0x00,0x00,0x00,0x00,0x00,0x00,0x00,0x00,0x00,
	0x00,0x00,0x00,0x00,0x00,0x00,0x00,0x00,0x00,0x00,0x00,0x00,0x00,0x00,0x00,0x00,
	0x00,0x00,0x00,0x00,0x00,0x00,0x00,0x00,0x00,0x00,0x00,0x00,0x00,0x00,0x00,0x00,
	0x00,0x00,0x00,0x00,0x00,0x00,0x00,0x00,0x00,0x00,0x00,0x00,0x00,0x00,0x00,0x00,
	0x00,0x00,0x00,0x00,0x00,0x00,0x00,0x00,0x00,0x00,0x00,0x00,0x00,0x00,0x00,0x00,
	0x00,0x00,0x00,0x00,0x00,0x00,0x00,0x00,0x00,0x00,0x00,0x00,0x00,0x00,0x00,0x00,
	0x00,0x00,0x00,0x00,0x00,0x00,0x00,0x00,0x00,0x00,0x00,0x00,0x00,0x00,0x00,0x00,
	0x00,0x00,0x00,0x00,0xfe,0xfe,0xfe,0x62,0xfe,0xfe,0xfe,0x80,0xfe,0xfe,0xfe,0x80,
	0xfe,0xfe,0xfe,0x80,0xfd,0xfd,0xfd,0x80,0xfd,0xfd,0xfd,0x80,0xfd,0xfd,0xfd,0x80,
	0xfd,0xfd,0xfd,0x80,0xfd,0xfd,0xfd,0x80,0xfd,0xfd,0xfd,0x80,0xfd,0xfd,0xfd,0x80,
	0xfc,0xfc,0xfc,0x80,0xfc,0xfc,0xfc,0x80,0xfc,0xfc,0xfc,0x80,0xfc,0xfc,0xfc,0x80,
	0xfc,0xfc,0xfc,0x80,0xfc,0xfc,0xfc,0x80,0xfb,0xfb,0xfb,0x80,0xfb,0xfb,0xfb,0x80,
	0xfb,0xfb,0xfb,0x80,0xfb,0xfb,0xfb,0x80,0xfb,0xfb,0xfb,0x62,0x00,0x00,0x00,0x00,
	0x00,0x00,0x00,0x00,0x00,0x00,0x00,0x00,0x00,0x00,0x00,0x00,0x00,0x00,0x00,0x00,
	0x00,0x00,0x00,0x00,0x00,0x00,0x00,0x00,0x00,0x00,0x00,0x00,0x00,0x00,0x00,0x00,
	0x00,0x00,0x00,0x00,0xfe,0xfe,0xfe,0x80,0xfe,0xfe,0xfe,0x80,0xfd,0xfd,0xfd,0x80,
	0xfd,0xfd,0xfd,0x80,0xfd,0xfd,0xfd,0x80,0xfd,0xfd,0xfd,0x80,0xfd,0xfd,0xfd,0x80,
	0xfd,0xfd,0xfd,0x80,0xfd,0xfd,0xfd,0x80,0xfc,0xfc,0xfc,0x80,0xfc,0xfc,0xfc,0x80,
	0xfc,0xfc,0xfc,0x80,0xfc,0xfc,0xfc,0x80,0xfc,0xfc,0xfc,0x80,0xfc,0xfc,0xfc,0x80,
	0xfb,0xfb,0xfb,0x80,0xfb,0xfb,0xfb,0x80,0xfb,0xfb,0xfb,0x80,0xfb,0xfb,0xfb,0x80,
	0xfb,0xfb,0xfb,0x80,0xfb,0xfb,0xfb,0x80,0xfa,0xfa,0xfa,0x80,0x00,0x00,0x00,0x00,
	0x00,0x00,0x00,0x00,0x00,0x00,0x00,0x00,0x00,0x00,0x00,0x00,0x00,0x00,0x00,0x00,
	0x00,0x00,0x00,0x00,0x00,0x00,0x00,0x00,0x00,0x00,0x00,0x00,0x00,0x00,0x00,0x00,
	0x00,0x00,0x00,0x00,0xfd,0xfd,0xfd,0x80,0xfd,0xfd,0xfd,0x80,0xfd,0xfd,0xfd,0x80,
	0xfd,0xfd,0xfd,0x80,0xfd,0xfd,0xfd,0x80,0xfd,0xfd,0xfd,0x80,0xfd,0xfd,0xfd,0x80,
	0xfc,0xfc,0xfc,0x80,0xfc,0xfc,0xfc,0x80,0xfc,0xfc,0xfc,0x80,0xfc,0xfc,0xfc,0x80,
	0xfc,0xfc,0xfc,0x80,0xfc,0xfc,0xfc,0x80,0xfb,0xfb,0xfb,0x80,0xfb,0xfb,0xfb,0x80,
	0xfb,0xfb,0xfb,0x80,0xfb,0xfb,0xfb,0x80,0xfb,0xfb,0xfb,0x80,0xfb,0xfb,0xfb,0x80,
	0xfa,0xfa,0xfa,0x80,0xfa,0xfa,0xfa,0x80,0xfa,0xfa,0xfa,0x80,0x00,0x00,0x00,0x00,
	0x00,0x00,0x00,0x00,0x00,0x00,0x00,0x00,0x00,0x00,0x00,0x00,0x00,0x00,0x00,0x00,
	0x00,0x00,0x00,0x00,0x00,0x00,0x00,0x00,0x00,0x00,0x00,0x00,0x00,0x00,0x00,0x00,
	0x00,0x00,0x00,0x00,0xfd,0xfd,0xfd,0x80,0xfd,0xfd,0xfd,0x80,0xfd,0xfd,0xfd,0x80,
	0xfd,0xfd,0xfd,0x80,0xfd,0xfd,0xfd,0x80,0xfc,0xfc,0xfc,0x80,0xfc,0xfc,0xfc,0x80,
	0xfc,0xfc,0xfc,0x80,0xfc,0xfc,0xfc,0x80,0xfc,0xfc,0xfc,0x80,0xfc,0xfc,0xfc,0x80,
	0xfb,0xfb,0xfb,0x80,0xfb,0xfb,0xfb,0x80,0xfb,0xfb,0xfb,0x80,0xfb,0xfb,0xfb,0x80,
	0xfb,0xfb,0xfb,0x80,0xfb,0xfb,0xfb,0x80,0xfa,0xfa,0xfa,0x80,0xfa,0xfa,0xfa,0x80,
	0xfa,0xfa,0xfa,0x80,0xfa,0xfa,0xfa,0x80,0xfa,0xfa,0xfa,0x80,0x00,0x00,0x00,0x00,
	0x00,0x00,0x00,0x00,0x00,0x00,0x00,0x00,0x00,0x00,0x00,0x00,0x00,0x00,0x00,0x00,
	0x00,0x00,0x00,0x00,0x00,0x00,0x00,0x00,0x00,0x00,0x00,0x00,0x00,0x00,0x00,0x00,
	0x00,0x00,0x00,0x00,0xfd,0xfd,0xfd,0x80,0xfd,0xfd,0xfd,0x80,0xfc,0xfc,0xfc,0x80,
	0xfc,0xfc,0xfc,0x80,0xfc,0xfc,0xfc,0x80,0xfc,0xfc,0xfc,0x80,0xfc,0xfc,0xfc,0x80,
	0xfc,0xfc,0xfc,0x80,0xfc,0xfc,0xfc,0x80,0xfb,0xfb,0xfb,0x80,0xfb,0xfb,0xfb,0x80,
	0xfb,0xfb,0xfb,0x80,0xfb,0xfb,0xfb,0x80,0xfb,0xfb,0xfb,0x80,0xfa,0xfa,0xfa,0x80,
	0xfa,0xfa,0xfa,0x80,0xfa,0xfa,0xfa,0x80,0xfa,0xfa,0xfa,0x80,0xfa,0xfa,0xfa,0x80,
	0xfa,0xfa,0xfa,0x80,0xf9,0xf9,0xf9,0x80,0xf9,0xf9,0xf9,0x80,0x00,0x00,0x00,0x00,
	0x00,0x00,0x00,0x00,0x00,0x00,0x00,0x00,0x00,0x00,0x00,0x00,0x00,0x00,0x00,0x00,
	0x00,0x00,0x00,0x00,0x00,0x00,0x00,0x00,0x00,0x00,0x00,0x00,0x00,0x00,0x00,0x00,
	0x00,0x00,0x00,0x00,0xfc,0xfc,0xfc,0x80,0xfc,0xfc,0xfc,0x80,0xfc,0xfc,0xfc,0x80,
	0xfc,0xfc,0xfc,0x80,0xfc,0xfc,0xfc,0x80,0xfc,0xfc,0xfc,0x80,0xfc,0xfc,0xfc,0x80,
	0xfb,0xfb,0xfb,0x80,0xfb,0xfb,0xfb,0x80,0xfb,0xfb,0xfb,0x80,0xfb,0xfb,0xfb,0x80,
	0xfb,0xfb,0xfb,0x80,0xfa,0xfa,0xfa,0x80,0xdd,0xe9,0xf4,0x80,0x47,0x8f,0xd3,0x80,
	0x10,0x6d,0xc7,0x80,0x47,0x8d,0xd2,0x80,0xdd,0xe8,0xf4,0x80,0xf9,0xf9,0xf9,0x80,
	0xf9,0xf9,0xf9,0x80,0xf9,0xf9,0xf9,0x80,0xf9,0xf9,0xf9,0x80,0x00,0x00,0x00,0x00,
	0x00,0x00,0x00,0x00,0x00,0x00,0x00,0x00,0x00,0x00,0x00,0x00,0x00,0x00,0x00,0x00,
	0x00,0x00,0x00,0x00,0x00,0x00,0x00,0x00,0x00,0x00,0x00,0x00,0x00,0x00,0x00,0x00,
	0x00,0x00,0x00,0x00,0xfc,0xfc,0xfc,0x80,0xfc,0xfc,0xfc,0x80,0xfc,0xfc,0xfc,0x80,
	0xfc,0xfc,0xfc,0x80,0xfb,0xfb,0xfb,0x80,0xfb,0xfb,0xfb,0x80,0xfb,0xfb,0xfb,0x80,
	0xfb,0xfb,0xfb,0x80,0xfb,0xfb,0xfb,0x80,0xfb,0xfb,0xfb,0x80,0xfa,0xfa,0xfa,0x80,
	0xfa,0xfa,0xfa,0x80,0xfa,0xfa,0xfa,0x80,0x46,0x8d,0xd2,0x80,0x05,0x64,0xc3,0x80,
	0x05,0x63,0xc3,0x80,0x06,0x62,0xc3,0x80,0x43,0x86,0xd1,0x80,0xf9,0xf9,0xf9,0x80,
	0xf9,0xf9,0xf9,0x80,0xf9,0xf9,0xf9,0x80,0xf8,0xf8,0xf8,0x80,0x00,0x00,0x00,0x00,
	0x00,0x00,0x00,0x00,0x00,0x00,0x00,0x00,0x00,0x00,0x00,0x00,0x00,0x00,0x00,0x00,
	0x00,0x00,0x00,0x00,0x00,0x00,0x00,0x00,0x00,0x00,0x00,0x00,0x00,0x00,0x00,0x00,
	0x00,0x00,0x00,0x00,0xfc,0xfc,0xfc,0x80,0xfc,0xfc,0xfc,0x80,0xfb,0xfb,0xfb,0x80,
	0xfb,0xfb,0xfb,0x80,0xfb,0xfb,0xfb,0x80,0xfb,0xfb,0xfb,0x80,0xfb,0xfb,0xfb,0x80,
	0xfb,0xfb,0xfb,0x80,0xfa,0xfa,0xfa,0x80,0xfa,0xfa,0xfa,0x80,0xfa,0xfa,0xfa,0x80,
	0xfa,0xfa,0xfa,0x80,0xfa,0xfa,0xfa,0x80,0x11,0x69,0xc6,0x80,0x06,0x61,0xc3,0x80,
	0x06,0x60,0xc2,0x80,0x07,0x5e,0xc2,0x80,0x0d,0x61,0xc3,0x80,0xf9,0xf9,0xf9,0x80,
	0xf8,0xf8,0xf8,0x80,0xf8,0xf8,0xf8,0x80,0xf8,0xf8,0xf8,0x80,0x00,0x00,0x00,0x00,
	0x00,0x00,0x00,0x00,0x00,0x00,0x00,0x00,0x00,0x00,0x00,0x00,0x00,0x00,0x00,0x00,
	0x00,0x00,0x00,0x00,0x00,0x00,0x00,0x00,0x00,0x00,0x00,0x00,0x00,0x00,0x00,0x00,
	0x00,0x00,0x00,0x00,0xfb,0xfb,0xfb,0x80,0xfb,0xfb,0xfb,0x80,0xfb,0xfb,0xfb,0x80,
	0xfb,0xfb,0xfb,0x80,0xfb,0xfb,0xfb,0x80,0xfb,0xfb,0xfb,0x80,0xfa,0xfa,0xfa,0x80,
	0xfa,0xfa,0xfa,0x80,0xfa,0xfa,0xfa,0x80,0xfa,0xfa,0xfa,0x80,0xfa,0xfa,0xfa,0x80,
	0xf9,0xf9,0xf9,0x80,0xf9,0xf9,0xf9,0x80,0x48,0x88,0xd1,0x80,0x07,0x5e,0xc2,0x80,
	0x07,0x5c,0xc2,0x80,0x08,0x5b,0xc2,0x80,0x44,0x82,0xcf,0x80,0xf8,0xf8,0xf8,0x80,
	0xf8,0xf8,0xf8,0x80,0xf8,0xf8,0xf8,0x80,0xf8,0xf8,0xf8,0x80,0x00,0x00,0x00,0x00,
	0x00,0x00,0x00,0x00,0x00,0x00,0x00,0x00,0x00,0x00,0x00,0x00,0x00,0x00,0x00,0x00,
	0x00,0x00,0x00,0x00,0x00,0x00,0x00,0x00,0x00,0x00,0x00,0x00,0x00,0x00,0x00,0x00,
	0x00,0x00,0x00,0x00,0xfb,0xfb,0xfb,0x80,0xfb,0xfb,0xfb,0x80,0xfb,0xfb,0xfb,0x80,
	0xfb,0xfb,0xfb,0x80,0xfa,0xfa,0xfa,0x80,0xfa,0xfa,0xfa,0x80,0xfa,0xfa,0xfa,0x80,
	0xfa,0xfa,0xfa,0x80,0xf0,0xf4,0xf8,0x80,0x56,0x93,0xd5,0x80,0xef,0xf3,0xf7,0x80,
	0xf9,0xf9,0xf9,0x80,0xf9,0xf9,0xf9,0x80,0xdd,0xe7,0xf3,0x80,0x48,0x84,0xd1,0x80,
	0x12,0x60,0xc3,0x80,0x49,0x83,0xd0,0x80,0xdb,0xe4,0xf1,0x80,0xf8,0xf8,0xf8,0x80,
	0xf8,0xf8,0xf8,0x80,0xf7,0xf7,0xf7,0x80,0xf7,0xf7,0xf7,0x80,0x00,0x00,0x00,0x00,
	0x00,0x00,0x00,0x00,0x00,0x00,0x00,0x00,0x00,0x00,0x00,0x00,0x00,0x00,0x00,0x00,
	0x00,0x00,0x00,0x00,0x00,0x00,0x00,0x00,0x00,0x00,0x00,0x00,0x00,0x00,0x00,0x00,
	0x00,0x00,0x00,0x00,0xfb,0xfb,0xfb,0x80,0xfb,0xfb,0xfb,0x80,0xfa,0xfa,0xfa,0x80,
	0xfa,0xfa,0xfa,0x80,0xfa,0xfa,0xfa,0x80,0xfa,0xfa,0xfa,0x80,0xfa,0xfa,0xfa,0x80,
	0xf9,0xf9,0xf9,0x80,0x62,0x99,0xd7,0x80,0x07,0x5e,0xc2,0x80,0x62,0x97,0xd7,0x80,
	0xf9,0xf9,0xf9,0x80,0xf9,0xf9,0xf9,0x80,0xf8,0xf8,0xf8,0x80,0xf8,0xf8,0xf8,0x80,
	0xf8,0xf8,0xf8,0x80,0xf8,0xf8,0xf8,0x80,0xf8,0xf8,0xf8,0x80,0xf7,0xf7,0xf7,0x80,
	0xf7,0xf7,0xf7,0x80,0xf7,0xf7,0xf7,0x80,0xf7,0xf7,0xf7,0x80,0x00,0x00,0x00,0x00,
	0x00,0x00,0x00,0x00,0x00,0x00,0x00,0x00,0x00,0x00,0x00,0x00,0x00,0x00,0x00,0x00,
	0x00,0x00,0x00,0x00,0x00,0x00,0x00,0x00,0x00,0x00,0x00,0x00,0x00,0x00,0x00,0x00,
	0x00,0x00,0x00,0x00,0xfa,0xfa,0xfa,0x80,0xfa,0xfa,0xfa,0x80,0xfa,0xfa,0xfa,0x80,
	0xfa,0xfa,0xfa,0x80,0xfa,0xfa,0xfa,0x80,0xf9,0xf9,0xf9,0x80,0xf9,0xf9,0xf9,0x80,
	0xa0,0xbf,0xe5,0x80,0x08,0x5c,0xc2,0x80,0x08,0x5a,0xc2,0x80,0x08,0x59,0xc1,0x80,
	0xa0,0xbd,0xe4,0x80,0xf8,0xf8,0xf8,0x80,0xf8,0xf8,0xf8,0x80,0xf8,0xf8,0xf8,0x80,
	0xf8,0xf8,0xf8,0x80,0xf7,0xf7,0xf7,0x80,0xf7,0xf7,0xf7,0x80,0xf7,0xf7,0xf7,0x80,
	0xf7,0xf7,0xf7,0x80,0xf7,0xf7,0xf7,0x80,0xf6,0xf6,0xf6,0x80,0x00,0x00,0x00,0x00,
	0x00,0x00,0x00,0x00,0x00,0x00,0x00,0x00,0x00,0x00,0x00,0x00,0x00,0x00,0x00,0x00,
	0x00,0x00,0x00,0x00,0x00,0x00,0x00,0x00,0x00,0x00,0x00,0x00,0x00,0x00,0x00,0x00,
	0x00,0x00,0x00,0x00,0xfa,0xfa,0xfa,0x80,0xfa,0xfa,0xfa,0x80,0xfa,0xfa,0xfa,0x80,
	0xf9,0xf9,0xf9,0x80,0xf9,0xf9,0xf9,0x80,0xf9,0xf9,0xf9,0x80,0xd2,0xe0,0xf0,0x80,
	0x11,0x60,0xc3,0x80,0x09,0x58,0xc1,0x80,0x09,0x57,0xc1,0x80,0x09,0x56,0xc1,0x80,
	0x13,0x5a,0xc2,0x80,0xd2,0xdd,0xef,0x80,0xf8,0xf8,0xf8,0x80,0xf7,0xf7,0xf7,0x80,
	0xf7,0xf7,0xf7,0x80,0xf7,0xf7,0xf7,0x80,0xf7,0xf7,0xf7,0x80,0xf7,0xf7,0xf7,0x80,
	0xf6,0xf6,0xf6,0x80,0xf6,0xf6,0xf6,0x80,0xf6,0xf6,0xf6,0x80,0x00,0x00,0x00,0x00,
	0x00,0x00,0x00,0x00,0x00,0x00,0x00,0x00,0x00,0x00,0x00,0x00,0x00,0x00,0x00,0x00,
	0x00,0x00,0x00,0x00,0x00,0x00,0x00,0x00,0x00,0x00,0x00,0x00,0x00,0x00,0x00,0x00,
	0x00,0x00,0x00,0x00,0xfa,0xfa,0xfa,0x80,0xf9,0xf9,0xf9,0x80,0xf9,0xf9,0xf9,0x80,
	0xf9,0xf9,0xf9,0x80,0xf9,0xf9,0xf9,0x80,0xf0,0xf3,0xf7,0x80,0x30,0x72,0xca,0x80,
	0x09,0x56,0xc1,0x80,0x0a,0x55,0xc1,0x80,0x0a,0x54,0xc0,0x80,0x0b,0x52,0xc0,0x80,
	0x0b,0x51,0xc0,0x80,0x32,0x6c,0xc9,0x80,0xee,0xf0,0xf5,0x80,0x96,0xb1,0xe0,0x80,
	0x97,0xb1,0xe0,0x80,0xf7,0xf7,0xf7,0x80,0xf6,0xf6,0xf6,0x80,0xf6,0xf6,0xf6,0x80,
	0xf6,0xf6,0xf6,0x80,0xf6,0xf6,0xf6,0x80,0xf6,0xf6,0xf6,0x80,0x00,0x00,0x00,0x00,
	0x00,0x00,0x00,0x00,0x00,0x00,0x00,0x00,0x00,0x00,0x00,0x00,0x00,0x00,0x00,0x00,
	0x00,0x00,0x00,0x00,0x00,0x00,0x00,0x00,0x00,0x00,0x00,0x00,0x00,0x00,0x00,0x00,
	0x00,0x00,0x00,0x00,0xf9,0xf9,0xf9,0x80,0xf9,0xf9,0xf9,0x80,0xf9,0xf9,0xf9,0x80,
	0xf9,0xf9,0xf9,0x80,0xf8,0xf8,0xf8,0x80,0x63,0x93,0xd6,0x80,0x0a,0x54,0xc0,0x80,
	0x0a,0x53,0xc0,0x80,0x0b,0x52,0xc0,0x80,0x0b,0x50,0xc0,0x80,0x0c,0x4f,0xc0,0x80,
	0x0c,0x4e,0xbf,0x80,0x0c,0x4c,0xbf,0x80,0x4a,0x78,0xcd,0x80,0x11,0x4d,0xc0,0x80,
	0x12,0x4b,0xbf,0x80,0xba,0xc9,0xe8,0x80,0xf6,0xf6,0xf6,0x80,0xf6,0xf6,0xf6,0x80,
	0xf6,0xf6,0xf6,0x80,0xf5,0xf5,0xf5,0x80,0xf5,0xf5,0xf5,0x80,0x00,0x00,0x00,0x00,
	0x00,0x00,0x00,0x00,0x00,0x00,0x00,0x00,0x00,0x00,0x00,0x00,0x00,0x00,0x00,0x00,
	0x00,0x00,0x00,0x00,0x00,0x00,0x00,0x00,0x00,0x00,0x00,0x00,0x00,0x00,0x00,0x00,
	0x00,0x00,0x00,0x00,0xf9,0xf9,0xf9,0x80,0xf9,0xf9,0xf9,0x80,0xf8,0xf8,0xf8,0x80,
	0xf8,0xf8,0xf8,0x80,0xa0,0xbc,0xe3,0x80,0x0b,0x52,0xc0,0x80,0x0b,0x51,0xc0,0x80,
	0x0b,0x50,0xc0,0x80,0x0c,0x4e,0xbf,0x80,0x0c,0x4d,0xbf,0x80,0x0d,0x4c,0xbf,0x80,
	0x0d,0x4a,0xbf,0x80,0x0d,0x49,0xbf,0x80,0x0e,0x48,0xbe,0x80,0x0e,0x46,0xbe,0x80,
	0x0f,0x45,0xbe,0x80,0x1d,0x4f,0xc2,0x80,0xd5,0xdd,0xee,0x80,0xf5,0xf5,0xf5,0x80,
	0xf5,0xf5,0xf5,0x80,0xf5,0xf5,0xf5,0x80,0xf5,0xf5,0xf5,0x80,0x00,0x00,0x00,0x00,
	0x00,0x00,0x00,0x00,0x00,0x00,0x00,0x00,0x00,0x00,0x00,0x00,0x00,0x00,0x00,0x00,
	0x00,0x00,0x00,0x00,0x00,0x00,0x00,0x00,0x00,0x00,0x00,0x00,0x00,0x00,0x00,0x00,
	0x00,0x00,0x00,0x00,0xf8,0xf8,0xf8,0x80,0xf8,0xf8,0xf8,0x80,0xf8,0xf8,0xf8,0x80,
	0xd2,0xdd,0xef,0x80,0x14,0x57,0xc2,0x80,0x0c,0x4f,0xc0,0x80,0x0c,0x4e,0xbf,0x80,
	0x0c,0x4c,0xbf,0x80,0x0d,0x4b,0xbf,0x80,0x0d,0x4a,0xbf,0x80,0x0e,0x48,0xbe,0x80,
	0x0e,0x47,0xbe,0x80,0x0e,0x46,0xbe,0x80,0x0f,0x45,0xbe,0x80,0x0f,0x43,0xbe,0x80,
	0x10,0x42,0xbd,0x80,0x10,0x41,0xbd,0x80,0x31,0x5a,0xc5,0x80,0xe8,0xea,0xf2,0x80,
	0xf5,0xf5,0xf5,0x80,0xf5,0xf5,0xf5,0x80,0xf4,0xf4,0xf4,0x80,0x00,0x00,0x00,0x00,
	0x00,0x00,0x00,0x00,0x00,0x00,0x00,0x00,0x00,0x00,0x00,0x00,0x00,0x00,0x00,0x00,
	0x00,0x00,0x00,0x00,0x00,0x00,0x00,0x00,0x00,0x00,0x00,0x00,0x00,0x00,0x00,0x00,
	0x00,0x00,0x00,0x00,0xf8,0xf8,0xf8,0x80,0xf8,0xf8,0xf8,0x80,0xef,0xf1,0xf6,0x80,
	0x33,0x6a,0xc8,0x80,0x0c,0x4d,0xbf,0x80,0x0d,0x4c,0xbf,0x80,0x0d,0x4a,0xbf,0x80,
	0x0d,0x49,0xbf,0x80,0x0e,0x48,0xbe,0x80,0x0e,0x46,0xbe,0x80,0x0f,0x45,0xbe,0x80,
	0x0f,0x44,0xbe,0x80,0x0f,0x43,0xbd,0x80,0x10,0x42,0xbd,0x80,0x10,0x40,0xbd,0x80,
	0x10,0x3f,0xbd,0x80,0x11,0x3e,0xbd,0x80,0x11,0x3d,0xbc,0x80,0x4d,0x6d,0xcb,0x80,
	0xf1,0xf2,0xf3,0x80,0xf4,0xf4,0xf4,0x80,0xf4,0xf4,0xf4,0x80,0x00,0x00,0x00,0x00,
	0x00,0x00,0x00,0x00,0x00,0x00,0x00,0x00,0x00,0x00,0x00,0x00,0x00,0x00,0x00,0x00,
	0x00,0x00,0x00,0x00,0x00,0x00,0x00,0x00,0x00,0x00,0x00,0x00,0x00,0x00,0x00,0x00,
	0x00,0x00,0x00,0x00,0xf8,0xf8,0xf8,0x80,0xf7,0xf7,0xf7,0x80,0x64,0x8c,0xd4,0x80,
	0x0d,0x4b,0xbf,0x80,0x0d,0x4a,0xbf,0x80,0x0e,0x48,0xbe,0x80,0x0e,0x47,0xbe,0x80,
	0x0e,0x46,0xbe,0x80,0x0f,0x45,0xbe,0x80,0x0f,0x43,0xbe,0x80,0x10,0x42,0xbd,0x80,
	0x10,0x41,0xbd,0x80,0x10,0x40,0xbd,0x80,0x11,0x3f,0xbd,0x80,0x11,0x3e,0xbd,0x80,
	0x11,0x3d,0xbc,0x80,0x12,0x3c,0xbc,0x80,0x12,0x3b,0xbc,0x80,0x12,0x3a,0xbc,0x80,
	0x70,0x87,0xd3,0x80,0xf4,0xf4,0xf4,0x80,0xf4,0xf4,0xf4,0x80,0x00,0x00,0x00,0x00,
	0x00,0x00,0x00,0x00,0x00,0x00,0x00,0x00,0x00,0x00,0x00,0x00,0x00,0x00,0x00,0x00,
	0x00,0x00,0x00,0x00,0x00,0x00,0x00,0x00,0x00,0x00,0x00,0x00,0x00,0x00,0x00,0x00,
	0x00,0x00,0x00,0x00,0xf7,0xf7,0xf7,0x80,0xf7,0xf7,0xf7,0x80,0xf7,0xf7,0xf7,0x80,
	0xf7,0xf7,0xf7,0x80,0xf6,0xf6,0xf6,0x80,0xf6,0xf6,0xf6,0x80,0xf6,0xf6,0xf6,0x80,
	0xf6,0xf6,0xf6,0x80,0xf6,0xf6,0xf6,0x80,0xf5,0xf5,0xf5,0x80,0xf5,0xf5,0xf5,0x80,
	0xf5,0xf5,0xf5,0x80,0xf5,0xf5,0xf5,0x80,0xf5,0xf5,0xf5,0x80,0xf5,0xf5,0xf5,0x80,
	0xf4,0xf4,0xf4,0x80,0xf4,0xf4,0xf4,0x80,0xf4,0xf4,0xf4,0x80,0xf4,0xf4,0xf4,0x80,
	0xf4,0xf4,0xf4,0x80,0xf4,0xf4,0xf4,0x80,0xf3,0xf3,0xf3,0x80,0x00,0x00,0x00,0x00,
	0x00,0x00,0x00,0x00,0x00,0x00,0x00,0x00,0x00,0x00,0x00,0x00,0x00,0x00,0x00,0x00,
	0x00,0x00,0x00,0x00,0x00,0x00,0x00,0x00,0x00,0x00,0x00,0x00,0x00,0x00,0x00,0x00,
	0x00,0x00,0x00,0x00,0xf7,0xf7,0xf7,0x80,0xf7,0xf7,0xf7,0x80,0xf6,0xf6,0xf6,0x80,
	0xf6,0xf6,0xf6,0x80,0xf6,0xf6,0xf6,0x80,0xf6,0xf6,0xf6,0x80,0xf6,0xf6,0xf6,0x80,
	0xf5,0xf5,0xf5,0x80,0xf5,0xf5,0xf5,0x80,0xf5,0xf5,0xf5,0x80,0xf5,0xf5,0xf5,0x80,
	0xf5,0xf5,0xf5,0x80,0xf5,0xf5,0xf5,0x80,0xf4,0xf4,0xf4,0x80,0xf4,0xf4,0xf4,0x80,
	0xf4,0xf4,0xf4,0x80,0xf4,0xf4,0xf4,0x80,0xf4,0xf4,0xf4,0x80,0xf4,0xf4,0xf4,0x80,
	0xf3,0xf3,0xf3,0x80,0xf3,0xf3,0xf3,0x80,0xf3,0xf3,0xf3,0x80,0x00,0x00,0x00,0x00,
	0x00,0x00,0x00,0x00,0x00,0x00,0x00,0x00,0x00,0x00,0x00,0x00,0x00,0x00,0x00,0x00,
	0x00,0x00,0x00,0x00,0x00,0x00,0x00,0x00,0x00,0x00,0x00,0x00,0x00,0x00,0x00,0x00,
	0x00,0x00,0x00,0x00,0xf6,0xf6,0xf6,0x80,0xf6,0xf6,0xf6,0x80,0xf6,0xf6,0xf6,0x80,
	0xf6,0xf6,0xf6,0x80,0xf6,0xf6,0xf6,0x80,0xf5,0xf5,0xf5,0x80,0xf5,0xf5,0xf5,0x80,
	0xf5,0xf5,0xf5,0x80,0xf5,0xf5,0xf5,0x80,0xf5,0xf5,0xf5,0x80,0xf5,0xf5,0xf5,0x80,
	0xf4,0xf4,0xf4,0x80,0xf4,0xf4,0xf4,0x80,0xf4,0xf4,0xf4,0x80,0xf4,0xf4,0xf4,0x80,
	0xf4,0xf4,0xf4,0x80,0xf3,0xf3,0xf3,0x80,0xf3,0xf3,0xf3,0x80,0xf3,0xf3,0xf3,0x80,
	0xf3,0xf3,0xf3,0x80,0xf3,0xf3,0xf3,0x80,0xf3,0xf3,0xf3,0x80,0x00,0x00,0x00,0x00,
	0x00,0x00,0x00,0x00,0x00,0x00,0x00,0x00,0x00,0x00,0x00,0x00,0x00,0x00,0x00,0x00,
	0x00,0x00,0x00,0x00,0x00,0x00,0x00,0x00,0x00,0x00,0x00,0x00,0x00,0x00,0x00,0x00,
	0x00,0x00,0x00,0x00,0xf6,0xf6,0xf6,0x80,0xf6,0xf6,0xf6,0x80,0xf6,0xf6,0xf6,0x80,
	0xf5,0xf5,0xf5,0x80,0xf5,0xf5,0xf5,0x80,0xf5,0xf5,0xf5,0x80,0xf5,0xf5,0xf5,0x80,
	0xf5,0xf5,0xf5,0x80,0xf5,0xf5,0xf5,0x80,0xf4,0xf4,0xf4,0x80,0xf4,0xf4,0xf4,0x80,
	0xf4,0xf4,0xf4,0x80,0xf4,0xf4,0xf4,0x80,0xf4,0xf4,0xf4,0x80,0xf3,0xf3,0xf3,0x80,
	0xf3,0xf3,0xf3,0x80,0xf3,0xf3,0xf3,0x80,0xf3,0xf3,0xf3,0x80,0xf3,0xf3,0xf3,0x80,
	0xf3,0xf3,0xf3,0x80,0xf3,0xf3,0xf3,0x80,0xf2,0xf2,0xf2,0x80,0x00,0x00,0x00,0x00,
	0x00,0x00,0x00,0x00,0x00,0x00,0x00,0x00,0x00,0x00,0x00,0x00,0x00,0x00,0x00,0x00,
	0x00,0x00,0x00,0x00,0x00,0x00,0x00,0x00,0x00,0x00,0x00,0x00,0x00,0x00,0x00,0x00,
	0x00,0x00,0x00,0x00,0xf6,0xf6,0xf6,0x80,0xf5,0xf5,0xf5,0x80,0xf5,0xf5,0xf5,0x80,
	0xf5,0xf5,0xf5,0x80,0xf5,0xf5,0xf5,0x80,0xf5,0xf5,0xf5,0x80,0xf4,0xf4,0xf4,0x80,
	0xf4,0xf4,0xf4,0x80,0xf4,0xf4,0xf4,0x80,0xf4,0xf4,0xf4,0x80,0xf4,0xf4,0xf4,0x80,
	0xf4,0xf4,0xf4,0x80,0xf3,0xf3,0xf3,0x80,0xf3,0xf3,0xf3,0x80,0xf3,0xf3,0xf3,0x80,
	0xf3,0xf3,0xf3,0x80,0xf3,0xf3,0xf3,0x80,0xf3,0xf3,0xf3,0x80,0xf2,0xf2,0xf2,0x80,
	0xf2,0xf2,0xf2,0x80,0xf2,0xf2,0xf2,0x80,0xf2,0xf2,0xf2,0x80,0x00,0x00,0x00,0x00,
	0x00,0x00,0x00,0x00,0x00,0x00,0x00,0x00,0x00,0x00,0x00,0x00,0x00,0x00,0x00,0x00,
	0x00,0x00,0x00,0x00,0x00,0x00,0x00,0x00,0x00,0x00,0x00,0x00,0x00,0x00,0x00,0x00,
	0x00,0x00,0x00,0x00,0xf5,0xf5,0xf5,0x80,0xf5,0xf5,0xf5,0x80,0xf5,0xf5,0xf5,0x80,
	0xf5,0xf5,0xf5,0x80,0xf4,0xf4,0xf4,0x80,0xf4,0xf4,0xf4,0x80,0xf4,0xf4,0xf4,0x80,
	0xf4,0xf4,0xf4,0x80,0xf4,0xf4,0xf4,0x80,0xf4,0xf4,0xf4,0x80,0xf3,0xf3,0xf3,0x80,
	0xf3,0xf3,0xf3,0x80,0xf3,0xf3,0xf3,0x80,0xf3,0xf3,0xf3,0x80,0xf3,0xf3,0xf3,0x80,
	0xf3,0xf3,0xf3,0x80,0xf2,0xf2,0xf2,0x80,0xf2,0xf2,0xf2,0x80,0xf2,0xf2,0xf2,0x80,
	0xf2,0xf2,0xf2,0x80,0xf2,0xf2,0xf2,0x80,0xf2,0xf2,0xf2,0x80,0x00,0x00,0x00,0x00,
	0x00,0x00,0x00,0x00,0x00,0x00,0x00,0x00,0x00,0x00,0x00,0x00,0x00,0x00,0x00,0x00,
	0x00,0x00,0x00,0x00,0x00,0x00,0x00,0x00,0x00,0x00,0x00,0x00,0x00,0x00,0x00,0x00,
	0x00,0x00,0x00,0x00,0xf5,0xf5,0xf5,0x62,0xf5,0xf5,0xf5,0x80,0xf4,0xf4,0xf4,0x80,
	0xf4,0xf4,0xf4,0x80,0xf4,0xf4,0xf4,0x80,0xf4,0xf4,0xf4,0x80,0xf4,0xf4,0xf4,0x80,
	0xf4,0xf4,0xf4,0x80,0xf3,0xf3,0xf3,0x80,0xf3,0xf3,0xf3,0x80,0xf3,0xf3,0xf3,0x80,
	0xf3,0xf3,0xf3,0x80,0xf3,0xf3,0xf3,0x80,0xf3,0xf3,0xf3,0x80,0xf2,0xf2,0xf2,0x80,
	0xf2,0xf2,0xf2,0x80,0xf2,0xf2,0xf2,0x80,0xf2,0xf2,0xf2,0x80,0xf2,0xf2,0xf2,0x80,
	0xf2,0xf2,0xf2,0x80,0xf2,0xf2,0xf2,0x80,0xf1,0xf1,0xf1,0x62,0x00,0x00,0x00,0x00,
	0x00,0x00,0x00,0x00,0x00,0x00,0x00,0x00,0x00,0x00,0x00,0x00,0x00,0x00,0x00,0x00,
	0x00,0x00,0x00,0x00,0x00,0x00,0x00,0x00,0x00,0x00,0x00,0x00,0x00,0x00,0x00,0x00,
	0x00,0x00,0x00,0x00,0x00,0x00,0x00,0x00,0x00,0x00,0x00,0x00,0x00,0x00,0x00,0x00,
	0x00,0x00,0x00,0x00,0x00,0x00,0x00,0x00,0x00,0x00,0x00,0x00,0x00,0x00,0x00,0x00,
	0x00,0x00,0x00,0x00,0x00,0x00,0x00,0x00,0x00,0x00,0x00,0x00,0x00,0x00,0x00,0x00,
	0x00,0x00,0x00,0x00,0x00,0x00,0x00,0x00,0x00,0x00,0x00,0x00,0x00,0x00,0x00,0x00,
	0x00,0x00,0x00,0x00,0x00,0x00,0x00,0x00,0x00,0x00,0x00,0x00,0x00,0x00,0x00,0x00,
	0x00,0x00,0x00,0x00,0x00,0x00,0x00,0x00,0x00,0x00,0x00,0x00,0x00,0x00,0x00,0x00,
	0x00,0x00,0x00,0x00,0x00,0x00,0x00,0x00,0x00,0x00,0x00,0x00,0x00,0x00,0x00,0x00,
	0x00,0x00,0x00,0x00,0x00,0x00,0x00,0x00,0x00,0x00,0x00,0x00,0x00,0x00,0x00,0x00,
	0x00,0x00,0x00,0x00,0x00,0x00,0x00,0x00,0x00,0x00,0x00,0x00,0x00,0x00,0x00,0x00,
	0x00,0x00,0x00,0x00,0x00,0x00,0x00,0x00,0x00,0x00,0x00,0x00,0x00,0x00,0x00,0x00,
	0x00,0x00,0x00,0x00,0x00,0x00,0x00,0x00,0x00,0x00,0x00,0x00,0x00,0x00,0x00,0x00,
	0x00,0x00,0x00,0x00,0x00,0x00,0x00,0x00,0x00,0x00,0x00,0x00,0x00,0x00,0x00,0x00,
	0x00,0x00,0x00,0x00,0x00,0x00,0x00,0x00,0x00,0x00,0x00,0x00,0x00,0x00,0x00,0x00,
	0x00,0x00,0x00,0x00,0x00,0x00,0x00,0x00,0x00,0x00,0x00,0x00,0x00,0x00,0x00,0x00,
	0x00,0x00,0x00,0x00,0x00,0x00,0x00,0x00,0x00,0x00,0x00,0x00,0x00,0x00,0x00,0x00,
	0x00,0x00,0x00,0x00,0x00,0x00,0x00,0x00,0x00,0x00,0x00,0x00,0x00,0x00,0x00,0x00,
	0x00,0x00,0x00,0x00,0x00,0x00,0x00,0x00,0x00,0x00,0x00,0x00,0x00,0x00,0x00,0x00,
	0x00,0x00,0x00,0x00,0x00,0x00,0x00,0x00,0x00,0x00,0x00,0x00,0x00,0x00,0x00,0x00,
	0x00,0x00,0x00,0x00,0x00,0x00,0x00,0x00,0x00,0x00,0x00,0x00,0x00,0x00,0x00,0x00,
	0x00,0x00,0x00,0x00,0x00,0x00,0x00,0x00,0x00,0x00,0x00,0x00,0x00,0x00,0x00,0x00,
	0x00,0x00,0x00,0x00,0x00,0x00,0x00,0x00,0x00,0x00,0x00,0x00,0x00,0x00,0x00,0x00,
	0x00,0x00,0x00,0x00,0x00,0x00,0x00,0x00,0x00,0x00,0x00,0x00,0x00,0x00,0x00,0x00,
	0x00,0x00,0x00,0x00,0x00,0x00,0x00,0x00,0x00,0x00,0x00,0x00,0x00,0x00,0x00,0x00,
};
static const unsigned char rgba_s_IconError[ 4096 ] __attribute__(   (  aligned( 16 ), section( ".data" )  )   ) = {
	0x00,0x00,0x00,0x00,0x00,0x00,0x00,0x00,0x00,0x00,0x00,0x00,0x00,0x00,0x00,0x00,
	0x00,0x00,0x00,0x00,0x00,0x00,0x00,0x00,0x00,0x00,0x00,0x00,0x00,0x00,0x00,0x00,
	0x00,0x00,0x00,0x00,0x00,0x00,0x00,0x00,0x00,0x00,0x00,0x00,0x00,0x00,0x00,0x00,
	0x00,0x00,0x00,0x00,0x00,0x00,0x00,0x00,0x00,0x00,0x00,0x00,0x00,0x00,0x00,0x00,
	0x00,0x00,0x00,0x00,0x00,0x00,0x00,0x00,0x00,0x00,0x00,0x00,0x00,0x00,0x00,0x00,
	0x00,0x00,0x00,0x00,0x00,0x00,0x00,0x00,0x00,0x00,0x00,0x00,0x00,0x00,0x00,0x00,
	0x00,0x00,0x00,0x00,0x00,0x00,0x00,0x00,0x00,0x00,0x00,0x00,0x00,0x00,0x00,0x00,
	0x00,0x00,0x00,0x00,0x00,0x00,0x00,0x00,0x00,0x00,0x00,0x00,0x00,0x00,0x00,0x00,
	0x00,0x00,0x00,0x00,0x00,0x00,0x00,0x00,0x00,0x00,0x00,0x00,0x00,0x00,0x00,0x00,
	0x00,0x00,0x00,0x00,0x00,0x00,0x00,0x00,0x00,0x00,0x00,0x00,0x00,0x00,0x00,0x00,
	0x00,0x00,0x00,0x00,0x00,0x00,0x00,0x00,0x00,0x00,0x00,0x00,0x00,0x00,0x00,0x00,
	0x00,0x00,0x00,0x00,0x00,0x00,0x00,0x00,0x00,0x00,0x00,0x00,0x00,0x00,0x00,0x00,
	0x00,0x00,0x00,0x00,0x00,0x00,0x00,0x00,0x00,0x00,0x00,0x00,0x00,0x00,0x00,0x00,
	0x00,0x00,0x00,0x00,0x00,0x00,0x00,0x00,0x00,0x00,0x00,0x00,0x00,0x00,0x00,0x00,
	0x00,0x00,0x00,0x00,0x00,0x00,0x00,0x00,0x00,0x00,0x00,0x00,0x00,0x00,0x00,0x00,
	0x00,0x00,0x00,0x00,0x00,0x00,0x00,0x00,0x00,0x00,0x00,0x00,0x00,0x00,0x00,0x00,
	0x00,0x00,0x00,0x00,0x00,0x00,0x00,0x00,0x00,0x00,0x00,0x00,0x00,0x00,0x00,0x00,
	0x00,0x00,0x00,0x00,0x00,0x00,0x00,0x00,0x00,0x00,0x00,0x00,0x00,0x00,0x00,0x00,
	0x00,0x00,0x00,0x00,0x00,0x00,0x00,0x00,0x00,0x00,0x00,0x00,0x00,0x00,0x00,0x00,
	0x00,0x00,0x00,0x00,0x00,0x00,0x00,0x01,0xb9,0x00,0x38,0x1e,0xcb,0x00,0x3e,0x74,
	0xca,0x00,0x3d,0x72,0xb6,0x00,0x36,0x1d,0x00,0x00,0x00,0x01,0x00,0x00,0x00,0x00,
	0x00,0x00,0x00,0x00,0x00,0x00,0x00,0x00,0x00,0x00,0x00,0x00,0x00,0x00,0x00,0x00,
	0x00,0x00,0x00,0x00,0x00,0x00,0x00,0x00,0x00,0x00,0x00,0x00,0x00,0x00,0x00,0x00,
	0x00,0x00,0x00,0x00,0x00,0x00,0x00,0x00,0x00,0x00,0x00,0x00,0x00,0x00,0x00,0x00,
	0x00,0x00,0x00,0x00,0x00,0x00,0x00,0x00,0x00,0x00,0x00,0x00,0x00,0x00,0x00,0x00,
	0x00,0x00,0x00,0x00,0x00,0x00,0x00,0x00,0x00,0x00,0x00,0x00,0x00,0x00,0x00,0x00,
	0x00,0x00,0x00,0x00,0x00,0x00,0x00,0x00,0x00,0x00,0x00,0x00,0x00,0x00,0x00,0x00,
	0x00,0x00,0x00,0x00,0x52,0x00,0x18,0x05,0xc7,0x00,0x3c,0x6c,0xcb,0x00,0x3c,0x80,
	0xca,0x00,0x3c,0x80,0xc4,0x00,0x3b,0x6c,0x50,0x00,0x18,0x05,0x00,0x00,0x00,0x00,
	0x00,0x00,0x00,0x00,0x00,0x00,0x00,0x00,0x00,0x00,0x00,0x00,0x00,0x00,0x00,0x00,
	0x00,0x00,0x00,0x00,0x00,0x00,0x00,0x00,0x00,0x00,0x00,0x00,0x00,0x00,0x00,0x00,
	0x00,0x00,0x00,0x00,0x00,0x00,0x00,0x00,0x00,0x00,0x00,0x00,0x00,0x00,0x00,0x00,
	0x00,0x00,0x00,0x00,0x00,0x00,0x00,0x00,0x00,0x00,0x00,0x00,0x00,0x00,0x00,0x00,
	0x00,0x00,0x00,0x00,0x00,0x00,0x00,0x00,0x00,0x00,0x00,0x00,0x00,0x00,0x00,0x00,
	0x00,0x00,0x00,0x00,0x00,0x00,0x00,0x00,0x00,0x00,0x00,0x00,0x00,0x00,0x00,0x00,
	0x00,0x00,0x00,0x01,0xb9,0x00,0x37,0x3d,0xca,0x00,0x3c,0x80,0xc9,0x00,0x3b,0x80,
	0xc8,0x00,0x3b,0x80,0xc7,0x00,0x3b,0x80,0xb4,0x00,0x35,0x3d,0x00,0x00,0x00,0x01,
	0x00,0x00,0x00,0x00,0x00,0x00,0x00,0x00,0x00,0x00,0x00,0x00,0x00,0x00,0x00,0x00,
	0x00,0x00,0x00,0x00,0x00,0x00,0x00,0x00,0x00,0x00,0x00,0x00,0x00,0x00,0x00,0x00,
	0x00,0x00,0x00,0x00,0x00,0x00,0x00,0x00,0x00,0x00,0x00,0x00,0x00,0x00,0x00,0x00,
	0x00,0x00,0x00,0x00,0x00,0x00,0x00,0x00,0x00,0x00,0x00,0x00,0x00,0x00,0x00,0x00,
	0x00,0x00,0x00,0x00,0x00,0x00,0x00,0x00,0x00,0x00,0x00,0x00,0x00,0x00,0x00,0x00,
	0x00,0x00,0x00,0x00,0x00,0x00,0x00,0x00,0x00,0x00,0x00,0x00,0x00,0x00,0x00,0x00,
	0x8e,0x00,0x2a,0x0f,0xc7,0x00,0x3b,0x79,0xc8,0x00,0x3b,0x80,0xc7,0x00,0x3a,0x80,
	0xc6,0x00,0x3a,0x80,0xc5,0x00,0x39,0x80,0xc2,0x00,0x38,0x79,0x84,0x00,0x26,0x0e,
	0x00,0x00,0x00,0x00,0x00,0x00,0x00,0x00,0x00,0x00,0x00,0x00,0x00,0x00,0x00,0x00,
	0x00,0x00,0x00,0x00,0x00,0x00,0x00,0x00,0x00,0x00,0x00,0x00,0x00,0x00,0x00,0x00,
	0x00,0x00,0x00,0x00,0x00,0x00,0x00,0x00,0x00,0x00,0x00,0x00,0x00,0x00,0x00,0x00,
	0x00,0x00,0x00,0x00,0x00,0x00,0x00,0x00,0x00,0x00,0x00,0x00,0x00,0x00,0x00,0x00,
	0x00,0x00,0x00,0x00,0x00,0x00,0x00,0x00,0x00,0x00,0x00,0x00,0x00,0x00,0x00,0x00,
	0x00,0x00,0x00,0x00,0x00,0x00,0x00,0x00,0x00,0x00,0x00,0x00,0x00,0x00,0x00,0x02,
	0xbc,0x00,0x38,0x53,0xc7,0x00,0x3a,0x80,0xc6,0x00,0x3a,0x80,0xc4,0x00,0x39,0x80,
	0xc3,0x00,0x39,0x80,0xc2,0x00,0x38,0x80,0xc2,0x00,0x37,0x80,0xb5,0x00,0x34,0x50,
	0x00,0x00,0x00,0x02,0x00,0x00,0x00,0x00,0x00,0x00,0x00,0x00,0x00,0x00,0x00,0x00,
	0x00,0x00,0x00,0x00,0x00,0x00,0x00,0x00,0x00,0x00,0x00,0x00,0x00,0x00,0x00,0x00,
	0x00,0x00,0x00,0x00,0x00,0x00,0x00,0x00,0x00,0x00,0x00,0x00,0x00,0x00,0x00,0x00,
	0x00,0x00,0x00,0x00,0x00,0x00,0x00,0x00,0x00,0x00,0x00,0x00,0x00,0x00,0x00,0x00,
	0x00,0x00,0x00,0x00,0x00,0x00,0x00,0x00,0x00,0x00,0x00,0x00,0x00,0x00,0x00,0x00,
	0x00,0x00,0x00,0x00,0x00,0x00,0x00,0x00,0x00,0x00,0x00,0x01,0xa4,0x00,0x30,0x20,
	0xc6,0x00,0x3a,0x7f,0xc4,0x00,0x39,0x80,0xc3,0x00,0x39,0x80,0xc2,0x00,0x38,0x80,
	0xc2,0x00,0x37,0x80,0xc1,0x00,0x37,0x80,0xbf,0x00,0x36,0x80,0xbd,0x00,0x36,0x7f,
	0x99,0x00,0x2b,0x1e,0x00,0x00,0x00,0x01,0x00,0x00,0x00,0x00,0x00,0x00,0x00,0x00,
	0x00,0x00,0x00,0x00,0x00,0x00,0x00,0x00,0x00,0x00,0x00,0x00,0x00,0x00,0x00,0x00,
	0x00,0x00,0x00,0x00,0x00,0x00,0x00,0x00,0x00,0x00,0x00,0x00,0x00,0x00,0x00,0x00,
	0x00,0x00,0x00,0x00,0x00,0x00,0x00,0x00,0x00,0x00,0x00,0x00,0x00,0x00,0x00,0x00,
	0x00,0x00,0x00,0x00,0x00,0x00,0x00,0x00,0x00,0x00,0x00,0x00,0x00,0x00,0x00,0x00,
	0x00,0x00,0x00,0x00,0x00,0x00,0x00,0x00,0x1c,0x00,0x08,0x04,0xbd,0x00,0x37,0x67,
	0xc3,0x00,0x39,0x80,0xc2,0x00,0x38,0x80,0xc2,0x00,0x37,0x80,0xc1,0x00,0x37,0x80,
	0xbf,0x00,0x36,0x80,0xbe,0x00,0x36,0x80,0xbd,0x00,0x35,0x80,0xbc,0x00,0x34,0x80,
	0xb4,0x00,0x32,0x65,0x1a,0x00,0x07,0x04,0x00,0x00,0x00,0x00,0x00,0x00,0x00,0x00,
	0x00,0x00,0x00,0x00,0x00,0x00,0x00,0x00,0x00,0x00,0x00,0x00,0x00,0x00,0x00,0x00,
	0x00,0x00,0x00,0x00,0x00,0x00,0x00,0x00,0x00,0x00,0x00,0x00,0x00,0x00,0x00,0x00,
	0x00,0x00,0x00,0x00,0x00,0x00,0x00,0x00,0x00,0x00,0x00,0x00,0x00,0x00,0x00,0x00,
	0x00,0x00,0x00,0x00,0x00,0x00,0x00,0x00,0x00,0x00,0x00,0x00,0x00,0x00,0x00,0x00,
	0x00,0x00,0x00,0x00,0x00,0x00,0x00,0x01,0xac,0x00,0x32,0x33,0xc2,0x00,0x38,0x80,
	0xc1,0x00,0x37,0x80,0xc0,0x00,0x36,0x80,0xf8,0xe2,0xe8,0x80,0xff,0xff,0xff,0x80,
	0xff,0xff,0xff,0x80,0xf7,0xe2,0xe8,0x80,0xbb,0x00,0x34,0x80,0xba,0x00,0x33,0x80,
	0xb8,0x00,0x32,0x80,0xa1,0x00,0x2c,0x33,0x00,0x00,0x00,0x01,0x00,0x00,0x00,0x00,
	0x00,0x00,0x00,0x00,0x00,0x00,0x00,0x00,0x00,0x00,0x00,0x00,0x00,0x00,0x00,0x00,
	0x00,0x00,0x00,0x00,0x00,0x00,0x00,0x00,0x00,0x00,0x00,0x00,0x00,0x00,0x00,0x00,
	0x00,0x00,0x00,0x00,0x00,0x00,0x00,0x00,0x00,0x00,0x00,0x00,0x00,0x00,0x00,0x00,
	0x00,0x00,0x00,0x00,0x00,0x00,0x00,0x00,0x00,0x00,0x00,0x00,0x00,0x00,0x00,0x00,
	0x00,0x00,0x00,0x00,0x6f,0x00,0x20,0x0b,0xbe,0x00,0x36,0x74,0xc0,0x00,0x36,0x80,
	0xbf,0x00,0x36,0x80,0xbe,0x00,0x35,0x80,0xf0,0xc5,0xd1,0x80,0xff,0xff,0xff,0x80,
	0xff,0xff,0xff,0x80,0xef,0xc5,0xd1,0x80,0xb8,0x00,0x32,0x80,0xb7,0x00,0x32,0x80,
	0xb6,0x00,0x31,0x80,0xb3,0x00,0x30,0x74,0x67,0x00,0x1b,0x0b,0x00,0x00,0x00,0x00,
	0x00,0x00,0x00,0x00,0x00,0x00,0x00,0x00,0x00,0x00,0x00,0x00,0x00,0x00,0x00,0x00,
	0x00,0x00,0x00,0x00,0x00,0x00,0x00,0x00,0x00,0x00,0x00,0x00,0x00,0x00,0x00,0x00,
	0x00,0x00,0x00,0x00,0x00,0x00,0x00,0x00,0x00,0x00,0x00,0x00,0x00,0x00,0x00,0x00,
	0x00,0x00,0x00,0x00,0x00,0x00,0x00,0x00,0x00,0x00,0x00,0x00,0x00,0x00,0x00,0x00,
	0x00,0x00,0x00,0x02,0xb2,0x00,0x32,0x49,0xbf,0x00,0x36,0x80,0xbe,0x00,0x35,0x80,
	0xbd,0x00,0x35,0x80,0xbc,0x00,0x34,0x80,0xea,0xb2,0xc2,0x80,0xff,0xff,0xff,0x80,
	0xff,0xff,0xff,0x80,0xe9,0xb2,0xc1,0x80,0xb6,0x00,0x31,0x80,0xb5,0x00,0x30,0x80,
	0xb4,0x00,0x30,0x80,0xb3,0x00,0x2f,0x80,0xa5,0x00,0x2b,0x49,0x00,0x00,0x00,0x02,
	0x00,0x00,0x00,0x00,0x00,0x00,0x00,0x00,0x00,0x00,0x00,0x00,0x00,0x00,0x00,0x00,
	0x00,0x00,0x00,0x00,0x00,0x00,0x00,0x00,0x00,0x00,0x00,0x00,0x00,0x00,0x00,0x00,
	0x00,0x00,0x00,0x00,0x00,0x00,0x00,0x00,0x00,0x00,0x00,0x00,0x00,0x00,0x00,0x00,
	0x00,0x00,0x00,0x00,0x00,0x00,0x00,0x00,0x00,0x00,0x00,0x00,0x00,0x00,0x00,0x01,
	0x97,0x00,0x2b,0x18,0xbd,0x00,0x35,0x7d,0xbd,0x00,0x35,0x80,0xbc,0x00,0x34,0x80,
	0xbb,0x00,0x34,0x80,0xb9,0x00,0x33,0x80,0xe1,0x92,0xa7,0x80,0xff,0xff,0xff,0x80,
	0xff,0xff,0xff,0x80,0xdf,0x92,0xa7,0x80,0xb4,0x00,0x30,0x80,0xb3,0x00,0x2f,0x80,
	0xb2,0x00,0x2f,0x80,0xb1,0x00,0x2e,0x80,0xaf,0x00,0x2e,0x7d,0x89,0x00,0x23,0x18,
	0x00,0x00,0x00,0x01,0x00,0x00,0x00,0x00,0x00,0x00,0x00,0x00,0x00,0x00,0x00,0x00,
	0x00,0x00,0x00,0x00,0x00,0x00,0x00,0x00,0x00,0x00,0x00,0x00,0x00,0x00,0x00,0x00,
	0x00,0x00,0x00,0x00,0x00,0x00,0x00,0x00,0x00,0x00,0x00,0x00,0x00,0x00,0x00,0x00,
	0x00,0x00,0x00,0x00,0x00,0x00,0x00,0x00,0x00,0x00,0x00,0x00,0x00,0x00,0x00,0x03,
	0xb5,0x00,0x33,0x5e,0xbc,0x00,0x34,0x80,0xba,0x00,0x33,0x80,0xb9,0x00,0x32,0x80,
	0xb8,0x00,0x32,0x80,0xb7,0x00,0x31,0x80,0xd9,0x7c,0x95,0x80,0xff,0xff,0xff,0x80,
	0xff,0xff,0xff,0x80,0xd8,0x7c,0x94,0x80,0xb2,0x00,0x2f,0x80,0xb0,0x00,0x2e,0x80,
	0xaf,0x00,0x2d,0x80,0xae,0x00,0x2c,0x80,0xad,0x00,0x2c,0x80,0xa5,0x00,0x29,0x5e,
	0x00,0x00,0x00,0x03,0x00,0x00,0x00,0x00,0x00,0x00,0x00,0x00,0x00,0x00,0x00,0x00,
	0x00,0x00,0x00,0x00,0x00,0x00,0x00,0x00,0x00,0x00,0x00,0x00,0x00,0x00,0x00,0x00,
	0x00,0x00,0x00,0x00,0x00,0x00,0x00,0x00,0x00,0x00,0x00,0x00,0x00,0x00,0x00,0x00,
	0x00,0x00,0x00,0x00,0x00,0x00,0x00,0x00,0x00,0x00,0x00,0x01,0xa3,0x00,0x2d,0x2b,
	0xba,0x00,0x33,0x80,0xb9,0x00,0x32,0x80,0xb8,0x00,0x32,0x80,0xb7,0x00,0x31,0x80,
	0xb6,0x00,0x31,0x80,0xb4,0x00,0x30,0x80,0xc8,0x47,0x6a,0x80,0xff,0xff,0xff,0x80,
	0xff,0xff,0xff,0x80,0xc6,0x47,0x68,0x80,0xaf,0x00,0x2d,0x80,0xae,0x00,0x2c,0x80,
	0xad,0x00,0x2c,0x80,0xac,0x00,0x2b,0x80,0xab,0x00,0x2b,0x80,0xaa,0x00,0x2a,0x80,
	0x92,0x00,0x24,0x2b,0x00,0x00,0x00,0x01,0x00,0x00,0x00,0x00,0x00,0x00,0x00,0x00,
	0x00,0x00,0x00,0x00,0x00,0x00,0x00,0x00,0x00,0x00,0x00,0x00,0x00,0x00,0x00,0x00,
	0x00,0x00,0x00,0x00,0x00,0x00,0x00,0x00,0x00,0x00,0x00,0x00,0x00,0x00,0x00,0x00,
	0x00,0x00,0x00,0x00,0x00,0x00,0x00,0x00,0x57,0x00,0x18,0x08,0xb5,0x00,0x31,0x70,
	0xb8,0x00,0x32,0x80,0xb7,0x00,0x31,0x80,0xb6,0x00,0x31,0x80,0xb4,0x00,0x30,0x80,
	0xb3,0x00,0x2f,0x80,0xb2,0x00,0x2f,0x80,0xc6,0x44,0x66,0x80,0xff,0xff,0xff,0x80,
	0xff,0xff,0xff,0x80,0xc4,0x44,0x64,0x80,0xad,0x00,0x2c,0x80,0xac,0x00,0x2b,0x80,
	0xab,0x00,0x2b,0x80,0xaa,0x00,0x2a,0x80,0xa8,0x00,0x29,0x80,0xa7,0x00,0x29,0x80,
	0xa2,0x00,0x27,0x70,0x4d,0x00,0x13,0x08,0x00,0x00,0x00,0x00,0x00,0x00,0x00,0x00,
	0x00,0x00,0x00,0x00,0x00,0x00,0x00,0x00,0x00,0x00,0x00,0x00,0x00,0x00,0x00,0x00,
	0x00,0x00,0x00,0x00,0x00,0x00,0x00,0x00,0x00,0x00,0x00,0x00,0x00,0x00,0x00,0x00,
	0x00,0x00,0x00,0x00,0x00,0x00,0x00,0x02,0xa9,0x00,0x2e,0x42,0xb7,0x00,0x31,0x80,
	0xb6,0x00,0x31,0x80,0xb4,0x00,0x30,0x80,0xb3,0x00,0x2f,0x80,0xb2,0x00,0x2f,0x80,
	0xb1,0x00,0x2e,0x80,0xb0,0x00,0x2e,0x80,0xba,0x22,0x49,0x80,0xff,0xff,0xff,0x80,
	0xff,0xff,0xff,0x80,0xb6,0x22,0x47,0x80,0xab,0x00,0x2a,0x80,0xaa,0x00,0x2a,0x80,
	0xa8,0x00,0x29,0x80,0xa7,0x00,0x29,0x80,0xa6,0x00,0x28,0x80,0xa5,0x00,0x28,0x80,
	0xa4,0x00,0x27,0x80,0x96,0x00,0x23,0x42,0x00,0x00,0x00,0x02,0x00,0x00,0x00,0x00,
	0x00,0x00,0x00,0x00,0x00,0x00,0x00,0x00,0x00,0x00,0x00,0x00,0x00,0x00,0x00,0x00,
	0x00,0x00,0x00,0x00,0x00,0x00,0x00,0x00,0x00,0x00,0x00,0x00,0x00,0x00,0x00,0x00,
	0x00,0x00,0x00,0x01,0x85,0x00,0x24,0x13,0xb5,0x00,0x31,0x7b,0xb4,0x00,0x30,0x80,
	0xb3,0x00,0x2f,0x80,0xb2,0x00,0x2f,0x80,0xb1,0x00,0x2e,0x80,0xb0,0x00,0x2e,0x80,
	0xaf,0x00,0x2d,0x80,0xae,0x00,0x2c,0x80,0xb7,0x22,0x47,0x80,0xff,0xff,0xff,0x80,
	0xff,0xff,0xff,0x80,0xb5,0x22,0x46,0x80,0xa8,0x00,0x29,0x80,0xa7,0x00,0x29,0x80,
	0xa6,0x00,0x28,0x80,0xa5,0x00,0x28,0x80,0xa4,0x00,0x27,0x80,0xa2,0x00,0x26,0x80,
	0xa1,0x00,0x25,0x80,0x9f,0x00,0x25,0x7b,0x74,0x00,0x1a,0x13,0x00,0x00,0x00,0x01,
	0x00,0x00,0x00,0x00,0x00,0x00,0x00,0x00,0x00,0x00,0x00,0x00,0x00,0x00,0x00,0x00,
	0x00,0x00,0x00,0x00,0x00,0x00,0x00,0x00,0x00,0x00,0x00,0x00,0x00,0x00,0x00,0x00,
	0x00,0x00,0x00,0x03,0xab,0x00,0x2e,0x57,0xb3,0x00,0x2f,0x80,0xb2,0x00,0x2f,0x80,
	0xb1,0x00,0x2e,0x80,0xb0,0x00,0x2e,0x80,0xae,0x00,0x2c,0x80,0xad,0x00,0x2c,0x80,
	0xac,0x00,0x2b,0x80,0xab,0x00,0x2b,0x80,0xaa,0x00,0x2a,0x80,0xff,0xff,0xff,0x80,
	0xff,0xff,0xff,0x80,0xa7,0x00,0x29,0x80,0xa6,0x00,0x28,0x80,0xa5,0x00,0x27,0x80,
	0xa3,0x00,0x26,0x80,0xa2,0x00,0x26,0x80,0xa1,0x00,0x25,0x80,0xa0,0x00,0x25,0x80,
	0x9f,0x00,0x24,0x80,0x9f,0x00,0x24,0x80,0x95,0x00,0x21,0x56,0x00,0x00,0x00,0x03,
	0x00,0x00,0x00,0x00,0x00,0x00,0x00,0x00,0x00,0x00,0x00,0x00,0x00,0x00,0x00,0x00,
	0x00,0x00,0x00,0x00,0x00,0x00,0x00,0x00,0x00,0x00,0x00,0x00,0x00,0x00,0x00,0x01,
	0x98,0x00,0x28,0x24,0xb2,0x00,0x2f,0x7f,0xb1,0x00,0x2e,0x80,0xb0,0x00,0x2e,0x80,
	0xae,0x00,0x2c,0x80,0xad,0x00,0x2c,0x80,0xac,0x00,0x2b,0x80,0xab,0x00,0x2b,0x80,
	0xaa,0x00,0x2a,0x80,0xa9,0x00,0x2a,0x80,0xa8,0x00,0x29,0x80,0xff,0xff,0xff,0x80,
	0xff,0xff,0xff,0x80,0xa5,0x00,0x27,0x80,0xa3,0x00,0x26,0x80,0xa2,0x00,0x26,0x80,
	0xa1,0x00,0x25,0x80,0xa0,0x00,0x25,0x80,0x9f,0x00,0x24,0x80,0x9e,0x00,0x24,0x80,
	0x9d,0x00,0x23,0x80,0x9c,0x00,0x22,0x80,0x9b,0x00,0x21,0x7f,0x81,0x00,0x1c,0x22,
	0x00,0x00,0x00,0x01,0x00,0x00,0x00,0x00,0x00,0x00,0x00,0x00,0x00,0x00,0x00,0x00,
	0x00,0x00,0x00,0x00,0x00,0x00,0x00,0x00,0x00,0x00,0x00,0x00,0x36,0x00,0x0e,0x05,
	0xac,0x00,0x2d,0x6b,0xb0,0x00,0x2e,0x80,0xae,0x00,0x2c,0x80,0xad,0x00,0x2c,0x80,
	0xac,0x00,0x2b,0x80,0xab,0x00,0x2b,0x80,0xaa,0x00,0x2a,0x80,0xa8,0x00,0x29,0x80,
	0xa8,0x00,0x29,0x80,0xa7,0x00,0x28,0x80,0xa6,0x00,0x28,0x80,0xa5,0x00,0x27,0x80,
	0xa3,0x00,0x26,0x80,0xa2,0x00,0x26,0x80,0xa1,0x00,0x25,0x80,0xa0,0x00,0x25,0x80,
	0x9f,0x00,0x24,0x80,0x9e,0x00,0x24,0x80,0x9d,0x00,0x23,0x80,0x9c,0x00,0x22,0x80,
	0x9b,0x00,0x21,0x80,0x9a,0x00,0x21,0x80,0x99,0x00,0x20,0x80,0x94,0x00,0x1f,0x69,
	0x26,0x00,0x08,0x04,0x00,0x00,0x00,0x00,0x00,0x00,0x00,0x00,0x00,0x00,0x00,0x00,
	0x00,0x00,0x00,0x00,0x00,0x00,0x00,0x00,0x00,0x00,0x00,0x01,0x9f,0x00,0x2a,0x3a,
	0xae,0x00,0x2c,0x80,0xad,0x00,0x2c,0x80,0xac,0x00,0x2b,0x80,0xab,0x00,0x2b,0x80,
	0xaa,0x00,0x2a,0x80,0xa8,0x00,0x29,0x80,0xa8,0x00,0x29,0x80,0xa7,0x00,0x28,0x80,
	0xa6,0x00,0x28,0x80,0xa4,0x00,0x27,0x80,0xa3,0x00,0x26,0x80,0xa2,0x00,0x26,0x80,
	0xa1,0x00,0x25,0x80,0xa0,0x00,0x25,0x80,0x9f,0x00,0x24,0x80,0x9e,0x00,0x24,0x80,
	0x9d,0x00,0x23,0x80,0x9c,0x00,0x22,0x80,0x9b,0x00,0x21,0x80,0x9a,0x00,0x21,0x80,
	0x99,0x00,0x20,0x80,0x98,0x00,0x20,0x80,0x97,0x00,0x1f,0x80,0x96,0x00,0x1f,0x80,
	0x85,0x00,0x1b,0x38,0x00,0x00,0x00,0x01,0x00,0x00,0x00,0x00,0x00,0x00,0x00,0x00,
	0x00,0x00,0x00,0x00,0x00,0x00,0x00,0x00,0x6f,0x00,0x1c,0x0d,0xab,0x00,0x2b,0x77,
	0xac,0x00,0x2b,0x80,0xab,0x00,0x2b,0x80,0xaa,0x00,0x2a,0x80,0xa8,0x00,0x29,0x80,
	0xa8,0x00,0x29,0x80,0xa6,0x00,0x28,0x80,0xa5,0x00,0x28,0x80,0xa4,0x00,0x27,0x80,
	0xa3,0x00,0x26,0x80,0xa2,0x00,0x26,0x80,0xba,0x44,0x5f,0x80,0xf9,0xee,0xf0,0x80,
	0xff,0xff,0xff,0x80,0xcb,0x77,0x8a,0x80,0x9c,0x00,0x23,0x80,0x9c,0x00,0x22,0x80,
	0x9b,0x00,0x21,0x80,0x9a,0x00,0x21,0x80,0x99,0x00,0x20,0x80,0x98,0x00,0x20,0x80,
	0x97,0x00,0x1f,0x80,0x96,0x00,0x1f,0x80,0x95,0x00,0x1e,0x80,0x94,0x00,0x1e,0x80,
	0x91,0x00,0x1d,0x77,0x61,0x00,0x13,0x0c,0x00,0x00,0x00,0x00,0x00,0x00,0x00,0x00,
	0x00,0x00,0x00,0x00,0x00,0x00,0x00,0x02,0xa1,0x00,0x28,0x4e,0xab,0x00,0x2b,0x80,
	0xaa,0x00,0x2a,0x80,0xa8,0x00,0x29,0x80,0xa7,0x00,0x29,0x80,0xa6,0x00,0x28,0x80,
	0xa5,0x00,0x28,0x80,0xa4,0x00,0x27,0x80,0xa3,0x00,0x26,0x80,0xa2,0x00,0x25,0x80,
	0xa1,0x00,0x25,0x80,0xa0,0x00,0x24,0x80,0xf9,0xee,0xf0,0x80,0xff,0xff,0xff,0x80,
	0xff,0xff,0xff,0x80,0xff,0xff,0xff,0x80,0x9b,0x00,0x21,0x80,0x9a,0x00,0x21,0x80,
	0x98,0x00,0x20,0x80,0x97,0x00,0x20,0x80,0x96,0x00,0x1f,0x80,0x96,0x00,0x1f,0x80,
	0x95,0x00,0x1e,0x80,0x94,0x00,0x1e,0x80,0x92,0x00,0x1d,0x80,0x92,0x00,0x1d,0x80,
	0x91,0x00,0x1c,0x80,0x87,0x00,0x19,0x4e,0x00,0x00,0x00,0x02,0x00,0x00,0x00,0x00,
	0x00,0x00,0x00,0x01,0x89,0x00,0x22,0x1c,0xa9,0x00,0x2a,0x7e,0xa8,0x00,0x29,0x80,
	0xa7,0x00,0x29,0x80,0xa6,0x00,0x28,0x80,0xa5,0x00,0x28,0x80,0xa4,0x00,0x27,0x80,
	0xa3,0x00,0x26,0x80,0xa2,0x00,0x25,0x80,0xa1,0x00,0x25,0x80,0xa0,0x00,0x24,0x80,
	0x9f,0x00,0x24,0x80,0x9d,0x00,0x23,0x80,0xf8,0xee,0xf0,0x80,0xff,0xff,0xff,0x80,
	0xff,0xff,0xff,0x80,0xff,0xff,0xff,0x80,0x98,0x00,0x20,0x80,0x97,0x00,0x20,0x80,
	0x96,0x00,0x1f,0x80,0x95,0x00,0x1f,0x80,0x95,0x00,0x1e,0x80,0x94,0x00,0x1e,0x80,
	0x92,0x00,0x1d,0x80,0x92,0x00,0x1d,0x80,0x91,0x00,0x1c,0x80,0x90,0x00,0x1b,0x80,
	0x8f,0x00,0x1b,0x80,0x8d,0x00,0x1a,0x7e,0x72,0x00,0x15,0x1c,0x00,0x00,0x00,0x01,
	0x00,0x00,0x00,0x03,0xa1,0x00,0x27,0x61,0xa7,0x00,0x29,0x80,0xa6,0x00,0x28,0x80,
	0xa5,0x00,0x28,0x80,0xa4,0x00,0x27,0x80,0xa3,0x00,0x26,0x80,0xa2,0x00,0x25,0x80,
	0xa1,0x00,0x25,0x80,0x9f,0x00,0x24,0x80,0x9f,0x00,0x24,0x80,0x9d,0x00,0x23,0x80,
	0x9c,0x00,0x23,0x80,0x9b,0x00,0x22,0x80,0xb5,0x44,0x5c,0x80,0xf8,0xee,0xf0,0x80,
	0xff,0xff,0xff,0x80,0xc8,0x77,0x88,0x80,0x96,0x00,0x1f,0x80,0x95,0x00,0x1f,0x80,
	0x94,0x00,0x1e,0x80,0x94,0x00,0x1e,0x80,0x92,0x00,0x1d,0x80,0x91,0x00,0x1d,0x80,
	0x91,0x00,0x1c,0x80,0x90,0x00,0x1b,0x80,0x8f,0x00,0x1b,0x80,0x8e,0x00,0x1a,0x80,
	0x8e,0x00,0x1a,0x80,0x8d,0x00,0x1a,0x80,0x86,0x00,0x18,0x5f,0x00,0x00,0x00,0x03,
	0x00,0x00,0x00,0x07,0xa5,0x00,0x28,0x7c,0xa5,0x00,0x28,0x80,0xa4,0x00,0x27,0x80,
	0xa2,0x00,0x26,0x80,0xa1,0x00,0x25,0x80,0xa0,0x00,0x25,0x80,0x9f,0x00,0x24,0x80,
	0x9f,0x00,0x24,0x80,0x9d,0x00,0x23,0x80,0x9c,0x00,0x23,0x80,0x9b,0x00,0x22,0x80,
	0x9a,0x00,0x21,0x80,0x99,0x00,0x21,0x80,0x98,0x00,0x20,0x80,0x97,0x00,0x1f,0x80,
	0x96,0x00,0x1f,0x80,0x95,0x00,0x1f,0x80,0x94,0x00,0x1e,0x80,0x93,0x00,0x1e,0x80,
	0x92,0x00,0x1d,0x80,0x91,0x00,0x1d,0x80,0x90,0x00,0x1c,0x80,0x90,0x00,0x1b,0x80,
	0x8f,0x00,0x1b,0x80,0x8e,0x00,0x1a,0x80,0x8e,0x00,0x1a,0x80,0x8c,0x00,0x1a,0x80,
	0x8c,0x00,0x19,0x80,0x8b,0x00,0x19,0x80,0x89,0x00,0x18,0x7a,0x00,0x00,0x00,0x07,
	0x00,0x00,0x00,0x08,0x84,0x00,0x1f,0x49,0x9f,0x00,0x25,0x7c,0xa1,0x00,0x25,0x80,
	0xa0,0x00,0x25,0x80,0x9f,0x00,0x24,0x80,0x9f,0x00,0x24,0x80,0x9d,0x00,0x23,0x80,
	0x9c,0x00,0x23,0x80,0x9b,0x00,0x22,0x80,0x9a,0x00,0x21,0x80,0x99,0x00,0x21,0x80,
	0x98,0x00,0x20,0x80,0x97,0x00,0x1f,0x80,0x96,0x00,0x1f,0x80,0x95,0x00,0x1e,0x80,
	0x94,0x00,0x1e,0x80,0x93,0x00,0x1e,0x80,0x92,0x00,0x1d,0x80,0x91,0x00,0x1d,0x80,
	0x90,0x00,0x1c,0x80,0x90,0x00,0x1b,0x80,0x8f,0x00,0x1b,0x80,0x8e,0x00,0x1a,0x80,
	0x8d,0x00,0x1a,0x80,0x8c,0x00,0x1a,0x80,0x8c,0x00,0x19,0x80,0x8b,0x00,0x19,0x80,
	0x8a,0x00,0x18,0x80,0x88,0x00,0x18,0x7e,0x6f,0x00,0x13,0x49,0x00,0x00,0x00,0x08,
	0x00,0x00,0x00,0x05,0x00,0x00,0x00,0x11,0x00,0x00,0x00,0x1c,0x00,0x00,0x00,0x1f,
	0x00,0x00,0x00,0x1f,0x00,0x00,0x00,0x1f,0x00,0x00,0x00,0x1f,0x00,0x00,0x00,0x1f,
	0x00,0x00,0x00,0x1f,0x00,0x00,0x00,0x1f,0x00,0x00,0x00,0x1f,0x00,0x00,0x00,0x1f,
	0x00,0x00,0x00,0x1f,0x00,0x00,0x00,0x1f,0x00,0x00,0x00,0x1f,0x00,0x00,0x00,0x1f,
	0x00,0x00,0x00,0x1f,0x00,0x00,0x00,0x1f,0x00,0x00,0x00,0x1f,0x00,0x00,0x00,0x1f,
	0x00,0x00,0x00,0x1f,0x00,0x00,0x00,0x1f,0x00,0x00,0x00,0x1f,0x00,0x00,0x00,0x1f,
	0x00,0x00,0x00,0x1f,0x00,0x00,0x00,0x1f,0x00,0x00,0x00,0x1f,0x00,0x00,0x00,0x1f,
	0x00,0x00,0x00,0x1f,0x00,0x00,0x00,0x1c,0x00,0x00,0x00,0x11,0x00,0x00,0x00,0x05,
	0x00,0x00,0x00,0x01,0x00,0x00,0x00,0x05,0x00,0x00,0x00,0x09,0x00,0x00,0x00,0x0a,
	0x00,0x00,0x00,0x0b,0x00,0x00,0x00,0x0b,0x00,0x00,0x00,0x0b,0x00,0x00,0x00,0x0b,
	0x00,0x00,0x00,0x0b,0x00,0x00,0x00,0x0b,0x00,0x00,0x00,0x0b,0x00,0x00,0x00,0x0b,
	0x00,0x00,0x00,0x0b,0x00,0x00,0x00,0x0b,0x00,0x00,0x00,0x0b,0x00,0x00,0x00,0x0b,
	0x00,0x00,0x00,0x0b,0x00,0x00,0x00,0x0b,0x00,0x00,0x00,0x0b,0x00,0x00,0x00,0x0b,
	0x00,0x00,0x00,0x0b,0x00,0x00,0x00,0x0b,0x00,0x00,0x00,0x0b,0x00,0x00,0x00,0x0b,
	0x00,0x00,0x00,0x0b,0x00,0x00,0x00,0x0b,0x00,0x00,0x00,0x0b,0x00,0x00,0x00,0x0b,
	0x00,0x00,0x00,0x0a,0x00,0x00,0x00,0x09,0x00,0x00,0x00,0x05,0x00,0x00,0x00,0x01,
	0x00,0x00,0x00,0x00,0x00,0x00,0x00,0x00,0x00,0x00,0x00,0x00,0x00,0x00,0x00,0x00,
	0x00,0x00,0x00,0x00,0x00,0x00,0x00,0x00,0x00,0x00,0x00,0x00,0x00,0x00,0x00,0x00,
	0x00,0x00,0x00,0x00,0x00,0x00,0x00,0x00,0x00,0x00,0x00,0x00,0x00,0x00,0x00,0x00,
	0x00,0x00,0x00,0x00,0x00,0x00,0x00,0x00,0x00,0x00,0x00,0x00,0x00,0x00,0x00,0x00,
	0x00,0x00,0x00,0x00,0x00,0x00,0x00,0x00,0x00,0x00,0x00,0x00,0x00,0x00,0x00,0x00,
	0x00,0x00,0x00,0x00,0x00,0x00,0x00,0x00,0x00,0x00,0x00,0x00,0x00,0x00,0x00,0x00,
	0x00,0x00,0x00,0x00,0x00,0x00,0x00,0x00,0x00,0x00,0x00,0x00,0x00,0x00,0x00,0x00,
	0x00,0x00,0x00,0x00,0x00,0x00,0x00,0x00,0x00,0x00,0x00,0x00,0x00,0x00,0x00,0x00,
	0x00,0x00,0x00,0x00,0x00,0x00,0x00,0x00,0x00,0x00,0x00,0x00,0x00,0x00,0x00,0x00,
	0x00,0x00,0x00,0x00,0x00,0x00,0x00,0x00,0x00,0x00,0x00,0x00,0x00,0x00,0x00,0x00,
	0x00,0x00,0x00,0x00,0x00,0x00,0x00,0x00,0x00,0x00,0x00,0x00,0x00,0x00,0x00,0x00,
	0x00,0x00,0x00,0x00,0x00,0x00,0x00,0x00,0x00,0x00,0x00,0x00,0x00,0x00,0x00,0x00,
	0x00,0x00,0x00,0x00,0x00,0x00,0x00,0x00,0x00,0x00,0x00,0x00,0x00,0x00,0x00,0x00,
	0x00,0x00,0x00,0x00,0x00,0x00,0x00,0x00,0x00,0x00,0x00,0x00,0x00,0x00,0x00,0x00,
	0x00,0x00,0x00,0x00,0x00,0x00,0x00,0x00,0x00,0x00,0x00,0x00,0x00,0x00,0x00,0x00,
	0x00,0x00,0x00,0x00,0x00,0x00,0x00,0x00,0x00,0x00,0x00,0x00,0x00,0x00,0x00,0x00,
};
static const unsigned char rgba_s_IconDisplay[ 4096 ] __attribute__(   (  aligned( 16 ), section( ".data" )  )   ) = {
	0x00,0x00,0x00,0x00,0x00,0x00,0x00,0x00,0x00,0x00,0x00,0x00,0x00,0x00,0x00,0x00,
	0x00,0x00,0x00,0x00,0x00,0x00,0x00,0x00,0x00,0x00,0x00,0x00,0x00,0x00,0x00,0x00,
	0x00,0x00,0x00,0x00,0x00,0x00,0x00,0x00,0x00,0x00,0x00,0x00,0x00,0x00,0x00,0x00,
	0x00,0x00,0x00,0x00,0x00,0x00,0x00,0x00,0x00,0x00,0x00,0x00,0x00,0x00,0x00,0x00,
	0x00,0x00,0x00,0x00,0x00,0x00,0x00,0x00,0x00,0x00,0x00,0x00,0x00,0x00,0x00,0x00,
	0x00,0x00,0x00,0x00,0x00,0x00,0x00,0x00,0x00,0x00,0x00,0x00,0x00,0x00,0x00,0x00,
	0x00,0x00,0x00,0x00,0x00,0x00,0x00,0x00,0x00,0x00,0x00,0x00,0x00,0x00,0x00,0x00,
	0x00,0x00,0x00,0x00,0x00,0x00,0x00,0x00,0x00,0x00,0x00,0x00,0x00,0x00,0x00,0x00,
	0x00,0x00,0x00,0x00,0x00,0x00,0x00,0x00,0x00,0x00,0x00,0x00,0x00,0x00,0x00,0x00,
	0x00,0x00,0x00,0x00,0x00,0x00,0x00,0x00,0x00,0x00,0x00,0x00,0x00,0x00,0x00,0x00,
	0x00,0x00,0x00,0x00,0x00,0x00,0x00,0x00,0x00,0x00,0x00,0x00,0x00,0x00,0x00,0x00,
	0x00,0x00,0x00,0x00,0x00,0x00,0x00,0x00,0x00,0x00,0x00,0x00,0x00,0x00,0x00,0x00,
	0x00,0x00,0x00,0x00,0x00,0x00,0x00,0x00,0x00,0x00,0x00,0x00,0x00,0x00,0x00,0x00,
	0x00,0x00,0x00,0x00,0x00,0x00,0x00,0x00,0x00,0x00,0x00,0x00,0x00,0x00,0x00,0x00,
	0x00,0x00,0x00,0x00,0x00,0x00,0x00,0x00,0x00,0x00,0x00,0x00,0x00,0x00,0x00,0x00,
	0x00,0x00,0x00,0x00,0x00,0x00,0x00,0x00,0x00,0x00,0x00,0x00,0x00,0x00,0x00,0x00,
	0x00,0x00,0x00,0x00,0x00,0x00,0x00,0x00,0x00,0x00,0x00,0x00,0x00,0x00,0x00,0x00,
	0x00,0x00,0x00,0x00,0x00,0x00,0x00,0x00,0x00,0x00,0x00,0x00,0x00,0x00,0x00,0x00,
	0x00,0x00,0x00,0x00,0x00,0x00,0x00,0x00,0x00,0x00,0x00,0x00,0x00,0x00,0x00,0x00,
	0x00,0x00,0x00,0x00,0x00,0x00,0x00,0x00,0x00,0x00,0x00,0x00,0x00,0x00,0x00,0x00,
	0x00,0x00,0x00,0x00,0x00,0x00,0x00,0x00,0x00,0x00,0x00,0x00,0x00,0x00,0x00,0x00,
	0x00,0x00,0x00,0x00,0x00,0x00,0x00,0x00,0x00,0x00,0x00,0x00,0x00,0x00,0x00,0x00,
	0x00,0x00,0x00,0x00,0x00,0x00,0x00,0x00,0x00,0x00,0x00,0x00,0x00,0x00,0x00,0x00,
	0x00,0x00,0x00,0x00,0x00,0x00,0x00,0x00,0x00,0x00,0x00,0x00,0x00,0x00,0x00,0x00,
	0x00,0x00,0x00,0x00,0x00,0x00,0x00,0x00,0x00,0x00,0x00,0x00,0x00,0x00,0x00,0x00,
	0x00,0x00,0x00,0x00,0x00,0x00,0x00,0x00,0x00,0x00,0x00,0x00,0x00,0x00,0x00,0x00,
	0x00,0x00,0x00,0x00,0x00,0x00,0x00,0x00,0x00,0x00,0x00,0x00,0x00,0x00,0x00,0x00,
	0x00,0x00,0x00,0x00,0x00,0x00,0x00,0x00,0x00,0x00,0x00,0x00,0x00,0x00,0x00,0x00,
	0x00,0x00,0x00,0x00,0x00,0x00,0x00,0x00,0x00,0x00,0x00,0x00,0x00,0x00,0x00,0x00,
	0x00,0x00,0x00,0x00,0x00,0x00,0x00,0x00,0x00,0x00,0x00,0x00,0x00,0x00,0x00,0x00,
	0x00,0x00,0x00,0x00,0x00,0x00,0x00,0x00,0x00,0x00,0x00,0x00,0x00,0x00,0x00,0x00,
	0x00,0x00,0x00,0x00,0x00,0x00,0x00,0x00,0x00,0x00,0x00,0x00,0x00,0x00,0x00,0x00,
	0x00,0x00,0x00,0x00,0x00,0x00,0x00,0x02,0xfa,0xfa,0xfa,0x63,0xfe,0xfe,0xfe,0x80,
	0xfe,0xfe,0xfe,0x80,0xfd,0xfd,0xfd,0x80,0xfc,0xfd,0xfd,0x80,0xfc,0xfc,0xfc,0x80,
	0xfc,0xfc,0xfc,0x80,0xfb,0xfc,0xfc,0x80,0xfb,0xfb,0xfb,0x80,0xfa,0xfb,0xfb,0x80,
	0xfa,0xfa,0xfa,0x80,0xfa,0xfa,0xfa,0x80,0xf9,0xfa,0xfa,0x80,0xf8,0xf9,0xf9,0x80,
	0xf7,0xf8,0xf8,0x80,0xf7,0xf8,0xf7,0x80,0xf7,0xf7,0xf7,0x80,0xf6,0xf7,0xf7,0x80,
	0xf6,0xf6,0xf6,0x80,0xf5,0xf6,0xf5,0x80,0xf5,0xf5,0xf5,0x80,0xf4,0xf5,0xf5,0x80,
	0xf3,0xf4,0xf4,0x80,0xf3,0xf3,0xf3,0x80,0xf2,0xf3,0xf3,0x80,0xf2,0xf3,0xf3,0x80,
	0xef,0xf0,0xf0,0x80,0xe6,0xe8,0xe8,0x63,0x00,0x00,0x00,0x02,0x00,0x00,0x00,0x00,
	0x00,0x00,0x00,0x00,0x00,0x00,0x00,0x07,0xfd,0xfd,0xfd,0x80,0xfd,0xfd,0xfd,0x80,
	0xfb,0xfc,0xfb,0x80,0xfb,0xfb,0xfb,0x80,0xfb,0xfb,0xfb,0x80,0xfa,0xfb,0xfb,0x80,
	0xfa,0xfa,0xfa,0x80,0xf9,0xfa,0xf9,0x80,0xf8,0xf9,0xf9,0x80,0xf8,0xf8,0xf8,0x80,
	0xf7,0xf8,0xf7,0x80,0xf6,0xf7,0xf7,0x80,0xf6,0xf6,0xf6,0x80,0xf5,0xf6,0xf5,0x80,
	0xf4,0xf5,0xf5,0x80,0xf3,0xf4,0xf4,0x80,0xf2,0xf3,0xf3,0x80,0xf2,0xf3,0xf3,0x80,
	0xf1,0xf2,0xf2,0x80,0xf1,0xf2,0xf2,0x80,0xf0,0xf1,0xf1,0x80,0xef,0xf0,0xf0,0x80,
	0xee,0xf0,0xef,0x80,0xed,0xef,0xee,0x80,0xed,0xee,0xee,0x80,0xeb,0xed,0xed,0x80,
	0xe8,0xea,0xea,0x80,0xd0,0xd2,0xd2,0x80,0x00,0x00,0x00,0x07,0x00,0x00,0x00,0x00,
	0x00,0x00,0x00,0x00,0x00,0x00,0x00,0x0a,0xfc,0xfc,0xfc,0x80,0xfb,0xfb,0xfb,0x80,
	0x6e,0x6e,0x6e,0x80,0x47,0x47,0x47,0x80,0x47,0x47,0x47,0x80,0x46,0x46,0x46,0x80,
	0x45,0x45,0x45,0x80,0x44,0x44,0x44,0x80,0x43,0x43,0x43,0x80,0x42,0x42,0x42,0x80,
	0x41,0x41,0x41,0x80,0x40,0x40,0x40,0x80,0x3f,0x3f,0x3f,0x80,0x3d,0x3d,0x3d,0x80,
	0x3d,0x3d,0x3d,0x80,0x3b,0x3b,0x3b,0x80,0x3a,0x3a,0x3a,0x80,0x39,0x39,0x39,0x80,
	0x38,0x38,0x38,0x80,0x36,0x36,0x36,0x80,0x36,0x36,0x36,0x80,0x67,0x67,0x67,0x80,
	0xeb,0xec,0xec,0x80,0xaf,0xb0,0xb0,0x80,0xe8,0xea,0xea,0x80,0xad,0xaf,0xaf,0x80,
	0xd9,0xdb,0xdb,0x80,0xbd,0xc1,0xc0,0x80,0x00,0x00,0x00,0x0a,0x00,0x00,0x00,0x00,
	0x00,0x00,0x00,0x00,0x00,0x00,0x00,0x0b,0xfb,0xfb,0xfb,0x80,0xf9,0xfa,0xfa,0x80,
	0x50,0x50,0x50,0x80,0x67,0x67,0x67,0x80,0x6c,0x6c,0x6c,0x80,0x6f,0x6f,0x6f,0x80,
	0x70,0x70,0x70,0x80,0x6f,0x6f,0x6f,0x80,0x6c,0x6c,0x6c,0x80,0x66,0x66,0x66,0x80,
	0x61,0x61,0x61,0x80,0x5c,0x5c,0x5c,0x80,0x57,0x57,0x57,0x80,0x55,0x55,0x55,0x80,
	0x52,0x52,0x52,0x80,0x50,0x50,0x50,0x80,0x4e,0x4e,0x4e,0x80,0x4c,0x4c,0x4c,0x80,
	0x4a,0x4a,0x4a,0x80,0x49,0x49,0x49,0x80,0x45,0x45,0x45,0x80,0x6c,0x6c,0x6c,0x80,
	0xe8,0xea,0xea,0x80,0xe7,0xe9,0xe9,0x80,0xac,0xae,0xae,0x80,0xe5,0xe7,0xe7,0x80,
	0xd7,0xd9,0xd8,0x80,0xbb,0xbd,0xbd,0x80,0x00,0x00,0x00,0x0b,0x00,0x00,0x00,0x00,
	0x00,0x00,0x00,0x00,0x00,0x00,0x00,0x0b,0xf9,0xfa,0xfa,0x80,0xf8,0xf8,0xf8,0x80,
	0x4f,0x4f,0x4f,0x80,0x6a,0x6a,0x6a,0x80,0x6f,0x6f,0x6f,0x80,0x72,0x72,0x72,0x80,
	0x77,0x77,0x77,0x80,0x76,0x76,0x76,0x80,0x71,0x71,0x71,0x80,0x69,0x69,0x69,0x80,
	0x61,0x61,0x61,0x80,0x5a,0x5a,0x5a,0x80,0x54,0x54,0x54,0x80,0x50,0x50,0x50,0x80,
	0x4e,0x4e,0x4e,0x80,0x4c,0x4c,0x4c,0x80,0x4a,0x4a,0x4a,0x80,0x48,0x48,0x48,0x80,
	0x46,0x46,0x46,0x80,0x44,0x44,0x44,0x80,0x42,0x42,0x42,0x80,0x71,0x71,0x71,0x80,
	0xe7,0xe9,0xe8,0x80,0xac,0xae,0xae,0x80,0xe4,0xe6,0xe6,0x80,0xaa,0xac,0xac,0x80,
	0xd5,0xd8,0xd7,0x80,0xb9,0xbc,0xbc,0x80,0x00,0x00,0x00,0x0b,0x00,0x00,0x00,0x00,
	0x00,0x00,0x00,0x00,0x00,0x00,0x00,0x0b,0xf8,0xf9,0xf8,0x80,0xf6,0xf7,0xf7,0x80,
	0x4b,0x4b,0x4b,0x80,0x69,0x69,0x69,0x80,0x70,0x70,0x70,0x80,0x77,0x77,0x77,0x80,
	0x7b,0x7b,0x7b,0x80,0x7b,0x7b,0x7b,0x80,0x75,0x75,0x75,0x80,0x6b,0x6b,0x6b,0x80,
	0x60,0x60,0x60,0x80,0x58,0x58,0x58,0x80,0x51,0x51,0x51,0x80,0x4d,0x4d,0x4d,0x80,
	0x4a,0x4a,0x4a,0x80,0x47,0x47,0x47,0x80,0x45,0x45,0x45,0x80,0x43,0x43,0x43,0x80,
	0x41,0x41,0x41,0x80,0x3f,0x3f,0x3f,0x80,0x3d,0x3d,0x3d,0x80,0x6e,0x6e,0x6e,0x80,
	0xe4,0xe6,0xe6,0x80,0xe3,0xe5,0xe5,0x80,0xa9,0xac,0xab,0x80,0xe1,0xe4,0xe3,0x80,
	0xd3,0xd6,0xd5,0x80,0xb8,0xba,0xb9,0x80,0x00,0x00,0x00,0x0b,0x00,0x00,0x00,0x00,
	0x00,0x00,0x00,0x00,0x00,0x00,0x00,0x0b,0xf7,0xf7,0xf7,0x80,0xf6,0xf6,0xf6,0x80,
	0x49,0x49,0x49,0x80,0x67,0x67,0x67,0x80,0x6f,0x6f,0x6f,0x80,0x77,0x77,0x77,0x80,
	0x7b,0x7b,0x7b,0x80,0x7b,0x7b,0x7b,0x80,0x75,0x75,0x75,0x80,0x6a,0x6a,0x6a,0x80,
	0x5e,0x5f,0x5f,0x80,0x55,0x55,0x55,0x80,0x4d,0x4d,0x4d,0x80,0x48,0x48,0x48,0x80,
	0x45,0x45,0x45,0x80,0x42,0x42,0x42,0x80,0x41,0x41,0x41,0x80,0x3f,0x3f,0x3f,0x80,
	0x3c,0x3c,0x3c,0x80,0x3b,0x3b,0x3b,0x80,0x39,0x39,0x39,0x80,0x6a,0x6a,0x6a,0x80,
	0xe2,0xe4,0xe4,0x80,0xa9,0xab,0xaa,0x80,0xe0,0xe3,0xe2,0x80,0xa7,0xa9,0xa9,0x80,
	0xd1,0xd4,0xd3,0x80,0xb6,0xb8,0xb8,0x80,0x00,0x00,0x00,0x0b,0x00,0x00,0x00,0x00,
	0x00,0x00,0x00,0x00,0x00,0x00,0x00,0x0b,0xf6,0xf7,0xf6,0x80,0xf4,0xf5,0xf5,0x80,
	0x46,0x46,0x46,0x80,0x63,0x63,0x63,0x80,0x6a,0x6a,0x6a,0x80,0x72,0x72,0x72,0x80,
	0x76,0x76,0x76,0x80,0x75,0x75,0x75,0x80,0x6f,0x6f,0x6f,0x80,0x64,0x64,0x64,0x80,
	0x59,0x59,0x59,0x80,0x50,0x50,0x50,0x80,0x49,0x49,0x49,0x80,0x44,0x44,0x44,0x80,
	0x41,0x41,0x41,0x80,0x3e,0x3e,0x3e,0x80,0x3c,0x3c,0x3c,0x80,0x3a,0x3a,0x3a,0x80,
	0x38,0x38,0x38,0x80,0x36,0x36,0x36,0x80,0x34,0x34,0x34,0x80,0x66,0x66,0x66,0x80,
	0xe0,0xe3,0xe2,0x80,0xdf,0xe2,0xe1,0x80,0xa6,0xa9,0xa8,0x80,0xdd,0xe0,0xdf,0x80,
	0xd0,0xd2,0xd2,0x80,0xb4,0xb7,0xb7,0x80,0x00,0x00,0x00,0x0b,0x00,0x00,0x00,0x00,
	0x00,0x00,0x00,0x00,0x00,0x00,0x00,0x0b,0xf4,0xf5,0xf5,0x80,0xf2,0xf3,0xf3,0x80,
	0x43,0x43,0x43,0x80,0x5c,0x5c,0x5c,0x80,0x61,0x61,0x61,0x80,0x67,0x67,0x67,0x80,
	0x6b,0x6b,0x6b,0x80,0x6b,0x6b,0x6b,0x80,0x64,0x64,0x64,0x80,0x5c,0x5c,0x5c,0x80,
	0x52,0x52,0x52,0x80,0x49,0x49,0x49,0x80,0x43,0x43,0x43,0x80,0x3f,0x3f,0x3f,0x80,
	0x3c,0x3c,0x3c,0x80,0x39,0x39,0x39,0x80,0x37,0x37,0x37,0x80,0x35,0x35,0x35,0x80,
	0x33,0x33,0x33,0x80,0x31,0x31,0x31,0x80,0x2f,0x2f,0x2f,0x80,0x63,0x63,0x63,0x80,
	0xde,0xe1,0xe0,0x80,0xa6,0xa9,0xa8,0x80,0xdc,0xdf,0xdf,0x80,0xa4,0xa6,0xa6,0x80,
	0xcd,0xd1,0xd0,0x80,0xb3,0xb6,0xb5,0x80,0x00,0x00,0x00,0x0b,0x00,0x00,0x00,0x00,
	0x00,0x00,0x00,0x00,0x00,0x00,0x00,0x0b,0xf2,0xf3,0xf3,0x80,0xf0,0xf2,0xf1,0x80,
	0x3f,0x3f,0x3f,0x80,0x54,0x54,0x54,0x80,0x58,0x58,0x58,0x80,0x5a,0x5a,0x5a,0x80,
	0x5d,0x5d,0x5d,0x80,0x5c,0x5c,0x5c,0x80,0x57,0x57,0x57,0x80,0x50,0x50,0x50,0x80,
	0x49,0x49,0x49,0x80,0x42,0x42,0x42,0x80,0x3d,0x3d,0x3d,0x80,0x3a,0x3a,0x3a,0x80,
	0x37,0x37,0x37,0x80,0x34,0x34,0x34,0x80,0x32,0x32,0x32,0x80,0x30,0x30,0x30,0x80,
	0x2f,0x2f,0x2f,0x80,0x2c,0x2c,0x2c,0x80,0x2a,0x2a,0x2a,0x80,0x60,0x60,0x60,0x80,
	0xdc,0xdf,0xdf,0x80,0xdb,0xde,0xde,0x80,0xa3,0xa6,0xa6,0x80,0xd9,0xdc,0xdc,0x80,
	0xcc,0xd0,0xcf,0x80,0xb1,0xb4,0xb4,0x80,0x00,0x00,0x00,0x0b,0x00,0x00,0x00,0x00,
	0x00,0x00,0x00,0x00,0x00,0x00,0x00,0x0b,0xf1,0xf2,0xf2,0x80,0xee,0xf0,0xf0,0x80,
	0x3b,0x3b,0x3b,0x80,0x4c,0x4c,0x4c,0x80,0x4e,0x4e,0x4e,0x80,0x4f,0x4f,0x4f,0x80,
	0x4f,0x4f,0x4f,0x80,0x4e,0x4e,0x4e,0x80,0x4a,0x4a,0x4a,0x80,0x46,0x46,0x46,0x80,
	0x3f,0x3f,0x3f,0x80,0x3b,0x3b,0x3b,0x80,0x38,0x38,0x38,0x80,0x35,0x35,0x35,0x80,
	0x32,0x32,0x32,0x80,0x2f,0x2f,0x2f,0x80,0x2e,0x2e,0x2e,0x80,0x2c,0x2c,0x2c,0x80,
	0x2a,0x2a,0x2a,0x80,0x28,0x28,0x28,0x80,0x26,0x26,0x26,0x80,0x5c,0x5c,0x5c,0x80,
	0xd9,0xdc,0xdc,0x80,0xa3,0xa6,0xa6,0x80,0xd9,0xdb,0xdb,0x80,0xa1,0xa4,0xa3,0x80,
	0xc9,0xcd,0xcc,0x80,0xb0,0xb3,0xb2,0x80,0x00,0x00,0x00,0x0b,0x00,0x00,0x00,0x00,
	0x00,0x00,0x00,0x00,0x00,0x00,0x00,0x0b,0xf0,0xf1,0xf1,0x80,0xed,0xee,0xee,0x80,
	0x37,0x37,0x37,0x80,0x45,0x45,0x45,0x80,0x45,0x45,0x45,0x80,0x45,0x45,0x45,0x80,
	0x44,0x44,0x44,0x80,0x43,0x43,0x43,0x80,0x40,0x40,0x40,0x80,0x3c,0x3c,0x3c,0x80,
	0x38,0x38,0x38,0x80,0x35,0x35,0x35,0x80,0x32,0x32,0x32,0x80,0x30,0x30,0x30,0x80,
	0x2d,0x2d,0x2d,0x80,0x2b,0x2b,0x2b,0x80,0x29,0x29,0x29,0x80,0x27,0x27,0x27,0x80,
	0x25,0x25,0x25,0x80,0x23,0x23,0x23,0x80,0x21,0x21,0x21,0x80,0x58,0x58,0x58,0x80,
	0xd9,0xdb,0xdb,0x80,0xd7,0xdb,0xda,0x80,0xa0,0xa3,0xa3,0x80,0xd5,0xd9,0xd8,0x80,
	0xc8,0xcb,0xca,0x80,0xaf,0xb1,0xb1,0x80,0x00,0x00,0x00,0x0b,0x00,0x00,0x00,0x00,
	0x00,0x00,0x00,0x00,0x00,0x00,0x00,0x0b,0xee,0xf0,0xef,0x80,0xeb,0xec,0xec,0x80,
	0x34,0x34,0x34,0x80,0x40,0x40,0x40,0x80,0x3e,0x3e,0x3e,0x80,0x3d,0x3d,0x3d,0x80,
	0x3b,0x3b,0x3b,0x80,0x39,0x39,0x39,0x80,0x37,0x37,0x37,0x80,0x34,0x34,0x34,0x80,
	0x32,0x32,0x32,0x80,0x2f,0x2f,0x2f,0x80,0x2d,0x2d,0x2d,0x80,0x2a,0x2a,0x2a,0x80,
	0x28,0x28,0x28,0x80,0x26,0x26,0x26,0x80,0x25,0x25,0x25,0x80,0x22,0x22,0x22,0x80,
	0x21,0x21,0x21,0x80,0x1f,0x1f,0x1f,0x80,0x1d,0x1d,0x1d,0x80,0x55,0x55,0x55,0x80,
	0xd6,0xda,0xd9,0x80,0xa0,0xa3,0xa3,0x80,0xd5,0xd8,0xd7,0x80,0x9f,0xa1,0xa0,0x80,
	0xc7,0xca,0xc9,0x80,0xad,0xb0,0xaf,0x80,0x00,0x00,0x00,0x0b,0x00,0x00,0x00,0x00,
	0x00,0x00,0x00,0x00,0x00,0x00,0x00,0x0b,0xec,0xed,0xed,0x80,0xe9,0xeb,0xea,0x80,
	0x30,0x30,0x30,0x80,0x3a,0x3a,0x3a,0x80,0x38,0x38,0x38,0x80,0x36,0x36,0x36,0x80,
	0x35,0x35,0x35,0x80,0x33,0x33,0x33,0x80,0x31,0x31,0x31,0x80,0x2e,0x2e,0x2e,0x80,
	0x2c,0x2c,0x2c,0x80,0x29,0x29,0x29,0x80,0x27,0x27,0x27,0x80,0x25,0x25,0x25,0x80,
	0x24,0x24,0x24,0x80,0x22,0x22,0x22,0x80,0x20,0x20,0x20,0x80,0x1e,0x1e,0x1e,0x80,
	0x1c,0x1c,0x1c,0x80,0x1a,0x1a,0x1a,0x80,0x19,0x19,0x19,0x80,0x52,0x52,0x52,0x80,
	0xd5,0xd8,0xd7,0x80,0xd3,0xd7,0xd6,0x80,0xd3,0xd6,0xd6,0x80,0xd3,0xd6,0xd5,0x80,
	0xc6,0xc9,0xc8,0x80,0xab,0xaf,0xae,0x80,0x00,0x00,0x00,0x0b,0x00,0x00,0x00,0x00,
	0x00,0x00,0x00,0x00,0x00,0x00,0x00,0x0b,0xeb,0xec,0xec,0x80,0xe7,0xe9,0xe8,0x80,
	0x2c,0x2c,0x2c,0x80,0x34,0x34,0x34,0x80,0x32,0x32,0x32,0x80,0x30,0x30,0x30,0x80,
	0x30,0x30,0x30,0x80,0x2d,0x2d,0x2d,0x80,0x2a,0x2a,0x2a,0x80,0x29,0x29,0x29,0x80,
	0x27,0x27,0x27,0x80,0x25,0x25,0x25,0x80,0x23,0x23,0x23,0x80,0x21,0x21,0x21,0x80,
	0x1f,0x1f,0x1f,0x80,0x1d,0x1d,0x1d,0x80,0x1b,0x1b,0x1b,0x80,0x1a,0x1a,0x1a,0x80,
	0x17,0x17,0x17,0x80,0x15,0x15,0x15,0x80,0x15,0x15,0x15,0x80,0x4f,0x4f,0x4f,0x80,
	0xd3,0xd6,0xd5,0x80,0xd2,0xd5,0xd5,0x80,0xd2,0xd5,0xd5,0x80,0xd0,0xd4,0xd3,0x80,
	0xc4,0xc7,0xc6,0x80,0xaa,0xae,0xae,0x80,0x00,0x00,0x00,0x0b,0x00,0x00,0x00,0x00,
	0x00,0x00,0x00,0x00,0x00,0x00,0x00,0x0b,0xe9,0xeb,0xea,0x80,0xe5,0xe7,0xe7,0x80,
	0x29,0x29,0x29,0x80,0x2f,0x2f,0x2f,0x80,0x2e,0x2e,0x2e,0x80,0x2c,0x2c,0x2c,0x80,
	0x2a,0x2a,0x2a,0x80,0x28,0x28,0x28,0x80,0x26,0x26,0x26,0x80,0x24,0x24,0x24,0x80,
	0x22,0x22,0x22,0x80,0x20,0x20,0x20,0x80,0x1e,0x1e,0x1e,0x80,0x1d,0x1d,0x1d,0x80,
	0x1b,0x1b,0x1b,0x80,0x19,0x19,0x19,0x80,0x17,0x17,0x17,0x80,0x15,0x15,0x15,0x80,
	0x13,0x13,0x13,0x80,0x11,0x11,0x11,0x80,0x11,0x11,0x11,0x80,0x4c,0x4c,0x4c,0x80,
	0xd2,0xd5,0xd5,0x80,0xd0,0xd4,0xd3,0x80,0xb1,0xb1,0xb1,0x80,0x82,0x83,0x83,0x80,
	0xc3,0xc6,0xc5,0x80,0xa9,0xac,0xab,0x80,0x00,0x00,0x00,0x0b,0x00,0x00,0x00,0x00,
	0x00,0x00,0x00,0x00,0x00,0x00,0x00,0x0b,0xe7,0xe9,0xe9,0x80,0xe3,0xe5,0xe5,0x80,
	0x25,0x25,0x25,0x80,0x2f,0x2f,0x2f,0x80,0x29,0x29,0x29,0x80,0x27,0x27,0x27,0x80,
	0x25,0x25,0x25,0x80,0x23,0x23,0x23,0x80,0x21,0x21,0x21,0x80,0x1f,0x1f,0x1f,0x80,
	0x1e,0x1e,0x1e,0x80,0x1c,0x1c,0x1c,0x80,0x1a,0x1a,0x1a,0x80,0x17,0x17,0x17,0x80,
	0x17,0x17,0x17,0x80,0x15,0x15,0x15,0x80,0x13,0x13,0x13,0x80,0x11,0x11,0x11,0x80,
	0x0f,0x0f,0x0f,0x80,0x0f,0x0f,0x0f,0x80,0x20,0x20,0x20,0x80,0x54,0x54,0x54,0x80,
	0xcf,0xd3,0xd2,0x80,0xce,0xd2,0xd1,0x80,0x7b,0x7c,0x7c,0x80,0x63,0x63,0x63,0x80,
	0xc1,0xc4,0xc4,0x80,0xa7,0xab,0xaa,0x80,0x00,0x00,0x00,0x0b,0x00,0x00,0x00,0x00,
	0x00,0x00,0x00,0x00,0x00,0x00,0x00,0x0b,0xe5,0xe7,0xe7,0x80,0xe1,0xe4,0xe3,0x80,
	0x5e,0x5f,0x5f,0x80,0x90,0x90,0x90,0x80,0x94,0x94,0x94,0x80,0x93,0x93,0x93,0x80,
	0x93,0x93,0x93,0x80,0x90,0x90,0x90,0x80,0x90,0x90,0x90,0x80,0x8f,0x8f,0x8f,0x80,
	0x8e,0x8e,0x8e,0x80,0x8d,0x8d,0x8d,0x80,0x8d,0x8d,0x8d,0x80,0x8c,0x8c,0x8c,0x80,
	0x8b,0x8b,0x8b,0x80,0x8a,0x8a,0x8a,0x80,0x8a,0x8a,0x8a,0x80,0x89,0x89,0x89,0x80,
	0x87,0x87,0x87,0x80,0x87,0x87,0x87,0x80,0x8d,0x8d,0x8d,0x80,0xa0,0xa1,0xa1,0x80,
	0xce,0xd2,0xd1,0x80,0xcd,0xd1,0xd0,0x80,0xcc,0xd0,0xcf,0x80,0xcc,0xd0,0xcf,0x80,
	0xbd,0xc1,0xc0,0x80,0xa6,0xa9,0xa8,0x80,0x00,0x00,0x00,0x0b,0x00,0x00,0x00,0x00,
	0x00,0x00,0x00,0x00,0x00,0x00,0x00,0x0b,0xe0,0xe3,0xe2,0x80,0xd1,0xd4,0xd3,0x80,
	0xc8,0xcb,0xca,0x80,0xc8,0xcb,0xca,0x80,0xc7,0xca,0xc9,0x80,0xc6,0xc9,0xc8,0x80,
	0xc6,0xc9,0xc8,0x80,0xc5,0xc7,0xc7,0x80,0xc4,0xc7,0xc6,0x80,0xc3,0xc6,0xc5,0x80,
	0xc2,0xc5,0xc5,0x80,0xc2,0xc5,0xc5,0x80,0xc1,0xc4,0xc4,0x80,0xc1,0xc4,0xc4,0x80,
	0xbf,0xc3,0xc2,0x80,0xbe,0xc2,0xc1,0x80,0xbd,0xc1,0xc0,0x80,0xbd,0xc1,0xc0,0x80,
	0xbc,0xc0,0xbf,0x80,0xbb,0xbf,0xbe,0x80,0xbb,0xbf,0xbe,0x80,0xbb,0xbd,0xbd,0x80,
	0xb9,0xbc,0xbc,0x80,0xb9,0xbc,0xbc,0x80,0xb9,0xbc,0xbc,0x80,0xb6,0xba,0xb9,0x80,
	0xaa,0xae,0xae,0x80,0x9a,0x9d,0x9d,0x80,0x00,0x00,0x00,0x0b,0x00,0x00,0x00,0x00,
	0x00,0x00,0x00,0x00,0x00,0x00,0x00,0x0a,0xa8,0xa6,0xa6,0x7c,0xac,0xae,0xae,0x80,
	0x9f,0xa1,0xa0,0x80,0x9d,0x9f,0x9e,0x80,0x9d,0x9f,0x9e,0x80,0x9d,0x9f,0x9e,0x80,
	0x9a,0x9d,0x9d,0x80,0x9a,0x9d,0x9d,0x80,0x9a,0x9d,0x9c,0x80,0x99,0x9c,0x9b,0x80,
	0x98,0x9a,0x9a,0x80,0x98,0x9a,0x9a,0x80,0x98,0x9a,0x9a,0x80,0x97,0x9a,0x99,0x80,
	0x95,0x98,0x98,0x80,0x95,0x98,0x98,0x80,0x95,0x98,0x98,0x80,0x95,0x98,0x98,0x80,
	0x94,0x97,0x96,0x80,0x94,0x97,0x96,0x80,0x92,0x95,0x95,0x80,0x92,0x95,0x95,0x80,
	0x92,0x95,0x95,0x80,0x92,0x95,0x94,0x80,0x91,0x95,0x94,0x80,0x90,0x93,0x92,0x80,
	0x8c,0x8f,0x8f,0x80,0x79,0x7a,0x7a,0x7c,0x00,0x00,0x00,0x0a,0x00,0x00,0x00,0x00,
	0x00,0x00,0x00,0x00,0x00,0x00,0x00,0x0a,0x3b,0x2b,0x2c,0x80,0x35,0x27,0x28,0x80,
	0x35,0x27,0x28,0x80,0x35,0x27,0x28,0x80,0x35,0x27,0x28,0x80,0x35,0x27,0x28,0x80,
	0x35,0x27,0x28,0x80,0x35,0x27,0x28,0x80,0x35,0x27,0x28,0x80,0x35,0x27,0x28,0x80,
	0x35,0x27,0x28,0x80,0x35,0x27,0x28,0x80,0x35,0x27,0x28,0x80,0x35,0x27,0x28,0x80,
	0x35,0x27,0x28,0x80,0x35,0x27,0x28,0x80,0x35,0x27,0x28,0x80,0x35,0x27,0x28,0x80,
	0x35,0x27,0x28,0x80,0x35,0x27,0x28,0x80,0x35,0x27,0x28,0x80,0x35,0x27,0x28,0x80,
	0x35,0x27,0x28,0x80,0x35,0x27,0x28,0x80,0x35,0x27,0x28,0x80,0x35,0x27,0x28,0x80,
	0x35,0x27,0x28,0x80,0x3b,0x2b,0x2c,0x80,0x00,0x00,0x00,0x0a,0x00,0x00,0x00,0x00,
	0x00,0x00,0x00,0x00,0x00,0x00,0x00,0x0a,0x40,0x2d,0x2b,0x80,0x40,0x2d,0x2b,0x80,
	0x40,0x2d,0x2b,0x80,0x40,0x2d,0x2b,0x80,0x40,0x2d,0x2b,0x80,0x40,0x2d,0x2b,0x80,
	0x40,0x2d,0x2b,0x80,0x40,0x2d,0x2b,0x80,0x40,0x2d,0x2b,0x80,0x40,0x2d,0x2b,0x80,
	0x40,0x2d,0x2b,0x80,0x40,0x2d,0x2b,0x80,0x40,0x2d,0x2b,0x80,0x40,0x2d,0x2b,0x80,
	0x40,0x2d,0x2b,0x80,0x40,0x2d,0x2b,0x80,0x40,0x2d,0x2b,0x80,0x40,0x2d,0x2b,0x80,
	0x40,0x2d,0x2b,0x80,0x40,0x2d,0x2b,0x80,0x40,0x2d,0x2b,0x80,0x40,0x2d,0x2b,0x80,
	0x40,0x2d,0x2b,0x80,0x40,0x2d,0x2b,0x80,0x40,0x2d,0x2b,0x80,0x40,0x2d,0x2b,0x80,
	0x40,0x2d,0x2b,0x80,0x40,0x2d,0x2b,0x80,0x00,0x00,0x00,0x0a,0x00,0x00,0x00,0x00,
	0x00,0x00,0x00,0x00,0x00,0x00,0x00,0x0a,0x2c,0x1d,0x18,0x70,0x33,0x21,0x1c,0x80,
	0x33,0x21,0x1c,0x80,0x33,0x21,0x1c,0x80,0x33,0x21,0x1c,0x80,0x33,0x21,0x1c,0x80,
	0x33,0x21,0x1c,0x80,0x33,0x21,0x1c,0x80,0x33,0x21,0x1c,0x80,0x33,0x21,0x1c,0x80,
	0x33,0x21,0x1c,0x80,0x33,0x21,0x1c,0x80,0x33,0x21,0x1c,0x80,0x33,0x21,0x1c,0x80,
	0x33,0x21,0x1c,0x80,0x33,0x21,0x1c,0x80,0x33,0x21,0x1c,0x80,0x33,0x21,0x1c,0x80,
	0x33,0x21,0x1c,0x80,0x33,0x21,0x1c,0x80,0x33,0x21,0x1c,0x80,0x33,0x21,0x1c,0x80,
	0x33,0x21,0x1c,0x80,0x33,0x21,0x1c,0x80,0x33,0x21,0x1c,0x80,0x33,0x21,0x1c,0x80,
	0x33,0x21,0x1c,0x80,0x2c,0x1d,0x18,0x70,0x00,0x00,0x00,0x0a,0x00,0x00,0x00,0x00,
	0x00,0x00,0x00,0x00,0x00,0x00,0x00,0x08,0x00,0x00,0x00,0x31,0x00,0x00,0x00,0x40,
	0x00,0x00,0x00,0x40,0x00,0x00,0x00,0x40,0x00,0x00,0x00,0x40,0x00,0x00,0x00,0x40,
	0x00,0x00,0x00,0x40,0x00,0x00,0x00,0x40,0x00,0x00,0x00,0x40,0x00,0x00,0x00,0x40,
	0x00,0x00,0x00,0x40,0x00,0x00,0x00,0x40,0x00,0x00,0x00,0x40,0x00,0x00,0x00,0x40,
	0x00,0x00,0x00,0x40,0x00,0x00,0x00,0x40,0x00,0x00,0x00,0x40,0x00,0x00,0x00,0x40,
	0x00,0x00,0x00,0x40,0x00,0x00,0x00,0x40,0x00,0x00,0x00,0x40,0x00,0x00,0x00,0x40,
	0x00,0x00,0x00,0x40,0x00,0x00,0x00,0x40,0x00,0x00,0x00,0x40,0x00,0x00,0x00,0x40,
	0x00,0x00,0x00,0x40,0x00,0x00,0x00,0x31,0x00,0x00,0x00,0x08,0x00,0x00,0x00,0x00,
	0x00,0x00,0x00,0x00,0x00,0x00,0x00,0x04,0x00,0x00,0x00,0x0b,0x00,0x00,0x00,0x10,
	0x00,0x00,0x00,0x11,0x00,0x00,0x00,0x11,0x00,0x00,0x00,0x11,0x00,0x00,0x00,0x11,
	0x00,0x00,0x00,0x11,0x00,0x00,0x00,0x11,0x00,0x00,0x00,0x11,0x00,0x00,0x00,0x11,
	0x00,0x00,0x00,0x11,0x00,0x00,0x00,0x11,0x00,0x00,0x00,0x11,0x00,0x00,0x00,0x11,
	0x00,0x00,0x00,0x11,0x00,0x00,0x00,0x11,0x00,0x00,0x00,0x11,0x00,0x00,0x00,0x11,
	0x00,0x00,0x00,0x11,0x00,0x00,0x00,0x11,0x00,0x00,0x00,0x11,0x00,0x00,0x00,0x11,
	0x00,0x00,0x00,0x11,0x00,0x00,0x00,0x11,0x00,0x00,0x00,0x11,0x00,0x00,0x00,0x11,
	0x00,0x00,0x00,0x10,0x00,0x00,0x00,0x0b,0x00,0x00,0x00,0x04,0x00,0x00,0x00,0x00,
	0x00,0x00,0x00,0x00,0x00,0x00,0x00,0x01,0x00,0x00,0x00,0x02,0x00,0x00,0x00,0x03,
	0x00,0x00,0x00,0x04,0x00,0x00,0x00,0x04,0x00,0x00,0x00,0x04,0x00,0x00,0x00,0x04,
	0x00,0x00,0x00,0x04,0x00,0x00,0x00,0x04,0x00,0x00,0x00,0x04,0x00,0x00,0x00,0x04,
	0x00,0x00,0x00,0x04,0x00,0x00,0x00,0x04,0x00,0x00,0x00,0x04,0x00,0x00,0x00,0x04,
	0x00,0x00,0x00,0x04,0x00,0x00,0x00,0x04,0x00,0x00,0x00,0x04,0x00,0x00,0x00,0x04,
	0x00,0x00,0x00,0x04,0x00,0x00,0x00,0x04,0x00,0x00,0x00,0x04,0x00,0x00,0x00,0x04,
	0x00,0x00,0x00,0x04,0x00,0x00,0x00,0x04,0x00,0x00,0x00,0x04,0x00,0x00,0x00,0x04,
	0x00,0x00,0x00,0x03,0x00,0x00,0x00,0x02,0x00,0x00,0x00,0x01,0x00,0x00,0x00,0x00,
	0x00,0x00,0x00,0x00,0x00,0x00,0x00,0x00,0x00,0x00,0x00,0x00,0x00,0x00,0x00,0x00,
	0x00,0x00,0x00,0x00,0x00,0x00,0x00,0x00,0x00,0x00,0x00,0x00,0x00,0x00,0x00,0x00,
	0x00,0x00,0x00,0x00,0x00,0x00,0x00,0x00,0x00,0x00,0x00,0x00,0x00,0x00,0x00,0x00,
	0x00,0x00,0x00,0x00,0x00,0x00,0x00,0x00,0x00,0x00,0x00,0x00,0x00,0x00,0x00,0x00,
	0x00,0x00,0x00,0x00,0x00,0x00,0x00,0x00,0x00,0x00,0x00,0x00,0x00,0x00,0x00,0x00,
	0x00,0x00,0x00,0x00,0x00,0x00,0x00,0x00,0x00,0x00,0x00,0x00,0x00,0x00,0x00,0x00,
	0x00,0x00,0x00,0x00,0x00,0x00,0x00,0x00,0x00,0x00,0x00,0x00,0x00,0x00,0x00,0x00,
	0x00,0x00,0x00,0x00,0x00,0x00,0x00,0x00,0x00,0x00,0x00,0x00,0x00,0x00,0x00,0x00,
	0x00,0x00,0x00,0x00,0x00,0x00,0x00,0x00,0x00,0x00,0x00,0x00,0x00,0x00,0x00,0x00,
	0x00,0x00,0x00,0x00,0x00,0x00,0x00,0x00,0x00,0x00,0x00,0x00,0x00,0x00,0x00,0x00,
	0x00,0x00,0x00,0x00,0x00,0x00,0x00,0x00,0x00,0x00,0x00,0x00,0x00,0x00,0x00,0x00,
	0x00,0x00,0x00,0x00,0x00,0x00,0x00,0x00,0x00,0x00,0x00,0x00,0x00,0x00,0x00,0x00,
	0x00,0x00,0x00,0x00,0x00,0x00,0x00,0x00,0x00,0x00,0x00,0x00,0x00,0x00,0x00,0x00,
	0x00,0x00,0x00,0x00,0x00,0x00,0x00,0x00,0x00,0x00,0x00,0x00,0x00,0x00,0x00,0x00,
	0x00,0x00,0x00,0x00,0x00,0x00,0x00,0x00,0x00,0x00,0x00,0x00,0x00,0x00,0x00,0x00,
	0x00,0x00,0x00,0x00,0x00,0x00,0x00,0x00,0x00,0x00,0x00,0x00,0x00,0x00,0x00,0x00,
};
static const unsigned char rgba_s_IconHelp[ 4096 ] __attribute__(   (  aligned( 16 ), section( ".data" )  )   ) = {
	0x00,0x00,0x00,0x00,0x00,0x00,0x00,0x00,0x00,0x00,0x00,0x00,0x00,0x00,0x00,0x00,
	0x00,0x00,0x00,0x00,0x00,0x00,0x00,0x00,0x00,0x00,0x00,0x00,0x00,0x00,0x00,0x00,
	0x00,0x00,0x00,0x00,0x00,0x00,0x00,0x00,0x00,0x00,0x00,0x00,0x00,0x00,0x00,0x00,
	0x00,0x00,0x00,0x00,0x00,0x00,0x00,0x00,0x00,0x00,0x00,0x00,0x00,0x00,0x00,0x00,
	0x00,0x00,0x00,0x00,0x00,0x00,0x00,0x00,0x00,0x00,0x00,0x00,0x00,0x00,0x00,0x00,
	0x00,0x00,0x00,0x00,0x00,0x00,0x00,0x00,0x00,0x00,0x00,0x00,0x00,0x00,0x00,0x00,
	0x00,0x00,0x00,0x00,0x00,0x00,0x00,0x00,0x00,0x00,0x00,0x00,0x00,0x00,0x00,0x00,
	0x00,0x00,0x00,0x00,0x00,0x00,0x00,0x00,0x00,0x00,0x00,0x00,0x00,0x00,0x00,0x00,
	0x00,0x00,0x00,0x00,0x00,0x00,0x00,0x00,0x00,0x00,0x00,0x00,0x00,0x00,0x00,0x00,
	0x00,0x00,0x00,0x00,0x00,0x00,0x00,0x00,0x00,0x00,0x00,0x00,0x00,0x00,0x00,0x00,
	0x00,0x00,0x00,0x00,0x00,0x00,0x00,0x00,0x00,0x00,0x00,0x00,0x00,0x00,0x00,0x00,
	0x00,0x00,0x00,0x00,0x00,0x00,0x00,0x00,0x00,0x00,0x00,0x00,0x00,0x00,0x00,0x00,
	0x00,0x00,0x00,0x00,0x00,0x00,0x00,0x00,0x00,0x00,0x00,0x00,0x00,0x00,0x00,0x00,
	0x00,0x00,0x00,0x00,0x00,0x00,0x00,0x00,0x00,0x00,0x00,0x00,0x00,0x00,0x00,0x00,
	0x00,0x00,0x00,0x00,0x00,0x00,0x00,0x00,0x00,0x00,0x00,0x00,0x00,0x00,0x00,0x00,
	0x00,0x00,0x00,0x00,0x00,0x00,0x00,0x00,0x00,0x00,0x00,0x00,0x00,0x00,0x00,0x00,
	0x00,0x00,0x00,0x00,0x00,0x00,0x00,0x00,0x00,0x00,0x00,0x00,0x00,0x00,0x00,0x00,
	0x00,0x00,0x00,0x00,0x00,0x00,0x00,0x00,0x00,0x00,0x00,0x00,0x00,0x00,0x00,0x00,
	0x00,0x00,0x00,0x00,0x00,0x00,0x00,0x00,0x65,0x7c,0xa1,0x04,0x2a,0x5d,0xe8,0x26,
	0x1c,0x55,0xec,0x4c,0x19,0x54,0xee,0x67,0x14,0x4f,0xf0,0x76,0x12,0x4e,0xf1,0x7d,
	0x12,0x4e,0xf1,0x7d,0x11,0x4b,0xec,0x76,0x12,0x4a,0xea,0x65,0x10,0x46,0xe5,0x49,
	0x13,0x47,0xe0,0x22,0x01,0x07,0x1c,0x01,0x00,0x00,0x00,0x00,0x00,0x00,0x00,0x00,
	0x00,0x00,0x00,0x00,0x00,0x00,0x00,0x00,0x00,0x00,0x00,0x00,0x00,0x00,0x00,0x00,
	0x00,0x00,0x00,0x00,0x00,0x00,0x00,0x00,0x00,0x00,0x00,0x00,0x00,0x00,0x00,0x00,
	0x00,0x00,0x00,0x00,0x00,0x00,0x00,0x00,0x00,0x00,0x00,0x00,0x00,0x00,0x00,0x00,
	0x00,0x00,0x00,0x00,0x00,0x00,0x00,0x00,0x00,0x00,0x00,0x00,0x00,0x00,0x00,0x00,
	0x65,0x7c,0xa1,0x04,0x2b,0x61,0xea,0x3b,0x1a,0x58,0xf2,0x72,0x17,0x5a,0xf3,0x80,
	0x17,0x5a,0xf3,0x80,0x17,0x5a,0xf3,0x80,0x15,0x57,0xf1,0x80,0x15,0x57,0xf1,0x80,
	0x15,0x55,0xef,0x80,0x13,0x52,0xee,0x80,0x13,0x52,0xee,0x80,0x10,0x4a,0xec,0x80,
	0x10,0x4a,0xec,0x80,0x0e,0x46,0xe7,0x6f,0x0f,0x41,0xdd,0x34,0x01,0x07,0x1c,0x01,
	0x00,0x00,0x00,0x00,0x00,0x00,0x00,0x00,0x00,0x00,0x00,0x00,0x00,0x00,0x00,0x00,
	0x00,0x00,0x00,0x00,0x00,0x00,0x00,0x00,0x00,0x00,0x00,0x00,0x00,0x00,0x00,0x00,
	0x00,0x00,0x00,0x00,0x00,0x00,0x00,0x00,0x00,0x00,0x00,0x00,0x00,0x00,0x00,0x00,
	0x00,0x00,0x00,0x00,0x00,0x00,0x00,0x00,0x00,0x00,0x00,0x01,0x4d,0x78,0xdf,0x1b,
	0x1f,0x5d,0xee,0x6d,0x19,0x5f,0xf2,0x80,0x1b,0x62,0xf3,0x80,0x1c,0x64,0xf3,0x80,
	0x1c,0x64,0xf3,0x80,0x1c,0x64,0xf3,0x80,0x1b,0x62,0xf3,0x80,0x19,0x5f,0xf2,0x80,
	0x17,0x5a,0xef,0x80,0x17,0x5a,0xef,0x80,0x15,0x55,0xef,0x80,0x13,0x52,0xee,0x80,
	0x11,0x4c,0xea,0x80,0x11,0x4c,0xea,0x80,0x0f,0x49,0xe7,0x80,0x0e,0x42,0xe2,0x67,
	0x0b,0x38,0xcc,0x13,0x00,0x00,0x00,0x01,0x00,0x00,0x00,0x00,0x00,0x00,0x00,0x00,
	0x00,0x00,0x00,0x00,0x00,0x00,0x00,0x00,0x00,0x00,0x00,0x00,0x00,0x00,0x00,0x00,
	0x00,0x00,0x00,0x00,0x00,0x00,0x00,0x00,0x00,0x00,0x00,0x00,0x00,0x00,0x00,0x00,
	0x00,0x00,0x00,0x00,0x01,0x07,0x1c,0x01,0x3e,0x6d,0xe2,0x30,0x1c,0x5f,0xf1,0x7a,
	0x1c,0x64,0xf3,0x80,0x20,0x6b,0xf3,0x80,0x20,0x6d,0xf3,0x80,0x21,0x6f,0xf4,0x80,
	0x21,0x6f,0xf4,0x80,0x20,0x6d,0xf3,0x80,0x20,0x6b,0xf3,0x80,0x1e,0x68,0xf3,0x80,
	0x1c,0x63,0xf0,0x80,0x19,0x5f,0xf0,0x7f,0x18,0x5b,0xec,0x80,0x16,0x57,0xeb,0x80,
	0x13,0x52,0xee,0x80,0x12,0x4f,0xe7,0x80,0x0f,0x49,0xe7,0x80,0x0f,0x49,0xe7,0x80,
	0x0d,0x41,0xdf,0x79,0x0b,0x39,0xcb,0x23,0x00,0x00,0x00,0x01,0x00,0x00,0x00,0x00,
	0x00,0x00,0x00,0x00,0x00,0x00,0x00,0x00,0x00,0x00,0x00,0x00,0x00,0x00,0x00,0x00,
	0x00,0x00,0x00,0x00,0x00,0x00,0x00,0x00,0x00,0x00,0x00,0x00,0x00,0x00,0x00,0x00,
	0x01,0x07,0x1c,0x01,0x3e,0x6d,0xe2,0x30,0x19,0x5f,0xf0,0x7f,0x1e,0x68,0xf3,0x80,
	0x21,0x6f,0xf4,0x80,0x26,0x75,0xf4,0x80,0x27,0x78,0xf4,0x80,0x29,0x7b,0xf3,0x80,
	0x27,0x78,0xf4,0x80,0x27,0x78,0xf4,0x80,0x26,0x74,0xf1,0x80,0x39,0x7d,0xf2,0x80,
	0x58,0x92,0xf1,0x80,0x1d,0x65,0xed,0x80,0x1a,0x60,0xed,0x80,0x18,0x5b,0xec,0x80,
	0x16,0x57,0xeb,0x80,0x14,0x52,0xe7,0x80,0x12,0x4f,0xe7,0x80,0x0f,0x49,0xe7,0x80,
	0x0f,0x46,0xe1,0x80,0x0d,0x42,0xdf,0x7d,0x0b,0x37,0xcb,0x27,0x00,0x00,0x00,0x01,
	0x00,0x00,0x00,0x00,0x00,0x00,0x00,0x00,0x00,0x00,0x00,0x00,0x00,0x00,0x00,0x00,
	0x00,0x00,0x00,0x00,0x00,0x00,0x00,0x00,0x00,0x00,0x00,0x00,0x00,0x00,0x00,0x01,
	0x45,0x6e,0xd3,0x21,0x19,0x5f,0xf1,0x7c,0x1e,0x68,0xf3,0x80,0x22,0x71,0xf3,0x80,
	0x27,0x78,0xf4,0x80,0x2b,0x81,0xf4,0x80,0x2f,0x83,0xf5,0x80,0x2f,0x83,0xf5,0x80,
	0x32,0x86,0xf4,0x80,0xae,0xce,0xfa,0x80,0xfc,0xfd,0xff,0x80,0xff,0xff,0xff,0x80,
	0xff,0xff,0xff,0x80,0xff,0xff,0xff,0x80,0xda,0xe7,0xfc,0x80,0x52,0x87,0xf0,0x80,
	0x18,0x5c,0xe9,0x80,0x16,0x58,0xe9,0x80,0x14,0x52,0xe7,0x80,0x11,0x4d,0xe3,0x7f,
	0x10,0x4a,0xe2,0x80,0x0f,0x46,0xe1,0x80,0x0d,0x41,0xdf,0x79,0x09,0x32,0xb7,0x18,
	0x00,0x00,0x00,0x01,0x00,0x00,0x00,0x00,0x00,0x00,0x00,0x00,0x00,0x00,0x00,0x00,
	0x00,0x00,0x00,0x00,0x00,0x00,0x00,0x00,0x00,0x00,0x00,0x00,0x4f,0x62,0x84,0x08,
	0x1f,0x5d,0xee,0x6d,0x1c,0x64,0xf3,0x80,0x22,0x71,0xf3,0x80,0x29,0x7b,0xf3,0x80,
	0x2f,0x83,0xf5,0x80,0x33,0x8b,0xf5,0x80,0x33,0x8b,0xf5,0x80,0x5d,0xa3,0xf6,0x80,
	0xff,0xff,0xff,0x80,0xff,0xff,0xff,0x80,0xff,0xff,0xff,0x80,0xff,0xff,0xff,0x80,
	0xff,0xff,0xff,0x80,0xff,0xff,0xff,0x80,0xff,0xff,0xff,0x80,0xff,0xff,0xff,0x80,
	0x74,0x9e,0xf0,0x80,0x16,0x58,0xe9,0x80,0x15,0x56,0xe5,0x80,0x14,0x52,0xe3,0x80,
	0x10,0x4a,0xe2,0x80,0x0f,0x46,0xe1,0x80,0x0e,0x43,0xdd,0x80,0x0d,0x3e,0xd2,0x69,
	0x00,0x03,0x0d,0x04,0x00,0x00,0x00,0x00,0x00,0x00,0x00,0x00,0x00,0x00,0x00,0x00,
	0x00,0x00,0x00,0x00,0x00,0x00,0x00,0x00,0x01,0x07,0x1c,0x01,0x2e,0x5e,0xdc,0x40,
	0x19,0x5f,0xf2,0x80,0x20,0x6b,0xf3,0x80,0x27,0x78,0xf4,0x80,0x2b,0x81,0xf4,0x80,
	0x31,0x89,0xf4,0x80,0x36,0x8f,0xf4,0x80,0x3a,0x93,0xf4,0x80,0x5f,0xa9,0xf7,0x80,
	0xff,0xff,0xff,0x80,0xff,0xff,0xff,0x80,0xfb,0xfd,0xff,0x80,0xae,0xce,0xfa,0x80,
	0x89,0xb5,0xf6,0x80,0xda,0xe7,0xfc,0x80,0xff,0xff,0xff,0x80,0xff,0xff,0xff,0x80,
	0xfc,0xfd,0xff,0x80,0x1b,0x61,0xe9,0x80,0x15,0x56,0xe5,0x80,0x14,0x52,0xe3,0x80,
	0x13,0x50,0xe0,0x80,0x10,0x4a,0xdf,0x7f,0x0e,0x43,0xdd,0x80,0x0d,0x41,0xd9,0x80,
	0x0a,0x34,0xc1,0x37,0x01,0x07,0x1c,0x01,0x00,0x00,0x00,0x00,0x00,0x00,0x00,0x00,
	0x00,0x00,0x00,0x00,0x00,0x00,0x00,0x00,0x32,0x3c,0x48,0x07,0x1b,0x59,0xeb,0x74,
	0x1c,0x63,0xf0,0x80,0x22,0x71,0xf3,0x80,0x29,0x7b,0xf3,0x80,0x32,0x86,0xf4,0x80,
	0x36,0x8f,0xf4,0x80,0x3b,0x96,0xf4,0x80,0x3d,0x9a,0xf5,0x80,0x3d,0x9a,0xf5,0x80,
	0x9a,0xc9,0xf9,0x80,0xb5,0xd6,0xfb,0x80,0x36,0x8e,0xf2,0x80,0x2f,0x83,0xef,0x80,
	0x29,0x7b,0xee,0x80,0x25,0x75,0xed,0x80,0x75,0xa4,0xf3,0x80,0xff,0xff,0xff,0x80,
	0xff,0xff,0xff,0x80,0x74,0x9e,0xf0,0x80,0x15,0x56,0xe5,0x80,0x15,0x54,0xe1,0x80,
	0x13,0x50,0xe0,0x80,0x10,0x4a,0xdf,0x7f,0x10,0x47,0xdb,0x80,0x0e,0x43,0xd7,0x80,
	0x0c,0x3b,0xcf,0x72,0x00,0x03,0x0d,0x04,0x00,0x00,0x00,0x00,0x00,0x00,0x00,0x00,
	0x00,0x00,0x00,0x00,0x01,0x07,0x1c,0x01,0x2a,0x55,0xc8,0x2d,0x17,0x5a,0xef,0x80,
	0x1d,0x65,0xed,0x80,0x23,0x71,0xef,0x80,0x29,0x7b,0xf3,0x80,0x31,0x89,0xf4,0x80,
	0x36,0x8f,0xf4,0x80,0x3b,0x96,0xf4,0x80,0x3d,0x9a,0xf5,0x80,0x3d,0x9a,0xf5,0x80,
	0x46,0x9e,0xf5,0x80,0x3a,0x93,0xf4,0x80,0x34,0x8c,0xf1,0x80,0x30,0x85,0xf1,0x80,
	0x29,0x7b,0xee,0x80,0x25,0x75,0xed,0x80,0x21,0x6d,0xeb,0x80,0xff,0xff,0xff,0x80,
	0xff,0xff,0xff,0x80,0x86,0xa9,0xf1,0x80,0x17,0x5a,0xe4,0x80,0x15,0x54,0xe1,0x80,
	0x14,0x51,0xde,0x80,0x11,0x4c,0xdd,0x80,0x10,0x47,0xdb,0x80,0x0e,0x43,0xd7,0x80,
	0x0c,0x3d,0xd4,0x80,0x08,0x2d,0xac,0x27,0x00,0x00,0x00,0x01,0x00,0x00,0x00,0x00,
	0x00,0x00,0x00,0x00,0x00,0x00,0x00,0x03,0x1f,0x52,0xd9,0x51,0x18,0x5b,0xec,0x80,
	0x1d,0x65,0xed,0x80,0x23,0x71,0xef,0x80,0x2c,0x7c,0xf0,0x80,0x30,0x85,0xf1,0x80,
	0x36,0x8f,0xf4,0x80,0x3b,0x96,0xf4,0x80,0x3d,0x9a,0xf5,0x80,0x3d,0x9a,0xf5,0x80,
	0x3b,0x96,0xf4,0x80,0x38,0x92,0xf2,0x80,0x34,0x8c,0xf1,0x80,0x2f,0x83,0xef,0x80,
	0x29,0x7b,0xee,0x80,0x26,0x73,0xea,0x80,0x33,0x79,0xeb,0x80,0xff,0xff,0xff,0x80,
	0xff,0xff,0xff,0x80,0x86,0xa9,0xf1,0x80,0x17,0x5a,0xe4,0x80,0x15,0x54,0xe1,0x80,
	0x14,0x51,0xde,0x80,0x11,0x4c,0xdd,0x80,0x10,0x48,0xd8,0x80,0x0e,0x43,0xd7,0x80,
	0x0c,0x3d,0xd4,0x80,0x0a,0x33,0xbc,0x4c,0x00,0x00,0x00,0x03,0x00,0x00,0x00,0x00,
	0x00,0x00,0x00,0x00,0x00,0x00,0x00,0x06,0x18,0x4f,0xe0,0x6a,0x16,0x58,0xe9,0x80,
	0x1d,0x65,0xed,0x80,0x24,0x70,0xec,0x80,0x29,0x7b,0xee,0x80,0x30,0x85,0xf1,0x80,
	0x34,0x8c,0xf1,0x80,0x38,0x92,0xf2,0x80,0x3a,0x93,0xf4,0x80,0x3b,0x96,0xf4,0x80,
	0x38,0x92,0xf2,0x80,0x34,0x8c,0xf1,0x80,0x31,0x86,0xef,0x80,0x2c,0x7f,0xee,0x80,
	0x28,0x77,0xec,0x80,0x26,0x73,0xea,0x80,0xda,0xe7,0xfc,0x80,0xff,0xff,0xff,0x80,
	0xff,0xff,0xff,0x80,0x41,0x7a,0xe8,0x80,0x16,0x58,0xe1,0x80,0x15,0x55,0xde,0x80,
	0x14,0x51,0xde,0x80,0x12,0x4c,0xda,0x80,0x10,0x48,0xd8,0x80,0x0e,0x43,0xd7,0x80,
	0x0d,0x3e,0xd1,0x80,0x0a,0x36,0xc5,0x66,0x00,0x00,0x00,0x06,0x00,0x00,0x00,0x00,
	0x00,0x00,0x00,0x00,0x00,0x00,0x00,0x08,0x14,0x4d,0xe2,0x78,0x16,0x58,0xe9,0x80,
	0x1b,0x61,0xe9,0x80,0x21,0x6d,0xeb,0x80,0x25,0x75,0xed,0x80,0x2c,0x7f,0xee,0x80,
	0x31,0x86,0xef,0x80,0x34,0x8c,0xf1,0x80,0x34,0x8c,0xf1,0x80,0x36,0x8e,0xf2,0x80,
	0x34,0x8c,0xf1,0x80,0x31,0x86,0xef,0x80,0x2f,0x80,0xec,0x80,0x2a,0x7b,0xec,0x80,
	0x58,0x92,0xf1,0x80,0xfc,0xfd,0xff,0x80,0xff,0xff,0xff,0x80,0xff,0xff,0xff,0x80,
	0x97,0xb6,0xf2,0x80,0x18,0x5b,0xe1,0x80,0x16,0x58,0xe1,0x80,0x15,0x55,0xde,0x80,
	0x13,0x50,0xdb,0x80,0x12,0x4c,0xda,0x80,0x11,0x4a,0xd6,0x80,0x0f,0x45,0xd3,0x80,
	0x0d,0x3e,0xd1,0x80,0x0b,0x36,0xc6,0x77,0x00,0x00,0x00,0x08,0x00,0x00,0x00,0x00,
	0x00,0x00,0x00,0x00,0x00,0x00,0x00,0x09,0x11,0x4d,0xe3,0x7f,0x15,0x56,0xe5,0x80,
	0x18,0x5c,0xe9,0x80,0x20,0x68,0xe9,0x80,0x24,0x70,0xec,0x80,0x28,0x77,0xec,0x80,
	0x2c,0x7f,0xee,0x80,0x2f,0x83,0xef,0x80,0x31,0x86,0xef,0x80,0x31,0x86,0xef,0x80,
	0x2f,0x83,0xef,0x80,0x2f,0x80,0xec,0x80,0x2f,0x80,0xec,0x80,0xbd,0xd5,0xf8,0x80,
	0xff,0xff,0xff,0x80,0xff,0xff,0xff,0x80,0xff,0xff,0xff,0x80,0x74,0x9e,0xf0,0x80,
	0x19,0x5e,0xe0,0x80,0x17,0x5a,0xe0,0x80,0x16,0x57,0xdd,0x80,0x14,0x53,0xdc,0x80,
	0x13,0x50,0xdb,0x80,0x12,0x4d,0xd8,0x80,0x10,0x48,0xd5,0x80,0x0f,0x43,0xd2,0x80,
	0x0c,0x3d,0xce,0x80,0x0b,0x37,0xc9,0x7e,0x00,0x00,0x00,0x09,0x00,0x00,0x00,0x00,
	0x00,0x00,0x00,0x00,0x00,0x00,0x00,0x0a,0x10,0x4a,0xdf,0x7f,0x14,0x52,0xe3,0x80,
	0x17,0x5a,0xe4,0x80,0x1b,0x61,0xe9,0x80,0x20,0x68,0xe9,0x80,0x24,0x70,0xec,0x80,
	0x28,0x77,0xec,0x80,0x2a,0x7b,0xec,0x80,0x2a,0x7b,0xec,0x80,0x2a,0x7b,0xec,0x80,
	0x2a,0x7b,0xec,0x80,0x29,0x78,0xe9,0x80,0x9e,0xc1,0xf5,0x80,0xff,0xff,0xff,0x80,
	0xff,0xff,0xff,0x80,0xec,0xf1,0xfc,0x80,0x40,0x7b,0xe7,0x80,0x1a,0x5f,0xe1,0x80,
	0x19,0x5c,0xe0,0x80,0x17,0x59,0xde,0x80,0x15,0x55,0xde,0x80,0x14,0x52,0xd9,0x80,
	0x12,0x4d,0xd8,0x80,0x11,0x4a,0xd6,0x80,0x0f,0x45,0xd3,0x80,0x0f,0x42,0xd1,0x80,
	0x0c,0x3d,0xce,0x80,0x0b,0x37,0xc9,0x7e,0x00,0x00,0x00,0x0a,0x00,0x00,0x00,0x00,
	0x00,0x00,0x00,0x00,0x00,0x00,0x00,0x0a,0x11,0x46,0xdc,0x78,0x11,0x4d,0xe3,0x7f,
	0x15,0x56,0xe5,0x80,0x19,0x5d,0xe3,0x80,0x1d,0x63,0xe5,0x80,0x20,0x68,0xe9,0x80,
	0x24,0x6f,0xe8,0x80,0x26,0x73,0xea,0x80,0x26,0x73,0xea,0x80,0x26,0x73,0xea,0x80,
	0x26,0x73,0xea,0x80,0x24,0x6f,0xe8,0x80,0xce,0xde,0xf9,0x80,0xff,0xff,0xff,0x80,
	0xff,0xff,0xff,0x80,0x40,0x7b,0xe7,0x80,0x1a,0x5f,0xe1,0x80,0x19,0x5c,0xe0,0x80,
	0x17,0x59,0xde,0x80,0x16,0x57,0xdd,0x80,0x15,0x54,0xda,0x80,0x14,0x52,0xd9,0x80,
	0x12,0x4d,0xd8,0x80,0x10,0x48,0xd5,0x80,0x10,0x47,0xd0,0x80,0x0e,0x41,0xce,0x80,
	0x0c,0x3b,0xcb,0x80,0x0b,0x36,0xc6,0x77,0x00,0x00,0x00,0x0a,0x00,0x00,0x00,0x00,
	0x00,0x00,0x00,0x00,0x00,0x00,0x00,0x09,0x0d,0x3e,0xd2,0x69,0x10,0x4a,0xdf,0x7f,
	0x13,0x50,0xe0,0x80,0x16,0x58,0xe1,0x80,0x19,0x5d,0xe3,0x80,0x1d,0x63,0xe5,0x80,
	0x20,0x69,0xe5,0x80,0x20,0x69,0xe5,0x80,0x22,0x6c,0xe6,0x80,0x22,0x6c,0xe6,0x80,
	0x22,0x6c,0xe6,0x80,0x20,0x69,0xe5,0x80,0x7a,0xa5,0xee,0x80,0xff,0xff,0xff,0x80,
	0xf4,0xf8,0xfe,0x80,0x19,0x5e,0xe0,0x80,0x18,0x5c,0xde,0x80,0x17,0x59,0xde,0x80,
	0x16,0x57,0xdd,0x80,0x15,0x54,0xda,0x80,0x14,0x52,0xd9,0x80,0x13,0x4f,0xd7,0x80,
	0x11,0x4a,0xd6,0x80,0x11,0x49,0xd2,0x80,0x0e,0x41,0xce,0x80,0x0e,0x3e,0xcc,0x80,
	0x0c,0x39,0xc9,0x80,0x09,0x31,0xb7,0x68,0x00,0x00,0x00,0x09,0x00,0x00,0x00,0x00,
	0x00,0x00,0x00,0x00,0x00,0x00,0x00,0x08,0x0d,0x37,0xbb,0x52,0x10,0x47,0xdb,0x80,
	0x11,0x4c,0xdd,0x80,0x14,0x51,0xde,0x80,0x17,0x56,0xdf,0x80,0x19,0x5d,0xe3,0x80,
	0x1c,0x61,0xe2,0x80,0x1c,0x61,0xe2,0x80,0x1e,0x65,0xe3,0x80,0x1e,0x65,0xe3,0x80,
	0x1e,0x65,0xe3,0x80,0x1e,0x65,0xe3,0x80,0x1c,0x61,0xe2,0x80,0x1e,0x65,0xe3,0x80,
	0x19,0x5e,0xe0,0x80,0x18,0x5a,0xdd,0x80,0x17,0x59,0xde,0x80,0x16,0x57,0xdd,0x80,
	0x15,0x54,0xda,0x80,0x14,0x52,0xd9,0x80,0x13,0x4f,0xd7,0x80,0x12,0x4d,0xd4,0x80,
	0x11,0x49,0xd2,0x80,0x10,0x46,0xcf,0x80,0x0e,0x41,0xce,0x80,0x0d,0x3f,0xc8,0x80,
	0x0b,0x37,0xc5,0x80,0x09,0x2b,0xa5,0x51,0x00,0x00,0x00,0x08,0x00,0x00,0x00,0x00,
	0x00,0x00,0x00,0x00,0x00,0x00,0x00,0x06,0x0c,0x2c,0x92,0x30,0x0d,0x41,0xd9,0x80,
	0x10,0x47,0xdb,0x80,0x11,0x4c,0xdd,0x80,0x14,0x51,0xde,0x80,0x15,0x55,0xde,0x80,
	0x17,0x59,0xde,0x80,0x19,0x5c,0xe0,0x80,0x19,0x5e,0xe0,0x80,0x1a,0x5f,0xe1,0x80,
	0x1a,0x5f,0xe1,0x80,0x19,0x5e,0xe0,0x80,0x19,0x5c,0xe0,0x80,0x18,0x5c,0xde,0x80,
	0x18,0x5a,0xdd,0x80,0x16,0x57,0xdd,0x80,0x15,0x54,0xda,0x80,0x15,0x54,0xda,0x80,
	0x14,0x52,0xd9,0x80,0x13,0x4f,0xd7,0x80,0x12,0x4d,0xd4,0x80,0x11,0x49,0xd2,0x80,
	0x10,0x47,0xd0,0x80,0x0f,0x44,0xcd,0x80,0x0d,0x3f,0xc8,0x80,0x0c,0x3c,0xc7,0x80,
	0x0a,0x36,0xc1,0x80,0x06,0x20,0x7f,0x30,0x00,0x00,0x00,0x06,0x00,0x00,0x00,0x00,
	0x00,0x00,0x00,0x00,0x00,0x00,0x00,0x03,0x00,0x00,0x02,0x10,0x0c,0x3b,0xcf,0x72,
	0x0e,0x43,0xd7,0x80,0x10,0x48,0xd8,0x80,0x12,0x4c,0xda,0x80,0x13,0x50,0xdb,0x80,
	0x14,0x53,0xdc,0x80,0x16,0x57,0xdd,0x80,0x16,0x57,0xdd,0x80,0x18,0x5a,0xdd,0x80,
	0x17,0x59,0xde,0x80,0x18,0x5a,0xdd,0x80,0x85,0xa8,0xec,0x80,0xff,0xff,0xff,0x80,
	0xff,0xff,0xff,0x80,0x40,0x74,0xe0,0x80,0x14,0x52,0xd9,0x80,0x13,0x4f,0xd7,0x80,
	0x13,0x4f,0xd7,0x80,0x12,0x4d,0xd4,0x80,0x11,0x49,0xd2,0x80,0x10,0x47,0xd0,0x80,
	0x0f,0x44,0xcd,0x80,0x0e,0x41,0xcb,0x80,0x0c,0x3c,0xc7,0x80,0x0b,0x37,0xc5,0x80,
	0x09,0x30,0xb8,0x73,0x00,0x00,0x02,0x11,0x00,0x00,0x00,0x03,0x00,0x00,0x00,0x00,
	0x00,0x00,0x00,0x00,0x00,0x00,0x00,0x01,0x00,0x00,0x00,0x09,0x0b,0x2c,0x9f,0x43,
	0x0c,0x3d,0xd4,0x80,0x0e,0x43,0xd7,0x80,0x10,0x48,0xd5,0x80,0x11,0x4a,0xd6,0x80,
	0x12,0x4d,0xd8,0x80,0x14,0x52,0xd9,0x80,0x14,0x52,0xd9,0x80,0x15,0x54,0xda,0x80,
	0x15,0x54,0xda,0x80,0x15,0x54,0xda,0x80,0xff,0xff,0xff,0x80,0xff,0xff,0xff,0x80,
	0xff,0xff,0xff,0x80,0xa7,0xbe,0xf0,0x80,0x13,0x4f,0xd7,0x80,0x12,0x4d,0xd4,0x80,
	0x12,0x4d,0xd4,0x80,0x11,0x49,0xd2,0x80,0x10,0x47,0xd0,0x80,0x0f,0x44,0xcd,0x80,
	0x0e,0x41,0xcb,0x80,0x0c,0x3c,0xc7,0x80,0x0c,0x38,0xc3,0x80,0x0a,0x34,0xbf,0x80,
	0x07,0x23,0x8e,0x42,0x00,0x00,0x00,0x09,0x00,0x00,0x00,0x01,0x00,0x00,0x00,0x00,
	0x00,0x00,0x00,0x00,0x00,0x00,0x00,0x00,0x00,0x03,0x0d,0x04,0x01,0x03,0x0f,0x14,
	0x0a,0x35,0xc3,0x6d,0x0d,0x3e,0xd1,0x80,0x0f,0x43,0xd2,0x80,0x0f,0x45,0xd3,0x80,
	0x10,0x48,0xd5,0x80,0x11,0x4a,0xd6,0x80,0x12,0x4d,0xd8,0x80,0x13,0x4f,0xd7,0x80,
	0x13,0x4f,0xd7,0x80,0x13,0x4f,0xd7,0x80,0xff,0xff,0xff,0x80,0xff,0xff,0xff,0x80,
	0xff,0xff,0xff,0x80,0x95,0xaf,0xec,0x80,0x12,0x4d,0xd4,0x80,0x11,0x49,0xd2,0x80,
	0x10,0x47,0xd0,0x80,0x0f,0x46,0xce,0x80,0x0f,0x44,0xcd,0x80,0x0e,0x41,0xc8,0x80,
	0x0c,0x3c,0xc7,0x80,0x0c,0x38,0xc3,0x80,0x0a,0x34,0xbf,0x80,0x08,0x2d,0xaf,0x6e,
	0x01,0x03,0x0f,0x14,0x00,0x03,0x0d,0x04,0x00,0x00,0x00,0x00,0x00,0x00,0x00,0x00,
	0x00,0x00,0x00,0x00,0x00,0x00,0x00,0x00,0x01,0x07,0x1c,0x01,0x00,0x00,0x00,0x09,
	0x04,0x18,0x5e,0x29,0x0b,0x38,0xcb,0x7c,0x0c,0x3d,0xce,0x80,0x0e,0x41,0xce,0x80,
	0x0f,0x42,0xd1,0x80,0x10,0x47,0xd0,0x80,0x11,0x49,0xd2,0x80,0x11,0x49,0xd2,0x80,
	0x11,0x49,0xd2,0x80,0x11,0x49,0xd2,0x80,0x71,0x94,0xe4,0x80,0xff,0xff,0xff,0x80,
	0xec,0xf1,0xfc,0x80,0x2b,0x5d,0xd5,0x80,0x10,0x47,0xd0,0x80,0x0f,0x46,0xce,0x80,
	0x0f,0x44,0xcd,0x80,0x0e,0x41,0xcb,0x80,0x0e,0x41,0xc8,0x80,0x0c,0x3c,0xc7,0x80,
	0x0c,0x38,0xc3,0x80,0x0a,0x36,0xc1,0x80,0x09,0x30,0xb9,0x7c,0x04,0x18,0x5e,0x29,
	0x00,0x00,0x00,0x09,0x01,0x07,0x1c,0x01,0x00,0x00,0x00,0x00,0x00,0x00,0x00,0x00,
	0x00,0x00,0x00,0x00,0x00,0x00,0x00,0x00,0x00,0x00,0x00,0x00,0x00,0x00,0x00,0x03,
	0x00,0x00,0x00,0x0e,0x05,0x1f,0x7b,0x3a,0x0b,0x37,0xc9,0x7e,0x0c,0x3b,0xcb,0x80,
	0x0e,0x3e,0xcc,0x80,0x0e,0x41,0xce,0x80,0x0e,0x41,0xce,0x80,0x0f,0x46,0xce,0x80,
	0x10,0x46,0xcf,0x80,0x10,0x46,0xcf,0x80,0x10,0x46,0xcf,0x80,0x10,0x46,0xcf,0x80,
	0x0f,0x44,0xcd,0x80,0x0f,0x44,0xcd,0x80,0x0f,0x44,0xcd,0x80,0x0e,0x41,0xcb,0x80,
	0x0e,0x41,0xc8,0x80,0x0d,0x3f,0xc8,0x80,0x0d,0x3b,0xc4,0x80,0x0b,0x37,0xc2,0x80,
	0x0a,0x34,0xbf,0x80,0x09,0x31,0xbb,0x7e,0x05,0x1f,0x7b,0x3a,0x00,0x00,0x00,0x0e,
	0x00,0x00,0x00,0x03,0x00,0x00,0x00,0x00,0x00,0x00,0x00,0x00,0x00,0x00,0x00,0x00,
	0x00,0x00,0x00,0x00,0x00,0x00,0x00,0x00,0x00,0x00,0x00,0x00,0x00,0x00,0x00,0x01,
	0x00,0x03,0x0d,0x04,0x00,0x00,0x02,0x11,0x05,0x1f,0x7b,0x3a,0x0b,0x35,0xc4,0x7c,
	0x0c,0x39,0xc9,0x80,0x0c,0x39,0xc9,0x80,0x0c,0x3b,0xcb,0x80,0x0e,0x3f,0xcb,0x80,
	0x0e,0x3f,0xcb,0x80,0x0e,0x41,0xcb,0x80,0x0e,0x41,0xcb,0x80,0x0e,0x41,0xcb,0x80,
	0x0e,0x41,0xcb,0x80,0x0e,0x41,0xc8,0x80,0x0e,0x41,0xc8,0x80,0x0c,0x3c,0xc7,0x80,
	0x0d,0x3b,0xc4,0x80,0x0c,0x38,0xc3,0x80,0x0a,0x36,0xc1,0x80,0x0a,0x32,0xbc,0x80,
	0x09,0x30,0xb9,0x7c,0x05,0x1c,0x72,0x3b,0x00,0x00,0x02,0x11,0x00,0x03,0x0d,0x04,
	0x00,0x00,0x00,0x01,0x00,0x00,0x00,0x00,0x00,0x00,0x00,0x00,0x00,0x00,0x00,0x00,
	0x00,0x00,0x00,0x00,0x00,0x00,0x00,0x00,0x00,0x00,0x00,0x00,0x00,0x00,0x00,0x00,
	0x01,0x07,0x1c,0x01,0x00,0x00,0x00,0x06,0x00,0x00,0x02,0x11,0x04,0x14,0x53,0x2d,
	0x09,0x31,0xb7,0x6e,0x0b,0x37,0xc5,0x80,0x0b,0x37,0xc5,0x80,0x0c,0x3c,0xc7,0x80,
	0x0c,0x3c,0xc7,0x80,0x0c,0x3c,0xc7,0x80,0x0c,0x3c,0xc7,0x80,0x0c,0x3c,0xc7,0x80,
	0x0c,0x3c,0xc7,0x80,0x0d,0x3b,0xc4,0x80,0x0d,0x3b,0xc4,0x80,0x0b,0x37,0xc2,0x80,
	0x0a,0x36,0xc1,0x80,0x0a,0x34,0xbf,0x80,0x0a,0x32,0xbc,0x80,0x08,0x2d,0xaf,0x6e,
	0x04,0x14,0x53,0x2d,0x00,0x00,0x02,0x11,0x00,0x00,0x00,0x06,0x01,0x07,0x1c,0x01,
	0x00,0x00,0x00,0x00,0x00,0x00,0x00,0x00,0x00,0x00,0x00,0x00,0x00,0x00,0x00,0x00,
	0x00,0x00,0x00,0x00,0x00,0x00,0x00,0x00,0x00,0x00,0x00,0x00,0x00,0x00,0x00,0x00,
	0x00,0x00,0x00,0x00,0x01,0x07,0x1c,0x01,0x00,0x03,0x0d,0x04,0x00,0x00,0x00,0x0e,
	0x00,0x02,0x07,0x1a,0x06,0x22,0x87,0x46,0x09,0x30,0xb8,0x73,0x0a,0x36,0xc1,0x80,
	0x0b,0x37,0xc2,0x80,0x0b,0x37,0xc2,0x80,0x0b,0x37,0xc2,0x80,0x0a,0x36,0xc1,0x80,
	0x0a,0x36,0xc1,0x80,0x0a,0x36,0xc1,0x80,0x0a,0x34,0xbf,0x80,0x0a,0x32,0xbc,0x80,
	0x0a,0x32,0xbc,0x80,0x09,0x2d,0xb0,0x74,0x06,0x20,0x80,0x46,0x00,0x02,0x07,0x1a,
	0x00,0x00,0x00,0x0e,0x00,0x03,0x0d,0x04,0x01,0x07,0x1c,0x01,0x00,0x00,0x00,0x00,
	0x00,0x00,0x00,0x00,0x00,0x00,0x00,0x00,0x00,0x00,0x00,0x00,0x00,0x00,0x00,0x00,
	0x00,0x00,0x00,0x00,0x00,0x00,0x00,0x00,0x00,0x00,0x00,0x00,0x00,0x00,0x00,0x00,
	0x00,0x00,0x00,0x00,0x00,0x00,0x00,0x00,0x00,0x00,0x00,0x01,0x00,0x00,0x00,0x03,
	0x00,0x00,0x00,0x09,0x00,0x00,0x00,0x12,0x00,0x01,0x03,0x1c,0x04,0x19,0x67,0x38,
	0x07,0x26,0x97,0x56,0x08,0x2c,0xac,0x6c,0x09,0x30,0xb7,0x78,0x09,0x31,0xbb,0x7e,
	0x09,0x31,0xbb,0x7e,0x09,0x30,0xb7,0x78,0x08,0x2c,0xac,0x6c,0x07,0x26,0x97,0x56,
	0x04,0x19,0x67,0x38,0x00,0x01,0x03,0x1c,0x00,0x00,0x00,0x12,0x00,0x00,0x00,0x09,
	0x00,0x00,0x00,0x03,0x00,0x00,0x00,0x01,0x00,0x00,0x00,0x00,0x00,0x00,0x00,0x00,
	0x00,0x00,0x00,0x00,0x00,0x00,0x00,0x00,0x00,0x00,0x00,0x00,0x00,0x00,0x00,0x00,
	0x00,0x00,0x00,0x00,0x00,0x00,0x00,0x00,0x00,0x00,0x00,0x00,0x00,0x00,0x00,0x00,
	0x00,0x00,0x00,0x00,0x00,0x00,0x00,0x00,0x00,0x00,0x00,0x00,0x00,0x00,0x00,0x00,
	0x01,0x07,0x1c,0x01,0x00,0x03,0x0d,0x04,0x00,0x00,0x00,0x09,0x00,0x00,0x02,0x10,
	0x00,0x00,0x00,0x15,0x00,0x00,0x00,0x1a,0x00,0x01,0x03,0x1c,0x00,0x00,0x00,0x1e,
	0x00,0x00,0x00,0x1e,0x00,0x01,0x03,0x1c,0x00,0x00,0x00,0x1a,0x00,0x00,0x00,0x15,
	0x00,0x00,0x02,0x10,0x00,0x00,0x00,0x09,0x00,0x03,0x0d,0x04,0x01,0x07,0x1c,0x01,
	0x00,0x00,0x00,0x00,0x00,0x00,0x00,0x00,0x00,0x00,0x00,0x00,0x00,0x00,0x00,0x00,
	0x00,0x00,0x00,0x00,0x00,0x00,0x00,0x00,0x00,0x00,0x00,0x00,0x00,0x00,0x00,0x00,
	0x00,0x00,0x00,0x00,0x00,0x00,0x00,0x00,0x00,0x00,0x00,0x00,0x00,0x00,0x00,0x00,
	0x00,0x00,0x00,0x00,0x00,0x00,0x00,0x00,0x00,0x00,0x00,0x00,0x00,0x00,0x00,0x00,
	0x00,0x00,0x00,0x00,0x00,0x00,0x00,0x00,0x00,0x00,0x00,0x01,0x00,0x00,0x00,0x03,
	0x00,0x00,0x00,0x06,0x00,0x00,0x00,0x08,0x00,0x00,0x00,0x09,0x00,0x00,0x00,0x0a,
	0x00,0x00,0x00,0x0a,0x00,0x00,0x00,0x09,0x00,0x00,0x00,0x08,0x00,0x00,0x00,0x06,
	0x00,0x00,0x00,0x03,0x00,0x00,0x00,0x01,0x00,0x00,0x00,0x00,0x00,0x00,0x00,0x00,
	0x00,0x00,0x00,0x00,0x00,0x00,0x00,0x00,0x00,0x00,0x00,0x00,0x00,0x00,0x00,0x00,
	0x00,0x00,0x00,0x00,0x00,0x00,0x00,0x00,0x00,0x00,0x00,0x00,0x00,0x00,0x00,0x00,
};
static const unsigned char rgba_s_IconNetwork[ 4096 ] __attribute__(   (  aligned( 16 ), section( ".data" )  )   ) = {
	0x00,0x00,0x00,0x00,0x00,0x00,0x00,0x00,0x00,0x00,0x00,0x00,0x00,0x00,0x00,0x00,
	0x00,0x00,0x00,0x00,0x00,0x00,0x00,0x00,0x00,0x00,0x00,0x00,0x00,0x00,0x00,0x00,
	0x00,0x00,0x00,0x00,0x00,0x00,0x00,0x00,0x00,0x00,0x00,0x00,0x00,0x00,0x00,0x00,
	0x00,0x00,0x00,0x00,0x00,0x00,0x00,0x00,0x00,0x00,0x00,0x00,0x00,0x00,0x00,0x00,
	0x00,0x00,0x00,0x00,0x00,0x00,0x00,0x00,0x00,0x00,0x00,0x00,0x00,0x00,0x00,0x00,
	0x00,0x00,0x00,0x00,0x00,0x00,0x00,0x00,0x00,0x00,0x00,0x00,0x00,0x00,0x00,0x00,
	0x00,0x00,0x00,0x00,0x00,0x00,0x00,0x00,0x00,0x00,0x00,0x00,0x00,0x00,0x00,0x00,
	0x00,0x00,0x00,0x00,0x00,0x00,0x00,0x00,0x00,0x00,0x00,0x00,0x00,0x00,0x00,0x00,
	0x00,0x00,0x00,0x00,0x00,0x00,0x00,0x00,0x00,0x00,0x00,0x00,0x00,0x00,0x00,0x00,
	0x00,0x00,0x00,0x00,0x00,0x00,0x00,0x00,0x00,0x00,0x00,0x00,0x00,0x00,0x00,0x00,
	0x00,0x00,0x00,0x00,0x00,0x00,0x00,0x00,0x00,0x00,0x00,0x00,0x00,0x00,0x00,0x00,
	0x00,0x00,0x00,0x00,0x00,0x00,0x00,0x00,0x00,0x00,0x00,0x00,0x00,0x00,0x00,0x00,
	0x00,0x00,0x00,0x00,0x00,0x00,0x00,0x00,0x00,0x00,0x00,0x00,0x00,0x00,0x00,0x00,
	0x00,0x00,0x00,0x00,0x00,0x00,0x00,0x00,0x00,0x00,0x00,0x00,0x00,0x00,0x00,0x00,
	0x00,0x00,0x00,0x00,0x00,0x00,0x00,0x00,0x00,0x00,0x00,0x00,0x00,0x00,0x00,0x00,
	0x00,0x00,0x00,0x00,0x00,0x00,0x00,0x00,0x00,0x00,0x00,0x00,0x00,0x00,0x00,0x00,
	0x00,0x00,0x00,0x00,0x00,0x00,0x00,0x00,0x00,0x00,0x00,0x00,0x00,0x00,0x00,0x00,
	0x00,0x00,0x00,0x00,0x00,0x00,0x00,0x00,0x00,0x00,0x00,0x00,0x00,0x00,0x00,0x00,
	0x00,0x00,0x00,0x00,0x00,0x00,0x00,0x00,0x00,0x00,0x00,0x00,0x00,0x00,0x00,0x00,
	0x00,0x00,0x00,0x00,0x00,0x00,0x00,0x00,0x00,0x00,0x00,0x00,0x00,0x00,0x00,0x00,
	0x00,0x00,0x00,0x00,0x00,0x00,0x00,0x00,0x00,0x00,0x00,0x00,0x00,0x00,0x00,0x00,
	0x00,0x00,0x00,0x00,0x00,0x00,0x00,0x00,0x00,0x00,0x00,0x00,0x00,0x00,0x00,0x00,
	0x00,0x00,0x00,0x00,0x00,0x00,0x00,0x00,0x00,0x00,0x00,0x00,0x00,0x00,0x00,0x00,
	0x00,0x00,0x00,0x00,0x00,0x00,0x00,0x00,0x00,0x00,0x00,0x00,0x00,0x00,0x00,0x00,
	0x00,0x00,0x00,0x00,0x00,0x00,0x00,0x00,0x00,0x00,0x00,0x00,0x00,0x00,0x00,0x00,
	0x00,0x00,0x00,0x00,0x00,0x00,0x00,0x00,0x00,0x00,0x00,0x01,0xe9,0xe9,0xe9,0x17,
	0xf6,0xf6,0xf6,0x4a,0xfb,0xfb,0xfb,0x6d,0xfe,0xfe,0xfe,0x7d,0xfe,0xfe,0xfe,0x7d,
	0xfb,0xfb,0xfb,0x6d,0xf6,0xf6,0xf6,0x4a,0xe9,0xe9,0xe9,0x17,0x00,0x00,0x00,0x01,
	0x00,0x00,0x00,0x00,0x00,0x00,0x00,0x00,0x00,0x00,0x00,0x00,0x00,0x00,0x00,0x00,
	0x00,0x00,0x00,0x00,0x00,0x00,0x00,0x00,0x00,0x00,0x00,0x00,0x00,0x00,0x00,0x00,
	0x00,0x00,0x00,0x00,0x00,0x00,0x00,0x00,0x00,0x00,0x00,0x00,0x00,0x00,0x00,0x00,
	0x00,0x00,0x00,0x00,0x00,0x00,0x00,0x00,0x00,0x00,0x00,0x00,0x00,0x00,0x00,0x00,
	0x00,0x00,0x00,0x00,0x00,0x00,0x00,0x00,0x00,0x00,0x00,0x00,0x00,0x00,0x00,0x00,
	0x00,0x00,0x00,0x00,0x00,0x00,0x00,0x00,0x00,0x00,0x00,0x03,0xf2,0xf2,0xf2,0x4f,
	0xff,0xff,0xff,0x80,0xff,0xff,0xff,0x80,0xff,0xff,0xff,0x80,0xff,0xff,0xff,0x80,
	0xff,0xff,0xff,0x80,0xfe,0xfe,0xfe,0x80,0xfd,0xfd,0xfd,0x80,0xf6,0xf6,0xf6,0x4f,
	0xb0,0xb0,0xb0,0x07,0x00,0x00,0x00,0x00,0x00,0x00,0x00,0x00,0x00,0x00,0x00,0x00,
	0x00,0x00,0x00,0x00,0x00,0x00,0x00,0x00,0x00,0x00,0x00,0x00,0xaa,0xaa,0xaa,0x02,
	0xef,0xef,0xef,0x18,0xf4,0xf4,0xf4,0x38,0xf7,0xf7,0xf7,0x54,0xfb,0xfb,0xfb,0x60,
	0x00,0x00,0x00,0x02,0x00,0x00,0x00,0x00,0x00,0x00,0x00,0x00,0x00,0x00,0x00,0x00,
	0x00,0x00,0x00,0x00,0x00,0x00,0x00,0x00,0x00,0x00,0x00,0x00,0x00,0x00,0x00,0x00,
	0x00,0x00,0x00,0x00,0x00,0x00,0x00,0x00,0x00,0x00,0x00,0x04,0x00,0x00,0x00,0x0f,
	0xdc,0xdc,0xdc,0x58,0xff,0xff,0xff,0x80,0xff,0xff,0xff,0x80,0xfe,0xfe,0xfe,0x80,
	0xfe,0xfe,0xfe,0x80,0xfe,0xfe,0xfe,0x80,0xfd,0xfd,0xfd,0x80,0xfd,0xfd,0xfd,0x80,
	0xf5,0xf5,0xf5,0x61,0x89,0x89,0x89,0x06,0x00,0x00,0x00,0x00,0x00,0x00,0x00,0x00,
	0x00,0x00,0x00,0x00,0x00,0x00,0x00,0x00,0x49,0x49,0x49,0x04,0xfd,0xfd,0xfd,0x74,
	0xff,0xff,0xff,0x80,0xff,0xff,0xff,0x80,0xff,0xff,0xff,0x80,0xee,0xee,0xee,0x58,
	0x00,0x00,0x00,0x05,0x00,0x00,0x00,0x00,0x00,0x00,0x00,0x00,0x00,0x00,0x00,0x00,
	0x00,0x00,0x00,0x00,0x00,0x00,0x00,0x00,0x00,0x00,0x00,0x00,0x00,0x00,0x00,0x00,
	0x00,0x00,0x00,0x00,0x00,0x00,0x00,0x00,0x00,0x00,0x00,0x02,0x00,0x00,0x00,0x09,
	0x00,0x00,0x00,0x16,0xd6,0xd6,0xd6,0x5a,0xfe,0xfe,0xfe,0x80,0xfd,0xfd,0xfd,0x80,
	0xfd,0xfd,0xfd,0x80,0xfd,0xfd,0xfd,0x80,0xfb,0xfb,0xfb,0x80,0xfb,0xfb,0xfb,0x80,
	0xfb,0xfb,0xfb,0x80,0xee,0xee,0xee,0x4e,0x00,0x00,0x00,0x02,0x00,0x00,0x00,0x00,
	0x00,0x00,0x00,0x00,0x00,0x00,0x00,0x01,0xc8,0xc8,0xc8,0x1e,0xff,0xff,0xff,0x80,
	0xff,0xff,0xff,0x80,0xff,0xff,0xff,0x80,0xff,0xff,0xff,0x80,0xce,0xce,0xce,0x41,
	0x00,0x00,0x00,0x07,0x00,0x00,0x00,0x00,0x00,0x00,0x00,0x00,0x00,0x00,0x00,0x00,
	0x00,0x00,0x00,0x00,0x00,0x00,0x00,0x00,0x00,0x00,0x00,0x01,0xe9,0xe9,0xe9,0x17,
	0xfa,0xfa,0xfa,0x4c,0x00,0x00,0x00,0x02,0x00,0x00,0x00,0x00,0x00,0x00,0x00,0x02,
	0x00,0x00,0x00,0x09,0x00,0x00,0x00,0x16,0xd5,0xd5,0xd5,0x5a,0xfb,0xfb,0xfb,0x80,
	0xfb,0xfb,0xfb,0x80,0xfb,0xfb,0xfb,0x80,0xfb,0xfb,0xfb,0x80,0xfb,0xfb,0xfb,0x80,
	0xfa,0xfa,0xfa,0x80,0xf9,0xf9,0xf9,0x7e,0xc6,0xc6,0xc6,0x1b,0x00,0x00,0x00,0x01,
	0x00,0x00,0x00,0x00,0x00,0x00,0x00,0x02,0xdd,0xdd,0xdd,0x3d,0xff,0xff,0xff,0x80,
	0xff,0xff,0xff,0x80,0xff,0xff,0xff,0x80,0xff,0xff,0xff,0x80,0x9a,0x9a,0x9a,0x26,
	0x00,0x00,0x00,0x04,0x00,0x00,0x00,0x00,0x00,0x00,0x00,0x00,0x00,0x00,0x00,0x00,
	0x00,0x00,0x00,0x00,0x00,0x00,0x00,0x00,0x00,0x00,0x00,0x03,0xf0,0xf0,0xf0,0x4c,
	0xfe,0xfe,0xfe,0x80,0xf3,0xf3,0xf3,0x4f,0x00,0x00,0x00,0x02,0x00,0x00,0x00,0x00,
	0x00,0x00,0x00,0x02,0x00,0x00,0x00,0x09,0x00,0x00,0x00,0x16,0xd5,0xd5,0xd5,0x5a,
	0xfb,0xfb,0xfb,0x80,0xfa,0xfa,0xfa,0x80,0xfa,0xfa,0xfa,0x80,0xf9,0xf9,0xf9,0x80,
	0xf9,0xf9,0xf9,0x80,0xf8,0xf8,0xf8,0x80,0xe4,0xe4,0xe4,0x4e,0x00,0x00,0x00,0x03,
	0x00,0x00,0x00,0x00,0x00,0x00,0x00,0x04,0xf5,0xf5,0xf5,0x6b,0xff,0xff,0xff,0x80,
	0xff,0xff,0xff,0x80,0xff,0xff,0xff,0x80,0xf9,0xf9,0xf9,0x76,0x02,0x02,0x02,0x0e,
	0x00,0x00,0x00,0x02,0x00,0x00,0x00,0x00,0x00,0x00,0x00,0x00,0x00,0x00,0x00,0x00,
	0x00,0x00,0x00,0x00,0x00,0x00,0x00,0x00,0x00,0x00,0x00,0x05,0xf7,0xf7,0xf7,0x6f,
	0xfd,0xfd,0xfd,0x80,0xfd,0xfd,0xfd,0x80,0xf2,0xf2,0xf2,0x4f,0x00,0x00,0x00,0x02,
	0x00,0x00,0x00,0x00,0x00,0x00,0x00,0x02,0x00,0x00,0x00,0x09,0x00,0x00,0x00,0x16,
	0xd5,0xd5,0xd5,0x5c,0xf9,0xf9,0xf9,0x80,0xf8,0xf8,0xf8,0x80,0xf8,0xf8,0xf8,0x80,
	0xf7,0xf7,0xf7,0x80,0xf7,0xf7,0xf7,0x80,0xee,0xee,0xee,0x6f,0x00,0x00,0x00,0x05,
	0x00,0x00,0x00,0x01,0xec,0xec,0xec,0x3f,0xff,0xff,0xff,0x7f,0xef,0xef,0xef,0x6e,
	0xb8,0xb8,0xb8,0x4a,0x74,0x74,0x74,0x32,0x0b,0x0b,0x0b,0x18,0x00,0x00,0x00,0x08,
	0x00,0x00,0x00,0x01,0x00,0x00,0x00,0x00,0x00,0x00,0x00,0x00,0x00,0x00,0x00,0x00,
	0x00,0x00,0x00,0x00,0x00,0x00,0x00,0x00,0x00,0x00,0x00,0x08,0xfc,0xfc,0xfc,0x7d,
	0xfb,0xfb,0xfb,0x80,0xfb,0xfb,0xfb,0x80,0xfb,0xfb,0xfb,0x80,0xef,0xef,0xef,0x4f,
	0x00,0x00,0x00,0x02,0x00,0x00,0x00,0x00,0x00,0x00,0x00,0x02,0x00,0x00,0x00,0x09,
	0x4f,0x4f,0x4f,0x20,0xf8,0xf8,0xf8,0x80,0xf7,0xf7,0xf7,0x80,0xf6,0xf6,0xf6,0x80,
	0xf6,0xf6,0xf6,0x80,0xf5,0xf5,0xf5,0x80,0xf3,0xf3,0xf3,0x7e,0x00,0x00,0x00,0x0a,
	0xec,0xec,0xec,0x3f,0xff,0xff,0xff,0x7f,0xc9,0xc9,0xc9,0x4a,0x00,0x00,0x00,0x1b,
	0x00,0x00,0x00,0x13,0x02,0x02,0x02,0x0e,0x00,0x00,0x00,0x08,0x00,0x00,0x00,0x03,
	0x00,0x00,0x00,0x00,0x00,0x00,0x00,0x00,0x00,0x00,0x00,0x00,0x00,0x00,0x00,0x00,
	0x00,0x00,0x00,0x00,0x00,0x00,0x00,0x00,0x00,0x00,0x00,0x0a,0xfc,0xfc,0xfc,0x7d,
	0xfb,0xfb,0xfb,0x80,0xfb,0xfb,0xfb,0x80,0xfa,0xfa,0xfa,0x80,0xfa,0xfa,0xfa,0x80,
	0xef,0xef,0xef,0x4f,0x00,0x00,0x00,0x02,0x00,0x00,0x00,0x00,0x00,0x00,0x00,0x03,
	0x85,0x85,0x85,0x1c,0xf6,0xf6,0xf6,0x80,0xf5,0xf5,0xf5,0x80,0xf5,0xf5,0xf5,0x80,
	0xf3,0xf3,0xf3,0x80,0xf3,0xf3,0xf3,0x80,0xf3,0xf3,0xf3,0x7e,0xdb,0xdb,0xdb,0x44,
	0xff,0xff,0xff,0x7f,0xcf,0xcf,0xcf,0x48,0x00,0x00,0x00,0x13,0x00,0x00,0x00,0x0a,
	0x00,0x00,0x00,0x04,0x00,0x00,0x00,0x02,0x00,0x00,0x00,0x01,0x00,0x00,0x00,0x00,
	0x00,0x00,0x00,0x00,0x00,0x00,0x00,0x00,0x00,0x00,0x00,0x00,0x00,0x00,0x00,0x00,
	0x00,0x00,0x00,0x00,0x00,0x00,0x00,0x00,0x00,0x00,0x00,0x0a,0xf1,0xf1,0xf1,0x70,
	0xfa,0xfa,0xfa,0x80,0xf9,0xf9,0xf9,0x80,0xf9,0xf9,0xf9,0x80,0xf8,0xf8,0xf8,0x80,
	0xf8,0xf8,0xf8,0x80,0xec,0xec,0xec,0x53,0xc6,0xc6,0xc6,0x0d,0xcb,0xcb,0xcb,0x11,
	0xe9,0xe9,0xe9,0x61,0xf5,0xf5,0xf5,0x80,0xf3,0xf3,0xf3,0x80,0xf3,0xf3,0xf3,0x80,
	0xf3,0xf3,0xf3,0x80,0xf0,0xf0,0xf0,0x80,0xeb,0xeb,0xeb,0x7e,0xff,0xff,0xff,0x7f,
	0xcf,0xcf,0xcf,0x48,0x00,0x00,0x00,0x13,0x00,0x00,0x00,0x07,0x00,0x00,0x00,0x01,
	0x00,0x00,0x00,0x00,0x00,0x00,0x00,0x00,0x00,0x00,0x00,0x00,0x00,0x00,0x00,0x00,
	0x00,0x00,0x00,0x00,0x00,0x00,0x00,0x00,0x00,0x00,0x00,0x00,0x00,0x00,0x00,0x00,
	0x00,0x00,0x00,0x00,0x00,0x00,0x00,0x00,0x00,0x00,0x00,0x08,0xd5,0xd5,0xd5,0x54,
	0xf9,0xf9,0xf9,0x80,0xf8,0xf8,0xf8,0x80,0xf7,0xf7,0xf7,0x80,0xf7,0xf7,0xf7,0x80,
	0xf6,0xf6,0xf6,0x80,0xf6,0xf6,0xf6,0x80,0xf5,0xf5,0xf5,0x80,0xf3,0xf3,0xf3,0x80,
	0xf3,0xf3,0xf3,0x80,0xf3,0xf3,0xf3,0x80,0xf2,0xf2,0xf2,0x80,0xf2,0xf2,0xf2,0x80,
	0xde,0xde,0xde,0x80,0xda,0xda,0xda,0x80,0xfe,0xfe,0xfe,0x80,0xb6,0xb6,0xb6,0x5e,
	0x00,0x00,0x00,0x13,0x00,0x00,0x00,0x07,0x00,0x00,0x00,0x01,0x00,0x00,0x00,0x00,
	0x00,0x00,0x00,0x00,0x00,0x00,0x00,0x00,0x00,0x00,0x00,0x00,0x00,0x00,0x00,0x00,
	0x00,0x00,0x00,0x00,0x00,0x00,0x00,0x00,0x00,0x00,0x00,0x00,0x00,0x00,0x00,0x00,
	0x00,0x00,0x00,0x00,0x00,0x00,0x00,0x00,0x00,0x00,0x00,0x05,0x8a,0x8a,0x8a,0x28,
	0xf5,0xf5,0xf5,0x80,0xf7,0xf7,0xf7,0x80,0xf6,0xf6,0xf6,0x80,0xf5,0xf5,0xf5,0x80,
	0xf5,0xf5,0xf5,0x80,0xf3,0xf3,0xf3,0x80,0xf3,0xf3,0xf3,0x80,0xf3,0xf3,0xf3,0x80,
	0xf1,0xee,0xee,0x80,0xf9,0x9c,0x9c,0x80,0xff,0x67,0x67,0x80,0xf4,0xc9,0xc9,0x80,
	0xc6,0xc6,0xc6,0x80,0xfe,0xfe,0xfe,0x80,0xbb,0xbb,0xbb,0x80,0xb2,0xb2,0xb2,0x79,
	0xa4,0xa4,0xa4,0x1f,0x00,0x00,0x00,0x02,0x00,0x00,0x00,0x00,0x00,0x00,0x00,0x00,
	0x00,0x00,0x00,0x00,0x00,0x00,0x00,0x00,0x00,0x00,0x00,0x00,0x00,0x00,0x00,0x00,
	0x00,0x00,0x00,0x00,0x00,0x00,0x00,0x00,0x00,0x00,0x00,0x00,0x00,0x00,0x00,0x00,
	0x00,0x00,0x00,0x00,0x00,0x00,0x00,0x00,0x00,0x00,0x00,0x03,0x02,0x02,0x02,0x0e,
	0xd1,0xd1,0xd1,0x58,0xf5,0xf5,0xf5,0x80,0xf3,0xf3,0xf3,0x80,0xf3,0xf3,0xf3,0x80,
	0xf3,0xf3,0xf3,0x80,0xf2,0xf2,0xf2,0x80,0xf2,0xf2,0xf2,0x80,0xf0,0xf0,0xf0,0x80,
	0xf2,0xda,0xda,0x80,0xfe,0x6c,0x6c,0x80,0xff,0x5d,0x5d,0x80,0xfe,0x61,0x61,0x80,
	0xf9,0xce,0xce,0x80,0xb8,0xb8,0xb8,0x80,0xc2,0xc2,0xc2,0x80,0xeb,0xeb,0xeb,0x80,
	0xe8,0xe8,0xe8,0x76,0xc8,0xc8,0xc8,0x19,0x00,0x00,0x00,0x01,0x00,0x00,0x00,0x00,
	0x00,0x00,0x00,0x00,0x00,0x00,0x00,0x00,0x00,0x00,0x00,0x00,0x00,0x00,0x00,0x00,
	0x00,0x00,0x00,0x00,0x00,0x00,0x00,0x00,0x00,0x00,0x00,0x00,0x00,0x00,0x00,0x00,
	0x00,0x00,0x00,0x00,0x00,0x00,0x00,0x00,0x00,0x00,0x00,0x01,0x00,0x00,0x00,0x07,
	0x20,0x20,0x20,0x18,0xdd,0xdd,0xdd,0x67,0xf3,0xf3,0xf3,0x80,0xf2,0xf2,0xf2,0x80,
	0xf2,0xf2,0xf2,0x80,0xf0,0xf0,0xf0,0x80,0xf0,0xf0,0xf0,0x80,0xf1,0xee,0xee,0x80,
	0xf7,0xaa,0xaa,0x80,0xfe,0x61,0x61,0x80,0xff,0x5d,0x5d,0x80,0xec,0x4b,0x4b,0x80,
	0xcf,0x37,0x37,0x80,0x90,0x6c,0x6c,0x80,0xc4,0xc4,0xc4,0x80,0xe2,0xe2,0xe2,0x80,
	0xe8,0xe8,0xe8,0x80,0xe5,0xe5,0xe5,0x76,0xc8,0xc8,0xc8,0x19,0x00,0x00,0x00,0x01,
	0x00,0x00,0x00,0x00,0x00,0x00,0x00,0x00,0x00,0x00,0x00,0x00,0x00,0x00,0x00,0x00,
	0x00,0x00,0x00,0x00,0x00,0x00,0x00,0x00,0x00,0x00,0x00,0x00,0x00,0x00,0x00,0x00,
	0x00,0x00,0x00,0x00,0x00,0x00,0x00,0x00,0x00,0x00,0x00,0x00,0x00,0x00,0x00,0x02,
	0x00,0x00,0x00,0x0a,0x1c,0x1c,0x1c,0x1a,0xc9,0xc9,0xc9,0x59,0xf0,0xf0,0xf0,0x80,
	0xf0,0xf0,0xf0,0x80,0xf0,0xf0,0xf0,0x80,0xee,0xec,0xec,0x80,0xf6,0xa6,0xa6,0x80,
	0xff,0x63,0x63,0x80,0xff,0x5d,0x5d,0x80,0xec,0x4b,0x4b,0x80,0xd0,0x32,0x32,0x80,
	0xb4,0x18,0x18,0x80,0xa0,0x17,0x17,0x80,0xaa,0xaa,0xaa,0x80,0xd5,0xd5,0xd5,0x80,
	0xe6,0xe6,0xe6,0x80,0xe7,0xe7,0xe7,0x80,0xe3,0xe3,0xe3,0x76,0xc8,0xc8,0xc8,0x19,
	0x00,0x00,0x00,0x01,0x00,0x00,0x00,0x00,0x00,0x00,0x00,0x00,0x00,0x00,0x00,0x00,
	0x00,0x00,0x00,0x00,0x00,0x00,0x00,0x00,0x00,0x00,0x00,0x00,0x00,0x00,0x00,0x00,
	0x00,0x00,0x00,0x00,0x00,0x00,0x00,0x00,0x00,0x00,0x00,0x00,0x00,0x00,0x00,0x00,
	0x00,0x00,0x00,0x02,0x00,0x00,0x00,0x0a,0x02,0x00,0x00,0x15,0x6c,0x6c,0x6c,0x30,
	0xc4,0xc4,0xc4,0x58,0xe2,0xe1,0xe1,0x72,0xf7,0x97,0x97,0x7f,0xff,0x5d,0x5d,0x80,
	0xff,0x5d,0x5d,0x80,0xec,0x4b,0x4b,0x80,0xd1,0x33,0x33,0x80,0xb2,0x22,0x22,0x80,
	0xa0,0x1b,0x1b,0x80,0x9c,0x4a,0x4a,0x80,0xa6,0xa6,0xa6,0x80,0xd5,0xd5,0xd5,0x80,
	0xe5,0xe5,0xe5,0x80,0xe5,0xe5,0xe5,0x80,0xe5,0xe5,0xe5,0x80,0xe1,0xe1,0xe1,0x76,
	0xc0,0xc0,0xc0,0x19,0x00,0x00,0x00,0x01,0x00,0x00,0x00,0x00,0x00,0x00,0x00,0x00,
	0x00,0x00,0x00,0x00,0x00,0x00,0x00,0x00,0x00,0x00,0x00,0x00,0x00,0x00,0x00,0x00,
	0x00,0x00,0x00,0x00,0x00,0x00,0x00,0x00,0x00,0x00,0x00,0x00,0x00,0x00,0x00,0x00,
	0x00,0x00,0x00,0x00,0x00,0x00,0x00,0x02,0x00,0x00,0x00,0x07,0x02,0x02,0x02,0x0e,
	0x1a,0x09,0x09,0x19,0xe4,0x55,0x55,0x62,0xff,0x5d,0x5d,0x80,0xff,0x5d,0x5d,0x80,
	0xec,0x4b,0x4b,0x80,0xd0,0x32,0x32,0x80,0xb3,0x1b,0x1b,0x80,0x9c,0x4f,0x4f,0x80,
	0x98,0x81,0x81,0x80,0x98,0x96,0x96,0x80,0xb8,0xb8,0xb8,0x80,0xde,0xde,0xde,0x80,
	0xe3,0xe3,0xe3,0x80,0xe3,0xe3,0xe3,0x80,0xe3,0xe3,0xe3,0x80,0xe2,0xe2,0xe2,0x80,
	0xdf,0xdf,0xdf,0x76,0xc0,0xc0,0xc0,0x19,0x00,0x00,0x00,0x01,0x00,0x00,0x00,0x00,
	0x00,0x00,0x00,0x00,0x00,0x00,0x00,0x00,0x00,0x00,0x00,0x00,0x00,0x00,0x00,0x00,
	0x00,0x00,0x00,0x00,0x00,0x00,0x00,0x00,0x00,0x00,0x00,0x00,0x00,0x00,0x00,0x00,
	0x00,0x00,0x00,0x00,0x00,0x00,0x00,0x00,0x00,0x00,0x00,0x01,0xcd,0x59,0x59,0x17,
	0xfa,0x65,0x65,0x71,0xfe,0x61,0x61,0x7d,0xff,0x5d,0x5d,0x80,0xec,0x4b,0x4b,0x80,
	0xd0,0x32,0x32,0x80,0xb4,0x18,0x18,0x7f,0x90,0x0f,0x0f,0x70,0x97,0x8f,0x8f,0x7b,
	0x97,0x97,0x97,0x80,0xa9,0xa9,0xa9,0x80,0xd5,0xd5,0xd5,0x80,0xe2,0xe2,0xe2,0x80,
	0xe3,0xe3,0xe3,0x80,0xe2,0xe2,0xe2,0x80,0xe1,0xe1,0xe1,0x80,0xe1,0xe1,0xe1,0x80,
	0xe0,0xe0,0xe0,0x80,0xdd,0xdd,0xdd,0x76,0xc0,0xc0,0xc0,0x19,0x00,0x00,0x00,0x01,
	0x00,0x00,0x00,0x00,0x00,0x00,0x00,0x00,0x00,0x00,0x00,0x00,0x00,0x00,0x00,0x00,
	0x00,0x00,0x00,0x00,0x00,0x00,0x00,0x00,0x00,0x00,0x00,0x00,0x00,0x00,0x00,0x00,
	0x00,0x00,0x00,0x00,0x00,0x00,0x00,0x01,0xf2,0x7f,0x7f,0x3d,0xfe,0x7b,0x7b,0x7d,
	0xfe,0x6d,0x6d,0x7d,0xff,0x63,0x63,0x80,0xec,0x4d,0x4d,0x80,0xd0,0x32,0x32,0x80,
	0xb3,0x18,0x18,0x7f,0x95,0x06,0x06,0x6c,0x17,0x01,0x01,0x24,0x55,0x55,0x55,0x36,
	0xb7,0xb7,0xb7,0x79,0xce,0xce,0xce,0x80,0xe0,0xe0,0xe0,0x80,0xe2,0xe2,0xe2,0x80,
	0xe1,0xe1,0xe1,0x80,0xe1,0xe1,0xe1,0x80,0xe0,0xe0,0xe0,0x80,0xe0,0xe0,0xe0,0x80,
	0xdf,0xdf,0xdf,0x80,0xde,0xde,0xde,0x80,0xdb,0xdb,0xdb,0x76,0xc0,0xc0,0xc0,0x19,
	0x00,0x00,0x00,0x01,0x00,0x00,0x00,0x00,0x00,0x00,0x00,0x00,0x00,0x00,0x00,0x00,
	0x00,0x00,0x00,0x00,0x00,0x00,0x00,0x00,0x00,0x00,0x00,0x00,0x00,0x00,0x00,0x00,
	0xd1,0x7b,0x7b,0x0e,0xfb,0xa1,0xa1,0x6c,0xfe,0x95,0x95,0x7e,0xfe,0x7d,0x7d,0x7f,
	0xfe,0x6c,0x6c,0x80,0xed,0x51,0x51,0x80,0xd1,0x33,0x33,0x80,0xb3,0x18,0x18,0x7e,
	0x9b,0x06,0x06,0x75,0x1b,0x01,0x01,0x1e,0x00,0x00,0x00,0x0f,0x00,0x00,0x00,0x11,
	0x68,0x68,0x68,0x2f,0xda,0xda,0xda,0x78,0xe1,0xe1,0xe1,0x80,0xe0,0xe0,0xe0,0x80,
	0xe0,0xe0,0xe0,0x80,0xdf,0xdf,0xdf,0x80,0xdf,0xdf,0xdf,0x80,0xde,0xde,0xde,0x80,
	0xde,0xde,0xde,0x80,0xdd,0xdd,0xdd,0x80,0xdd,0xdd,0xdd,0x80,0xd9,0xd9,0xd9,0x76,
	0xc0,0xc0,0xc0,0x19,0x00,0x00,0x00,0x01,0x00,0x00,0x00,0x00,0x00,0x00,0x00,0x00,
	0x00,0x00,0x00,0x00,0x00,0x00,0x00,0x00,0x00,0x00,0x00,0x01,0xec,0x93,0x93,0x30,
	0xfe,0xb9,0xb9,0x7e,0xff,0xac,0xac,0x7f,0xff,0x8e,0x8e,0x80,0xff,0x77,0x77,0x80,
	0xed,0x56,0x56,0x80,0xd1,0x36,0x36,0x80,0xb3,0x18,0x18,0x7f,0x9e,0x06,0x06,0x7b,
	0x39,0x02,0x02,0x25,0x00,0x00,0x00,0x0c,0x00,0x00,0x00,0x03,0x00,0x00,0x00,0x04,
	0x00,0x00,0x00,0x0f,0x6a,0x6a,0x6a,0x2d,0xda,0xda,0xda,0x78,0xdf,0xdf,0xdf,0x80,
	0xdf,0xdf,0xdf,0x80,0xde,0xde,0xde,0x80,0xdd,0xdd,0xdd,0x80,0xdd,0xdd,0xdd,0x80,
	0xdc,0xdc,0xdc,0x80,0xdc,0xdc,0xdc,0x80,0xdc,0xdc,0xdc,0x80,0xdb,0xdb,0xdb,0x80,
	0xd4,0xd4,0xd4,0x64,0x00,0x00,0x00,0x03,0x00,0x00,0x00,0x00,0x00,0x00,0x00,0x00,
	0x00,0x00,0x00,0x00,0x00,0x00,0x00,0x00,0x9b,0x54,0x54,0x0c,0xfe,0xad,0xad,0x7b,
	0xff,0xac,0xac,0x7f,0xff,0x97,0x97,0x80,0xff,0x7e,0x7e,0x80,0xee,0x5c,0x5c,0x80,
	0xd1,0x38,0x38,0x80,0xb4,0x18,0x18,0x7f,0xa0,0x06,0x06,0x7f,0x5d,0x03,0x03,0x34,
	0x00,0x00,0x00,0x0e,0x00,0x00,0x00,0x03,0x00,0x00,0x00,0x00,0x00,0x00,0x00,0x01,
	0x00,0x00,0x00,0x04,0x00,0x00,0x00,0x0f,0x6a,0x6a,0x6a,0x2d,0xd8,0xd8,0xd8,0x78,
	0xdd,0xdd,0xdd,0x80,0xdd,0xdd,0xdd,0x80,0xdc,0xdc,0xdc,0x80,0xdc,0xdc,0xdc,0x80,
	0xdb,0xdb,0xdb,0x80,0xdb,0xdb,0xdb,0x80,0xda,0xda,0xda,0x80,0xcf,0xcf,0xcf,0x72,
	0x5c,0x5c,0x5c,0x1e,0x00,0x00,0x00,0x04,0x00,0x00,0x00,0x00,0x00,0x00,0x00,0x00,
	0x00,0x00,0x00,0x00,0x00,0x00,0x00,0x02,0xf4,0x87,0x87,0x5b,0xff,0x94,0x94,0x80,
	0xff,0x8e,0x8e,0x80,0xff,0x7b,0x7b,0x80,0xee,0x5d,0x5d,0x80,0xd2,0x39,0x39,0x80,
	0xb5,0x1b,0x1b,0x80,0xa0,0x06,0x06,0x7f,0x7e,0x05,0x05,0x4d,0x00,0x00,0x00,0x11,
	0x00,0x00,0x00,0x04,0x00,0x00,0x00,0x01,0x00,0x00,0x00,0x00,0x00,0x00,0x00,0x00,
	0x00,0x00,0x00,0x01,0x00,0x00,0x00,0x04,0x00,0x00,0x00,0x0f,0x6a,0x6a,0x6a,0x2d,
	0xd6,0xd6,0xd6,0x78,0xdc,0xdc,0xdc,0x80,0xdb,0xdb,0xdb,0x80,0xdb,0xdb,0xdb,0x80,
	0xda,0xda,0xda,0x80,0xda,0xda,0xda,0x80,0xcf,0xcf,0xcf,0x72,0x4a,0x4a,0x4a,0x25,
	0x00,0x00,0x00,0x0c,0x00,0x00,0x00,0x03,0x00,0x00,0x00,0x00,0x00,0x00,0x00,0x00,
	0x00,0x00,0x00,0x00,0x00,0x00,0x00,0x07,0xfd,0x79,0x79,0x7b,0xff,0x7b,0x7b,0x80,
	0xff,0x72,0x72,0x80,0xed,0x59,0x59,0x80,0xd2,0x39,0x39,0x80,0xb5,0x1b,0x1b,0x80,
	0xa1,0x06,0x06,0x80,0x94,0x06,0x06,0x6a,0x02,0x00,0x00,0x15,0x00,0x00,0x00,0x07,
	0x00,0x00,0x00,0x01,0x00,0x00,0x00,0x00,0x00,0x00,0x00,0x00,0x00,0x00,0x00,0x00,
	0x00,0x00,0x00,0x00,0x00,0x00,0x00,0x01,0x00,0x00,0x00,0x04,0x00,0x00,0x00,0x0f,
	0x68,0x68,0x68,0x2d,0xd6,0xd6,0xd6,0x78,0xda,0xda,0xda,0x80,0xda,0xda,0xda,0x80,
	0xda,0xda,0xda,0x80,0xcf,0xcf,0xcf,0x72,0x49,0x49,0x49,0x25,0x00,0x00,0x00,0x0c,
	0x00,0x00,0x00,0x03,0x00,0x00,0x00,0x01,0x00,0x00,0x00,0x00,0x00,0x00,0x00,0x00,
	0x00,0x00,0x00,0x00,0x00,0x00,0x00,0x09,0xfc,0x69,0x69,0x7a,0xff,0x67,0x67,0x80,
	0xed,0x52,0x52,0x80,0xd1,0x38,0x38,0x80,0xb4,0x18,0x18,0x80,0xa1,0x06,0x06,0x80,
	0x9d,0x06,0x06,0x78,0x12,0x01,0x01,0x1b,0x00,0x00,0x00,0x09,0x00,0x00,0x00,0x02,
	0x00,0x00,0x00,0x00,0x00,0x00,0x00,0x00,0x00,0x00,0x00,0x00,0x00,0x00,0x00,0x00,
	0x00,0x00,0x00,0x00,0x00,0x00,0x00,0x00,0x00,0x00,0x00,0x01,0x00,0x00,0x00,0x04,
	0x00,0x00,0x00,0x0f,0x68,0x68,0x68,0x2d,0xd3,0xd3,0xd3,0x78,0xd9,0xd9,0xd9,0x80,
	0xcf,0xcf,0xcf,0x72,0x49,0x49,0x49,0x25,0x00,0x00,0x00,0x0c,0x00,0x00,0x00,0x03,
	0x00,0x00,0x00,0x01,0x00,0x00,0x00,0x00,0x00,0x00,0x00,0x00,0x00,0x00,0x00,0x00,
	0x00,0x00,0x00,0x00,0x00,0x00,0x00,0x09,0xdb,0x52,0x52,0x54,0xec,0x4d,0x4d,0x80,
	0xd1,0x33,0x33,0x80,0xb4,0x18,0x18,0x80,0xa1,0x06,0x06,0x80,0x9f,0x06,0x06,0x7c,
	0x33,0x02,0x02,0x24,0x00,0x00,0x00,0x0c,0x00,0x00,0x00,0x02,0x00,0x00,0x00,0x00,
	0x00,0x00,0x00,0x00,0x00,0x00,0x00,0x00,0x00,0x00,0x00,0x00,0x00,0x00,0x00,0x00,
	0x00,0x00,0x00,0x00,0x00,0x00,0x00,0x00,0x00,0x00,0x00,0x00,0x00,0x00,0x00,0x01,
	0x00,0x00,0x00,0x04,0x00,0x00,0x00,0x0f,0x68,0x68,0x68,0x2d,0xc7,0xc7,0xc7,0x69,
	0x4a,0x4a,0x4a,0x25,0x00,0x00,0x00,0x0c,0x00,0x00,0x00,0x03,0x00,0x00,0x00,0x01,
	0x00,0x00,0x00,0x00,0x00,0x00,0x00,0x00,0x00,0x00,0x00,0x00,0x00,0x00,0x00,0x00,
	0x00,0x00,0x00,0x00,0x00,0x00,0x00,0x05,0x1f,0x0a,0x0a,0x17,0xab,0x29,0x29,0x55,
	0xaf,0x17,0x17,0x78,0x9b,0x06,0x06,0x75,0x99,0x06,0x06,0x72,0x56,0x03,0x03,0x31,
	0x00,0x00,0x00,0x0e,0x00,0x00,0x00,0x03,0x00,0x00,0x00,0x00,0x00,0x00,0x00,0x00,
	0x00,0x00,0x00,0x00,0x00,0x00,0x00,0x00,0x00,0x00,0x00,0x00,0x00,0x00,0x00,0x00,
	0x00,0x00,0x00,0x00,0x00,0x00,0x00,0x00,0x00,0x00,0x00,0x00,0x00,0x00,0x00,0x00,
	0x00,0x00,0x00,0x01,0x00,0x00,0x00,0x04,0x00,0x00,0x00,0x0e,0x00,0x00,0x00,0x13,
	0x00,0x00,0x00,0x0c,0x00,0x00,0x00,0x03,0x00,0x00,0x00,0x01,0x00,0x00,0x00,0x00,
	0x00,0x00,0x00,0x00,0x00,0x00,0x00,0x00,0x00,0x00,0x00,0x00,0x00,0x00,0x00,0x00,
	0x00,0x00,0x00,0x00,0x00,0x00,0x00,0x02,0x00,0x00,0x00,0x09,0x00,0x00,0x00,0x13,
	0x00,0x00,0x00,0x1b,0x00,0x00,0x00,0x1d,0x00,0x00,0x00,0x19,0x02,0x02,0x02,0x0e,
	0x00,0x00,0x00,0x04,0x00,0x00,0x00,0x00,0x00,0x00,0x00,0x00,0x00,0x00,0x00,0x00,
	0x00,0x00,0x00,0x00,0x00,0x00,0x00,0x00,0x00,0x00,0x00,0x00,0x00,0x00,0x00,0x00,
	0x00,0x00,0x00,0x00,0x00,0x00,0x00,0x00,0x00,0x00,0x00,0x00,0x00,0x00,0x00,0x00,
	0x00,0x00,0x00,0x00,0x00,0x00,0x00,0x01,0x00,0x00,0x00,0x03,0x00,0x00,0x00,0x04,
	0x00,0x00,0x00,0x03,0x00,0x00,0x00,0x01,0x00,0x00,0x00,0x00,0x00,0x00,0x00,0x00,
	0x00,0x00,0x00,0x00,0x00,0x00,0x00,0x00,0x00,0x00,0x00,0x00,0x00,0x00,0x00,0x00,
	0x00,0x00,0x00,0x00,0x00,0x00,0x00,0x00,0x00,0x00,0x00,0x02,0x00,0x00,0x00,0x05,
	0x00,0x00,0x00,0x09,0x00,0x00,0x00,0x09,0x00,0x00,0x00,0x07,0x00,0x00,0x00,0x03,
	0x00,0x00,0x00,0x01,0x00,0x00,0x00,0x00,0x00,0x00,0x00,0x00,0x00,0x00,0x00,0x00,
	0x00,0x00,0x00,0x00,0x00,0x00,0x00,0x00,0x00,0x00,0x00,0x00,0x00,0x00,0x00,0x00,
	0x00,0x00,0x00,0x00,0x00,0x00,0x00,0x00,0x00,0x00,0x00,0x00,0x00,0x00,0x00,0x00,
	0x00,0x00,0x00,0x00,0x00,0x00,0x00,0x00,0x00,0x00,0x00,0x00,0x00,0x00,0x00,0x00,
	0x00,0x00,0x00,0x00,0x00,0x00,0x00,0x00,0x00,0x00,0x00,0x00,0x00,0x00,0x00,0x00,
	0x00,0x00,0x00,0x00,0x00,0x00,0x00,0x00,0x00,0x00,0x00,0x00,0x00,0x00,0x00,0x00,
};
static const unsigned char rgba_s_IconBrowser[ 4096 ] __attribute__(   (  aligned( 16 ), section( ".data" )  )   ) = {
	0x00,0x00,0x00,0x00,0x00,0x00,0x00,0x00,0x00,0x00,0x00,0x00,0x00,0x00,0x00,0x00,
	0x00,0x00,0x00,0x00,0x00,0x00,0x00,0x00,0x00,0x00,0x00,0x00,0x00,0x00,0x00,0x00,
	0x00,0x00,0x00,0x00,0x00,0x00,0x00,0x00,0x00,0x00,0x00,0x00,0x00,0x00,0x00,0x00,
	0x00,0x00,0x00,0x00,0x00,0x00,0x00,0x00,0x00,0x00,0x00,0x00,0x00,0x00,0x00,0x00,
	0x00,0x00,0x00,0x00,0x00,0x00,0x00,0x00,0x00,0x00,0x00,0x00,0x00,0x00,0x00,0x00,
	0x00,0x00,0x00,0x00,0x00,0x00,0x00,0x00,0x00,0x00,0x00,0x00,0x00,0x00,0x00,0x00,
	0x00,0x00,0x00,0x00,0x00,0x00,0x00,0x00,0x00,0x00,0x00,0x00,0x00,0x00,0x00,0x00,
	0x00,0x00,0x00,0x00,0x00,0x00,0x00,0x00,0x00,0x00,0x00,0x00,0x00,0x00,0x00,0x00,
	0x00,0x00,0x00,0x00,0x00,0x00,0x00,0x00,0x00,0x00,0x00,0x00,0x00,0x00,0x00,0x00,
	0x00,0x00,0x00,0x00,0x00,0x00,0x00,0x00,0x00,0x00,0x00,0x00,0x00,0x00,0x00,0x00,
	0x00,0x00,0x00,0x00,0x00,0x00,0x00,0x00,0x00,0x00,0x00,0x00,0x00,0x00,0x00,0x00,
	0x00,0x00,0x00,0x00,0x00,0x00,0x00,0x00,0x00,0x00,0x00,0x00,0x00,0x00,0x00,0x00,
	0x00,0x00,0x00,0x00,0x00,0x00,0x00,0x00,0x00,0x00,0x00,0x00,0x00,0x00,0x00,0x00,
	0x00,0x00,0x00,0x00,0x00,0x00,0x00,0x00,0x00,0x00,0x00,0x00,0x00,0x00,0x00,0x00,
	0x00,0x00,0x00,0x00,0x00,0x00,0x00,0x00,0x00,0x00,0x00,0x00,0x00,0x00,0x00,0x00,
	0x00,0x00,0x00,0x00,0x00,0x00,0x00,0x00,0x00,0x00,0x00,0x00,0x00,0x00,0x00,0x00,
	0x00,0x00,0x00,0x00,0x00,0x00,0x00,0x00,0x00,0x00,0x00,0x00,0x00,0x00,0x00,0x00,
	0x00,0x00,0x00,0x00,0x00,0x00,0x00,0x00,0x00,0x00,0x00,0x00,0x00,0x00,0x00,0x00,
	0x00,0x00,0x00,0x00,0x00,0x00,0x00,0x00,0x00,0x00,0x00,0x00,0x00,0x00,0x00,0x00,
	0x00,0x00,0x00,0x00,0x00,0x00,0x00,0x00,0x00,0x00,0x00,0x00,0x00,0x00,0x00,0x00,
	0x00,0x00,0x00,0x00,0x00,0x00,0x00,0x00,0x00,0x00,0x00,0x00,0x00,0x00,0x00,0x00,
	0x00,0x00,0x00,0x00,0x00,0x00,0x00,0x00,0x00,0x00,0x00,0x00,0x00,0x00,0x00,0x00,
	0x00,0x00,0x00,0x00,0x00,0x00,0x00,0x00,0x00,0x00,0x00,0x00,0x00,0x00,0x00,0x00,
	0x00,0x00,0x00,0x00,0x00,0x00,0x00,0x00,0x00,0x00,0x00,0x00,0x00,0x00,0x00,0x00,
	0x00,0x00,0x00,0x00,0x00,0x00,0x00,0x00,0x00,0x00,0x00,0x00,0x00,0x00,0x00,0x00,
	0x00,0x00,0x00,0x00,0x00,0x00,0x00,0x00,0x00,0x00,0x00,0x00,0x00,0x00,0x00,0x00,
	0x00,0x00,0x00,0x00,0x00,0x00,0x00,0x00,0x00,0x00,0x00,0x00,0x00,0x00,0x00,0x00,
	0x00,0x00,0x00,0x00,0x00,0x00,0x00,0x00,0x00,0x00,0x00,0x00,0x00,0x00,0x00,0x00,
	0x00,0x00,0x00,0x00,0x00,0x00,0x00,0x00,0x00,0x00,0x00,0x00,0x00,0x00,0x00,0x00,
	0x00,0x00,0x00,0x00,0x00,0x00,0x00,0x00,0x00,0x00,0x00,0x00,0x00,0x00,0x00,0x00,
	0x00,0x00,0x00,0x00,0x00,0x00,0x00,0x00,0x00,0x00,0x00,0x00,0x00,0x00,0x00,0x00,
	0x00,0x00,0x00,0x00,0x00,0x00,0x00,0x00,0x00,0x00,0x00,0x00,0x00,0x00,0x00,0x00,
	0x00,0x00,0x00,0x00,0x00,0x00,0x00,0x00,0x00,0x00,0x00,0x00,0x00,0x00,0x00,0x00,
	0x00,0x00,0x00,0x00,0x00,0x00,0x00,0x00,0x00,0x00,0x00,0x00,0x00,0x00,0x00,0x00,
	0x00,0x00,0x00,0x00,0x00,0x00,0x00,0x00,0x00,0x00,0x00,0x00,0x00,0x00,0x00,0x00,
	0x00,0x00,0x00,0x00,0x00,0x00,0x00,0x00,0x00,0x00,0x00,0x00,0x00,0x00,0x00,0x00,
	0x00,0x00,0x00,0x00,0x00,0x00,0x00,0x00,0x00,0x00,0x00,0x00,0x00,0x00,0x00,0x00,
	0x00,0x00,0x00,0x00,0x00,0x00,0x00,0x00,0x00,0x00,0x00,0x00,0x00,0x00,0x00,0x00,
	0x00,0x00,0x00,0x00,0x00,0x00,0x00,0x00,0x00,0x00,0x00,0x00,0x00,0x00,0x00,0x00,
	0x00,0x00,0x00,0x00,0x00,0x00,0x00,0x00,0x00,0x00,0x00,0x00,0x00,0x00,0x00,0x00,
	0x00,0x00,0x00,0x00,0x00,0x00,0x00,0x01,0xea,0xbb,0x51,0x28,0xfa,0xc8,0x55,0x74,
	0xfc,0xc9,0x55,0x80,0xfb,0xc8,0x53,0x80,0xfb,0xc8,0x53,0x80,0xfa,0xc6,0x53,0x80,
	0xfa,0xc5,0x52,0x80,0xf9,0xc5,0x51,0x80,0xf9,0xc4,0x50,0x80,0xf8,0xc3,0x4f,0x80,
	0xf7,0xc2,0x4e,0x80,0xf7,0xc1,0x4d,0x80,0xf6,0xc0,0x4c,0x80,0xf4,0xbd,0x4a,0x6f,
	0xc6,0x99,0x3c,0x0d,0x00,0x00,0x00,0x00,0x00,0x00,0x00,0x00,0x00,0x00,0x00,0x00,
	0x00,0x00,0x00,0x00,0x00,0x00,0x00,0x00,0x00,0x00,0x00,0x00,0x00,0x00,0x00,0x00,
	0x00,0x00,0x00,0x00,0x00,0x00,0x00,0x00,0x00,0x00,0x00,0x00,0x00,0x00,0x00,0x00,
	0x00,0x00,0x00,0x00,0x00,0x00,0x00,0x00,0x00,0x00,0x00,0x00,0x00,0x00,0x00,0x00,
	0x00,0x00,0x00,0x00,0x00,0x00,0x00,0x04,0xf9,0xc7,0x54,0x75,0xfb,0xc8,0x53,0x80,
	0xfb,0xc8,0x53,0x80,0xfa,0xc6,0x53,0x80,0xfa,0xc5,0x52,0x80,0xf9,0xc4,0x51,0x80,
	0xf9,0xc4,0x50,0x80,0xf8,0xc2,0x4f,0x80,0xf7,0xc1,0x4e,0x80,0xf7,0xc0,0x4d,0x80,
	0xf6,0xbf,0x4c,0x80,0xf6,0xbe,0x4b,0x80,0xf5,0xbd,0x4a,0x80,0xf4,0xbc,0x48,0x80,
	0xf6,0xca,0x6f,0x80,0xff,0xfc,0xf8,0x80,0xff,0xff,0xff,0x80,0xff,0xff,0xff,0x80,
	0xff,0xff,0xff,0x80,0xff,0xff,0xff,0x80,0xff,0xff,0xff,0x80,0xff,0xff,0xff,0x80,
	0xff,0xff,0xff,0x80,0xff,0xff,0xff,0x80,0xff,0xff,0xff,0x80,0xff,0xff,0xff,0x80,
	0xff,0xff,0xff,0x80,0x00,0x00,0x00,0x03,0x00,0x00,0x00,0x00,0x00,0x00,0x00,0x00,
	0x00,0x00,0x00,0x00,0x00,0x00,0x00,0x08,0xfb,0xc8,0x53,0x80,0xfa,0xc6,0x53,0x80,
	0xfa,0xc5,0x52,0x80,0xf9,0xc4,0x51,0x80,0xf8,0xc3,0x50,0x80,0xf8,0xc2,0x4f,0x80,
	0xf7,0xc1,0x4e,0x80,0xf7,0xc0,0x4d,0x80,0xf6,0xbf,0x4c,0x80,0xf6,0xbe,0x4b,0x80,
	0xf5,0xbd,0x4a,0x80,0xf4,0xbc,0x48,0x80,0xf4,0xbb,0x47,0x80,0xf3,0xba,0x46,0x80,
	0xf2,0xb9,0x45,0x80,0xf6,0xcd,0x7d,0x80,0xff,0xfe,0xfd,0x80,0xff,0xff,0xff,0x80,
	0xff,0xff,0xff,0x80,0xff,0xff,0xff,0x80,0xff,0xff,0xff,0x80,0xff,0xff,0xff,0x80,
	0xff,0xff,0xff,0x80,0xff,0xff,0xff,0x80,0xff,0xff,0xff,0x80,0xff,0xff,0xff,0x80,
	0xff,0xff,0xff,0x80,0x00,0x00,0x00,0x08,0x00,0x00,0x00,0x00,0x00,0x00,0x00,0x00,
	0x00,0x00,0x00,0x00,0x00,0x00,0x00,0x0a,0xf9,0xc5,0x51,0x80,0xf9,0xc4,0x51,0x80,
	0xf8,0xc3,0x50,0x80,0xf8,0xc2,0x4f,0x80,0xf7,0xc1,0x4e,0x80,0xf7,0xc0,0x4d,0x80,
	0xf6,0xbf,0x4c,0x80,0xf5,0xbe,0x4a,0x80,0xf5,0xbd,0x4a,0x80,0xf4,0xbc,0x48,0x80,
	0xf4,0xbb,0x47,0x80,0xf3,0xba,0x46,0x80,0xf2,0xb8,0x44,0x80,0xf2,0xb7,0x44,0x80,
	0xf1,0xb6,0x43,0x80,0xe9,0xa9,0x36,0x80,0xe5,0xa3,0x2f,0x80,0xe4,0x9f,0x2c,0x80,
	0xe3,0x9f,0x2c,0x80,0xe3,0x9e,0x2b,0x80,0xe3,0x9d,0x2a,0x80,0xe2,0x9c,0x29,0x80,
	0xe2,0x9c,0x29,0x80,0xe1,0x9b,0x28,0x80,0xe2,0x9b,0x28,0x80,0xe2,0x9b,0x28,0x80,
	0xe4,0xa4,0x39,0x80,0xbe,0x88,0x2a,0x2d,0x00,0x00,0x00,0x01,0x00,0x00,0x00,0x00,
	0x00,0x00,0x00,0x00,0x00,0x00,0x00,0x0b,0xf8,0xc3,0x50,0x80,0xf8,0xc2,0x4f,0x80,
	0xf7,0xc1,0x4e,0x80,0xf7,0xc0,0x4d,0x80,0xf6,0xbf,0x4c,0x80,0xf5,0xbe,0x4a,0x80,
	0xf5,0xbd,0x49,0x80,0xf4,0xbc,0x48,0x80,0xf3,0xba,0x47,0x80,0xf3,0xb9,0x46,0x80,
	0xf2,0xb8,0x44,0x80,0xf1,0xb7,0x43,0x80,0xf1,0xb6,0x43,0x80,0xf0,0xb5,0x41,0x80,
	0xef,0xb3,0x3f,0x80,0xef,0xb2,0x3f,0x80,0xee,0xb1,0x3e,0x80,0xee,0xb0,0x3d,0x80,
	0xed,0xaf,0x3b,0x80,0xec,0xad,0x3a,0x80,0xeb,0xac,0x39,0x80,0xea,0xab,0x37,0x80,
	0xea,0xa9,0x36,0x80,0xe9,0xa8,0x35,0x80,0xe8,0xa7,0x34,0x80,0xe7,0xa5,0x32,0x80,
	0xe7,0xa4,0x31,0x80,0xe2,0xa0,0x2f,0x75,0x00,0x00,0x00,0x04,0x00,0x00,0x00,0x00,
	0x00,0x00,0x00,0x00,0x00,0x00,0x00,0x0b,0xf7,0xc1,0x4d,0x80,0xf7,0xc0,0x4c,0x80,
	0xf6,0xbf,0x4b,0x80,0xf5,0xbe,0x4a,0x80,0xf5,0xbd,0x49,0x80,0xf4,0xbc,0x48,0x80,
	0xf3,0xba,0x47,0x80,0xf3,0xb9,0x46,0x80,0xf2,0xb8,0x44,0x80,0xf1,0xb7,0x43,0x80,
	0xf1,0xb6,0x42,0x80,0xf0,0xb5,0x41,0x80,0xea,0xa1,0x2f,0x80,0xe1,0x7f,0x13,0x80,
	0xdf,0x7e,0x11,0x80,0xe7,0x9d,0x2c,0x80,0xec,0xae,0x3a,0x80,0xec,0xad,0x3a,0x80,
	0xeb,0xac,0x39,0x80,0xea,0xab,0x37,0x80,0xea,0xa9,0x36,0x80,0xe9,0xa8,0x35,0x80,
	0xe8,0xa7,0x34,0x80,0xe7,0xa5,0x32,0x80,0xe7,0xa4,0x31,0x80,0xe6,0xa3,0x30,0x80,
	0xe5,0xa1,0x2e,0x80,0xe4,0xa0,0x2d,0x80,0x00,0x00,0x00,0x08,0x00,0x00,0x00,0x00,
	0x00,0x00,0x00,0x00,0x00,0x00,0x00,0x0b,0xf6,0xbf,0x4b,0x80,0xf5,0xbe,0x4a,0x80,
	0xf5,0xbd,0x49,0x80,0xf4,0xbb,0x47,0x80,0xf3,0xba,0x47,0x80,0xf3,0xb9,0x46,0x80,
	0xf2,0xb8,0x44,0x80,0xf1,0xb7,0x43,0x80,0xf1,0xb4,0x40,0x80,0xeb,0xa3,0x32,0x80,
	0xee,0xb0,0x3d,0x80,0xeb,0xa4,0x33,0x80,0xdf,0x7e,0x11,0x80,0xdc,0x78,0x0e,0x80,
	0xda,0x77,0x0e,0x80,0xdb,0x79,0x0f,0x80,0xe6,0x9d,0x2d,0x80,0xe9,0xa6,0x34,0x80,
	0xe3,0x97,0x27,0x80,0xe8,0xa6,0x33,0x80,0xe8,0xa6,0x33,0x80,0xe7,0xa5,0x32,0x80,
	0xe6,0xa4,0x31,0x80,0xe6,0xa3,0x30,0x80,0xe5,0xa1,0x2e,0x80,0xe4,0xa0,0x2d,0x80,
	0xe3,0x9f,0x2c,0x80,0xe3,0x9d,0x2a,0x80,0x00,0x00,0x00,0x0a,0x00,0x00,0x00,0x00,
	0x00,0x00,0x00,0x00,0x00,0x00,0x00,0x0b,0xf5,0xbd,0x49,0x80,0xf4,0xbb,0x47,0x80,
	0xf3,0xba,0x47,0x80,0xf3,0xb9,0x46,0x80,0xf2,0xb8,0x44,0x80,0xf1,0xb7,0x43,0x80,
	0xf1,0xb6,0x42,0x80,0xef,0xaf,0x3c,0x80,0xe3,0x8a,0x1b,0x80,0xde,0x7c,0x10,0x80,
	0xdf,0x7e,0x11,0x80,0xdc,0x78,0x0e,0x80,0xda,0x77,0x0e,0x80,0xda,0x75,0x0d,0x80,
	0xd9,0x73,0x0c,0x80,0xd7,0x71,0x0c,0x80,0xd5,0x70,0x0b,0x80,0xd7,0x71,0x0c,0x80,
	0xd3,0x6c,0x0a,0x80,0xd6,0x78,0x13,0x80,0xe4,0x9f,0x2c,0x80,0xe6,0xa2,0x2f,0x80,
	0xe5,0xa1,0x2e,0x80,0xe4,0xa0,0x2d,0x80,0xe3,0x9e,0x2b,0x80,0xe3,0x9d,0x2a,0x80,
	0xe2,0x9c,0x29,0x80,0xe1,0x9b,0x28,0x80,0x00,0x00,0x00,0x0b,0x00,0x00,0x00,0x00,
	0x00,0x00,0x00,0x00,0x00,0x00,0x00,0x0b,0xf3,0xba,0x47,0x80,0xf2,0xb9,0x45,0x80,
	0xf2,0xb8,0x44,0x80,0xf1,0xb7,0x43,0x80,0xf0,0xb5,0x41,0x80,0xf0,0xb4,0x41,0x80,
	0xef,0xb3,0x3f,0x80,0xea,0xa1,0x2f,0x80,0xde,0x79,0x0f,0x80,0xdc,0x78,0x0e,0x80,
	0xda,0x77,0x0e,0x80,0xd9,0x75,0x0d,0x80,0xd9,0x73,0x0c,0x80,0xd7,0x71,0x0c,0x80,
	0xd5,0x70,0x0b,0x80,0xd5,0x6d,0x0b,0x80,0xd3,0x6c,0x0a,0x80,0xd1,0x6b,0x0a,0x80,
	0xcf,0x69,0x09,0x80,0xcf,0x68,0x09,0x80,0xde,0x8e,0x22,0x80,0xe4,0xa0,0x2d,0x80,
	0xe3,0x9e,0x2b,0x80,0xe3,0x9d,0x2a,0x80,0xe2,0x9c,0x29,0x80,0xe1,0x9a,0x27,0x80,
	0xe0,0x99,0x26,0x80,0xe0,0x98,0x25,0x80,0x00,0x00,0x00,0x0b,0x00,0x00,0x00,0x00,
	0x00,0x00,0x00,0x00,0x00,0x00,0x00,0x0b,0xf2,0xb8,0x44,0x80,0xf1,0xb6,0x43,0x80,
	0xf0,0xb5,0x41,0x80,0xf0,0xb4,0x41,0x80,0xef,0xb3,0x3f,0x80,0xee,0xb1,0x3e,0x80,
	0xee,0xb0,0x3d,0x80,0xec,0xad,0x3a,0x80,0xdb,0x79,0x0f,0x80,0xd9,0x75,0x0d,0x80,
	0xd9,0x73,0x0c,0x80,0xd7,0x71,0x0c,0x80,0xd5,0x70,0x0b,0x80,0xd3,0x6d,0x0b,0x80,
	0xd3,0x6c,0x0a,0x80,0xd1,0x6b,0x0a,0x80,0xcf,0x68,0x09,0x80,0xce,0x67,0x09,0x80,
	0xce,0x66,0x08,0x80,0xce,0x66,0x08,0x80,0xe2,0x9c,0x29,0x80,0xe2,0x9d,0x2a,0x80,
	0xe2,0x9b,0x28,0x80,0xe1,0x9a,0x27,0x80,0xe0,0x99,0x26,0x80,0xe0,0x98,0x25,0x80,
	0xdf,0x96,0x24,0x80,0xde,0x95,0x22,0x80,0x00,0x00,0x00,0x0b,0x00,0x00,0x00,0x00,
	0x00,0x00,0x00,0x00,0x00,0x00,0x00,0x0b,0xf0,0xb5,0x41,0x80,0xf0,0xb4,0x41,0x80,
	0xef,0xb3,0x3f,0x80,0xee,0xb1,0x3e,0x80,0xee,0xb0,0x3d,0x80,0xed,0xaf,0x3b,0x80,
	0xec,0xae,0x3a,0x80,0xe7,0x9f,0x2f,0x80,0xd9,0x73,0x0c,0x80,0xd7,0x71,0x0c,0x80,
	0xd5,0x6f,0x0b,0x80,0xd5,0x73,0x0f,0x80,0xde,0x89,0x1f,0x80,0xe3,0x9b,0x2b,0x80,
	0xe2,0x99,0x2a,0x80,0xda,0x85,0x1c,0x80,0xd0,0x6c,0x0c,0x80,0xcc,0x63,0x08,0x80,
	0xca,0x62,0x07,0x80,0xc8,0x61,0x07,0x80,0xdd,0x8e,0x21,0x80,0xe1,0x9a,0x27,0x80,
	0xe0,0x99,0x26,0x80,0xdf,0x97,0x24,0x80,0xdf,0x96,0x23,0x80,0xde,0x95,0x22,0x80,
	0xdd,0x94,0x21,0x80,0xdc,0x92,0x20,0x80,0x00,0x00,0x00,0x0b,0x00,0x00,0x00,0x00,
	0x00,0x00,0x00,0x00,0x00,0x00,0x00,0x0b,0xef,0xb2,0x3f,0x80,0xee,0xb1,0x3e,0x80,
	0xee,0xb0,0x3d,0x80,0xed,0xaf,0x3b,0x80,0xec,0xad,0x3a,0x80,0xeb,0xac,0x39,0x80,
	0xe3,0x97,0x27,0x80,0xd9,0x75,0x0d,0x80,0xd5,0x6f,0x0b,0x80,0xd3,0x6d,0x0b,0x80,
	0xd3,0x6c,0x0a,0x80,0xdc,0x87,0x1d,0x80,0xdf,0x92,0x25,0x80,0xd0,0x6c,0x0c,0x80,
	0xce,0x6a,0x0c,0x80,0xdd,0x8e,0x21,0x80,0xd7,0x80,0x19,0x80,0xc8,0x5f,0x07,0x80,
	0xc7,0x5e,0x06,0x80,0xc7,0x5d,0x06,0x80,0xc7,0x61,0x09,0x80,0xd4,0x7f,0x19,0x80,
	0xdf,0x96,0x23,0x80,0xde,0x95,0x22,0x80,0xdd,0x93,0x20,0x80,0xdc,0x92,0x1f,0x80,
	0xdc,0x91,0x1e,0x80,0xdb,0x90,0x1d,0x80,0x00,0x00,0x00,0x0b,0x00,0x00,0x00,0x00,
	0x00,0x00,0x00,0x00,0x00,0x00,0x00,0x0b,0xee,0xb0,0x3d,0x80,0xed,0xaf,0x3b,0x80,
	0xec,0xad,0x3a,0x80,0xeb,0xac,0x39,0x80,0xea,0xab,0x37,0x80,0xea,0xa9,0x36,0x80,
	0xd5,0x6f,0x0b,0x80,0xd3,0x6d,0x0b,0x80,0xd1,0x6b,0x0a,0x80,0xd1,0x69,0x09,0x80,
	0xcf,0x68,0x09,0x80,0xe1,0x98,0x29,0x80,0xce,0x6a,0x0c,0x80,0xcc,0x63,0x08,0x80,
	0xca,0x62,0x07,0x80,0xcb,0x65,0x0a,0x80,0xdd,0x91,0x23,0x80,0xc7,0x5d,0x06,0x80,
	0xc5,0x5b,0x05,0x80,0xc3,0x58,0x05,0x80,0xc1,0x58,0x05,0x80,0xc1,0x57,0x05,0x80,
	0xdd,0x93,0x20,0x80,0xdc,0x92,0x1f,0x80,0xdc,0x91,0x1e,0x80,0xdb,0x8f,0x1d,0x80,
	0xda,0x8e,0x1c,0x80,0xd9,0x8d,0x1a,0x80,0x00,0x00,0x00,0x0b,0x00,0x00,0x00,0x00,
	0x00,0x00,0x00,0x00,0x00,0x00,0x00,0x0b,0xec,0xad,0x3a,0x80,0xeb,0xac,0x39,0x80,
	0xea,0xab,0x37,0x80,0xea,0xa9,0x36,0x80,0xe9,0xa8,0x35,0x80,0xe8,0xa7,0x34,0x80,
	0xd1,0x6b,0x0a,0x80,0xd1,0x69,0x09,0x80,0xcf,0x68,0x09,0x80,0xce,0x66,0x08,0x80,
	0xcc,0x63,0x08,0x80,0xe0,0x95,0x26,0x80,0xcc,0x67,0x0b,0x80,0xc8,0x5f,0x07,0x80,
	0xc7,0x5e,0x06,0x80,0xc9,0x62,0x09,0x80,0xdd,0x8e,0x21,0x80,0xc3,0x58,0x05,0x80,
	0xc1,0x58,0x05,0x80,0xc1,0x56,0x05,0x80,0xc0,0x55,0x04,0x80,0xbe,0x54,0x04,0x80,
	0xdb,0x91,0x1e,0x80,0xdb,0x8f,0x1d,0x80,0xda,0x8e,0x1c,0x80,0xd9,0x8d,0x1a,0x80,
	0xd9,0x8c,0x19,0x80,0xd8,0x8a,0x18,0x80,0x00,0x00,0x00,0x0b,0x00,0x00,0x00,0x00,
	0x00,0x00,0x00,0x00,0x00,0x00,0x00,0x0b,0xea,0xab,0x37,0x80,0xe9,0xa9,0x36,0x80,
	0xe9,0xa8,0x35,0x80,0xe8,0xa6,0x33,0x80,0xe7,0xa5,0x32,0x80,0xe6,0xa4,0x31,0x80,
	0xdd,0x8e,0x21,0x80,0xd0,0x6b,0x0b,0x80,0xcc,0x63,0x08,0x80,0xca,0x63,0x08,0x80,
	0xca,0x61,0x07,0x80,0xd5,0x7e,0x18,0x80,0xd9,0x89,0x1e,0x80,0xc9,0x62,0x09,0x80,
	0xc8,0x61,0x07,0x80,0xd7,0x85,0x1b,0x80,0xd0,0x75,0x13,0x80,0xc1,0x56,0x05,0x80,
	0xc0,0x55,0x04,0x80,0xbe,0x54,0x04,0x80,0xbe,0x56,0x06,0x80,0xcf,0x77,0x13,0x80,
	0xda,0x8e,0x1b,0x80,0xd9,0x8d,0x1a,0x80,0xd9,0x8b,0x19,0x80,0xd8,0x8a,0x18,0x80,
	0xd7,0x89,0x17,0x80,0xd7,0x88,0x15,0x80,0x00,0x00,0x00,0x0b,0x00,0x00,0x00,0x00,
	0x00,0x00,0x00,0x00,0x00,0x00,0x00,0x0b,0xe9,0xa8,0x35,0x80,0xe8,0xa6,0x33,0x80,
	0xe7,0xa5,0x32,0x80,0xe6,0xa4,0x31,0x80,0xe6,0xa2,0x2f,0x80,0xe5,0xa1,0x2e,0x80,
	0xe4,0xa0,0x2d,0x80,0xdd,0x91,0x23,0x80,0xca,0x61,0x07,0x80,0xc8,0x5f,0x07,0x80,
	0xc7,0x5e,0x06,0x80,0xc9,0x62,0x09,0x80,0xd3,0x7a,0x15,0x80,0xda,0x8d,0x1f,0x80,
	0xd9,0x8b,0x1e,0x80,0xd0,0x75,0x13,0x80,0xc3,0x5b,0x07,0x80,0xbe,0x52,0x04,0x80,
	0xbc,0x51,0x03,0x80,0xbc,0x51,0x03,0x80,0xd3,0x7f,0x15,0x80,0xd9,0x8d,0x1a,0x80,
	0xd8,0x8b,0x19,0x80,0xd8,0x8a,0x18,0x80,0xd7,0x89,0x16,0x80,0xd7,0x88,0x15,0x80,
	0xd6,0x87,0x14,0x80,0xd5,0x86,0x13,0x80,0x00,0x00,0x00,0x0b,0x00,0x00,0x00,0x00,
	0x00,0x00,0x00,0x00,0x00,0x00,0x00,0x0b,0xe7,0xa5,0x32,0x80,0xe6,0xa4,0x31,0x80,
	0xe6,0xa2,0x2f,0x80,0xe5,0xa1,0x2e,0x80,0xe4,0xa0,0x2d,0x80,0xe3,0x9e,0x2b,0x80,
	0xe3,0x9d,0x2a,0x80,0xe1,0x9a,0x27,0x80,0xc8,0x5f,0x07,0x80,0xc5,0x5b,0x05,0x80,
	0xc5,0x5b,0x05,0x80,0xc3,0x58,0x05,0x80,0xc1,0x57,0x05,0x80,0xc0,0x56,0x04,0x80,
	0xc0,0x55,0x04,0x80,0xbe,0x52,0x04,0x80,0xbc,0x51,0x03,0x80,0xba,0x50,0x03,0x80,
	0xba,0x4e,0x03,0x80,0xba,0x4e,0x03,0x80,0xd7,0x89,0x17,0x80,0xd8,0x8a,0x18,0x80,
	0xd7,0x89,0x16,0x80,0xd7,0x88,0x15,0x80,0xd6,0x87,0x14,0x80,0xd5,0x85,0x12,0x80,
	0xd4,0x84,0x12,0x80,0xd4,0x83,0x11,0x80,0x00,0x00,0x00,0x0b,0x00,0x00,0x00,0x00,
	0x00,0x00,0x00,0x00,0x00,0x00,0x00,0x0b,0xe5,0xa3,0x2f,0x80,0xe5,0xa1,0x2e,0x80,
	0xe4,0x9f,0x2c,0x80,0xe3,0x9e,0x2b,0x80,0xe2,0x9d,0x2a,0x80,0xe2,0x9b,0x28,0x80,
	0xe1,0x9a,0x27,0x80,0xd7,0x85,0x1b,0x80,0xc3,0x5b,0x05,0x80,0xc3,0x58,0x05,0x80,
	0xc1,0x57,0x05,0x80,0xc0,0x56,0x04,0x80,0xc0,0x55,0x04,0x80,0xbe,0x52,0x04,0x80,
	0xbc,0x51,0x03,0x80,0xba,0x50,0x03,0x80,0xba,0x4e,0x03,0x80,0xb9,0x4d,0x03,0x80,
	0xb7,0x4c,0x02,0x80,0xb7,0x4c,0x02,0x80,0xcc,0x74,0x0f,0x80,0xd6,0x87,0x14,0x80,
	0xd6,0x86,0x14,0x80,0xd5,0x85,0x12,0x80,0xd4,0x84,0x12,0x80,0xd4,0x83,0x11,0x80,
	0xd3,0x82,0x10,0x80,0xd2,0x81,0x0e,0x80,0x00,0x00,0x00,0x0b,0x00,0x00,0x00,0x00,
	0x00,0x00,0x00,0x00,0x00,0x00,0x00,0x0b,0xe4,0x9f,0x2c,0x80,0xe3,0x9e,0x2b,0x80,
	0xe2,0x9d,0x2a,0x80,0xe2,0x9b,0x28,0x80,0xe1,0x9a,0x27,0x80,0xe0,0x99,0x26,0x80,
	0xdf,0x97,0x24,0x80,0xdc,0x90,0x20,0x80,0xc8,0x65,0x0c,0x80,0xc0,0x56,0x04,0x80,
	0xc0,0x56,0x04,0x80,0xbe,0x52,0x04,0x80,0xbc,0x51,0x03,0x80,0xba,0x50,0x03,0x80,
	0xba,0x4e,0x03,0x80,0xb9,0x4d,0x03,0x80,0xb7,0x4c,0x02,0x80,0xb9,0x4e,0x03,0x80,
	0xb5,0x4a,0x02,0x80,0xbc,0x56,0x06,0x80,0xd3,0x7f,0x12,0x80,0xd5,0x85,0x12,0x80,
	0xd4,0x84,0x12,0x80,0xd4,0x83,0x11,0x80,0xd3,0x82,0x0f,0x80,0xd2,0x81,0x0e,0x80,
	0xd2,0x80,0x0d,0x80,0xd1,0x7f,0x0c,0x80,0x00,0x00,0x00,0x0b,0x00,0x00,0x00,0x00,
	0x00,0x00,0x00,0x00,0x00,0x00,0x00,0x0b,0xe2,0x9c,0x29,0x80,0xe1,0x9b,0x28,0x80,
	0xe1,0x9a,0x27,0x80,0xe0,0x99,0x26,0x80,0xdf,0x97,0x24,0x80,0xdf,0x96,0x23,0x80,
	0xde,0x95,0x22,0x80,0xdd,0x93,0x20,0x80,0xdb,0x90,0x1e,0x80,0xd2,0x7d,0x16,0x80,
	0xd9,0x8c,0x1b,0x80,0xd1,0x7d,0x15,0x80,0xbb,0x52,0x05,0x80,0xb9,0x4d,0x02,0x80,
	0xb7,0x4c,0x02,0x80,0xb7,0x4f,0x03,0x80,0xce,0x77,0x11,0x80,0xd4,0x82,0x14,0x80,
	0xca,0x71,0x0e,0x80,0xd4,0x83,0x11,0x80,0xd4,0x84,0x11,0x80,0xd4,0x83,0x10,0x80,
	0xd3,0x82,0x0f,0x80,0xd2,0x81,0x0e,0x80,0xd2,0x80,0x0d,0x80,0xd1,0x7f,0x0c,0x80,
	0xd1,0x7e,0x0b,0x80,0xd0,0x7d,0x0a,0x80,0x00,0x00,0x00,0x0b,0x00,0x00,0x00,0x00,
	0x00,0x00,0x00,0x00,0x00,0x00,0x00,0x0b,0xe1,0x9a,0x27,0x80,0xe0,0x98,0x25,0x80,
	0xdf,0x97,0x24,0x80,0xde,0x96,0x23,0x80,0xde,0x95,0x22,0x80,0xdd,0x93,0x20,0x80,
	0xdc,0x92,0x1f,0x80,0xdc,0x91,0x1e,0x80,0xdb,0x8f,0x1d,0x80,0xda,0x8e,0x1c,0x80,
	0xd9,0x8d,0x1a,0x80,0xd9,0x8c,0x19,0x80,0xcd,0x75,0x10,0x80,0xb7,0x4d,0x03,0x80,
	0xb7,0x4d,0x03,0x80,0xca,0x71,0x0e,0x80,0xd5,0x86,0x14,0x80,0xd5,0x85,0x12,0x80,
	0xd4,0x84,0x11,0x80,0xd3,0x82,0x10,0x80,0xd3,0x82,0x0f,0x80,0xd2,0x80,0x0e,0x80,
	0xd2,0x7f,0x0d,0x80,0xd1,0x7e,0x0b,0x80,0xd1,0x7e,0x0b,0x80,0xd0,0x7d,0x0a,0x80,
	0xcf,0x7b,0x09,0x80,0xcf,0x7b,0x08,0x80,0x00,0x00,0x00,0x0b,0x00,0x00,0x00,0x00,
	0x00,0x00,0x00,0x00,0x00,0x00,0x00,0x0a,0xda,0x93,0x23,0x76,0xde,0x96,0x23,0x80,
	0xde,0x94,0x22,0x80,0xdd,0x93,0x20,0x80,0xdc,0x92,0x1f,0x80,0xdb,0x91,0x1e,0x80,
	0xdb,0x8f,0x1d,0x80,0xda,0x8e,0x1c,0x80,0xd9,0x8d,0x1a,0x80,0xd9,0x8c,0x19,0x80,
	0xd8,0x8a,0x18,0x80,0xd7,0x89,0x17,0x80,0xd7,0x88,0x16,0x80,0xd6,0x87,0x14,0x80,
	0xd5,0x86,0x13,0x80,0xd5,0x85,0x12,0x80,0xd4,0x84,0x11,0x80,0xd3,0x82,0x10,0x80,
	0xd3,0x81,0x0f,0x80,0xd2,0x80,0x0e,0x80,0xd2,0x7f,0x0d,0x80,0xd1,0x7e,0x0b,0x80,
	0xd0,0x7d,0x0b,0x80,0xd0,0x7c,0x0a,0x80,0xcf,0x7b,0x09,0x80,0xcf,0x7b,0x08,0x80,
	0xce,0x7a,0x07,0x80,0xc9,0x76,0x07,0x77,0x00,0x00,0x00,0x0a,0x00,0x00,0x00,0x00,
	0x00,0x00,0x00,0x00,0x00,0x00,0x00,0x08,0x94,0x63,0x17,0x38,0xd7,0x8f,0x1f,0x77,
	0xdc,0x92,0x1f,0x80,0xdb,0x90,0x1e,0x80,0xdb,0x8f,0x1d,0x80,0xda,0x8e,0x1b,0x80,
	0xd9,0x8d,0x1a,0x80,0xd9,0x8b,0x19,0x80,0xd8,0x8a,0x18,0x80,0xd7,0x89,0x17,0x80,
	0xd7,0x88,0x15,0x80,0xd6,0x87,0x14,0x80,0xd5,0x86,0x13,0x80,0xd5,0x85,0x12,0x80,
	0xd4,0x83,0x11,0x80,0xd3,0x82,0x10,0x80,0xd3,0x81,0x0f,0x80,0xd2,0x80,0x0e,0x80,
	0xd2,0x7f,0x0d,0x80,0xd1,0x7e,0x0b,0x80,0xd0,0x7d,0x0b,0x80,0xd0,0x7c,0x0a,0x80,
	0xcf,0x7b,0x09,0x80,0xcf,0x7a,0x08,0x80,0xce,0x7a,0x07,0x80,0xce,0x7a,0x07,0x80,
	0xc6,0x74,0x06,0x76,0x89,0x4f,0x03,0x38,0x00,0x00,0x00,0x08,0x00,0x00,0x00,0x00,
	0x00,0x00,0x00,0x00,0x00,0x00,0x00,0x04,0x00,0x00,0x00,0x0f,0x00,0x00,0x00,0x1a,
	0x00,0x00,0x00,0x1e,0x00,0x00,0x00,0x1f,0x00,0x00,0x00,0x1f,0x00,0x00,0x00,0x1f,
	0x00,0x00,0x00,0x1f,0x00,0x00,0x00,0x1f,0x00,0x00,0x00,0x1f,0x00,0x00,0x00,0x1f,
	0x00,0x00,0x00,0x1f,0x00,0x00,0x00,0x1f,0x00,0x00,0x00,0x1f,0x00,0x00,0x00,0x1f,
	0x00,0x00,0x00,0x1f,0x00,0x00,0x00,0x1f,0x00,0x00,0x00,0x1f,0x00,0x00,0x00,0x1f,
	0x00,0x00,0x00,0x1f,0x00,0x00,0x00,0x1f,0x00,0x00,0x00,0x1f,0x00,0x00,0x00,0x1f,
	0x00,0x00,0x00,0x1f,0x00,0x00,0x00,0x1f,0x00,0x00,0x00,0x1f,0x00,0x00,0x00,0x1e,
	0x00,0x00,0x00,0x1a,0x00,0x00,0x00,0x0f,0x00,0x00,0x00,0x04,0x00,0x00,0x00,0x00,
	0x00,0x00,0x00,0x00,0x00,0x00,0x00,0x01,0x00,0x00,0x00,0x04,0x00,0x00,0x00,0x08,
	0x00,0x00,0x00,0x0a,0x00,0x00,0x00,0x0b,0x00,0x00,0x00,0x0b,0x00,0x00,0x00,0x0b,
	0x00,0x00,0x00,0x0b,0x00,0x00,0x00,0x0b,0x00,0x00,0x00,0x0b,0x00,0x00,0x00,0x0b,
	0x00,0x00,0x00,0x0b,0x00,0x00,0x00,0x0b,0x00,0x00,0x00,0x0b,0x00,0x00,0x00,0x0b,
	0x00,0x00,0x00,0x0b,0x00,0x00,0x00,0x0b,0x00,0x00,0x00,0x0b,0x00,0x00,0x00,0x0b,
	0x00,0x00,0x00,0x0b,0x00,0x00,0x00,0x0b,0x00,0x00,0x00,0x0b,0x00,0x00,0x00,0x0b,
	0x00,0x00,0x00,0x0b,0x00,0x00,0x00,0x0b,0x00,0x00,0x00,0x0b,0x00,0x00,0x00,0x0a,
	0x00,0x00,0x00,0x08,0x00,0x00,0x00,0x04,0x00,0x00,0x00,0x01,0x00,0x00,0x00,0x00,
	0x00,0x00,0x00,0x00,0x00,0x00,0x00,0x00,0x00,0x00,0x00,0x00,0x00,0x00,0x00,0x00,
	0x00,0x00,0x00,0x00,0x00,0x00,0x00,0x00,0x00,0x00,0x00,0x00,0x00,0x00,0x00,0x00,
	0x00,0x00,0x00,0x00,0x00,0x00,0x00,0x00,0x00,0x00,0x00,0x00,0x00,0x00,0x00,0x00,
	0x00,0x00,0x00,0x00,0x00,0x00,0x00,0x00,0x00,0x00,0x00,0x00,0x00,0x00,0x00,0x00,
	0x00,0x00,0x00,0x00,0x00,0x00,0x00,0x00,0x00,0x00,0x00,0x00,0x00,0x00,0x00,0x00,
	0x00,0x00,0x00,0x00,0x00,0x00,0x00,0x00,0x00,0x00,0x00,0x00,0x00,0x00,0x00,0x00,
	0x00,0x00,0x00,0x00,0x00,0x00,0x00,0x00,0x00,0x00,0x00,0x00,0x00,0x00,0x00,0x00,
	0x00,0x00,0x00,0x00,0x00,0x00,0x00,0x00,0x00,0x00,0x00,0x00,0x00,0x00,0x00,0x00,
	0x00,0x00,0x00,0x00,0x00,0x00,0x00,0x00,0x00,0x00,0x00,0x00,0x00,0x00,0x00,0x00,
	0x00,0x00,0x00,0x00,0x00,0x00,0x00,0x00,0x00,0x00,0x00,0x00,0x00,0x00,0x00,0x00,
	0x00,0x00,0x00,0x00,0x00,0x00,0x00,0x00,0x00,0x00,0x00,0x00,0x00,0x00,0x00,0x00,
	0x00,0x00,0x00,0x00,0x00,0x00,0x00,0x00,0x00,0x00,0x00,0x00,0x00,0x00,0x00,0x00,
	0x00,0x00,0x00,0x00,0x00,0x00,0x00,0x00,0x00,0x00,0x00,0x00,0x00,0x00,0x00,0x00,
	0x00,0x00,0x00,0x00,0x00,0x00,0x00,0x00,0x00,0x00,0x00,0x00,0x00,0x00,0x00,0x00,
	0x00,0x00,0x00,0x00,0x00,0x00,0x00,0x00,0x00,0x00,0x00,0x00,0x00,0x00,0x00,0x00,
	0x00,0x00,0x00,0x00,0x00,0x00,0x00,0x00,0x00,0x00,0x00,0x00,0x00,0x00,0x00,0x00,
};
static const unsigned char rgba_s_IconPlayer[ 4096 ] __attribute__(   (  aligned( 16 ), section( ".data" )  )   ) = {
	0x00,0x00,0x00,0x00,0x00,0x00,0x00,0x00,0x00,0x00,0x00,0x00,0x00,0x00,0x00,0x00,
	0x00,0x00,0x00,0x00,0x00,0x00,0x00,0x00,0x00,0x00,0x00,0x00,0x00,0x00,0x00,0x00,
	0x00,0x00,0x00,0x00,0x00,0x00,0x00,0x00,0x00,0x00,0x00,0x00,0x00,0x00,0x00,0x00,
	0x00,0x00,0x00,0x00,0x00,0x00,0x00,0x00,0x00,0x00,0x00,0x00,0x00,0x00,0x00,0x00,
	0x00,0x00,0x00,0x00,0x00,0x00,0x00,0x00,0x00,0x00,0x00,0x00,0x00,0x00,0x00,0x00,
	0x00,0x00,0x00,0x00,0x00,0x00,0x00,0x00,0x00,0x00,0x00,0x00,0x00,0x00,0x00,0x00,
	0x00,0x00,0x00,0x00,0x00,0x00,0x00,0x00,0x00,0x00,0x00,0x00,0x00,0x00,0x00,0x00,
	0x00,0x00,0x00,0x00,0x00,0x00,0x00,0x00,0x00,0x00,0x00,0x00,0x00,0x00,0x00,0x00,
	0x00,0x00,0x00,0x00,0x00,0x00,0x00,0x00,0x00,0x00,0x00,0x00,0x00,0x00,0x00,0x00,
	0x00,0x00,0x00,0x00,0x00,0x00,0x00,0x00,0x00,0x00,0x00,0x00,0x00,0x00,0x00,0x00,
	0x00,0x00,0x00,0x00,0x00,0x00,0x00,0x00,0x00,0x00,0x00,0x00,0x00,0x00,0x00,0x00,
	0x00,0x00,0x00,0x00,0x00,0x00,0x00,0x00,0x00,0x00,0x00,0x00,0x00,0x00,0x00,0x00,
	0x00,0x00,0x00,0x00,0x00,0x00,0x00,0x00,0x00,0x00,0x00,0x00,0x00,0x00,0x00,0x00,
	0x00,0x00,0x00,0x00,0x00,0x00,0x00,0x00,0x00,0x00,0x00,0x00,0x00,0x00,0x00,0x00,
	0x00,0x00,0x00,0x00,0x00,0x00,0x00,0x00,0x00,0x00,0x00,0x00,0x00,0x00,0x00,0x00,
	0x00,0x00,0x00,0x00,0x00,0x00,0x00,0x00,0x00,0x00,0x00,0x00,0x00,0x00,0x00,0x00,
	0x00,0x00,0x00,0x00,0x00,0x00,0x00,0x00,0x00,0x00,0x00,0x00,0x00,0x00,0x00,0x00,
	0x00,0x00,0x00,0x00,0x00,0x00,0x00,0x00,0x00,0x00,0x00,0x00,0x00,0x00,0x00,0x00,
	0x00,0x00,0x00,0x00,0x00,0x00,0x00,0x00,0x00,0x00,0x00,0x00,0x00,0x00,0x00,0x00,
	0x00,0x00,0x00,0x00,0x00,0x00,0x00,0x00,0x00,0x00,0x00,0x00,0x00,0x00,0x00,0x00,
	0x00,0x00,0x00,0x00,0x00,0x00,0x00,0x00,0x00,0x00,0x00,0x00,0x00,0x00,0x00,0x00,
	0x00,0x00,0x00,0x00,0x00,0x00,0x00,0x00,0x00,0x00,0x00,0x00,0x00,0x00,0x00,0x00,
	0x00,0x00,0x00,0x00,0x00,0x00,0x00,0x00,0x00,0x00,0x00,0x00,0x00,0x00,0x00,0x00,
	0x00,0x00,0x00,0x00,0x00,0x00,0x00,0x00,0x00,0x00,0x00,0x00,0x00,0x00,0x00,0x00,
	0x00,0x00,0x00,0x00,0x00,0x00,0x00,0x00,0x00,0x00,0x00,0x00,0x00,0x00,0x00,0x00,
	0x00,0x00,0x00,0x00,0x00,0x00,0x00,0x00,0x00,0x00,0x00,0x00,0x00,0x00,0x00,0x00,
	0x00,0x00,0x00,0x00,0x00,0x00,0x00,0x00,0x00,0x00,0x00,0x00,0x00,0x00,0x00,0x00,
	0x00,0x00,0x00,0x00,0x00,0x00,0x00,0x00,0x00,0x00,0x00,0x00,0x00,0x00,0x00,0x00,
	0x00,0x00,0x00,0x00,0x00,0x00,0x00,0x00,0x00,0x00,0x00,0x00,0x00,0x00,0x00,0x00,
	0x00,0x00,0x00,0x00,0x00,0x00,0x00,0x00,0x00,0x00,0x00,0x00,0x00,0x00,0x00,0x00,
	0x00,0x00,0x00,0x00,0x00,0x00,0x00,0x00,0x00,0x00,0x00,0x00,0x00,0x00,0x00,0x00,
	0x00,0x00,0x00,0x00,0x00,0x00,0x00,0x00,0x00,0x00,0x00,0x00,0x00,0x00,0x00,0x00,
	0x00,0x00,0x00,0x00,0x00,0x00,0x00,0x00,0x00,0x00,0x00,0x00,0x00,0x00,0x00,0x00,
	0x00,0x00,0x00,0x00,0x00,0x00,0x00,0x00,0x00,0x00,0x00,0x00,0x00,0x00,0x00,0x00,
	0x00,0x00,0x00,0x00,0x00,0x00,0x00,0x00,0x00,0x00,0x00,0x00,0x00,0x00,0x00,0x00,
	0x00,0x00,0x00,0x00,0x00,0x00,0x00,0x00,0x00,0x00,0x00,0x00,0x00,0x00,0x00,0x00,
	0x00,0x00,0x00,0x00,0x00,0x00,0x00,0x00,0x00,0x00,0x00,0x00,0x00,0x00,0x00,0x00,
	0x00,0x00,0x00,0x00,0x00,0x00,0x00,0x00,0x00,0x00,0x00,0x00,0x00,0x00,0x00,0x00,
	0x00,0x00,0x00,0x00,0x00,0x00,0x00,0x00,0x00,0x00,0x00,0x00,0x00,0x00,0x00,0x00,
	0x00,0x00,0x00,0x00,0x00,0x00,0x00,0x00,0x00,0x00,0x00,0x00,0x00,0x00,0x00,0x00,
	0x00,0x00,0x00,0x00,0x00,0x00,0x00,0x00,0x00,0x00,0x00,0x02,0xfa,0xfa,0xfa,0x5f,
	0xff,0xff,0xff,0x80,0x3f,0x3f,0x3f,0x80,0x3a,0x3a,0x3a,0x80,0x0a,0x0a,0x0a,0x80,
	0xff,0xff,0xff,0x80,0xff,0xff,0xff,0x80,0x3f,0x3f,0x3f,0x80,0x3a,0x3a,0x3a,0x80,
	0x0a,0x0a,0x0a,0x80,0xff,0xff,0xff,0x80,0xff,0xff,0xff,0x80,0x3f,0x3f,0x3f,0x80,
	0x3a,0x3a,0x3a,0x80,0x0a,0x0a,0x0a,0x80,0xff,0xff,0xff,0x80,0xff,0xff,0xff,0x80,
	0x3f,0x3f,0x3f,0x80,0x3a,0x3a,0x3a,0x80,0x0a,0x0a,0x0a,0x80,0xff,0xff,0xff,0x80,
	0xff,0xff,0xff,0x80,0x3f,0x3f,0x3f,0x80,0x3a,0x3a,0x3a,0x80,0x0a,0x0a,0x0a,0x80,
	0xff,0xff,0xff,0x80,0xfa,0xfa,0xfa,0x5f,0x00,0x00,0x00,0x02,0x00,0x00,0x00,0x00,
	0x00,0x00,0x00,0x00,0x00,0x00,0x00,0x00,0x00,0x00,0x00,0x07,0xff,0xff,0xff,0x80,
	0xff,0xff,0xff,0x80,0x1d,0x1d,0x1d,0x80,0x00,0x00,0x00,0x80,0x00,0x00,0x00,0x80,
	0xff,0xff,0xff,0x80,0xff,0xff,0xff,0x80,0x1d,0x1d,0x1d,0x80,0x00,0x00,0x00,0x80,
	0x00,0x00,0x00,0x80,0xff,0xff,0xff,0x80,0xff,0xff,0xff,0x80,0x1d,0x1d,0x1d,0x80,
	0x00,0x00,0x00,0x80,0x00,0x00,0x00,0x80,0xff,0xff,0xff,0x80,0xff,0xff,0xff,0x80,
	0x1d,0x1d,0x1d,0x80,0x00,0x00,0x00,0x80,0x00,0x00,0x00,0x80,0xff,0xff,0xff,0x80,
	0xff,0xff,0xff,0x80,0x1d,0x1d,0x1d,0x80,0x00,0x00,0x00,0x80,0x00,0x00,0x00,0x80,
	0xff,0xff,0xff,0x80,0xff,0xff,0xff,0x80,0x00,0x00,0x00,0x07,0x00,0x00,0x00,0x00,
	0x00,0x00,0x00,0x00,0x00,0x00,0x00,0x00,0x00,0x00,0x00,0x0a,0xff,0xff,0xff,0x80,
	0xff,0xff,0xff,0x80,0x1f,0x1f,0x1f,0x80,0x03,0x03,0x03,0x80,0x01,0x01,0x01,0x80,
	0xff,0xff,0xff,0x80,0xff,0xff,0xff,0x80,0x1f,0x1f,0x1f,0x80,0x03,0x03,0x03,0x80,
	0x01,0x01,0x01,0x80,0xff,0xff,0xff,0x80,0xff,0xff,0xff,0x80,0x1f,0x1f,0x1f,0x80,
	0x03,0x03,0x03,0x80,0x01,0x01,0x01,0x80,0xff,0xff,0xff,0x80,0xff,0xff,0xff,0x80,
	0x1f,0x1f,0x1f,0x80,0x03,0x03,0x03,0x80,0x01,0x01,0x01,0x80,0xff,0xff,0xff,0x80,
	0xff,0xff,0xff,0x80,0x1f,0x1f,0x1f,0x80,0x03,0x03,0x03,0x80,0x01,0x01,0x01,0x80,
	0xff,0xff,0xff,0x80,0xff,0xff,0xff,0x80,0x00,0x00,0x00,0x0a,0x00,0x00,0x00,0x00,
	0x00,0x00,0x00,0x00,0x00,0x00,0x00,0x00,0x00,0x00,0x00,0x0b,0xff,0xff,0xff,0x80,
	0xff,0xff,0xff,0x80,0x22,0x22,0x22,0x80,0x06,0x06,0x06,0x80,0x02,0x02,0x02,0x80,
	0xff,0xff,0xff,0x80,0xff,0xff,0xff,0x80,0x22,0x22,0x22,0x80,0x06,0x06,0x06,0x80,
	0x02,0x02,0x02,0x80,0xff,0xff,0xff,0x80,0xff,0xff,0xff,0x80,0x22,0x22,0x22,0x80,
	0x06,0x06,0x06,0x80,0x02,0x02,0x02,0x80,0xff,0xff,0xff,0x80,0xff,0xff,0xff,0x80,
	0x22,0x22,0x22,0x80,0x06,0x06,0x06,0x80,0x02,0x02,0x02,0x80,0xff,0xff,0xff,0x80,
	0xff,0xff,0xff,0x80,0x22,0x22,0x22,0x80,0x06,0x06,0x06,0x80,0x02,0x02,0x02,0x80,
	0xff,0xff,0xff,0x80,0xff,0xff,0xff,0x80,0x00,0x00,0x00,0x0b,0x00,0x00,0x00,0x00,
	0x00,0x00,0x00,0x00,0x00,0x00,0x00,0x00,0x00,0x00,0x00,0x0b,0xff,0xff,0xff,0x80,
	0xff,0xff,0xff,0x80,0x2a,0x2a,0x2a,0x80,0x09,0x09,0x09,0x80,0x02,0x02,0x02,0x80,
	0xff,0xff,0xff,0x80,0xff,0xff,0xff,0x80,0x2a,0x2a,0x2a,0x80,0x09,0x09,0x09,0x80,
	0x02,0x02,0x02,0x80,0xff,0xff,0xff,0x80,0xff,0xff,0xff,0x80,0x2a,0x2a,0x2a,0x80,
	0x09,0x09,0x09,0x80,0x02,0x02,0x02,0x80,0xff,0xff,0xff,0x80,0xff,0xff,0xff,0x80,
	0x2a,0x2a,0x2a,0x80,0x09,0x09,0x09,0x80,0x02,0x02,0x02,0x80,0xff,0xff,0xff,0x80,
	0xff,0xff,0xff,0x80,0x2a,0x2a,0x2a,0x80,0x09,0x09,0x09,0x80,0x02,0x02,0x02,0x80,
	0xff,0xff,0xff,0x80,0xff,0xff,0xff,0x80,0x00,0x00,0x00,0x0b,0x00,0x00,0x00,0x00,
	0x00,0x00,0x00,0x00,0x00,0x00,0x00,0x00,0x00,0x00,0x00,0x0b,0xff,0xff,0xff,0x80,
	0xff,0xff,0xff,0x80,0x38,0x38,0x38,0x80,0x1e,0x1e,0x1e,0x80,0x0b,0x0b,0x0b,0x80,
	0xff,0xff,0xff,0x80,0xff,0xff,0xff,0x80,0x38,0x38,0x38,0x80,0x1e,0x1e,0x1e,0x80,
	0x0b,0x0b,0x0b,0x80,0xff,0xff,0xff,0x80,0xff,0xff,0xff,0x80,0x38,0x38,0x38,0x80,
	0x1e,0x1e,0x1e,0x80,0x0b,0x0b,0x0b,0x80,0xff,0xff,0xff,0x80,0xff,0xff,0xff,0x80,
	0x38,0x38,0x38,0x80,0x1e,0x1e,0x1e,0x80,0x0b,0x0b,0x0b,0x80,0xff,0xff,0xff,0x80,
	0xff,0xff,0xff,0x80,0x38,0x38,0x38,0x80,0x1e,0x1e,0x1e,0x80,0x0b,0x0b,0x0b,0x80,
	0xff,0xff,0xff,0x80,0xff,0xff,0xff,0x80,0x00,0x00,0x00,0x0b,0x00,0x00,0x00,0x00,
	0x00,0x00,0x00,0x00,0x00,0x00,0x00,0x00,0x00,0x00,0x00,0x0b,0xff,0xff,0xff,0x80,
	0xff,0xff,0xff,0x80,0x43,0x43,0x43,0x80,0x38,0x38,0x38,0x80,0x1a,0x1a,0x1a,0x80,
	0xff,0xff,0xff,0x80,0xff,0xff,0xff,0x80,0x43,0x43,0x43,0x80,0x38,0x38,0x38,0x80,
	0x1a,0x1a,0x1a,0x80,0xff,0xff,0xff,0x80,0xff,0xff,0xff,0x80,0x43,0x43,0x43,0x80,
	0x38,0x38,0x38,0x80,0x1a,0x1a,0x1a,0x80,0xff,0xff,0xff,0x80,0xff,0xff,0xff,0x80,
	0x43,0x43,0x43,0x80,0x38,0x38,0x38,0x80,0x1a,0x1a,0x1a,0x80,0xff,0xff,0xff,0x80,
	0xff,0xff,0xff,0x80,0x43,0x43,0x43,0x80,0x38,0x38,0x38,0x80,0x1a,0x1a,0x1a,0x80,
	0xff,0xff,0xff,0x80,0xff,0xff,0xff,0x80,0x00,0x00,0x00,0x0b,0x00,0x00,0x00,0x00,
	0x00,0x00,0x00,0x00,0x00,0x00,0x00,0x00,0x00,0x00,0x00,0x0b,0xff,0xff,0xff,0x80,
	0xff,0xff,0xff,0x80,0x4c,0x4c,0x4c,0x80,0x48,0x48,0x48,0x80,0x22,0x22,0x22,0x80,
	0xff,0xff,0xff,0x80,0xff,0xff,0xff,0x80,0x4c,0x4c,0x4c,0x80,0x48,0x48,0x48,0x80,
	0x22,0x22,0x22,0x80,0xff,0xff,0xff,0x80,0xff,0xff,0xff,0x80,0x4c,0x4c,0x4c,0x80,
	0x48,0x48,0x48,0x80,0x22,0x22,0x22,0x80,0xff,0xff,0xff,0x80,0xff,0xff,0xff,0x80,
	0x4c,0x4c,0x4c,0x80,0x48,0x48,0x48,0x80,0x22,0x22,0x22,0x80,0xff,0xff,0xff,0x80,
	0xff,0xff,0xff,0x80,0x4c,0x4c,0x4c,0x80,0x48,0x48,0x48,0x80,0x22,0x22,0x22,0x80,
	0xff,0xff,0xff,0x80,0xff,0xff,0xff,0x80,0x00,0x00,0x00,0x0b,0x00,0x00,0x00,0x00,
	0x00,0x00,0x00,0x00,0x00,0x00,0x00,0x00,0x00,0x00,0x00,0x0b,0xff,0xff,0xff,0x80,
	0xff,0xff,0xff,0x80,0x4e,0x4e,0x4e,0x80,0x48,0x48,0x48,0x80,0x20,0x20,0x20,0x80,
	0xff,0xff,0xff,0x80,0xff,0xff,0xff,0x80,0x4e,0x4e,0x4e,0x80,0x48,0x48,0x48,0x80,
	0x20,0x20,0x20,0x80,0xff,0xff,0xff,0x80,0xff,0xff,0xff,0x80,0x4e,0x4e,0x4e,0x80,
	0x48,0x48,0x48,0x80,0x20,0x20,0x20,0x80,0xff,0xff,0xff,0x80,0xff,0xff,0xff,0x80,
	0x4e,0x4e,0x4e,0x80,0x48,0x48,0x48,0x80,0x20,0x20,0x20,0x80,0xff,0xff,0xff,0x80,
	0xff,0xff,0xff,0x80,0x4e,0x4e,0x4e,0x80,0x48,0x48,0x48,0x80,0x20,0x20,0x20,0x80,
	0xff,0xff,0xff,0x80,0xff,0xff,0xff,0x80,0x00,0x00,0x00,0x0b,0x00,0x00,0x00,0x00,
	0x00,0x00,0x00,0x00,0x00,0x00,0x00,0x00,0x00,0x00,0x00,0x0b,0xff,0xff,0xff,0x80,
	0xff,0xff,0xff,0x80,0x49,0x49,0x49,0x80,0x3e,0x3e,0x3e,0x80,0x17,0x17,0x17,0x80,
	0xff,0xff,0xff,0x80,0xff,0xff,0xff,0x80,0x49,0x49,0x49,0x80,0x3e,0x3e,0x3e,0x80,
	0x17,0x17,0x17,0x80,0xff,0xff,0xff,0x80,0xff,0xff,0xff,0x80,0x49,0x49,0x49,0x80,
	0x3e,0x3e,0x3e,0x80,0x17,0x17,0x17,0x80,0xff,0xff,0xff,0x80,0xff,0xff,0xff,0x80,
	0x49,0x49,0x49,0x80,0x3e,0x3e,0x3e,0x80,0x17,0x17,0x17,0x80,0xff,0xff,0xff,0x80,
	0xff,0xff,0xff,0x80,0x49,0x49,0x49,0x80,0x3e,0x3e,0x3e,0x80,0x17,0x17,0x17,0x80,
	0xff,0xff,0xff,0x80,0xff,0xff,0xff,0x80,0x00,0x00,0x00,0x0b,0x00,0x00,0x00,0x00,
	0x00,0x00,0x00,0x00,0x00,0x00,0x00,0x00,0x00,0x00,0x00,0x0b,0xff,0xff,0xff,0x80,
	0xff,0xff,0xff,0x80,0x1a,0x1a,0x1a,0x80,0x20,0x20,0x20,0x80,0x0a,0x0a,0x0a,0x80,
	0xff,0xff,0xff,0x80,0xff,0xff,0xff,0x80,0x1a,0x1a,0x1a,0x80,0x20,0x20,0x20,0x80,
	0x0a,0x0a,0x0a,0x80,0xff,0xff,0xff,0x80,0xff,0xff,0xff,0x80,0x1a,0x1a,0x1a,0x80,
	0x20,0x20,0x20,0x80,0x0a,0x0a,0x0a,0x80,0xff,0xff,0xff,0x80,0xff,0xff,0xff,0x80,
	0x1a,0x1a,0x1a,0x80,0x20,0x20,0x20,0x80,0x0a,0x0a,0x0a,0x80,0xff,0xff,0xff,0x80,
	0xff,0xff,0xff,0x80,0x1a,0x1a,0x1a,0x80,0x20,0x20,0x20,0x80,0x0a,0x0a,0x0a,0x80,
	0xff,0xff,0xff,0x80,0xff,0xff,0xff,0x80,0x00,0x00,0x00,0x0b,0x00,0x00,0x00,0x00,
	0x00,0x00,0x00,0x00,0x00,0x00,0x00,0x00,0x00,0x00,0x00,0x0b,0xff,0xff,0xff,0x80,
	0xff,0xff,0xff,0x80,0x91,0x91,0x91,0x80,0x92,0x92,0x92,0x80,0x8f,0x8f,0x8f,0x80,
	0xff,0xff,0xff,0x80,0xff,0xff,0xff,0x80,0x91,0x91,0x91,0x80,0x92,0x92,0x92,0x80,
	0x8f,0x8f,0x8f,0x80,0xff,0xff,0xff,0x80,0xff,0xff,0xff,0x80,0x91,0x91,0x91,0x80,
	0x92,0x92,0x92,0x80,0x8f,0x8f,0x8f,0x80,0xff,0xff,0xff,0x80,0xff,0xff,0xff,0x80,
	0x91,0x91,0x91,0x80,0x92,0x92,0x92,0x80,0x8f,0x8f,0x8f,0x80,0xff,0xff,0xff,0x80,
	0xff,0xff,0xff,0x80,0x91,0x91,0x91,0x80,0x92,0x92,0x92,0x80,0x8f,0x8f,0x8f,0x80,
	0xff,0xff,0xff,0x80,0xff,0xff,0xff,0x80,0x00,0x00,0x00,0x0b,0x00,0x00,0x00,0x00,
	0x00,0x00,0x00,0x00,0x00,0x00,0x00,0x00,0x00,0x00,0x00,0x0b,0xff,0xff,0xff,0x80,
	0xff,0xff,0xff,0x80,0xff,0xff,0xff,0x80,0xe5,0xe5,0xe5,0x80,0xff,0xff,0xff,0x80,
	0xff,0xff,0xff,0x80,0xff,0xff,0xff,0x80,0xff,0xff,0xff,0x80,0xe5,0xe5,0xe5,0x80,
	0xff,0xff,0xff,0x80,0xff,0xff,0xff,0x80,0xff,0xff,0xff,0x80,0xff,0xff,0xff,0x80,
	0xe5,0xe5,0xe5,0x80,0xff,0xff,0xff,0x80,0xff,0xff,0xff,0x80,0xff,0xff,0xff,0x80,
	0xff,0xff,0xff,0x80,0xe5,0xe5,0xe5,0x80,0xff,0xff,0xff,0x80,0xff,0xff,0xff,0x80,
	0xff,0xff,0xff,0x80,0xff,0xff,0xff,0x80,0xe5,0xe5,0xe5,0x80,0xff,0xff,0xff,0x80,
	0xff,0xff,0xff,0x80,0xff,0xff,0xff,0x80,0x00,0x00,0x00,0x0b,0x00,0x00,0x00,0x00,
	0x00,0x00,0x00,0x00,0x00,0x00,0x00,0x00,0x00,0x00,0x00,0x0b,0xff,0xff,0xff,0x80,
	0xff,0xff,0xff,0x80,0xff,0xff,0xff,0x80,0xe5,0xe5,0xe5,0x80,0xff,0xff,0xff,0x80,
	0xff,0xff,0xff,0x80,0xff,0xff,0xff,0x80,0xff,0xff,0xff,0x80,0xe5,0xe5,0xe5,0x80,
	0xff,0xff,0xff,0x80,0xff,0xff,0xff,0x80,0xff,0xff,0xff,0x80,0xff,0xff,0xff,0x80,
	0xe5,0xe5,0xe5,0x80,0xff,0xff,0xff,0x80,0xff,0xff,0xff,0x80,0xff,0xff,0xff,0x80,
	0xff,0xff,0xff,0x80,0xe5,0xe5,0xe5,0x80,0xff,0xff,0xff,0x80,0xff,0xff,0xff,0x80,
	0xff,0xff,0xff,0x80,0xff,0xff,0xff,0x80,0xe5,0xe5,0xe5,0x80,0xff,0xff,0xff,0x80,
	0xff,0xff,0xff,0x80,0xff,0xff,0xff,0x80,0x00,0x00,0x00,0x0b,0x00,0x00,0x00,0x00,
	0x00,0x00,0x00,0x00,0x00,0x00,0x00,0x00,0x00,0x00,0x00,0x0b,0xff,0xff,0xff,0x80,
	0xff,0xff,0xff,0x80,0xff,0xff,0xff,0x80,0xe5,0xe5,0xe5,0x80,0xff,0xff,0xff,0x80,
	0xff,0xff,0xff,0x80,0xff,0xff,0xff,0x80,0xff,0xff,0xff,0x80,0xe5,0xe5,0xe5,0x80,
	0xff,0xff,0xff,0x80,0xff,0xff,0xff,0x80,0xff,0xff,0xff,0x80,0xff,0xff,0xff,0x80,
	0xe5,0xe5,0xe5,0x80,0xff,0xff,0xff,0x80,0xff,0xff,0xff,0x80,0xff,0xff,0xff,0x80,
	0xff,0xff,0xff,0x80,0xe5,0xe5,0xe5,0x80,0xff,0xff,0xff,0x80,0xff,0xff,0xff,0x80,
	0xff,0xff,0xff,0x80,0xff,0xff,0xff,0x80,0xe5,0xe5,0xe5,0x80,0xff,0xff,0xff,0x80,
	0xff,0xff,0xff,0x80,0xff,0xff,0xff,0x80,0x00,0x00,0x00,0x0b,0x00,0x00,0x00,0x00,
	0x00,0x00,0x00,0x00,0x00,0x00,0x00,0x00,0x00,0x00,0x00,0x0b,0xff,0xff,0xff,0x80,
	0xff,0xff,0xff,0x80,0xff,0xff,0xff,0x80,0xe5,0xe5,0xe5,0x80,0xff,0xff,0xff,0x80,
	0xff,0xff,0xff,0x80,0xff,0xff,0xff,0x80,0xff,0xff,0xff,0x80,0xe5,0xe5,0xe5,0x80,
	0xff,0xff,0xff,0x80,0xff,0xff,0xff,0x80,0xff,0xff,0xff,0x80,0xff,0xff,0xff,0x80,
	0xe5,0xe5,0xe5,0x80,0xff,0xff,0xff,0x80,0xff,0xff,0xff,0x80,0xff,0xff,0xff,0x80,
	0xff,0xff,0xff,0x80,0xe5,0xe5,0xe5,0x80,0xff,0xff,0xff,0x80,0xff,0xff,0xff,0x80,
	0xff,0xff,0xff,0x80,0xff,0xff,0xff,0x80,0xe5,0xe5,0xe5,0x80,0xff,0xff,0xff,0x80,
	0xff,0xff,0xff,0x80,0xff,0xff,0xff,0x80,0x00,0x00,0x00,0x0b,0x00,0x00,0x00,0x00,
	0x00,0x00,0x00,0x00,0x00,0x00,0x00,0x00,0x00,0x00,0x00,0x0b,0xff,0xff,0xff,0x80,
	0xff,0xff,0xff,0x80,0xff,0xff,0xff,0x80,0xe5,0xe5,0xe5,0x80,0xff,0xff,0xff,0x80,
	0xff,0xff,0xff,0x80,0xff,0xff,0xff,0x80,0xff,0xff,0xff,0x80,0xe5,0xe5,0xe5,0x80,
	0xff,0xff,0xff,0x80,0xff,0xff,0xff,0x80,0xff,0xff,0xff,0x80,0xff,0xff,0xff,0x80,
	0xe5,0xe5,0xe5,0x80,0xff,0xff,0xff,0x80,0xff,0xff,0xff,0x80,0xff,0xff,0xff,0x80,
	0xff,0xff,0xff,0x80,0xe5,0xe5,0xe5,0x80,0xff,0xff,0xff,0x80,0xff,0xff,0xff,0x80,
	0xff,0xff,0xff,0x80,0xff,0xff,0xff,0x80,0xe5,0xe5,0xe5,0x80,0xff,0xff,0xff,0x80,
	0xff,0xff,0xff,0x80,0xff,0xff,0xff,0x80,0x00,0x00,0x00,0x0b,0x00,0x00,0x00,0x00,
	0x00,0x00,0x00,0x00,0x00,0x00,0x00,0x00,0x00,0x00,0x00,0x0b,0xff,0xff,0xff,0x80,
	0xff,0xff,0xff,0x80,0xff,0xff,0xff,0x80,0xe5,0xe5,0xe5,0x80,0xff,0xff,0xff,0x80,
	0xff,0xff,0xff,0x80,0xff,0xff,0xff,0x80,0xff,0xff,0xff,0x80,0xe5,0xe5,0xe5,0x80,
	0xff,0xff,0xff,0x80,0xff,0xff,0xff,0x80,0xff,0xff,0xff,0x80,0xff,0xff,0xff,0x80,
	0xe5,0xe5,0xe5,0x80,0xff,0xff,0xff,0x80,0xff,0xff,0xff,0x80,0xff,0xff,0xff,0x80,
	0xff,0xff,0xff,0x80,0xe5,0xe5,0xe5,0x80,0xff,0xff,0xff,0x80,0xff,0xff,0xff,0x80,
	0xff,0xff,0xff,0x80,0xff,0xff,0xff,0x80,0xe5,0xe5,0xe5,0x80,0xff,0xff,0xff,0x80,
	0xff,0xff,0xff,0x80,0xff,0xff,0xff,0x80,0x00,0x00,0x00,0x0b,0x00,0x00,0x00,0x00,
	0x00,0x00,0x00,0x00,0x00,0x00,0x00,0x00,0x00,0x00,0x00,0x0b,0xff,0xff,0xff,0x80,
	0xff,0xff,0xff,0x80,0xff,0xff,0xff,0x80,0xe5,0xe5,0xe5,0x80,0xff,0xff,0xff,0x80,
	0xff,0xff,0xff,0x80,0xff,0xff,0xff,0x80,0xff,0xff,0xff,0x80,0xe5,0xe5,0xe5,0x80,
	0xff,0xff,0xff,0x80,0xff,0xff,0xff,0x80,0xff,0xff,0xff,0x80,0xff,0xff,0xff,0x80,
	0xe5,0xe5,0xe5,0x80,0xff,0xff,0xff,0x80,0xff,0xff,0xff,0x80,0xff,0xff,0xff,0x80,
	0xff,0xff,0xff,0x80,0xe5,0xe5,0xe5,0x80,0xff,0xff,0xff,0x80,0xff,0xff,0xff,0x80,
	0xff,0xff,0xff,0x80,0xff,0xff,0xff,0x80,0xe5,0xe5,0xe5,0x80,0xff,0xff,0xff,0x80,
	0xff,0xff,0xff,0x80,0xff,0xff,0xff,0x80,0x00,0x00,0x00,0x0b,0x00,0x00,0x00,0x00,
	0x00,0x00,0x00,0x00,0x00,0x00,0x00,0x00,0x00,0x00,0x00,0x0b,0xd2,0xca,0xca,0x80,
	0xff,0xff,0xff,0x80,0xff,0xff,0xff,0x80,0xe5,0xe5,0xe5,0x80,0xff,0xff,0xff,0x80,
	0xff,0xff,0xff,0x80,0xff,0xff,0xff,0x80,0xff,0xff,0xff,0x80,0xe5,0xe5,0xe5,0x80,
	0xff,0xff,0xff,0x80,0xff,0xff,0xff,0x80,0xff,0xff,0xff,0x80,0xff,0xff,0xff,0x80,
	0xe5,0xe5,0xe5,0x80,0xff,0xff,0xff,0x80,0xff,0xff,0xff,0x80,0xff,0xff,0xff,0x80,
	0xff,0xff,0xff,0x80,0xe5,0xe5,0xe5,0x80,0xff,0xff,0xff,0x80,0xff,0xff,0xff,0x80,
	0xff,0xff,0xff,0x80,0xff,0xff,0xff,0x80,0xe5,0xe5,0xe5,0x80,0xff,0xff,0xff,0x80,
	0xff,0xff,0xff,0x80,0xd2,0xca,0xca,0x80,0x00,0x00,0x00,0x0b,0x00,0x00,0x00,0x00,
	0x00,0x00,0x00,0x00,0x00,0x00,0x00,0x00,0x00,0x00,0x00,0x0b,0x55,0x39,0x39,0x80,
	0x55,0x39,0x39,0x80,0x55,0x39,0x39,0x80,0x4c,0x33,0x33,0x80,0x55,0x39,0x39,0x80,
	0x55,0x39,0x39,0x80,0x55,0x39,0x39,0x80,0x55,0x39,0x39,0x80,0x4c,0x33,0x33,0x80,
	0x55,0x39,0x39,0x80,0x55,0x39,0x39,0x80,0x55,0x39,0x39,0x80,0x55,0x39,0x39,0x80,
	0x4c,0x33,0x33,0x80,0x55,0x39,0x39,0x80,0x55,0x39,0x39,0x80,0x55,0x39,0x39,0x80,
	0x55,0x39,0x39,0x80,0x4c,0x33,0x33,0x80,0x55,0x39,0x39,0x80,0x55,0x39,0x39,0x80,
	0x55,0x39,0x39,0x80,0x55,0x39,0x39,0x80,0x4c,0x33,0x33,0x80,0x55,0x39,0x39,0x80,
	0x55,0x39,0x39,0x80,0x55,0x39,0x39,0x80,0x00,0x00,0x00,0x0b,0x00,0x00,0x00,0x00,
	0x00,0x00,0x00,0x00,0x00,0x00,0x00,0x00,0x00,0x00,0x00,0x0a,0x4e,0x35,0x35,0x66,
	0x55,0x39,0x39,0x80,0x55,0x39,0x39,0x80,0x4c,0x33,0x33,0x80,0x55,0x39,0x39,0x80,
	0x55,0x39,0x39,0x80,0x55,0x39,0x39,0x80,0x55,0x39,0x39,0x80,0x4c,0x33,0x33,0x80,
	0x55,0x39,0x39,0x80,0x55,0x39,0x39,0x80,0x55,0x39,0x39,0x80,0x55,0x39,0x39,0x80,
	0x4c,0x33,0x33,0x80,0x55,0x39,0x39,0x80,0x55,0x39,0x39,0x80,0x55,0x39,0x39,0x80,
	0x55,0x39,0x39,0x80,0x4c,0x33,0x33,0x80,0x55,0x39,0x39,0x80,0x55,0x39,0x39,0x80,
	0x55,0x39,0x39,0x80,0x55,0x39,0x39,0x80,0x4c,0x33,0x33,0x80,0x55,0x39,0x39,0x80,
	0x55,0x39,0x39,0x80,0x4e,0x35,0x35,0x66,0x00,0x00,0x00,0x0a,0x00,0x00,0x00,0x00,
	0x00,0x00,0x00,0x00,0x00,0x00,0x00,0x00,0x00,0x00,0x00,0x07,0x00,0x00,0x00,0x15,
	0x00,0x00,0x00,0x1e,0x00,0x00,0x00,0x1f,0x00,0x00,0x00,0x1f,0x00,0x00,0x00,0x1f,
	0x00,0x00,0x00,0x1f,0x00,0x00,0x00,0x1f,0x00,0x00,0x00,0x1f,0x00,0x00,0x00,0x1f,
	0x00,0x00,0x00,0x1f,0x00,0x00,0x00,0x1f,0x00,0x00,0x00,0x1f,0x00,0x00,0x00,0x1f,
	0x00,0x00,0x00,0x1f,0x00,0x00,0x00,0x1f,0x00,0x00,0x00,0x1f,0x00,0x00,0x00,0x1f,
	0x00,0x00,0x00,0x1f,0x00,0x00,0x00,0x1f,0x00,0x00,0x00,0x1f,0x00,0x00,0x00,0x1f,
	0x00,0x00,0x00,0x1f,0x00,0x00,0x00,0x1f,0x00,0x00,0x00,0x1f,0x00,0x00,0x00,0x1f,
	0x00,0x00,0x00,0x1e,0x00,0x00,0x00,0x15,0x00,0x00,0x00,0x07,0x00,0x00,0x00,0x00,
	0x00,0x00,0x00,0x00,0x00,0x00,0x00,0x00,0x00,0x00,0x00,0x02,0x00,0x00,0x00,0x07,
	0x00,0x00,0x00,0x0a,0x00,0x00,0x00,0x0b,0x00,0x00,0x00,0x0b,0x00,0x00,0x00,0x0b,
	0x00,0x00,0x00,0x0b,0x00,0x00,0x00,0x0b,0x00,0x00,0x00,0x0b,0x00,0x00,0x00,0x0b,
	0x00,0x00,0x00,0x0b,0x00,0x00,0x00,0x0b,0x00,0x00,0x00,0x0b,0x00,0x00,0x00,0x0b,
	0x00,0x00,0x00,0x0b,0x00,0x00,0x00,0x0b,0x00,0x00,0x00,0x0b,0x00,0x00,0x00,0x0b,
	0x00,0x00,0x00,0x0b,0x00,0x00,0x00,0x0b,0x00,0x00,0x00,0x0b,0x00,0x00,0x00,0x0b,
	0x00,0x00,0x00,0x0b,0x00,0x00,0x00,0x0b,0x00,0x00,0x00,0x0b,0x00,0x00,0x00,0x0b,
	0x00,0x00,0x00,0x0a,0x00,0x00,0x00,0x07,0x00,0x00,0x00,0x02,0x00,0x00,0x00,0x00,
	0x00,0x00,0x00,0x00,0x00,0x00,0x00,0x00,0x00,0x00,0x00,0x00,0x00,0x00,0x00,0x00,
	0x00,0x00,0x00,0x00,0x00,0x00,0x00,0x00,0x00,0x00,0x00,0x00,0x00,0x00,0x00,0x00,
	0x00,0x00,0x00,0x00,0x00,0x00,0x00,0x00,0x00,0x00,0x00,0x00,0x00,0x00,0x00,0x00,
	0x00,0x00,0x00,0x00,0x00,0x00,0x00,0x00,0x00,0x00,0x00,0x00,0x00,0x00,0x00,0x00,
	0x00,0x00,0x00,0x00,0x00,0x00,0x00,0x00,0x00,0x00,0x00,0x00,0x00,0x00,0x00,0x00,
	0x00,0x00,0x00,0x00,0x00,0x00,0x00,0x00,0x00,0x00,0x00,0x00,0x00,0x00,0x00,0x00,
	0x00,0x00,0x00,0x00,0x00,0x00,0x00,0x00,0x00,0x00,0x00,0x00,0x00,0x00,0x00,0x00,
	0x00,0x00,0x00,0x00,0x00,0x00,0x00,0x00,0x00,0x00,0x00,0x00,0x00,0x00,0x00,0x00,
	0x00,0x00,0x00,0x00,0x00,0x00,0x00,0x00,0x00,0x00,0x00,0x00,0x00,0x00,0x00,0x00,
	0x00,0x00,0x00,0x00,0x00,0x00,0x00,0x00,0x00,0x00,0x00,0x00,0x00,0x00,0x00,0x00,
	0x00,0x00,0x00,0x00,0x00,0x00,0x00,0x00,0x00,0x00,0x00,0x00,0x00,0x00,0x00,0x00,
	0x00,0x00,0x00,0x00,0x00,0x00,0x00,0x00,0x00,0x00,0x00,0x00,0x00,0x00,0x00,0x00,
	0x00,0x00,0x00,0x00,0x00,0x00,0x00,0x00,0x00,0x00,0x00,0x00,0x00,0x00,0x00,0x00,
	0x00,0x00,0x00,0x00,0x00,0x00,0x00,0x00,0x00,0x00,0x00,0x00,0x00,0x00,0x00,0x00,
	0x00,0x00,0x00,0x00,0x00,0x00,0x00,0x00,0x00,0x00,0x00,0x00,0x00,0x00,0x00,0x00,
	0x00,0x00,0x00,0x00,0x00,0x00,0x00,0x00,0x00,0x00,0x00,0x00,0x00,0x00,0x00,0x00,
	0x00,0x00,0x00,0x00,0x00,0x00,0x00,0x00,0x00,0x00,0x00,0x00,0x00,0x00,0x00,0x00,
	0x00,0x00,0x00,0x00,0x00,0x00,0x00,0x00,0x00,0x00,0x00,0x00,0x00,0x00,0x00,0x00,
	0x00,0x00,0x00,0x00,0x00,0x00,0x00,0x00,0x00,0x00,0x00,0x00,0x00,0x00,0x00,0x00,
	0x00,0x00,0x00,0x00,0x00,0x00,0x00,0x00,0x00,0x00,0x00,0x00,0x00,0x00,0x00,0x00,
	0x00,0x00,0x00,0x00,0x00,0x00,0x00,0x00,0x00,0x00,0x00,0x00,0x00,0x00,0x00,0x00,
	0x00,0x00,0x00,0x00,0x00,0x00,0x00,0x00,0x00,0x00,0x00,0x00,0x00,0x00,0x00,0x00,
	0x00,0x00,0x00,0x00,0x00,0x00,0x00,0x00,0x00,0x00,0x00,0x00,0x00,0x00,0x00,0x00,
	0x00,0x00,0x00,0x00,0x00,0x00,0x00,0x00,0x00,0x00,0x00,0x00,0x00,0x00,0x00,0x00,
};
static const unsigned char rgba_s_IconOn[ 4096 ] __attribute__(   (  aligned( 16 ), section( ".data" )  )   ) = {
	0x00,0x00,0x00,0x00,0x00,0x00,0x00,0x00,0x00,0x00,0x00,0x00,0x00,0x00,0x00,0x00,
	0x00,0x00,0x00,0x00,0x00,0x00,0x00,0x00,0x00,0x00,0x00,0x00,0x00,0x00,0x00,0x00,
	0x00,0x00,0x00,0x00,0x00,0x00,0x00,0x00,0x00,0x00,0x00,0x00,0x00,0x00,0x00,0x00,
	0x00,0x00,0x00,0x00,0x00,0x00,0x00,0x00,0x00,0x00,0x00,0x00,0x00,0x00,0x00,0x00,
	0x00,0x00,0x00,0x00,0x00,0x00,0x00,0x00,0x00,0x00,0x00,0x00,0x00,0x00,0x00,0x00,
	0x00,0x00,0x00,0x00,0x00,0x00,0x00,0x00,0x00,0x00,0x00,0x00,0x00,0x00,0x00,0x00,
	0x00,0x00,0x00,0x00,0x00,0x00,0x00,0x00,0x00,0x00,0x00,0x00,0x00,0x00,0x00,0x00,
	0x00,0x00,0x00,0x00,0x00,0x00,0x00,0x00,0x00,0x00,0x00,0x00,0x00,0x00,0x00,0x00,
	0x00,0x00,0x00,0x00,0x00,0x00,0x00,0x00,0x00,0x00,0x00,0x00,0x00,0x00,0x00,0x00,
	0x00,0x00,0x00,0x00,0x00,0x00,0x00,0x00,0x00,0x00,0x00,0x00,0x00,0x00,0x00,0x00,
	0x00,0x00,0x00,0x00,0x00,0x00,0x00,0x00,0x00,0x00,0x00,0x00,0x00,0x00,0x00,0x00,
	0x00,0x00,0x00,0x00,0x00,0x00,0x00,0x00,0x00,0x00,0x00,0x00,0x00,0x00,0x00,0x00,
	0x00,0x00,0x00,0x00,0x00,0x00,0x00,0x00,0x00,0x00,0x00,0x00,0x00,0x00,0x00,0x00,
	0x00,0x00,0x00,0x00,0x00,0x00,0x00,0x00,0x00,0x00,0x00,0x00,0x00,0x00,0x00,0x00,
	0x00,0x00,0x00,0x00,0x00,0x00,0x00,0x00,0x00,0x00,0x00,0x00,0x00,0x00,0x00,0x00,
	0x00,0x00,0x00,0x00,0x00,0x00,0x00,0x00,0x00,0x00,0x00,0x00,0x00,0x00,0x00,0x00,
	0x00,0x00,0x00,0x00,0x00,0x00,0x00,0x00,0x00,0x00,0x00,0x00,0x00,0x00,0x00,0x00,
	0x00,0x00,0x00,0x00,0x00,0x00,0x00,0x00,0x00,0x00,0x00,0x00,0x00,0x00,0x00,0x00,
	0x00,0x00,0x00,0x00,0x00,0x00,0x00,0x00,0x00,0x00,0x00,0x00,0x00,0x00,0x00,0x00,
	0x00,0x00,0x00,0x00,0x00,0x00,0x00,0x00,0x00,0x00,0x00,0x00,0x00,0x00,0x00,0x00,
	0x00,0x00,0x00,0x00,0x00,0x00,0x00,0x00,0x00,0x00,0x00,0x00,0x00,0x00,0x00,0x00,
	0x00,0x00,0x00,0x00,0x00,0x00,0x00,0x00,0x00,0x00,0x00,0x00,0x00,0x00,0x00,0x00,
	0x00,0x00,0x00,0x00,0x00,0x00,0x00,0x00,0x00,0x00,0x00,0x00,0x00,0x00,0x00,0x00,
	0x00,0x00,0x00,0x00,0x00,0x00,0x00,0x00,0x00,0x00,0x00,0x00,0x00,0x00,0x00,0x00,
	0x00,0x00,0x00,0x00,0x00,0x00,0x00,0x00,0x00,0x00,0x00,0x00,0x00,0x00,0x00,0x00,
	0x00,0x00,0x00,0x00,0x00,0x00,0x00,0x00,0x00,0x00,0x00,0x00,0x00,0x00,0x00,0x00,
	0x00,0x00,0x00,0x00,0x00,0x00,0x00,0x00,0x00,0x00,0x00,0x00,0x00,0x00,0x00,0x00,
	0x00,0x00,0x00,0x00,0x00,0x00,0x00,0x00,0x00,0x00,0x00,0x00,0x00,0x00,0x00,0x00,
	0x00,0x00,0x00,0x00,0x00,0x00,0x00,0x00,0x00,0x00,0x00,0x00,0x00,0x00,0x00,0x00,
	0x00,0x00,0x00,0x00,0x00,0x00,0x00,0x00,0x00,0x00,0x00,0x00,0x00,0x00,0x00,0x00,
	0x00,0x00,0x00,0x00,0x00,0x00,0x00,0x00,0x00,0x00,0x00,0x00,0x00,0x00,0x00,0x00,
	0x00,0x00,0x00,0x00,0x00,0x00,0x00,0x00,0x00,0x00,0x00,0x00,0x00,0x00,0x00,0x00,
	0x00,0x00,0x00,0x00,0x00,0x00,0x00,0x00,0x00,0x00,0x00,0x00,0x00,0x00,0x00,0x00,
	0x00,0x00,0x00,0x00,0x00,0x00,0x00,0x00,0x00,0x00,0x00,0x00,0x00,0x00,0x00,0x00,
	0x00,0x00,0x00,0x00,0x00,0x00,0x00,0x00,0x00,0x00,0x00,0x00,0x00,0x00,0x00,0x00,
	0x00,0x00,0x00,0x00,0x00,0x00,0x00,0x00,0x00,0x00,0x00,0x00,0x00,0x00,0x00,0x00,
	0x00,0x00,0x00,0x00,0x00,0x00,0x00,0x00,0x00,0x00,0x00,0x00,0x00,0x00,0x00,0x00,
	0x00,0x00,0x00,0x00,0x00,0x00,0x00,0x00,0x00,0x00,0x00,0x00,0x00,0x00,0x00,0x00,
	0x00,0x00,0x00,0x00,0x00,0x00,0x00,0x00,0x00,0x00,0x00,0x00,0x00,0x00,0x00,0x00,
	0x00,0x00,0x00,0x00,0x00,0x00,0x00,0x00,0x00,0x00,0x00,0x00,0x00,0x00,0x00,0x00,
	0x00,0x00,0x00,0x00,0x00,0x00,0x00,0x00,0x00,0x00,0x00,0x00,0x00,0x00,0x00,0x00,
	0x00,0x00,0x00,0x00,0x00,0x00,0x00,0x00,0x00,0x00,0x00,0x00,0x00,0x00,0x00,0x00,
	0x00,0x00,0x00,0x00,0x00,0x00,0x00,0x00,0x00,0x00,0x00,0x00,0x00,0x00,0x00,0x00,
	0x00,0x00,0x00,0x00,0x00,0x00,0x00,0x00,0x00,0x00,0x00,0x00,0x00,0x00,0x00,0x00,
	0x00,0x00,0x00,0x00,0x00,0x00,0x00,0x00,0x00,0x00,0x00,0x00,0x00,0x00,0x00,0x00,
	0x00,0x00,0x00,0x00,0x00,0x00,0x00,0x00,0x00,0x00,0x00,0x00,0x00,0x00,0x00,0x00,
	0x00,0x00,0x00,0x00,0x00,0x00,0x00,0x00,0x00,0x00,0x00,0x00,0x00,0x00,0x00,0x00,
	0x00,0x00,0x00,0x00,0x00,0x00,0x00,0x00,0x00,0x00,0x00,0x00,0x00,0x00,0x00,0x00,
	0x00,0x00,0x00,0x00,0x00,0x00,0x00,0x00,0x00,0x00,0x00,0x00,0x00,0x00,0x00,0x00,
	0x00,0x00,0x00,0x00,0x00,0x00,0x00,0x00,0x00,0x00,0x00,0x00,0x00,0x00,0x00,0x00,
	0x00,0x00,0x00,0x00,0x00,0x00,0x00,0x00,0x00,0x00,0x00,0x00,0x00,0x00,0x00,0x00,
	0x00,0x00,0x00,0x00,0x00,0x00,0x00,0x00,0x00,0x00,0x00,0x00,0x00,0x00,0x00,0x00,
	0x00,0x00,0x00,0x00,0x00,0x00,0x00,0x00,0x00,0x00,0x00,0x00,0x00,0x00,0x00,0x00,
	0x00,0x00,0x00,0x00,0x00,0x00,0x00,0x00,0x00,0x00,0x00,0x00,0x00,0x00,0x00,0x00,
	0x00,0x00,0x00,0x00,0x00,0x00,0x00,0x00,0x00,0x00,0x00,0x00,0x00,0x00,0x00,0x00,
	0x00,0x00,0x00,0x00,0x00,0x00,0x00,0x00,0x00,0x00,0x00,0x00,0x00,0x00,0x00,0x00,
	0x00,0x00,0x00,0x00,0x00,0x00,0x00,0x00,0x00,0x00,0x00,0x00,0x00,0x00,0x00,0x00,
	0x00,0x00,0x00,0x00,0x00,0x00,0x00,0x00,0x00,0x00,0x00,0x00,0x00,0x00,0x00,0x00,
	0x00,0x00,0x00,0x00,0x00,0x00,0x00,0x00,0x00,0x00,0x00,0x00,0x00,0x00,0x00,0x00,
	0x00,0x00,0x00,0x00,0x00,0x00,0x00,0x00,0x00,0x00,0x00,0x00,0x00,0x00,0x00,0x00,
	0x00,0x00,0x00,0x00,0x00,0x00,0x00,0x00,0x00,0x00,0x00,0x00,0x00,0x00,0x00,0x00,
	0x00,0x00,0x00,0x00,0x00,0x00,0x00,0x00,0x00,0x00,0x00,0x00,0x00,0x00,0x00,0x00,
	0x00,0x00,0x00,0x00,0x00,0x00,0x00,0x00,0x00,0x00,0x00,0x00,0x00,0x00,0x00,0x00,
	0x00,0x00,0x00,0x00,0x00,0x00,0x00,0x00,0x00,0x00,0x00,0x00,0x00,0x00,0x00,0x00,
	0x00,0x00,0x00,0x00,0x00,0x00,0x00,0x00,0x00,0x00,0x00,0x00,0x00,0x00,0x00,0x00,
	0x00,0x00,0x00,0x01,0xf2,0xf2,0xf2,0x30,0xf9,0xf9,0xf9,0x5b,0xfe,0xfe,0xfe,0x78,
	0xff,0xff,0xff,0x80,0xff,0xff,0xff,0x80,0xff,0xff,0xff,0x80,0xff,0xff,0xff,0x80,
	0xff,0xff,0xff,0x80,0xff,0xff,0xff,0x80,0xff,0xff,0xff,0x80,0xff,0xff,0xff,0x80,
	0xff,0xff,0xff,0x80,0xff,0xff,0xff,0x80,0xff,0xff,0xff,0x80,0xff,0xff,0xff,0x80,
	0xff,0xff,0xff,0x80,0xff,0xff,0xff,0x80,0xff,0xff,0xff,0x80,0xff,0xff,0xff,0x80,
	0xfe,0xfe,0xfe,0x78,0xf9,0xf9,0xf9,0x5b,0xf2,0xf2,0xf2,0x30,0x00,0x00,0x00,0x01,
	0x00,0x00,0x00,0x00,0x00,0x00,0x00,0x00,0x00,0x00,0x00,0x00,0x00,0x00,0x00,0x00,
	0x00,0x00,0x00,0x00,0x00,0x00,0x00,0x00,0x00,0x00,0x00,0x01,0xeb,0xeb,0xeb,0x21,
	0xfb,0xfb,0xfb,0x6b,0xff,0xff,0xff,0x80,0xff,0xff,0xff,0x80,0xff,0xff,0xff,0x80,
	0xff,0xff,0xff,0x80,0xff,0xff,0xff,0x80,0xff,0xff,0xff,0x80,0xff,0xff,0xff,0x80,
	0xff,0xff,0xff,0x80,0xff,0xff,0xff,0x80,0xff,0xff,0xff,0x80,0xff,0xff,0xff,0x80,
	0xff,0xff,0xff,0x80,0xff,0xff,0xff,0x80,0xff,0xff,0xff,0x80,0xff,0xff,0xff,0x80,
	0xff,0xff,0xff,0x80,0xff,0xff,0xff,0x80,0xff,0xff,0xff,0x80,0xff,0xff,0xff,0x80,
	0xff,0xff,0xff,0x80,0xff,0xff,0xff,0x80,0xff,0xff,0xff,0x80,0xfb,0xfb,0xfb,0x6b,
	0xeb,0xeb,0xeb,0x21,0x00,0x00,0x00,0x01,0x00,0x00,0x00,0x00,0x00,0x00,0x00,0x00,
	0x00,0x00,0x00,0x00,0x00,0x00,0x00,0x01,0xe0,0xe0,0xe0,0x1d,0xfe,0xfe,0xfe,0x7c,
	0xff,0xff,0xff,0x80,0xf9,0xfb,0xfd,0x80,0x88,0xb2,0xd7,0x80,0x43,0x8e,0xd2,0x80,
	0x2c,0x86,0xda,0x80,0x2c,0x85,0xda,0x80,0x40,0x89,0xcf,0x80,0x6a,0x92,0xb9,0x80,
	0x9a,0x9c,0x9f,0x80,0x9d,0x9d,0x9d,0x80,0x9d,0x9d,0x9d,0x80,0x9d,0x9d,0x9d,0x80,
	0x9d,0x9d,0x9d,0x80,0x9d,0x9d,0x9d,0x80,0x9d,0x9d,0x9d,0x80,0x9d,0x9d,0x9d,0x80,
	0x9d,0x9d,0x9d,0x80,0x9d,0x9d,0x9d,0x80,0x9e,0x9e,0x9e,0x80,0xa0,0xa0,0xa0,0x80,
	0xab,0xab,0xab,0x80,0xd3,0xd3,0xd3,0x80,0xfe,0xfe,0xfe,0x80,0xff,0xff,0xff,0x80,
	0xfe,0xfe,0xfe,0x7b,0xe0,0xe0,0xe0,0x1d,0x00,0x00,0x00,0x01,0x00,0x00,0x00,0x00,
	0x00,0x00,0x00,0x00,0x00,0x00,0x00,0x03,0xf8,0xf8,0xf8,0x68,0xff,0xff,0xff,0x80,
	0xe8,0xf2,0xfb,0x80,0x46,0x94,0xdb,0x80,0x29,0x8e,0xe0,0x80,0x2b,0x95,0xe2,0x80,
	0x2c,0x97,0xe2,0x80,0x2a,0x90,0xe1,0x80,0x28,0x86,0xde,0x80,0x26,0x82,0xdc,0x80,
	0x3f,0x88,0xd3,0x80,0x9f,0xa8,0xb2,0x80,0xad,0xad,0xad,0x80,0xad,0xad,0xad,0x80,
	0xad,0xad,0xad,0x80,0xad,0xad,0xad,0x80,0xad,0xad,0xad,0x80,0xad,0xad,0xad,0x80,
	0xad,0xad,0xad,0x80,0xac,0xac,0xac,0x80,0xab,0xab,0xab,0x80,0xab,0xab,0xab,0x80,
	0xab,0xab,0xab,0x80,0xaf,0xaf,0xaf,0x80,0xd2,0xd2,0xd2,0x80,0xff,0xff,0xff,0x80,
	0xff,0xff,0xff,0x80,0xf8,0xf8,0xf8,0x68,0x00,0x00,0x00,0x03,0x00,0x00,0x00,0x00,
	0x00,0x00,0x00,0x01,0xce,0xce,0xce,0x22,0xff,0xff,0xff,0x80,0xfa,0xfc,0xfe,0x80,
	0x4c,0x99,0xe1,0x80,0x2b,0x93,0xe1,0x80,0x32,0xaa,0xe8,0x80,0x32,0xab,0xe8,0x80,
	0x30,0xa3,0xe5,0x80,0x2d,0x97,0xe2,0x80,0x2a,0x8c,0xe0,0x80,0x28,0x83,0xde,0x80,
	0x26,0x7e,0xdc,0x80,0x42,0x88,0xd6,0x80,0xb9,0xbb,0xbe,0x80,0xbd,0xbd,0xbd,0x80,
	0xbd,0xbd,0xbd,0x80,0xbd,0xbd,0xbd,0x80,0xbd,0xbd,0xbd,0x80,0xbd,0xbd,0xbd,0x80,
	0xbd,0xbd,0xbd,0x80,0xbd,0xbd,0xbd,0x80,0xbc,0xbc,0xbc,0x80,0xb9,0xb9,0xb9,0x80,
	0xb8,0xb8,0xb8,0x80,0xb8,0xb8,0xb8,0x80,0xbb,0xbb,0xbb,0x80,0xf1,0xf1,0xf1,0x80,
	0xff,0xff,0xff,0x80,0xff,0xff,0xff,0x80,0xce,0xce,0xce,0x22,0x00,0x00,0x00,0x01,
	0x00,0x00,0x00,0x03,0xea,0xea,0xea,0x4f,0xff,0xff,0xff,0x80,0xa2,0xca,0xf0,0x80,
	0x29,0x8c,0xdf,0x80,0x31,0xa8,0xe7,0x80,0x35,0xb1,0xe9,0x80,0x35,0xb3,0xea,0x80,
	0x33,0xaa,0xe8,0x80,0x2f,0x9b,0xe4,0x80,0x2b,0x8d,0xe0,0x80,0x28,0x83,0xde,0x80,
	0x27,0x7d,0xdd,0x80,0x26,0x7a,0xdc,0x80,0x86,0xaa,0xd4,0x80,0xce,0xce,0xce,0x80,
	0xce,0xce,0xce,0x80,0xce,0xce,0xce,0x80,0xce,0xce,0xce,0x80,0xce,0xce,0xce,0x80,
	0xce,0xce,0xce,0x80,0xcd,0xcd,0xcd,0x80,0xcb,0xcb,0xcb,0x80,0xc8,0xc8,0xc8,0x80,
	0xc6,0xc6,0xc6,0x80,0xc4,0xc4,0xc4,0x80,0xc4,0xc4,0xc4,0x80,0xdd,0xdd,0xdd,0x80,
	0xff,0xff,0xff,0x80,0xff,0xff,0xff,0x80,0xea,0xea,0xea,0x4e,0x00,0x00,0x00,0x03,
	0x00,0x00,0x00,0x06,0xf5,0xf5,0xf5,0x6a,0xff,0xff,0xff,0x80,0x56,0x9d,0xe4,0x80,
	0x2b,0x91,0xe1,0x80,0x31,0xa6,0xe6,0x80,0x35,0xb0,0xe9,0x80,0x35,0xb0,0xea,0x80,
	0x33,0xa7,0xe8,0x80,0x2f,0x98,0xe4,0x80,0x2b,0x8a,0xe0,0x80,0x28,0x81,0xde,0x80,
	0x27,0x7b,0xdd,0x80,0x26,0x78,0xdc,0x80,0x4f,0x8e,0xdc,0x80,0xde,0xde,0xde,0x80,
	0xde,0xde,0xde,0x80,0xde,0xde,0xde,0x80,0xde,0xde,0xde,0x80,0xde,0xde,0xde,0x80,
	0xde,0xde,0xde,0x80,0xdd,0xdd,0xdd,0x80,0xdb,0xdb,0xdb,0x80,0xd8,0xd8,0xd8,0x80,
	0xd5,0xd5,0xd5,0x80,0xd1,0xd1,0xd1,0x80,0xcf,0xcf,0xcf,0x80,0xd7,0xd7,0xd7,0x80,
	0xff,0xff,0xff,0x80,0xff,0xff,0xff,0x80,0xf4,0xf4,0xf4,0x6a,0x00,0x00,0x00,0x06,
	0x00,0x00,0x00,0x08,0xfd,0xfd,0xfd,0x7c,0xff,0xff,0xff,0x80,0x2b,0x83,0xdd,0x80,
	0x2b,0x91,0xe1,0x80,0x2f,0x9d,0xe5,0x80,0x32,0xa4,0xe7,0x80,0x32,0xa4,0xe7,0x80,
	0x30,0x9c,0xe5,0x80,0x2d,0x90,0xe2,0x80,0x2a,0x85,0xe0,0x80,0x28,0x7d,0xde,0x80,
	0x28,0x79,0xdd,0x80,0x27,0x76,0xdc,0x80,0x2c,0x78,0xdc,0x80,0xe6,0xe6,0xe6,0x80,
	0xe6,0xe6,0xe6,0x80,0xe6,0xe6,0xe6,0x80,0xe6,0xe6,0xe6,0x80,0xe6,0xe6,0xe6,0x80,
	0xe6,0xe6,0xe6,0x80,0xe6,0xe6,0xe6,0x80,0xe5,0xe5,0xe5,0x80,0xe2,0xe2,0xe2,0x80,
	0xe0,0xe0,0xe0,0x80,0xdd,0xdd,0xdd,0x80,0xda,0xda,0xda,0x80,0xda,0xda,0xda,0x80,
	0xff,0xff,0xff,0x80,0xff,0xff,0xff,0x80,0xfd,0xfd,0xfd,0x7c,0x00,0x00,0x00,0x08,
	0x00,0x00,0x00,0x0a,0xfd,0xfd,0xfd,0x7c,0xff,0xff,0xff,0x80,0x2b,0x80,0xdd,0x80,
	0x29,0x87,0xdf,0x80,0x2c,0x90,0xe2,0x80,0x2e,0x94,0xe3,0x80,0x2e,0x94,0xe3,0x80,
	0x2d,0x8e,0xe2,0x80,0x2c,0x87,0xe0,0x80,0x2a,0x7f,0xde,0x80,0x28,0x78,0xdd,0x80,
	0x27,0x75,0xdc,0x80,0x27,0x73,0xdc,0x80,0x30,0x78,0xdc,0x80,0xe6,0xe6,0xe6,0x80,
	0xe6,0xe6,0xe6,0x80,0xe6,0xe6,0xe6,0x80,0xe6,0xe6,0xe6,0x80,0xe6,0xe6,0xe6,0x80,
	0xe6,0xe6,0xe6,0x80,0xe6,0xe6,0xe6,0x80,0xe6,0xe6,0xe6,0x80,0xe6,0xe6,0xe6,0x80,
	0xe6,0xe6,0xe6,0x80,0xe5,0xe5,0xe5,0x80,0xe4,0xe4,0xe4,0x80,0xe3,0xe3,0xe3,0x80,
	0xff,0xff,0xff,0x80,0xff,0xff,0xff,0x80,0xfd,0xfd,0xfd,0x7c,0x00,0x00,0x00,0x0a,
	0x00,0x00,0x00,0x0a,0xf1,0xf1,0xf1,0x6c,0xff,0xff,0xff,0x80,0x56,0x98,0xe4,0x80,
	0x27,0x7e,0xdd,0x80,0x29,0x83,0xdf,0x80,0x2a,0x85,0xe0,0x80,0x2b,0x85,0xe0,0x80,
	0x2b,0x82,0xdf,0x80,0x2a,0x7d,0xde,0x80,0x28,0x78,0xdd,0x80,0x28,0x75,0xdd,0x80,
	0x27,0x72,0xdc,0x80,0x27,0x71,0xdc,0x80,0x51,0x8a,0xde,0x80,0xe7,0xe7,0xe7,0x80,
	0xe7,0xe7,0xe7,0x80,0xe7,0xe7,0xe7,0x80,0xe7,0xe7,0xe7,0x80,0xe7,0xe7,0xe7,0x80,
	0xe7,0xe7,0xe7,0x80,0xe7,0xe7,0xe7,0x80,0xe7,0xe7,0xe7,0x80,0xe7,0xe7,0xe7,0x80,
	0xe7,0xe7,0xe7,0x80,0xe7,0xe7,0xe7,0x80,0xe7,0xe7,0xe7,0x80,0xea,0xea,0xea,0x80,
	0xff,0xff,0xff,0x80,0xff,0xff,0xff,0x80,0xf1,0xf1,0xf1,0x6c,0x00,0x00,0x00,0x0a,
	0x00,0x00,0x00,0x08,0xdc,0xdc,0xdc,0x54,0xff,0xff,0xff,0x80,0xa1,0xc5,0xf0,0x80,
	0x26,0x79,0xdc,0x80,0x28,0x7b,0xdd,0x80,0x29,0x7c,0xde,0x80,0x29,0x7b,0xde,0x80,
	0x29,0x79,0xdd,0x80,0x28,0x76,0xdd,0x80,0x28,0x74,0xdd,0x80,0x27,0x72,0xdc,0x80,
	0x27,0x70,0xdc,0x80,0x27,0x6f,0xdc,0x80,0x95,0xb3,0xe3,0x80,0xe8,0xe8,0xe8,0x80,
	0xe8,0xe8,0xe8,0x80,0xe8,0xe8,0xe8,0x80,0xe8,0xe8,0xe8,0x80,0xe8,0xe8,0xe8,0x80,
	0xe8,0xe8,0xe8,0x80,0xe8,0xe8,0xe8,0x80,0xe8,0xe8,0xe8,0x80,0xe8,0xe8,0xe8,0x80,
	0xe8,0xe8,0xe8,0x80,0xe8,0xe8,0xe8,0x80,0xe8,0xe8,0xe8,0x80,0xf1,0xf1,0xf1,0x80,
	0xff,0xff,0xff,0x80,0xff,0xff,0xff,0x80,0xdc,0xdc,0xdc,0x54,0x00,0x00,0x00,0x08,
	0x00,0x00,0x00,0x06,0x9e,0x9e,0x9e,0x2c,0xff,0xff,0xff,0x80,0xf9,0xfb,0xfe,0x80,
	0x4e,0x8e,0xe2,0x80,0x27,0x76,0xdc,0x80,0x28,0x76,0xdd,0x80,0x28,0x75,0xdd,0x80,
	0x28,0x74,0xdd,0x80,0x27,0x72,0xdc,0x80,0x27,0x70,0xdc,0x80,0x27,0x6f,0xdc,0x80,
	0x27,0x6e,0xdc,0x80,0x4a,0x83,0xde,0x80,0xe4,0xe6,0xe9,0x80,0xe9,0xe9,0xe9,0x80,
	0xe9,0xe9,0xe9,0x80,0xe9,0xe9,0xe9,0x80,0xe9,0xe9,0xe9,0x80,0xe9,0xe9,0xe9,0x80,
	0xe9,0xe9,0xe9,0x80,0xe9,0xe9,0xe9,0x80,0xea,0xea,0xea,0x80,0xea,0xea,0xea,0x80,
	0xea,0xea,0xea,0x80,0xe9,0xe9,0xe9,0x80,0xe9,0xe9,0xe9,0x80,0xfa,0xfa,0xfa,0x80,
	0xff,0xff,0xff,0x80,0xff,0xff,0xff,0x80,0x9e,0x9e,0x9e,0x2c,0x00,0x00,0x00,0x06,
	0x00,0x00,0x00,0x03,0x00,0x00,0x00,0x0f,0xee,0xee,0xee,0x6c,0xff,0xff,0xff,0x80,
	0xe8,0xf0,0xfb,0x80,0x4d,0x8b,0xe0,0x80,0x27,0x72,0xdc,0x80,0x27,0x71,0xdc,0x80,
	0x27,0x70,0xdc,0x80,0x27,0x6f,0xdc,0x80,0x27,0x6e,0xdc,0x80,0x27,0x6d,0xdb,0x80,
	0x4b,0x83,0xde,0x80,0xd6,0xdd,0xe9,0x80,0xeb,0xeb,0xeb,0x80,0xeb,0xeb,0xeb,0x80,
	0xeb,0xeb,0xeb,0x80,0xeb,0xeb,0xeb,0x80,0xeb,0xeb,0xeb,0x80,0xeb,0xeb,0xeb,0x80,
	0xeb,0xeb,0xeb,0x80,0xeb,0xeb,0xeb,0x80,0xeb,0xeb,0xeb,0x80,0xeb,0xeb,0xeb,0x80,
	0xeb,0xeb,0xeb,0x80,0xea,0xea,0xea,0x80,0xf2,0xf2,0xf2,0x80,0xff,0xff,0xff,0x80,
	0xff,0xff,0xff,0x80,0xee,0xee,0xee,0x6c,0x00,0x00,0x00,0x0f,0x00,0x00,0x00,0x03,
	0x00,0x00,0x00,0x01,0x00,0x00,0x00,0x08,0x8e,0x8e,0x8e,0x2d,0xfc,0xfc,0xfc,0x7d,
	0xff,0xff,0xff,0x80,0xfa,0xfc,0xfe,0x80,0x9b,0xba,0xea,0x80,0x4f,0x88,0xdf,0x80,
	0x2f,0x73,0xdc,0x80,0x2f,0x72,0xdc,0x80,0x4f,0x86,0xde,0x80,0x96,0xb4,0xe5,0x80,
	0xe7,0xe9,0xec,0x80,0xec,0xec,0xec,0x80,0xec,0xec,0xec,0x80,0xec,0xec,0xec,0x80,
	0xec,0xec,0xec,0x80,0xec,0xec,0xec,0x80,0xec,0xec,0xec,0x80,0xec,0xec,0xec,0x80,
	0xec,0xec,0xec,0x80,0xec,0xec,0xec,0x80,0xec,0xec,0xec,0x80,0xec,0xec,0xec,0x80,
	0xec,0xec,0xec,0x80,0xf4,0xf4,0xf4,0x80,0xff,0xff,0xff,0x80,0xff,0xff,0xff,0x80,
	0xfc,0xfc,0xfc,0x7c,0x8e,0x8e,0x8e,0x2d,0x00,0x00,0x00,0x08,0x00,0x00,0x00,0x01,
	0x00,0x00,0x00,0x00,0x00,0x00,0x00,0x03,0x00,0x00,0x00,0x0e,0x94,0x94,0x94,0x35,
	0xf0,0xf0,0xf0,0x71,0xff,0xff,0xff,0x80,0xff,0xff,0xff,0x80,0xff,0xff,0xff,0x80,
	0xff,0xff,0xff,0x80,0xff,0xff,0xff,0x80,0xff,0xff,0xff,0x80,0xff,0xff,0xff,0x80,
	0xff,0xff,0xff,0x80,0xff,0xff,0xff,0x80,0xff,0xff,0xff,0x80,0xff,0xff,0xff,0x80,
	0xff,0xff,0xff,0x80,0xff,0xff,0xff,0x80,0xff,0xff,0xff,0x80,0xff,0xff,0xff,0x80,
	0xff,0xff,0xff,0x80,0xff,0xff,0xff,0x80,0xff,0xff,0xff,0x80,0xff,0xff,0xff,0x80,
	0xff,0xff,0xff,0x80,0xff,0xff,0xff,0x80,0xff,0xff,0xff,0x80,0xf0,0xf0,0xf0,0x71,
	0x94,0x94,0x94,0x35,0x00,0x00,0x00,0x0e,0x00,0x00,0x00,0x03,0x00,0x00,0x00,0x00,
	0x00,0x00,0x00,0x00,0x00,0x00,0x00,0x01,0x00,0x00,0x00,0x05,0x00,0x00,0x00,0x0f,
	0x00,0x00,0x00,0x1a,0xae,0xae,0xae,0x44,0xe3,0xe3,0xe3,0x65,0xfa,0xfa,0xfa,0x7a,
	0xff,0xff,0xff,0x80,0xff,0xff,0xff,0x80,0xff,0xff,0xff,0x80,0xff,0xff,0xff,0x80,
	0xff,0xff,0xff,0x80,0xff,0xff,0xff,0x80,0xff,0xff,0xff,0x80,0xff,0xff,0xff,0x80,
	0xff,0xff,0xff,0x80,0xff,0xff,0xff,0x80,0xff,0xff,0xff,0x80,0xff,0xff,0xff,0x80,
	0xff,0xff,0xff,0x80,0xff,0xff,0xff,0x80,0xff,0xff,0xff,0x80,0xff,0xff,0xff,0x80,
	0xfa,0xfa,0xfa,0x7a,0xe3,0xe3,0xe3,0x65,0xad,0xad,0xad,0x43,0x00,0x00,0x00,0x1a,
	0x00,0x00,0x00,0x0f,0x00,0x00,0x00,0x05,0x00,0x00,0x00,0x01,0x00,0x00,0x00,0x00,
	0x00,0x00,0x00,0x00,0x00,0x00,0x00,0x00,0x00,0x00,0x00,0x01,0x00,0x00,0x00,0x04,
	0x00,0x00,0x00,0x0a,0x00,0x00,0x00,0x11,0x00,0x00,0x00,0x18,0x00,0x00,0x00,0x1d,
	0x00,0x00,0x00,0x1f,0x00,0x00,0x00,0x1f,0x00,0x00,0x00,0x1f,0x00,0x00,0x00,0x1f,
	0x00,0x00,0x00,0x1f,0x00,0x00,0x00,0x1f,0x00,0x00,0x00,0x1f,0x00,0x00,0x00,0x1f,
	0x00,0x00,0x00,0x1f,0x00,0x00,0x00,0x1f,0x00,0x00,0x00,0x1f,0x00,0x00,0x00,0x1f,
	0x00,0x00,0x00,0x1f,0x00,0x00,0x00,0x1f,0x00,0x00,0x00,0x1f,0x00,0x00,0x00,0x1f,
	0x00,0x00,0x00,0x1d,0x00,0x00,0x00,0x18,0x00,0x00,0x00,0x11,0x00,0x00,0x00,0x0a,
	0x00,0x00,0x00,0x04,0x00,0x00,0x00,0x01,0x00,0x00,0x00,0x00,0x00,0x00,0x00,0x00,
	0x00,0x00,0x00,0x00,0x00,0x00,0x00,0x00,0x00,0x00,0x00,0x00,0x00,0x00,0x00,0x00,
	0x00,0x00,0x00,0x01,0x00,0x00,0x00,0x04,0x00,0x00,0x00,0x07,0x00,0x00,0x00,0x09,
	0x00,0x00,0x00,0x0a,0x00,0x00,0x00,0x0b,0x00,0x00,0x00,0x0b,0x00,0x00,0x00,0x0b,
	0x00,0x00,0x00,0x0b,0x00,0x00,0x00,0x0b,0x00,0x00,0x00,0x0b,0x00,0x00,0x00,0x0b,
	0x00,0x00,0x00,0x0b,0x00,0x00,0x00,0x0b,0x00,0x00,0x00,0x0b,0x00,0x00,0x00,0x0b,
	0x00,0x00,0x00,0x0b,0x00,0x00,0x00,0x0b,0x00,0x00,0x00,0x0b,0x00,0x00,0x00,0x0a,
	0x00,0x00,0x00,0x09,0x00,0x00,0x00,0x07,0x00,0x00,0x00,0x04,0x00,0x00,0x00,0x01,
	0x00,0x00,0x00,0x00,0x00,0x00,0x00,0x00,0x00,0x00,0x00,0x00,0x00,0x00,0x00,0x00,
	0x00,0x00,0x00,0x00,0x00,0x00,0x00,0x00,0x00,0x00,0x00,0x00,0x00,0x00,0x00,0x00,
	0x00,0x00,0x00,0x00,0x00,0x00,0x00,0x00,0x00,0x00,0x00,0x00,0x00,0x00,0x00,0x00,
	0x00,0x00,0x00,0x00,0x00,0x00,0x00,0x00,0x00,0x00,0x00,0x00,0x00,0x00,0x00,0x00,
	0x00,0x00,0x00,0x00,0x00,0x00,0x00,0x00,0x00,0x00,0x00,0x00,0x00,0x00,0x00,0x00,
	0x00,0x00,0x00,0x00,0x00,0x00,0x00,0x00,0x00,0x00,0x00,0x00,0x00,0x00,0x00,0x00,
	0x00,0x00,0x00,0x00,0x00,0x00,0x00,0x00,0x00,0x00,0x00,0x00,0x00,0x00,0x00,0x00,
	0x00,0x00,0x00,0x00,0x00,0x00,0x00,0x00,0x00,0x00,0x00,0x00,0x00,0x00,0x00,0x00,
	0x00,0x00,0x00,0x00,0x00,0x00,0x00,0x00,0x00,0x00,0x00,0x00,0x00,0x00,0x00,0x00,
	0x00,0x00,0x00,0x00,0x00,0x00,0x00,0x00,0x00,0x00,0x00,0x00,0x00,0x00,0x00,0x00,
	0x00,0x00,0x00,0x00,0x00,0x00,0x00,0x00,0x00,0x00,0x00,0x00,0x00,0x00,0x00,0x00,
	0x00,0x00,0x00,0x00,0x00,0x00,0x00,0x00,0x00,0x00,0x00,0x00,0x00,0x00,0x00,0x00,
	0x00,0x00,0x00,0x00,0x00,0x00,0x00,0x00,0x00,0x00,0x00,0x00,0x00,0x00,0x00,0x00,
	0x00,0x00,0x00,0x00,0x00,0x00,0x00,0x00,0x00,0x00,0x00,0x00,0x00,0x00,0x00,0x00,
	0x00,0x00,0x00,0x00,0x00,0x00,0x00,0x00,0x00,0x00,0x00,0x00,0x00,0x00,0x00,0x00,
	0x00,0x00,0x00,0x00,0x00,0x00,0x00,0x00,0x00,0x00,0x00,0x00,0x00,0x00,0x00,0x00,
	0x00,0x00,0x00,0x00,0x00,0x00,0x00,0x00,0x00,0x00,0x00,0x00,0x00,0x00,0x00,0x00,
	0x00,0x00,0x00,0x00,0x00,0x00,0x00,0x00,0x00,0x00,0x00,0x00,0x00,0x00,0x00,0x00,
	0x00,0x00,0x00,0x00,0x00,0x00,0x00,0x00,0x00,0x00,0x00,0x00,0x00,0x00,0x00,0x00,
	0x00,0x00,0x00,0x00,0x00,0x00,0x00,0x00,0x00,0x00,0x00,0x00,0x00,0x00,0x00,0x00,
	0x00,0x00,0x00,0x00,0x00,0x00,0x00,0x00,0x00,0x00,0x00,0x00,0x00,0x00,0x00,0x00,
	0x00,0x00,0x00,0x00,0x00,0x00,0x00,0x00,0x00,0x00,0x00,0x00,0x00,0x00,0x00,0x00,
	0x00,0x00,0x00,0x00,0x00,0x00,0x00,0x00,0x00,0x00,0x00,0x00,0x00,0x00,0x00,0x00,
	0x00,0x00,0x00,0x00,0x00,0x00,0x00,0x00,0x00,0x00,0x00,0x00,0x00,0x00,0x00,0x00,
	0x00,0x00,0x00,0x00,0x00,0x00,0x00,0x00,0x00,0x00,0x00,0x00,0x00,0x00,0x00,0x00,
	0x00,0x00,0x00,0x00,0x00,0x00,0x00,0x00,0x00,0x00,0x00,0x00,0x00,0x00,0x00,0x00,
	0x00,0x00,0x00,0x00,0x00,0x00,0x00,0x00,0x00,0x00,0x00,0x00,0x00,0x00,0x00,0x00,
	0x00,0x00,0x00,0x00,0x00,0x00,0x00,0x00,0x00,0x00,0x00,0x00,0x00,0x00,0x00,0x00,
	0x00,0x00,0x00,0x00,0x00,0x00,0x00,0x00,0x00,0x00,0x00,0x00,0x00,0x00,0x00,0x00,
	0x00,0x00,0x00,0x00,0x00,0x00,0x00,0x00,0x00,0x00,0x00,0x00,0x00,0x00,0x00,0x00,
	0x00,0x00,0x00,0x00,0x00,0x00,0x00,0x00,0x00,0x00,0x00,0x00,0x00,0x00,0x00,0x00,
	0x00,0x00,0x00,0x00,0x00,0x00,0x00,0x00,0x00,0x00,0x00,0x00,0x00,0x00,0x00,0x00,
	0x00,0x00,0x00,0x00,0x00,0x00,0x00,0x00,0x00,0x00,0x00,0x00,0x00,0x00,0x00,0x00,
	0x00,0x00,0x00,0x00,0x00,0x00,0x00,0x00,0x00,0x00,0x00,0x00,0x00,0x00,0x00,0x00,
	0x00,0x00,0x00,0x00,0x00,0x00,0x00,0x00,0x00,0x00,0x00,0x00,0x00,0x00,0x00,0x00,
	0x00,0x00,0x00,0x00,0x00,0x00,0x00,0x00,0x00,0x00,0x00,0x00,0x00,0x00,0x00,0x00,
	0x00,0x00,0x00,0x00,0x00,0x00,0x00,0x00,0x00,0x00,0x00,0x00,0x00,0x00,0x00,0x00,
	0x00,0x00,0x00,0x00,0x00,0x00,0x00,0x00,0x00,0x00,0x00,0x00,0x00,0x00,0x00,0x00,
	0x00,0x00,0x00,0x00,0x00,0x00,0x00,0x00,0x00,0x00,0x00,0x00,0x00,0x00,0x00,0x00,
	0x00,0x00,0x00,0x00,0x00,0x00,0x00,0x00,0x00,0x00,0x00,0x00,0x00,0x00,0x00,0x00,
	0x00,0x00,0x00,0x00,0x00,0x00,0x00,0x00,0x00,0x00,0x00,0x00,0x00,0x00,0x00,0x00,
	0x00,0x00,0x00,0x00,0x00,0x00,0x00,0x00,0x00,0x00,0x00,0x00,0x00,0x00,0x00,0x00,
	0x00,0x00,0x00,0x00,0x00,0x00,0x00,0x00,0x00,0x00,0x00,0x00,0x00,0x00,0x00,0x00,
	0x00,0x00,0x00,0x00,0x00,0x00,0x00,0x00,0x00,0x00,0x00,0x00,0x00,0x00,0x00,0x00,
	0x00,0x00,0x00,0x00,0x00,0x00,0x00,0x00,0x00,0x00,0x00,0x00,0x00,0x00,0x00,0x00,
	0x00,0x00,0x00,0x00,0x00,0x00,0x00,0x00,0x00,0x00,0x00,0x00,0x00,0x00,0x00,0x00,
	0x00,0x00,0x00,0x00,0x00,0x00,0x00,0x00,0x00,0x00,0x00,0x00,0x00,0x00,0x00,0x00,
	0x00,0x00,0x00,0x00,0x00,0x00,0x00,0x00,0x00,0x00,0x00,0x00,0x00,0x00,0x00,0x00,
	0x00,0x00,0x00,0x00,0x00,0x00,0x00,0x00,0x00,0x00,0x00,0x00,0x00,0x00,0x00,0x00,
};
static const unsigned char rgba_s_IconOff[ 4096 ] __attribute__(   (  aligned( 16 ), section( ".data" )  )   ) = {
	0x00,0x00,0x00,0x00,0x00,0x00,0x00,0x00,0x00,0x00,0x00,0x00,0x00,0x00,0x00,0x00,
	0x00,0x00,0x00,0x00,0x00,0x00,0x00,0x00,0x00,0x00,0x00,0x00,0x00,0x00,0x00,0x00,
	0x00,0x00,0x00,0x00,0x00,0x00,0x00,0x00,0x00,0x00,0x00,0x00,0x00,0x00,0x00,0x00,
	0x00,0x00,0x00,0x00,0x00,0x00,0x00,0x00,0x00,0x00,0x00,0x00,0x00,0x00,0x00,0x00,
	0x00,0x00,0x00,0x00,0x00,0x00,0x00,0x00,0x00,0x00,0x00,0x00,0x00,0x00,0x00,0x00,
	0x00,0x00,0x00,0x00,0x00,0x00,0x00,0x00,0x00,0x00,0x00,0x00,0x00,0x00,0x00,0x00,
	0x00,0x00,0x00,0x00,0x00,0x00,0x00,0x00,0x00,0x00,0x00,0x00,0x00,0x00,0x00,0x00,
	0x00,0x00,0x00,0x00,0x00,0x00,0x00,0x00,0x00,0x00,0x00,0x00,0x00,0x00,0x00,0x00,
	0x00,0x00,0x00,0x00,0x00,0x00,0x00,0x00,0x00,0x00,0x00,0x00,0x00,0x00,0x00,0x00,
	0x00,0x00,0x00,0x00,0x00,0x00,0x00,0x00,0x00,0x00,0x00,0x00,0x00,0x00,0x00,0x00,
	0x00,0x00,0x00,0x00,0x00,0x00,0x00,0x00,0x00,0x00,0x00,0x00,0x00,0x00,0x00,0x00,
	0x00,0x00,0x00,0x00,0x00,0x00,0x00,0x00,0x00,0x00,0x00,0x00,0x00,0x00,0x00,0x00,
	0x00,0x00,0x00,0x00,0x00,0x00,0x00,0x00,0x00,0x00,0x00,0x00,0x00,0x00,0x00,0x00,
	0x00,0x00,0x00,0x00,0x00,0x00,0x00,0x00,0x00,0x00,0x00,0x00,0x00,0x00,0x00,0x00,
	0x00,0x00,0x00,0x00,0x00,0x00,0x00,0x00,0x00,0x00,0x00,0x00,0x00,0x00,0x00,0x00,
	0x00,0x00,0x00,0x00,0x00,0x00,0x00,0x00,0x00,0x00,0x00,0x00,0x00,0x00,0x00,0x00,
	0x00,0x00,0x00,0x00,0x00,0x00,0x00,0x00,0x00,0x00,0x00,0x00,0x00,0x00,0x00,0x00,
	0x00,0x00,0x00,0x00,0x00,0x00,0x00,0x00,0x00,0x00,0x00,0x00,0x00,0x00,0x00,0x00,
	0x00,0x00,0x00,0x00,0x00,0x00,0x00,0x00,0x00,0x00,0x00,0x00,0x00,0x00,0x00,0x00,
	0x00,0x00,0x00,0x00,0x00,0x00,0x00,0x00,0x00,0x00,0x00,0x00,0x00,0x00,0x00,0x00,
	0x00,0x00,0x00,0x00,0x00,0x00,0x00,0x00,0x00,0x00,0x00,0x00,0x00,0x00,0x00,0x00,
	0x00,0x00,0x00,0x00,0x00,0x00,0x00,0x00,0x00,0x00,0x00,0x00,0x00,0x00,0x00,0x00,
	0x00,0x00,0x00,0x00,0x00,0x00,0x00,0x00,0x00,0x00,0x00,0x00,0x00,0x00,0x00,0x00,
	0x00,0x00,0x00,0x00,0x00,0x00,0x00,0x00,0x00,0x00,0x00,0x00,0x00,0x00,0x00,0x00,
	0x00,0x00,0x00,0x00,0x00,0x00,0x00,0x00,0x00,0x00,0x00,0x00,0x00,0x00,0x00,0x00,
	0x00,0x00,0x00,0x00,0x00,0x00,0x00,0x00,0x00,0x00,0x00,0x00,0x00,0x00,0x00,0x00,
	0x00,0x00,0x00,0x00,0x00,0x00,0x00,0x00,0x00,0x00,0x00,0x00,0x00,0x00,0x00,0x00,
	0x00,0x00,0x00,0x00,0x00,0x00,0x00,0x00,0x00,0x00,0x00,0x00,0x00,0x00,0x00,0x00,
	0x00,0x00,0x00,0x00,0x00,0x00,0x00,0x00,0x00,0x00,0x00,0x00,0x00,0x00,0x00,0x00,
	0x00,0x00,0x00,0x00,0x00,0x00,0x00,0x00,0x00,0x00,0x00,0x00,0x00,0x00,0x00,0x00,
	0x00,0x00,0x00,0x00,0x00,0x00,0x00,0x00,0x00,0x00,0x00,0x00,0x00,0x00,0x00,0x00,
	0x00,0x00,0x00,0x00,0x00,0x00,0x00,0x00,0x00,0x00,0x00,0x00,0x00,0x00,0x00,0x00,
	0x00,0x00,0x00,0x00,0x00,0x00,0x00,0x00,0x00,0x00,0x00,0x00,0x00,0x00,0x00,0x00,
	0x00,0x00,0x00,0x00,0x00,0x00,0x00,0x00,0x00,0x00,0x00,0x00,0x00,0x00,0x00,0x00,
	0x00,0x00,0x00,0x00,0x00,0x00,0x00,0x00,0x00,0x00,0x00,0x00,0x00,0x00,0x00,0x00,
	0x00,0x00,0x00,0x00,0x00,0x00,0x00,0x00,0x00,0x00,0x00,0x00,0x00,0x00,0x00,0x00,
	0x00,0x00,0x00,0x00,0x00,0x00,0x00,0x00,0x00,0x00,0x00,0x00,0x00,0x00,0x00,0x00,
	0x00,0x00,0x00,0x00,0x00,0x00,0x00,0x00,0x00,0x00,0x00,0x00,0x00,0x00,0x00,0x00,
	0x00,0x00,0x00,0x00,0x00,0x00,0x00,0x00,0x00,0x00,0x00,0x00,0x00,0x00,0x00,0x00,
	0x00,0x00,0x00,0x00,0x00,0x00,0x00,0x00,0x00,0x00,0x00,0x00,0x00,0x00,0x00,0x00,
	0x00,0x00,0x00,0x00,0x00,0x00,0x00,0x00,0x00,0x00,0x00,0x00,0x00,0x00,0x00,0x00,
	0x00,0x00,0x00,0x00,0x00,0x00,0x00,0x00,0x00,0x00,0x00,0x00,0x00,0x00,0x00,0x00,
	0x00,0x00,0x00,0x00,0x00,0x00,0x00,0x00,0x00,0x00,0x00,0x00,0x00,0x00,0x00,0x00,
	0x00,0x00,0x00,0x00,0x00,0x00,0x00,0x00,0x00,0x00,0x00,0x00,0x00,0x00,0x00,0x00,
	0x00,0x00,0x00,0x00,0x00,0x00,0x00,0x00,0x00,0x00,0x00,0x00,0x00,0x00,0x00,0x00,
	0x00,0x00,0x00,0x00,0x00,0x00,0x00,0x00,0x00,0x00,0x00,0x00,0x00,0x00,0x00,0x00,
	0x00,0x00,0x00,0x00,0x00,0x00,0x00,0x00,0x00,0x00,0x00,0x00,0x00,0x00,0x00,0x00,
	0x00,0x00,0x00,0x00,0x00,0x00,0x00,0x00,0x00,0x00,0x00,0x00,0x00,0x00,0x00,0x00,
	0x00,0x00,0x00,0x00,0x00,0x00,0x00,0x00,0x00,0x00,0x00,0x00,0x00,0x00,0x00,0x00,
	0x00,0x00,0x00,0x00,0x00,0x00,0x00,0x00,0x00,0x00,0x00,0x00,0x00,0x00,0x00,0x00,
	0x00,0x00,0x00,0x00,0x00,0x00,0x00,0x00,0x00,0x00,0x00,0x00,0x00,0x00,0x00,0x00,
	0x00,0x00,0x00,0x00,0x00,0x00,0x00,0x00,0x00,0x00,0x00,0x00,0x00,0x00,0x00,0x00,
	0x00,0x00,0x00,0x00,0x00,0x00,0x00,0x00,0x00,0x00,0x00,0x00,0x00,0x00,0x00,0x00,
	0x00,0x00,0x00,0x00,0x00,0x00,0x00,0x00,0x00,0x00,0x00,0x00,0x00,0x00,0x00,0x00,
	0x00,0x00,0x00,0x00,0x00,0x00,0x00,0x00,0x00,0x00,0x00,0x00,0x00,0x00,0x00,0x00,
	0x00,0x00,0x00,0x00,0x00,0x00,0x00,0x00,0x00,0x00,0x00,0x00,0x00,0x00,0x00,0x00,
	0x00,0x00,0x00,0x00,0x00,0x00,0x00,0x00,0x00,0x00,0x00,0x00,0x00,0x00,0x00,0x00,
	0x00,0x00,0x00,0x00,0x00,0x00,0x00,0x00,0x00,0x00,0x00,0x00,0x00,0x00,0x00,0x00,
	0x00,0x00,0x00,0x00,0x00,0x00,0x00,0x00,0x00,0x00,0x00,0x00,0x00,0x00,0x00,0x00,
	0x00,0x00,0x00,0x00,0x00,0x00,0x00,0x00,0x00,0x00,0x00,0x00,0x00,0x00,0x00,0x00,
	0x00,0x00,0x00,0x00,0x00,0x00,0x00,0x00,0x00,0x00,0x00,0x00,0x00,0x00,0x00,0x00,
	0x00,0x00,0x00,0x00,0x00,0x00,0x00,0x00,0x00,0x00,0x00,0x00,0x00,0x00,0x00,0x00,
	0x00,0x00,0x00,0x00,0x00,0x00,0x00,0x00,0x00,0x00,0x00,0x00,0x00,0x00,0x00,0x00,
	0x00,0x00,0x00,0x00,0x00,0x00,0x00,0x00,0x00,0x00,0x00,0x00,0x00,0x00,0x00,0x00,
	0x00,0x00,0x00,0x00,0x00,0x00,0x00,0x00,0x00,0x00,0x00,0x00,0x00,0x00,0x00,0x00,
	0x00,0x00,0x00,0x01,0xf2,0xf2,0xf2,0x30,0xf9,0xf9,0xf9,0x5b,0xfe,0xfe,0xfe,0x78,
	0xff,0xff,0xff,0x80,0xff,0xff,0xff,0x80,0xff,0xff,0xff,0x80,0xff,0xff,0xff,0x80,
	0xff,0xff,0xff,0x80,0xff,0xff,0xff,0x80,0xff,0xff,0xff,0x80,0xff,0xff,0xff,0x80,
	0xff,0xff,0xff,0x80,0xff,0xff,0xff,0x80,0xff,0xff,0xff,0x80,0xff,0xff,0xff,0x80,
	0xff,0xff,0xff,0x80,0xff,0xff,0xff,0x80,0xff,0xff,0xff,0x80,0xff,0xff,0xff,0x80,
	0xfe,0xfe,0xfe,0x78,0xf9,0xf9,0xf9,0x5b,0xf2,0xf2,0xf2,0x30,0x00,0x00,0x00,0x01,
	0x00,0x00,0x00,0x00,0x00,0x00,0x00,0x00,0x00,0x00,0x00,0x00,0x00,0x00,0x00,0x00,
	0x00,0x00,0x00,0x00,0x00,0x00,0x00,0x00,0x00,0x00,0x00,0x01,0xeb,0xeb,0xeb,0x21,
	0xfb,0xfb,0xfb,0x6b,0xff,0xff,0xff,0x80,0xff,0xff,0xff,0x80,0xff,0xff,0xff,0x80,
	0xff,0xff,0xff,0x80,0xff,0xff,0xff,0x80,0xff,0xff,0xff,0x80,0xff,0xff,0xff,0x80,
	0xff,0xff,0xff,0x80,0xff,0xff,0xff,0x80,0xff,0xff,0xff,0x80,0xff,0xff,0xff,0x80,
	0xff,0xff,0xff,0x80,0xff,0xff,0xff,0x80,0xff,0xff,0xff,0x80,0xff,0xff,0xff,0x80,
	0xff,0xff,0xff,0x80,0xff,0xff,0xff,0x80,0xff,0xff,0xff,0x80,0xff,0xff,0xff,0x80,
	0xff,0xff,0xff,0x80,0xff,0xff,0xff,0x80,0xff,0xff,0xff,0x80,0xfb,0xfb,0xfb,0x6b,
	0xeb,0xeb,0xeb,0x21,0x00,0x00,0x00,0x01,0x00,0x00,0x00,0x00,0x00,0x00,0x00,0x00,
	0x00,0x00,0x00,0x00,0x00,0x00,0x00,0x01,0xe0,0xe0,0xe0,0x1d,0xfe,0xfe,0xfe,0x7c,
	0xff,0xff,0xff,0x80,0xfe,0xfe,0xfe,0x80,0xd3,0xd3,0xd3,0x80,0xab,0xab,0xab,0x80,
	0xa0,0xa0,0xa0,0x80,0x9e,0x9e,0x9e,0x80,0x9d,0x9d,0x9d,0x80,0x9d,0x9d,0x9d,0x80,
	0x9d,0x9d,0x9d,0x80,0x9d,0x9d,0x9d,0x80,0x9d,0x9d,0x9d,0x80,0x9d,0x9d,0x9d,0x80,
	0x9d,0x9d,0x9d,0x80,0x9d,0x9d,0x9d,0x80,0x9d,0x9d,0x9d,0x80,0x9d,0x9d,0x9d,0x80,
	0x95,0x95,0x95,0x80,0x8c,0x8c,0x8c,0x80,0x86,0x86,0x86,0x80,0x83,0x83,0x83,0x80,
	0x89,0x89,0x89,0x80,0xae,0xae,0xae,0x80,0xfb,0xfb,0xfb,0x80,0xff,0xff,0xff,0x80,
	0xfe,0xfe,0xfe,0x7b,0xe0,0xe0,0xe0,0x1d,0x00,0x00,0x00,0x01,0x00,0x00,0x00,0x00,
	0x00,0x00,0x00,0x00,0x00,0x00,0x00,0x03,0xf8,0xf8,0xf8,0x68,0xff,0xff,0xff,0x80,
	0xff,0xff,0xff,0x80,0xd1,0xd1,0xd1,0x80,0xb5,0xb5,0xb5,0x80,0xb7,0xb7,0xb7,0x80,
	0xb9,0xb9,0xb9,0x80,0xb4,0xb4,0xb4,0x80,0xb0,0xb0,0xb0,0x80,0xae,0xae,0xae,0x80,
	0xad,0xad,0xad,0x80,0xad,0xad,0xad,0x80,0xad,0xad,0xad,0x80,0xad,0xad,0xad,0x80,
	0xad,0xad,0xad,0x80,0xad,0xad,0xad,0x80,0xa9,0xa9,0xa9,0x80,0x8e,0x8e,0x8e,0x80,
	0x84,0x84,0x84,0x80,0x82,0x82,0x82,0x80,0x7f,0x7f,0x7f,0x80,0x7c,0x7c,0x7c,0x80,
	0x7a,0x7a,0x7a,0x80,0x77,0x77,0x77,0x80,0x86,0x86,0x86,0x80,0xf0,0xf0,0xf0,0x80,
	0xff,0xff,0xff,0x80,0xf8,0xf8,0xf8,0x68,0x00,0x00,0x00,0x03,0x00,0x00,0x00,0x00,
	0x00,0x00,0x00,0x01,0xce,0xce,0xce,0x22,0xff,0xff,0xff,0x80,0xff,0xff,0xff,0x80,
	0xf1,0xf1,0xf1,0x80,0xc3,0xc3,0xc3,0x80,0xce,0xce,0xce,0x80,0xcf,0xcf,0xcf,0x80,
	0xcc,0xcc,0xcc,0x80,0xc8,0xc8,0xc8,0x80,0xc4,0xc4,0xc4,0x80,0xc0,0xc0,0xc0,0x80,
	0xbe,0xbe,0xbe,0x80,0xbd,0xbd,0xbd,0x80,0xbd,0xbd,0xbd,0x80,0xbd,0xbd,0xbd,0x80,
	0xbd,0xbd,0xbd,0x80,0xbc,0xbc,0xbc,0x80,0x8f,0x8f,0x8f,0x80,0x81,0x81,0x81,0x80,
	0x7e,0x7e,0x7e,0x80,0x7c,0x7c,0x7c,0x80,0x79,0x79,0x79,0x80,0x76,0x76,0x76,0x80,
	0x73,0x73,0x73,0x80,0x70,0x70,0x70,0x80,0x6d,0x6d,0x6d,0x80,0x83,0x83,0x83,0x80,
	0xfb,0xfb,0xfb,0x80,0xff,0xff,0xff,0x80,0xce,0xce,0xce,0x22,0x00,0x00,0x00,0x01,
	0x00,0x00,0x00,0x03,0xea,0xea,0xea,0x4f,0xff,0xff,0xff,0x80,0xff,0xff,0xff,0x80,
	0xdf,0xdf,0xdf,0x80,0xd6,0xd6,0xd6,0x80,0xdb,0xdb,0xdb,0x80,0xdd,0xdd,0xdd,0x80,
	0xdb,0xdb,0xdb,0x80,0xd7,0xd7,0xd7,0x80,0xd3,0xd3,0xd3,0x80,0xd1,0xd1,0xd1,0x80,
	0xcf,0xcf,0xcf,0x80,0xce,0xce,0xce,0x80,0xce,0xce,0xce,0x80,0xce,0xce,0xce,0x80,
	0xce,0xce,0xce,0x80,0xad,0xad,0xad,0x80,0x7e,0x7e,0x7e,0x80,0x7b,0x7b,0x7b,0x80,
	0x78,0x78,0x78,0x80,0x75,0x75,0x75,0x80,0x72,0x72,0x72,0x80,0x6f,0x6f,0x6f,0x80,
	0x6c,0x6c,0x6c,0x80,0x69,0x69,0x69,0x80,0x66,0x66,0x66,0x80,0x63,0x63,0x63,0x80,
	0xbb,0xbb,0xbb,0x80,0xff,0xff,0xff,0x80,0xea,0xea,0xea,0x4e,0x00,0x00,0x00,0x03,
	0x00,0x00,0x00,0x06,0xf5,0xf5,0xf5,0x6a,0xff,0xff,0xff,0x80,0xff,0xff,0xff,0x80,
	0xdc,0xdc,0xdc,0x80,0xdd,0xdd,0xdd,0x80,0xe3,0xe3,0xe3,0x80,0xe6,0xe6,0xe6,0x80,
	0xe5,0xe5,0xe5,0x80,0xe3,0xe3,0xe3,0x80,0xe1,0xe1,0xe1,0x80,0xe0,0xe0,0xe0,0x80,
	0xdf,0xdf,0xdf,0x80,0xde,0xde,0xde,0x80,0xde,0xde,0xde,0x80,0xde,0xde,0xde,0x80,
	0xde,0xde,0xde,0x80,0x90,0x90,0x90,0x80,0x77,0x77,0x77,0x80,0x74,0x74,0x74,0x80,
	0x71,0x71,0x71,0x80,0x6e,0x6e,0x6e,0x80,0x6b,0x6b,0x6b,0x80,0x68,0x68,0x68,0x80,
	0x65,0x65,0x65,0x80,0x62,0x62,0x62,0x80,0x5f,0x5f,0x5f,0x80,0x5c,0x5c,0x5c,0x80,
	0x7d,0x7d,0x7d,0x80,0xff,0xff,0xff,0x80,0xf4,0xf4,0xf4,0x6a,0x00,0x00,0x00,0x06,
	0x00,0x00,0x00,0x08,0xfd,0xfd,0xfd,0x7c,0xff,0xff,0xff,0x80,0xff,0xff,0xff,0x80,
	0xdf,0xdf,0xdf,0x80,0xe3,0xe3,0xe3,0x80,0xe8,0xe8,0xe8,0x80,0xea,0xea,0xea,0x80,
	0xea,0xea,0xea,0x80,0xea,0xea,0xea,0x80,0xe9,0xe9,0xe9,0x80,0xe7,0xe7,0xe7,0x80,
	0xe6,0xe6,0xe6,0x80,0xe6,0xe6,0xe6,0x80,0xe6,0xe6,0xe6,0x80,0xe6,0xe6,0xe6,0x80,
	0xe6,0xe6,0xe6,0x80,0x77,0x77,0x77,0x80,0x71,0x71,0x71,0x80,0x6e,0x6e,0x6e,0x80,
	0x6b,0x6b,0x6b,0x80,0x67,0x67,0x67,0x80,0x64,0x64,0x64,0x80,0x61,0x61,0x61,0x80,
	0x5e,0x5e,0x5e,0x80,0x5b,0x5b,0x5b,0x80,0x58,0x58,0x58,0x80,0x54,0x54,0x54,0x80,
	0x56,0x56,0x56,0x80,0xff,0xff,0xff,0x80,0xfd,0xfd,0xfd,0x7c,0x00,0x00,0x00,0x08,
	0x00,0x00,0x00,0x0a,0xfd,0xfd,0xfd,0x7c,0xff,0xff,0xff,0x80,0xff,0xff,0xff,0x80,
	0xe6,0xe6,0xe6,0x80,0xe8,0xe8,0xe8,0x80,0xea,0xea,0xea,0x80,0xeb,0xeb,0xeb,0x80,
	0xeb,0xeb,0xeb,0x80,0xe9,0xe9,0xe9,0x80,0xe8,0xe8,0xe8,0x80,0xe7,0xe7,0xe7,0x80,
	0xe6,0xe6,0xe6,0x80,0xe6,0xe6,0xe6,0x80,0xe6,0xe6,0xe6,0x80,0xe6,0xe6,0xe6,0x80,
	0xe6,0xe6,0xe6,0x80,0x70,0x70,0x70,0x80,0x6a,0x6a,0x6a,0x80,0x67,0x67,0x67,0x80,
	0x64,0x64,0x64,0x80,0x60,0x60,0x60,0x80,0x5d,0x5d,0x5d,0x80,0x5a,0x5a,0x5a,0x80,
	0x57,0x57,0x57,0x80,0x54,0x54,0x54,0x80,0x50,0x50,0x50,0x80,0x4d,0x4d,0x4d,0x80,
	0x53,0x53,0x53,0x80,0xff,0xff,0xff,0x80,0xfd,0xfd,0xfd,0x7c,0x00,0x00,0x00,0x0a,
	0x00,0x00,0x00,0x0a,0xf1,0xf1,0xf1,0x6c,0xff,0xff,0xff,0x80,0xff,0xff,0xff,0x80,
	0xeb,0xeb,0xeb,0x80,0xe9,0xe9,0xe9,0x80,0xea,0xea,0xea,0x80,0xea,0xea,0xea,0x80,
	0xe9,0xe9,0xe9,0x80,0xe9,0xe9,0xe9,0x80,0xe8,0xe8,0xe8,0x80,0xe7,0xe7,0xe7,0x80,
	0xe7,0xe7,0xe7,0x80,0xe7,0xe7,0xe7,0x80,0xe7,0xe7,0xe7,0x80,0xe7,0xe7,0xe7,0x80,
	0xe7,0xe7,0xe7,0x80,0x82,0x82,0x82,0x80,0x63,0x63,0x63,0x80,0x60,0x60,0x60,0x80,
	0x5c,0x5c,0x5c,0x80,0x59,0x59,0x59,0x80,0x56,0x56,0x56,0x80,0x53,0x53,0x53,0x80,
	0x50,0x50,0x50,0x80,0x4c,0x4c,0x4c,0x80,0x49,0x49,0x49,0x80,0x46,0x46,0x46,0x80,
	0x6c,0x6c,0x6c,0x80,0xff,0xff,0xff,0x80,0xf1,0xf1,0xf1,0x6c,0x00,0x00,0x00,0x0a,
	0x00,0x00,0x00,0x08,0xdc,0xdc,0xdc,0x54,0xff,0xff,0xff,0x80,0xff,0xff,0xff,0x80,
	0xf1,0xf1,0xf1,0x80,0xe9,0xe9,0xe9,0x80,0xe9,0xe9,0xe9,0x80,0xe9,0xe9,0xe9,0x80,
	0xe9,0xe9,0xe9,0x80,0xe9,0xe9,0xe9,0x80,0xe8,0xe8,0xe8,0x80,0xe8,0xe8,0xe8,0x80,
	0xe8,0xe8,0xe8,0x80,0xe8,0xe8,0xe8,0x80,0xe8,0xe8,0xe8,0x80,0xe8,0xe8,0xe8,0x80,
	0xe8,0xe8,0xe8,0x80,0xad,0xad,0xad,0x80,0x5c,0x5c,0x5c,0x80,0x58,0x58,0x58,0x80,
	0x55,0x55,0x55,0x80,0x52,0x52,0x52,0x80,0x4f,0x4f,0x4f,0x80,0x4c,0x4c,0x4c,0x80,
	0x49,0x49,0x49,0x80,0x46,0x46,0x46,0x80,0x43,0x43,0x43,0x80,0x3f,0x3f,0x3f,0x80,
	0xab,0xab,0xab,0x80,0xff,0xff,0xff,0x80,0xdc,0xdc,0xdc,0x54,0x00,0x00,0x00,0x08,
	0x00,0x00,0x00,0x06,0x9e,0x9e,0x9e,0x2c,0xff,0xff,0xff,0x80,0xff,0xff,0xff,0x80,
	0xfa,0xfa,0xfa,0x80,0xe9,0xe9,0xe9,0x80,0xe9,0xe9,0xe9,0x80,0xea,0xea,0xea,0x80,
	0xea,0xea,0xea,0x80,0xea,0xea,0xea,0x80,0xe9,0xe9,0xe9,0x80,0xe9,0xe9,0xe9,0x80,
	0xe9,0xe9,0xe9,0x80,0xe9,0xe9,0xe9,0x80,0xe9,0xe9,0xe9,0x80,0xe9,0xe9,0xe9,0x80,
	0xe9,0xe9,0xe9,0x80,0xe5,0xe5,0xe5,0x80,0x6f,0x6f,0x6f,0x80,0x51,0x51,0x51,0x80,
	0x4e,0x4e,0x4e,0x80,0x4b,0x4b,0x4b,0x80,0x48,0x48,0x48,0x80,0x45,0x45,0x45,0x80,
	0x42,0x42,0x42,0x80,0x3f,0x3f,0x3f,0x80,0x3c,0x3c,0x3c,0x80,0x5c,0x5c,0x5c,0x80,
	0xf9,0xf9,0xf9,0x80,0xff,0xff,0xff,0x80,0x9e,0x9e,0x9e,0x2c,0x00,0x00,0x00,0x06,
	0x00,0x00,0x00,0x03,0x00,0x00,0x00,0x0f,0xee,0xee,0xee,0x6c,0xff,0xff,0xff,0x80,
	0xff,0xff,0xff,0x80,0xf2,0xf2,0xf2,0x80,0xea,0xea,0xea,0x80,0xeb,0xeb,0xeb,0x80,
	0xeb,0xeb,0xeb,0x80,0xeb,0xeb,0xeb,0x80,0xeb,0xeb,0xeb,0x80,0xeb,0xeb,0xeb,0x80,
	0xeb,0xeb,0xeb,0x80,0xeb,0xeb,0xeb,0x80,0xeb,0xeb,0xeb,0x80,0xeb,0xeb,0xeb,0x80,
	0xeb,0xeb,0xeb,0x80,0xeb,0xeb,0xeb,0x80,0xda,0xda,0xda,0x80,0x68,0x68,0x68,0x80,
	0x47,0x47,0x47,0x80,0x44,0x44,0x44,0x80,0x41,0x41,0x41,0x80,0x3e,0x3e,0x3e,0x80,
	0x3b,0x3b,0x3b,0x80,0x38,0x38,0x38,0x80,0x59,0x59,0x59,0x80,0xe9,0xe9,0xe9,0x80,
	0xff,0xff,0xff,0x80,0xee,0xee,0xee,0x6c,0x00,0x00,0x00,0x0f,0x00,0x00,0x00,0x03,
	0x00,0x00,0x00,0x01,0x00,0x00,0x00,0x08,0x8e,0x8e,0x8e,0x2d,0xfc,0xfc,0xfc,0x7d,
	0xff,0xff,0xff,0x80,0xff,0xff,0xff,0x80,0xf4,0xf4,0xf4,0x80,0xec,0xec,0xec,0x80,
	0xec,0xec,0xec,0x80,0xec,0xec,0xec,0x80,0xec,0xec,0xec,0x80,0xec,0xec,0xec,0x80,
	0xec,0xec,0xec,0x80,0xec,0xec,0xec,0x80,0xec,0xec,0xec,0x80,0xec,0xec,0xec,0x80,
	0xec,0xec,0xec,0x80,0xec,0xec,0xec,0x80,0xec,0xec,0xec,0x80,0xe8,0xe8,0xe8,0x80,
	0xa1,0xa1,0xa1,0x80,0x61,0x61,0x61,0x80,0x42,0x42,0x42,0x80,0x40,0x40,0x40,0x80,
	0x5a,0x5a,0x5a,0x80,0xa0,0xa0,0xa0,0x80,0xfa,0xfa,0xfa,0x80,0xff,0xff,0xff,0x80,
	0xfc,0xfc,0xfc,0x7c,0x8e,0x8e,0x8e,0x2d,0x00,0x00,0x00,0x08,0x00,0x00,0x00,0x01,
	0x00,0x00,0x00,0x00,0x00,0x00,0x00,0x03,0x00,0x00,0x00,0x0e,0x94,0x94,0x94,0x35,
	0xf0,0xf0,0xf0,0x71,0xff,0xff,0xff,0x80,0xff,0xff,0xff,0x80,0xff,0xff,0xff,0x80,
	0xff,0xff,0xff,0x80,0xff,0xff,0xff,0x80,0xff,0xff,0xff,0x80,0xff,0xff,0xff,0x80,
	0xff,0xff,0xff,0x80,0xff,0xff,0xff,0x80,0xff,0xff,0xff,0x80,0xff,0xff,0xff,0x80,
	0xff,0xff,0xff,0x80,0xff,0xff,0xff,0x80,0xff,0xff,0xff,0x80,0xff,0xff,0xff,0x80,
	0xff,0xff,0xff,0x80,0xff,0xff,0xff,0x80,0xff,0xff,0xff,0x80,0xff,0xff,0xff,0x80,
	0xff,0xff,0xff,0x80,0xff,0xff,0xff,0x80,0xff,0xff,0xff,0x80,0xf0,0xf0,0xf0,0x71,
	0x94,0x94,0x94,0x35,0x00,0x00,0x00,0x0e,0x00,0x00,0x00,0x03,0x00,0x00,0x00,0x00,
	0x00,0x00,0x00,0x00,0x00,0x00,0x00,0x01,0x00,0x00,0x00,0x05,0x00,0x00,0x00,0x0f,
	0x00,0x00,0x00,0x1a,0xae,0xae,0xae,0x44,0xe3,0xe3,0xe3,0x65,0xfa,0xfa,0xfa,0x7a,
	0xff,0xff,0xff,0x80,0xff,0xff,0xff,0x80,0xff,0xff,0xff,0x80,0xff,0xff,0xff,0x80,
	0xff,0xff,0xff,0x80,0xff,0xff,0xff,0x80,0xff,0xff,0xff,0x80,0xff,0xff,0xff,0x80,
	0xff,0xff,0xff,0x80,0xff,0xff,0xff,0x80,0xff,0xff,0xff,0x80,0xff,0xff,0xff,0x80,
	0xff,0xff,0xff,0x80,0xff,0xff,0xff,0x80,0xff,0xff,0xff,0x80,0xff,0xff,0xff,0x80,
	0xfa,0xfa,0xfa,0x7a,0xe3,0xe3,0xe3,0x65,0xad,0xad,0xad,0x43,0x00,0x00,0x00,0x1a,
	0x00,0x00,0x00,0x0f,0x00,0x00,0x00,0x05,0x00,0x00,0x00,0x01,0x00,0x00,0x00,0x00,
	0x00,0x00,0x00,0x00,0x00,0x00,0x00,0x00,0x00,0x00,0x00,0x01,0x00,0x00,0x00,0x04,
	0x00,0x00,0x00,0x0a,0x00,0x00,0x00,0x11,0x00,0x00,0x00,0x18,0x00,0x00,0x00,0x1d,
	0x00,0x00,0x00,0x1f,0x00,0x00,0x00,0x1f,0x00,0x00,0x00,0x1f,0x00,0x00,0x00,0x1f,
	0x00,0x00,0x00,0x1f,0x00,0x00,0x00,0x1f,0x00,0x00,0x00,0x1f,0x00,0x00,0x00,0x1f,
	0x00,0x00,0x00,0x1f,0x00,0x00,0x00,0x1f,0x00,0x00,0x00,0x1f,0x00,0x00,0x00,0x1f,
	0x00,0x00,0x00,0x1f,0x00,0x00,0x00,0x1f,0x00,0x00,0x00,0x1f,0x00,0x00,0x00,0x1f,
	0x00,0x00,0x00,0x1d,0x00,0x00,0x00,0x18,0x00,0x00,0x00,0x11,0x00,0x00,0x00,0x0a,
	0x00,0x00,0x00,0x04,0x00,0x00,0x00,0x01,0x00,0x00,0x00,0x00,0x00,0x00,0x00,0x00,
	0x00,0x00,0x00,0x00,0x00,0x00,0x00,0x00,0x00,0x00,0x00,0x00,0x00,0x00,0x00,0x00,
	0x00,0x00,0x00,0x01,0x00,0x00,0x00,0x04,0x00,0x00,0x00,0x07,0x00,0x00,0x00,0x09,
	0x00,0x00,0x00,0x0a,0x00,0x00,0x00,0x0b,0x00,0x00,0x00,0x0b,0x00,0x00,0x00,0x0b,
	0x00,0x00,0x00,0x0b,0x00,0x00,0x00,0x0b,0x00,0x00,0x00,0x0b,0x00,0x00,0x00,0x0b,
	0x00,0x00,0x00,0x0b,0x00,0x00,0x00,0x0b,0x00,0x00,0x00,0x0b,0x00,0x00,0x00,0x0b,
	0x00,0x00,0x00,0x0b,0x00,0x00,0x00,0x0b,0x00,0x00,0x00,0x0b,0x00,0x00,0x00,0x0a,
	0x00,0x00,0x00,0x09,0x00,0x00,0x00,0x07,0x00,0x00,0x00,0x04,0x00,0x00,0x00,0x01,
	0x00,0x00,0x00,0x00,0x00,0x00,0x00,0x00,0x00,0x00,0x00,0x00,0x00,0x00,0x00,0x00,
	0x00,0x00,0x00,0x00,0x00,0x00,0x00,0x00,0x00,0x00,0x00,0x00,0x00,0x00,0x00,0x00,
	0x00,0x00,0x00,0x00,0x00,0x00,0x00,0x00,0x00,0x00,0x00,0x00,0x00,0x00,0x00,0x00,
	0x00,0x00,0x00,0x00,0x00,0x00,0x00,0x00,0x00,0x00,0x00,0x00,0x00,0x00,0x00,0x00,
	0x00,0x00,0x00,0x00,0x00,0x00,0x00,0x00,0x00,0x00,0x00,0x00,0x00,0x00,0x00,0x00,
	0x00,0x00,0x00,0x00,0x00,0x00,0x00,0x00,0x00,0x00,0x00,0x00,0x00,0x00,0x00,0x00,
	0x00,0x00,0x00,0x00,0x00,0x00,0x00,0x00,0x00,0x00,0x00,0x00,0x00,0x00,0x00,0x00,
	0x00,0x00,0x00,0x00,0x00,0x00,0x00,0x00,0x00,0x00,0x00,0x00,0x00,0x00,0x00,0x00,
	0x00,0x00,0x00,0x00,0x00,0x00,0x00,0x00,0x00,0x00,0x00,0x00,0x00,0x00,0x00,0x00,
	0x00,0x00,0x00,0x00,0x00,0x00,0x00,0x00,0x00,0x00,0x00,0x00,0x00,0x00,0x00,0x00,
	0x00,0x00,0x00,0x00,0x00,0x00,0x00,0x00,0x00,0x00,0x00,0x00,0x00,0x00,0x00,0x00,
	0x00,0x00,0x00,0x00,0x00,0x00,0x00,0x00,0x00,0x00,0x00,0x00,0x00,0x00,0x00,0x00,
	0x00,0x00,0x00,0x00,0x00,0x00,0x00,0x00,0x00,0x00,0x00,0x00,0x00,0x00,0x00,0x00,
	0x00,0x00,0x00,0x00,0x00,0x00,0x00,0x00,0x00,0x00,0x00,0x00,0x00,0x00,0x00,0x00,
	0x00,0x00,0x00,0x00,0x00,0x00,0x00,0x00,0x00,0x00,0x00,0x00,0x00,0x00,0x00,0x00,
	0x00,0x00,0x00,0x00,0x00,0x00,0x00,0x00,0x00,0x00,0x00,0x00,0x00,0x00,0x00,0x00,
	0x00,0x00,0x00,0x00,0x00,0x00,0x00,0x00,0x00,0x00,0x00,0x00,0x00,0x00,0x00,0x00,
	0x00,0x00,0x00,0x00,0x00,0x00,0x00,0x00,0x00,0x00,0x00,0x00,0x00,0x00,0x00,0x00,
	0x00,0x00,0x00,0x00,0x00,0x00,0x00,0x00,0x00,0x00,0x00,0x00,0x00,0x00,0x00,0x00,
	0x00,0x00,0x00,0x00,0x00,0x00,0x00,0x00,0x00,0x00,0x00,0x00,0x00,0x00,0x00,0x00,
	0x00,0x00,0x00,0x00,0x00,0x00,0x00,0x00,0x00,0x00,0x00,0x00,0x00,0x00,0x00,0x00,
	0x00,0x00,0x00,0x00,0x00,0x00,0x00,0x00,0x00,0x00,0x00,0x00,0x00,0x00,0x00,0x00,
	0x00,0x00,0x00,0x00,0x00,0x00,0x00,0x00,0x00,0x00,0x00,0x00,0x00,0x00,0x00,0x00,
	0x00,0x00,0x00,0x00,0x00,0x00,0x00,0x00,0x00,0x00,0x00,0x00,0x00,0x00,0x00,0x00,
	0x00,0x00,0x00,0x00,0x00,0x00,0x00,0x00,0x00,0x00,0x00,0x00,0x00,0x00,0x00,0x00,
	0x00,0x00,0x00,0x00,0x00,0x00,0x00,0x00,0x00,0x00,0x00,0x00,0x00,0x00,0x00,0x00,
	0x00,0x00,0x00,0x00,0x00,0x00,0x00,0x00,0x00,0x00,0x00,0x00,0x00,0x00,0x00,0x00,
	0x00,0x00,0x00,0x00,0x00,0x00,0x00,0x00,0x00,0x00,0x00,0x00,0x00,0x00,0x00,0x00,
	0x00,0x00,0x00,0x00,0x00,0x00,0x00,0x00,0x00,0x00,0x00,0x00,0x00,0x00,0x00,0x00,
	0x00,0x00,0x00,0x00,0x00,0x00,0x00,0x00,0x00,0x00,0x00,0x00,0x00,0x00,0x00,0x00,
	0x00,0x00,0x00,0x00,0x00,0x00,0x00,0x00,0x00,0x00,0x00,0x00,0x00,0x00,0x00,0x00,
	0x00,0x00,0x00,0x00,0x00,0x00,0x00,0x00,0x00,0x00,0x00,0x00,0x00,0x00,0x00,0x00,
	0x00,0x00,0x00,0x00,0x00,0x00,0x00,0x00,0x00,0x00,0x00,0x00,0x00,0x00,0x00,0x00,
	0x00,0x00,0x00,0x00,0x00,0x00,0x00,0x00,0x00,0x00,0x00,0x00,0x00,0x00,0x00,0x00,
	0x00,0x00,0x00,0x00,0x00,0x00,0x00,0x00,0x00,0x00,0x00,0x00,0x00,0x00,0x00,0x00,
	0x00,0x00,0x00,0x00,0x00,0x00,0x00,0x00,0x00,0x00,0x00,0x00,0x00,0x00,0x00,0x00,
	0x00,0x00,0x00,0x00,0x00,0x00,0x00,0x00,0x00,0x00,0x00,0x00,0x00,0x00,0x00,0x00,
	0x00,0x00,0x00,0x00,0x00,0x00,0x00,0x00,0x00,0x00,0x00,0x00,0x00,0x00,0x00,0x00,
	0x00,0x00,0x00,0x00,0x00,0x00,0x00,0x00,0x00,0x00,0x00,0x00,0x00,0x00,0x00,0x00,
	0x00,0x00,0x00,0x00,0x00,0x00,0x00,0x00,0x00,0x00,0x00,0x00,0x00,0x00,0x00,0x00,
	0x00,0x00,0x00,0x00,0x00,0x00,0x00,0x00,0x00,0x00,0x00,0x00,0x00,0x00,0x00,0x00,
	0x00,0x00,0x00,0x00,0x00,0x00,0x00,0x00,0x00,0x00,0x00,0x00,0x00,0x00,0x00,0x00,
	0x00,0x00,0x00,0x00,0x00,0x00,0x00,0x00,0x00,0x00,0x00,0x00,0x00,0x00,0x00,0x00,
	0x00,0x00,0x00,0x00,0x00,0x00,0x00,0x00,0x00,0x00,0x00,0x00,0x00,0x00,0x00,0x00,
	0x00,0x00,0x00,0x00,0x00,0x00,0x00,0x00,0x00,0x00,0x00,0x00,0x00,0x00,0x00,0x00,
	0x00,0x00,0x00,0x00,0x00,0x00,0x00,0x00,0x00,0x00,0x00,0x00,0x00,0x00,0x00,0x00,
	0x00,0x00,0x00,0x00,0x00,0x00,0x00,0x00,0x00,0x00,0x00,0x00,0x00,0x00,0x00,0x00,
	0x00,0x00,0x00,0x00,0x00,0x00,0x00,0x00,0x00,0x00,0x00,0x00,0x00,0x00,0x00,0x00,
	0x00,0x00,0x00,0x00,0x00,0x00,0x00,0x00,0x00,0x00,0x00,0x00,0x00,0x00,0x00,0x00,
};
static const unsigned char rgba_s_IconSave[ 4096 ] __attribute__(   (  aligned( 16 ), section( ".data" )  )   ) = {
	0x00,0x00,0x00,0x00,0x00,0x00,0x00,0x00,0x00,0x00,0x00,0x00,0x00,0x00,0x00,0x00,
	0x00,0x00,0x00,0x00,0x00,0x00,0x00,0x00,0x00,0x00,0x00,0x00,0x00,0x00,0x00,0x00,
	0x00,0x00,0x00,0x00,0x00,0x00,0x00,0x00,0x00,0x00,0x00,0x00,0x00,0x00,0x00,0x00,
	0x00,0x00,0x00,0x00,0x00,0x00,0x00,0x00,0x00,0x00,0x00,0x00,0x00,0x00,0x00,0x00,
	0x00,0x00,0x00,0x00,0x00,0x00,0x00,0x00,0x00,0x00,0x00,0x00,0x00,0x00,0x00,0x00,
	0x00,0x00,0x00,0x00,0x00,0x00,0x00,0x00,0x00,0x00,0x00,0x00,0x00,0x00,0x00,0x00,
	0x00,0x00,0x00,0x00,0x00,0x00,0x00,0x00,0x00,0x00,0x00,0x00,0xa2,0x48,0x0f,0x02,
	0xcb,0x5b,0x12,0x03,0x00,0x00,0x00,0x00,0x00,0x00,0x00,0x00,0x00,0x00,0x00,0x00,
	0x00,0x00,0x00,0x00,0x00,0x00,0x00,0x00,0x00,0x00,0x00,0x00,0x00,0x00,0x00,0x00,
	0x00,0x00,0x00,0x00,0x00,0x00,0x00,0x00,0x00,0x00,0x00,0x00,0x00,0x00,0x00,0x00,
	0x00,0x00,0x00,0x00,0x00,0x00,0x00,0x00,0x00,0x00,0x00,0x00,0x00,0x00,0x00,0x00,
	0x00,0x00,0x00,0x00,0x00,0x00,0x00,0x00,0x00,0x00,0x00,0x00,0x00,0x00,0x00,0x00,
	0x00,0x00,0x00,0x00,0x00,0x00,0x00,0x00,0x00,0x00,0x00,0x00,0x00,0x00,0x00,0x00,
	0x00,0x00,0x00,0x00,0x00,0x00,0x00,0x00,0x00,0x00,0x00,0x00,0x00,0x00,0x00,0x00,
	0x00,0x00,0x00,0x00,0x00,0x00,0x00,0x01,0x75,0x3c,0x10,0x0c,0xe0,0x8c,0x2f,0x4d,
	0xd6,0x88,0x2d,0x44,0xc5,0x6c,0x1f,0x20,0x00,0x00,0x00,0x01,0x00,0x00,0x00,0x00,
	0x00,0x00,0x00,0x00,0x00,0x00,0x00,0x00,0x00,0x00,0x00,0x00,0x00,0x00,0x00,0x00,
	0x00,0x00,0x00,0x00,0x00,0x00,0x00,0x00,0x00,0x00,0x00,0x00,0x00,0x00,0x00,0x00,
	0x00,0x00,0x00,0x00,0x00,0x00,0x00,0x00,0x00,0x00,0x00,0x00,0x00,0x00,0x00,0x00,
	0x00,0x00,0x00,0x00,0x00,0x00,0x00,0x00,0x00,0x00,0x00,0x00,0x00,0x00,0x00,0x00,
	0x00,0x00,0x00,0x00,0x00,0x00,0x00,0x00,0x00,0x00,0x00,0x00,0x00,0x00,0x00,0x00,
	0x00,0x00,0x00,0x00,0x00,0x00,0x00,0x00,0x00,0x00,0x00,0x00,0x00,0x00,0x00,0x00,
	0x00,0x00,0x00,0x01,0x6c,0x3a,0x10,0x0e,0xe3,0xa2,0x3c,0x68,0xf1,0xc9,0x53,0x7e,
	0xef,0xc9,0x53,0x7c,0xe6,0xad,0x42,0x70,0xbe,0x69,0x1c,0x33,0x00,0x00,0x00,0x02,
	0x00,0x00,0x00,0x00,0x00,0x00,0x00,0x00,0x00,0x00,0x00,0x02,0x57,0x80,0xd8,0x63,
	0x55,0x80,0xda,0x80,0x55,0x80,0xda,0x80,0xed,0xed,0xed,0x80,0xf5,0xf5,0xf5,0x80,
	0xf4,0xf4,0xf4,0x80,0xf4,0xf4,0xf4,0x80,0xf4,0xf4,0xf4,0x80,0xf3,0xf3,0xf3,0x80,
	0xf3,0xf3,0xf3,0x80,0xf2,0xf2,0xf2,0x80,0xf2,0xf2,0xf2,0x80,0xf1,0xf1,0xf1,0x80,
	0xf1,0xf1,0xf1,0x80,0xf0,0xf0,0xf0,0x80,0xf0,0xf0,0xf0,0x80,0xef,0xef,0xef,0x80,
	0xef,0xef,0xef,0x80,0xed,0xed,0xed,0x80,0xed,0xed,0xed,0x80,0xec,0xec,0xec,0x80,
	0xe4,0xde,0xda,0x80,0xe6,0xb2,0x5e,0x80,0xf3,0xd4,0x5a,0x80,0xf3,0xe2,0x62,0x80,
	0xf3,0xe2,0x62,0x80,0xf0,0xc9,0x49,0x80,0xd3,0x85,0x1e,0x6b,0x80,0x34,0x04,0x1b,
	0x00,0x00,0x00,0x00,0x00,0x00,0x00,0x00,0x00,0x00,0x00,0x07,0x49,0x77,0xd7,0x80,
	0x3f,0x6e,0xd5,0x80,0x38,0x6a,0xd3,0x80,0xf4,0xf4,0xf4,0x80,0xfe,0xfe,0xfe,0x80,
	0xfd,0xfd,0xfd,0x80,0xfd,0xfd,0xfd,0x80,0xfd,0xfd,0xfd,0x80,0xfb,0xfb,0xfb,0x80,
	0xfb,0xfb,0xfb,0x80,0xfb,0xfb,0xfb,0x80,0xfb,0xfb,0xfb,0x80,0xfa,0xfa,0xfa,0x80,
	0xfa,0xfa,0xfa,0x80,0xf9,0xf9,0xf9,0x80,0xf9,0xf9,0xf9,0x80,0xf8,0xf8,0xf8,0x80,
	0xf8,0xf8,0xf8,0x80,0xf7,0xf7,0xf7,0x80,0xf6,0xf6,0xf6,0x80,0xeb,0xe6,0xe2,0x80,
	0xe9,0xb5,0x61,0x80,0xf3,0xd4,0x5a,0x80,0xf3,0xe2,0x62,0x80,0xf3,0xe4,0x64,0x80,
	0xf0,0xd5,0x50,0x80,0xec,0xbc,0x31,0x80,0xe8,0x95,0x11,0x80,0xa7,0x49,0x00,0x49,
	0x00,0x00,0x00,0x00,0x00,0x00,0x00,0x00,0x00,0x00,0x00,0x0a,0x46,0x74,0xd6,0x80,
	0x38,0x6a,0xd3,0x80,0x38,0x6a,0xd3,0x80,0xf3,0xf3,0xf3,0x80,0xfd,0xfd,0xfd,0x80,
	0xfd,0xfd,0xfd,0x80,0xfb,0xfb,0xfb,0x80,0xfb,0xfb,0xfb,0x80,0xfb,0xfb,0xfb,0x80,
	0xfb,0xfb,0xfb,0x80,0xfa,0xfa,0xfa,0x80,0xfa,0xfa,0xfa,0x80,0xf9,0xf9,0xf9,0x80,
	0xf9,0xf9,0xf9,0x80,0xf8,0xf8,0xf8,0x80,0xf8,0xf8,0xf8,0x80,0xf7,0xf7,0xf7,0x80,
	0xf6,0xf6,0xf6,0x80,0xf5,0xf5,0xf5,0x80,0xea,0xe5,0xe1,0x80,0xe9,0xb5,0x61,0x80,
	0xf3,0xd4,0x5a,0x80,0xf3,0xe2,0x62,0x80,0xf3,0xe4,0x64,0x80,0xf0,0xd5,0x50,0x80,
	0xec,0xbe,0x32,0x80,0xe8,0xa6,0x14,0x80,0xe5,0x89,0x00,0x80,0xa6,0x48,0x00,0x5b,
	0x00,0x00,0x00,0x00,0x00,0x00,0x00,0x00,0x00,0x00,0x00,0x0b,0x44,0x72,0xd5,0x80,
	0x37,0x68,0xd1,0x80,0x37,0x68,0xd1,0x80,0xf2,0xf2,0xf2,0x80,0xfb,0xfb,0xfb,0x80,
	0xfb,0xfb,0xfb,0x80,0xfb,0xfb,0xfb,0x80,0xfb,0xfb,0xfb,0x80,0xfa,0xfa,0xfa,0x80,
	0xfa,0xfa,0xfa,0x80,0xf9,0xf9,0xf9,0x80,0xf9,0xf9,0xf9,0x80,0xf8,0xf8,0xf8,0x80,
	0xf7,0xf7,0xf7,0x80,0xf7,0xf7,0xf7,0x80,0xf6,0xf6,0xf6,0x80,0xf6,0xf6,0xf6,0x80,
	0xf4,0xf4,0xf4,0x80,0xea,0xe5,0xe1,0x80,0xe9,0xb5,0x61,0x80,0xf3,0xd4,0x5a,0x80,
	0xf3,0xe2,0x62,0x80,0xf3,0xe4,0x64,0x80,0xf0,0xd5,0x50,0x80,0xec,0xbe,0x32,0x80,
	0xe8,0xa6,0x14,0x80,0xe5,0x8e,0x00,0x80,0xbd,0x61,0x00,0x76,0x17,0x08,0x00,0x38,
	0x00,0x00,0x00,0x00,0x00,0x00,0x00,0x00,0x00,0x00,0x00,0x0b,0x44,0x72,0xd5,0x80,
	0x37,0x68,0xd1,0x80,0x37,0x68,0xd1,0x80,0xf1,0xf1,0xf1,0x80,0xfb,0xfb,0xfb,0x80,
	0x93,0xb2,0xf4,0x80,0x93,0xb2,0xf4,0x80,0x91,0xb1,0xf3,0x80,0x91,0xb1,0xf3,0x80,
	0x91,0xb1,0xf3,0x80,0x91,0xb1,0xf3,0x80,0x91,0xb0,0xf2,0x80,0x91,0xb0,0xf2,0x80,
	0x91,0xb0,0xf2,0x80,0x91,0xb0,0xf2,0x80,0x90,0xb0,0xf1,0x80,0x8f,0xaf,0xf0,0x80,
	0x8f,0xa5,0xde,0x80,0xd5,0xa8,0x60,0x80,0xf3,0xd4,0x5a,0x80,0xf3,0xe2,0x62,0x80,
	0xf3,0xe4,0x64,0x80,0xf0,0xd5,0x50,0x80,0xec,0xbe,0x32,0x80,0xe8,0xa6,0x14,0x80,
	0xe5,0x8e,0x00,0x80,0xbb,0x60,0x00,0x78,0x13,0x08,0x00,0x4b,0x00,0x00,0x00,0x23,
	0x00,0x00,0x00,0x00,0x00,0x00,0x00,0x00,0x00,0x00,0x00,0x0b,0x43,0x71,0xd3,0x80,
	0x35,0x66,0xcf,0x80,0x35,0x66,0xcf,0x80,0xf0,0xf0,0xf0,0x80,0xfa,0xfa,0xfa,0x80,
	0xf9,0xf9,0xf9,0x80,0xf9,0xf9,0xf9,0x80,0xf8,0xf8,0xf8,0x80,0xf8,0xf8,0xf8,0x80,
	0xf7,0xf7,0xf7,0x80,0xf7,0xf7,0xf7,0x80,0xf6,0xf6,0xf6,0x80,0xf5,0xf5,0xf5,0x80,
	0xf5,0xf5,0xf5,0x80,0xf4,0xf4,0xf4,0x80,0xf3,0xf3,0xf3,0x80,0xe9,0xe4,0xe0,0x80,
	0xe9,0xb5,0x61,0x80,0xf3,0xd4,0x5a,0x80,0xf3,0xe2,0x62,0x80,0xf3,0xe4,0x64,0x80,
	0xf0,0xd5,0x50,0x80,0xec,0xbe,0x32,0x80,0xe8,0xa6,0x14,0x80,0xe5,0x8e,0x00,0x80,
	0xb3,0x62,0x10,0x80,0x13,0x08,0x00,0x4b,0x00,0x00,0x00,0x29,0x00,0x00,0x00,0x0d,
	0x00,0x00,0x00,0x00,0x00,0x00,0x00,0x00,0x00,0x00,0x00,0x0b,0x43,0x71,0xd3,0x80,
	0x35,0x66,0xcf,0x80,0x35,0x66,0xcf,0x80,0xef,0xef,0xef,0x80,0xf9,0xf9,0xf9,0x80,
	0xf8,0xf8,0xf8,0x80,0xf8,0xf8,0xf8,0x80,0xf7,0xf7,0xf7,0x80,0xf6,0xf6,0xf6,0x80,
	0xf6,0xf6,0xf6,0x80,0xf5,0xf5,0xf5,0x80,0xf5,0xf5,0xf5,0x80,0xf4,0xf4,0xf4,0x80,
	0xf4,0xf4,0xf4,0x80,0xf2,0xf2,0xf2,0x80,0xe9,0xe4,0xe0,0x80,0xe9,0xb5,0x61,0x80,
	0xf3,0xd4,0x5a,0x80,0xf3,0xe2,0x62,0x80,0xf3,0xe4,0x64,0x80,0xf0,0xd5,0x50,0x80,
	0xec,0xbe,0x32,0x80,0xe8,0xa6,0x14,0x80,0xe5,0x8e,0x00,0x80,0xb3,0x62,0x10,0x80,
	0x1e,0x2d,0x58,0x80,0x00,0x00,0x00,0x2b,0x00,0x00,0x00,0x10,0x00,0x00,0x00,0x04,
	0x00,0x00,0x00,0x00,0x00,0x00,0x00,0x00,0x00,0x00,0x00,0x0b,0x42,0x6f,0xd0,0x80,
	0x33,0x64,0xcc,0x80,0x33,0x64,0xcc,0x80,0xed,0xed,0xed,0x80,0xf7,0xf7,0xf7,0x80,
	0x91,0xb0,0xf2,0x80,0x91,0xb0,0xf2,0x80,0x91,0xb0,0xf2,0x80,0x90,0xb0,0xf1,0x80,
	0x90,0xb0,0xf1,0x80,0x90,0xb0,0xf1,0x80,0x8f,0xaf,0xf0,0x80,0x8f,0xaf,0xf0,0x80,
	0x8e,0xad,0xef,0x80,0x8e,0xa4,0xdc,0x80,0xd5,0xa8,0x60,0x80,0xf3,0xd4,0x5a,0x80,
	0xf3,0xe2,0x62,0x80,0xf3,0xe4,0x64,0x80,0xf0,0xd5,0x50,0x80,0xec,0xbe,0x32,0x80,
	0xe8,0xa6,0x14,0x80,0xe5,0x8e,0x00,0x80,0xb3,0x62,0x10,0x80,0x22,0x34,0x66,0x80,
	0x1a,0x3c,0x82,0x80,0x00,0x00,0x00,0x15,0x00,0x00,0x00,0x04,0x00,0x00,0x00,0x01,
	0x00,0x00,0x00,0x00,0x00,0x00,0x00,0x00,0x00,0x00,0x00,0x0b,0x42,0x6f,0xd0,0x80,
	0x33,0x64,0xcc,0x80,0x33,0x64,0xcc,0x80,0xed,0xed,0xed,0x80,0xf6,0xf6,0xf6,0x80,
	0xf6,0xf6,0xf6,0x80,0xf5,0xf5,0xf5,0x80,0xf4,0xf4,0xf4,0x80,0xf4,0xf4,0xf4,0x80,
	0xf3,0xf3,0xf3,0x80,0xf3,0xf3,0xf3,0x80,0xf2,0xf2,0xf2,0x80,0xf0,0xf0,0xf0,0x80,
	0xe7,0xe1,0xdc,0x80,0xe8,0xb4,0x60,0x80,0xf3,0xd4,0x5a,0x80,0xf3,0xe2,0x62,0x80,
	0xf3,0xe4,0x64,0x80,0xf0,0xd5,0x50,0x80,0xec,0xbe,0x32,0x80,0xe8,0xa6,0x14,0x80,
	0xe5,0x8e,0x00,0x80,0xc3,0x6e,0x14,0x80,0x22,0x34,0x66,0x80,0x1f,0x46,0x98,0x80,
	0x20,0x48,0x9a,0x80,0x00,0x00,0x00,0x0d,0x00,0x00,0x00,0x01,0x00,0x00,0x00,0x00,
	0x00,0x00,0x00,0x00,0x00,0x00,0x00,0x00,0x00,0x00,0x00,0x0b,0x41,0x6e,0xce,0x80,
	0x31,0x62,0xc9,0x80,0x31,0x62,0xc9,0x80,0xea,0xea,0xea,0x80,0xf5,0xf5,0xf5,0x80,
	0xf4,0xf4,0xf4,0x80,0xf4,0xf4,0xf4,0x80,0xf3,0xf3,0xf3,0x80,0xf2,0xf2,0xf2,0x80,
	0xf2,0xf2,0xf2,0x80,0xf1,0xf1,0xf1,0x80,0xf0,0xf0,0xf0,0x80,0xe7,0xe1,0xdc,0x80,
	0xe8,0xb4,0x60,0x80,0xf3,0xd4,0x5a,0x80,0xf3,0xe2,0x62,0x80,0xf3,0xe4,0x64,0x80,
	0xf0,0xd5,0x50,0x80,0xec,0xbe,0x32,0x80,0xe8,0xa6,0x14,0x80,0xe5,0x8e,0x00,0x80,
	0xc5,0x6f,0x15,0x80,0x85,0x7e,0x79,0x80,0x1f,0x46,0x98,0x80,0x23,0x52,0xb2,0x80,
	0x1f,0x49,0x9e,0x80,0x00,0x00,0x00,0x0b,0x00,0x00,0x00,0x00,0x00,0x00,0x00,0x00,
	0x00,0x00,0x00,0x00,0x00,0x00,0x00,0x00,0x00,0x00,0x00,0x0b,0x40,0x6d,0xcd,0x80,
	0x31,0x62,0xc9,0x80,0x31,0x62,0xc9,0x80,0xea,0xea,0xea,0x80,0xf4,0xf4,0xf4,0x80,
	0x8f,0xaf,0xf0,0x80,0x8f,0xaf,0xf0,0x80,0x8f,0xaf,0xf0,0x80,0x8e,0xad,0xef,0x80,
	0x8e,0xad,0xef,0x80,0x8e,0xad,0xef,0x80,0x8e,0xa4,0xdc,0x80,0xd5,0xa8,0x60,0x80,
	0xf3,0xd4,0x5a,0x80,0xf3,0xe2,0x62,0x80,0xf3,0xe4,0x64,0x80,0xf0,0xd5,0x50,0x80,
	0xec,0xbe,0x32,0x80,0xe8,0xa6,0x14,0x80,0xe5,0x8e,0x00,0x80,0xbc,0x6a,0x15,0x80,
	0x8a,0x83,0x7e,0x80,0xb6,0xb6,0xb6,0x80,0x23,0x52,0xb2,0x80,0x24,0x55,0xb9,0x80,
	0x1f,0x49,0x9e,0x80,0x00,0x00,0x00,0x0b,0x00,0x00,0x00,0x00,0x00,0x00,0x00,0x00,
	0x00,0x00,0x00,0x00,0x00,0x00,0x00,0x00,0x00,0x00,0x00,0x0b,0x3e,0x6b,0xcc,0x80,
	0x2f,0x60,0xc7,0x80,0x2f,0x60,0xc7,0x80,0xe8,0xe8,0xe8,0x80,0xf2,0xf2,0xf2,0x80,
	0xf2,0xf2,0xf2,0x80,0xf1,0xf1,0xf1,0x80,0xf0,0xf0,0xf0,0x80,0xf0,0xf0,0xf0,0x80,
	0xed,0xed,0xed,0x80,0xe7,0xe1,0xdc,0x80,0xe8,0xb4,0x60,0x80,0xf3,0xd4,0x5a,0x80,
	0xf3,0xe2,0x62,0x80,0xf3,0xe4,0x64,0x80,0xf0,0xd5,0x50,0x80,0xec,0xbe,0x32,0x80,
	0xe8,0xa6,0x14,0x80,0xe5,0x8e,0x00,0x80,0xc5,0x6f,0x15,0x80,0x8a,0x83,0x7e,0x80,
	0xbd,0xbd,0xbd,0x80,0xd6,0xd6,0xd6,0x80,0x23,0x54,0xb7,0x80,0x23,0x54,0xb7,0x80,
	0x1e,0x48,0x9d,0x80,0x00,0x00,0x00,0x0b,0x00,0x00,0x00,0x00,0x00,0x00,0x00,0x00,
	0x00,0x00,0x00,0x00,0x00,0x00,0x00,0x00,0x00,0x00,0x00,0x0b,0x3e,0x6b,0xcc,0x80,
	0x2f,0x60,0xc7,0x80,0x2d,0x5e,0xc4,0x80,0xe0,0xe0,0xe0,0x80,0xe8,0xe8,0xe8,0x80,
	0xe6,0xe6,0xe6,0x80,0xe6,0xe6,0xe6,0x80,0xe6,0xe6,0xe6,0x80,0xe5,0xe5,0xe5,0x80,
	0xdc,0xd6,0xd2,0x80,0xe5,0xb1,0x5d,0x80,0xf3,0xd4,0x5a,0x80,0xf3,0xe2,0x62,0x80,
	0xf3,0xe4,0x64,0x80,0xf0,0xd5,0x50,0x80,0xec,0xbe,0x32,0x80,0xe8,0xa6,0x14,0x80,
	0xe5,0x8e,0x00,0x80,0xc3,0x6e,0x14,0x80,0x85,0x7e,0x79,0x80,0xb6,0xb6,0xb6,0x80,
	0xd6,0xd6,0xd6,0x80,0xd7,0xd7,0xd7,0x80,0x23,0x54,0xb6,0x80,0x22,0x53,0xb6,0x80,
	0x1c,0x46,0x9b,0x80,0x00,0x00,0x00,0x0b,0x00,0x00,0x00,0x00,0x00,0x00,0x00,0x00,
	0x00,0x00,0x00,0x00,0x00,0x00,0x00,0x00,0x00,0x00,0x00,0x0b,0x3b,0x69,0xc9,0x80,
	0x2d,0x5e,0xc4,0x80,0x2d,0x5e,0xc4,0x80,0x28,0x54,0xaf,0x80,0x28,0x54,0xae,0x80,
	0x28,0x54,0xae,0x80,0x27,0x52,0xad,0x80,0x27,0x52,0xad,0x80,0x25,0x4f,0xa6,0x80,
	0xb7,0x81,0x4c,0x80,0xf3,0xcc,0x54,0x80,0xf3,0xe2,0x62,0x80,0xf3,0xe4,0x64,0x80,
	0xf0,0xd5,0x50,0x80,0xec,0xbe,0x32,0x80,0xe8,0xa6,0x14,0x80,0xe5,0x8e,0x00,0x80,
	0xb3,0x62,0x10,0x80,0x1e,0x2d,0x58,0x80,0x1a,0x3d,0x85,0x80,0x1e,0x48,0x9d,0x80,
	0x1f,0x4b,0xa3,0x80,0x1f,0x4b,0xa3,0x80,0x22,0x52,0xb5,0x80,0x21,0x52,0xb4,0x80,
	0x1c,0x46,0x9b,0x80,0x00,0x00,0x00,0x0b,0x00,0x00,0x00,0x00,0x00,0x00,0x00,0x00,
	0x00,0x00,0x00,0x00,0x00,0x00,0x00,0x00,0x00,0x00,0x00,0x0b,0x3b,0x69,0xc9,0x80,
	0x2d,0x5e,0xc4,0x80,0x2c,0x5d,0xc2,0x80,0x2b,0x5c,0xc2,0x80,0x2b,0x5c,0xc2,0x80,
	0x2a,0x5b,0xc0,0x80,0x2a,0x5b,0xc0,0x80,0x29,0x5a,0xbe,0x80,0x3e,0x62,0xad,0x80,
	0x91,0x91,0x9e,0x80,0xf5,0xe0,0xb1,0x80,0xfa,0xf2,0xc2,0x80,0xf0,0xd4,0x50,0x80,
	0xec,0xbe,0x32,0x80,0xe8,0xa6,0x14,0x80,0xe5,0x8e,0x00,0x80,0xb3,0x62,0x10,0x80,
	0x1f,0x32,0x64,0x80,0x1c,0x44,0x94,0x80,0x21,0x4f,0xae,0x80,0x22,0x52,0xb5,0x80,
	0x22,0x52,0xb5,0x80,0x21,0x52,0xb4,0x80,0x20,0x51,0xb3,0x80,0x20,0x51,0xb3,0x80,
	0x1b,0x44,0x99,0x80,0x00,0x00,0x00,0x0b,0x00,0x00,0x00,0x00,0x00,0x00,0x00,0x00,
	0x00,0x00,0x00,0x00,0x00,0x00,0x00,0x00,0x00,0x00,0x00,0x0b,0x39,0x67,0xc6,0x80,
	0x2b,0x5c,0xc2,0x80,0x2b,0x5c,0xc2,0x80,0x2a,0x5b,0xc0,0x80,0x2a,0x5b,0xc0,0x80,
	0x29,0x5a,0xbf,0x80,0x29,0x5a,0xbe,0x80,0x27,0x56,0xb6,0x80,0x7c,0x8f,0xb7,0x80,
	0xff,0xff,0xff,0x80,0xfb,0xfb,0xfb,0x80,0xf4,0xdd,0xb2,0x80,0xf1,0xca,0x62,0x80,
	0xe8,0xa6,0x14,0x80,0xe5,0x8e,0x00,0x80,0xb3,0x62,0x10,0x80,0x1f,0x32,0x63,0x80,
	0x1c,0x44,0x94,0x80,0x21,0x4f,0xae,0x80,0x21,0x52,0xb4,0x80,0x21,0x52,0xb4,0x80,
	0x20,0x51,0xb3,0x80,0x20,0x51,0xb3,0x80,0x20,0x51,0xb3,0x80,0x1e,0x4f,0xb1,0x80,
	0x1b,0x44,0x99,0x80,0x00,0x00,0x00,0x0b,0x00,0x00,0x00,0x00,0x00,0x00,0x00,0x00,
	0x00,0x00,0x00,0x00,0x00,0x00,0x00,0x00,0x00,0x00,0x00,0x0b,0x39,0x67,0xc6,0x80,
	0x2a,0x5b,0xc0,0x80,0x2a,0x5b,0xc0,0x80,0x29,0x5a,0xbf,0x80,0xff,0xff,0xff,0x80,
	0xfe,0xfe,0xfe,0x80,0xfd,0xfd,0xfd,0x80,0xe6,0xe6,0xe6,0x80,0xe5,0xe5,0xe5,0x80,
	0xff,0xff,0xff,0x80,0xff,0xff,0xff,0x80,0xff,0xff,0xff,0x80,0xf0,0xc4,0x88,0x80,
	0xe5,0x89,0x00,0x80,0xc5,0x6f,0x15,0x80,0x8e,0x86,0x82,0x80,0xc1,0xc1,0xc1,0x80,
	0xe3,0xe3,0xe3,0x80,0x18,0x3e,0x8a,0x80,0x18,0x3e,0x8a,0x80,0x18,0x3e,0x8a,0x80,
	0x18,0x3e,0x8a,0x80,0x30,0x55,0x9e,0x80,0x1e,0x4f,0xb1,0x80,0x1e,0x4f,0xb1,0x80,
	0x19,0x43,0x95,0x80,0x00,0x00,0x00,0x0b,0x00,0x00,0x00,0x00,0x00,0x00,0x00,0x00,
	0x00,0x00,0x00,0x00,0x00,0x00,0x00,0x00,0x00,0x00,0x00,0x0b,0x37,0x65,0xc3,0x80,
	0x29,0x5a,0xbf,0x80,0x29,0x5a,0xbe,0x80,0x28,0x59,0xbd,0x80,0xf6,0xf6,0xf6,0x80,
	0xfb,0xfb,0xfb,0x80,0xf8,0xf8,0xf8,0x80,0xd0,0xd0,0xd0,0x80,0xff,0xff,0xff,0x80,
	0xff,0xff,0xff,0x80,0xff,0xff,0xff,0x80,0xff,0xff,0xff,0x80,0xa7,0x96,0x8a,0x80,
	0xc0,0x65,0x1b,0x80,0x8e,0x86,0x82,0x80,0xbf,0xbf,0xbf,0x80,0xe1,0xe1,0xe1,0x80,
	0xe3,0xe3,0xe3,0x80,0x1b,0x44,0x96,0x80,0x19,0x43,0x95,0x80,0x19,0x43,0x95,0x80,
	0x18,0x42,0x95,0x80,0x30,0x55,0x9e,0x80,0x1c,0x4d,0xae,0x80,0x1c,0x4d,0xae,0x80,
	0x18,0x42,0x95,0x80,0x00,0x00,0x00,0x0b,0x00,0x00,0x00,0x00,0x00,0x00,0x00,0x00,
	0x00,0x00,0x00,0x00,0x00,0x00,0x00,0x00,0x00,0x00,0x00,0x0b,0x37,0x65,0xc3,0x80,
	0x28,0x59,0xbd,0x80,0x27,0x58,0xbc,0x80,0x27,0x58,0xbc,0x80,0xf4,0xf4,0xf4,0x80,
	0xf8,0xf8,0xf8,0x80,0x1d,0x43,0x91,0x80,0x73,0x7e,0x93,0x80,0xff,0xff,0xff,0x80,
	0xff,0xff,0xff,0x80,0xd7,0xd7,0xd7,0x80,0x9e,0x9e,0x9e,0x80,0x8a,0x8a,0x8a,0x80,
	0x98,0x98,0x99,0x80,0xbf,0xbf,0xbf,0x80,0xde,0xde,0xde,0x80,0xe6,0xe6,0xe6,0x80,
	0xe0,0xe0,0xe0,0x80,0x19,0x43,0x95,0x80,0x18,0x42,0x95,0x80,0x18,0x42,0x95,0x80,
	0x18,0x41,0x93,0x80,0x30,0x55,0x9e,0x80,0x1c,0x4d,0xae,0x80,0x1c,0x4d,0xae,0x80,
	0x18,0x42,0x95,0x80,0x00,0x00,0x00,0x0b,0x00,0x00,0x00,0x00,0x00,0x00,0x00,0x00,
	0x00,0x00,0x00,0x00,0x00,0x00,0x00,0x00,0x00,0x00,0x00,0x0b,0x34,0x62,0xc0,0x80,
	0x27,0x58,0xbc,0x80,0x26,0x57,0xbb,0x80,0x26,0x57,0xbb,0x80,0xf1,0xf1,0xf1,0x80,
	0xf1,0xf1,0xf1,0x80,0x14,0x2e,0x63,0x80,0x98,0x98,0x99,0x80,0x74,0x7a,0x87,0x80,
	0x78,0x78,0x78,0x80,0x80,0x80,0x80,0x80,0x9e,0x9e,0x9e,0x80,0xb9,0xb9,0xb9,0x80,
	0xcf,0xcf,0xcf,0x80,0xde,0xde,0xde,0x80,0xe3,0xe3,0xe3,0x80,0xe2,0xe2,0xe2,0x80,
	0xdc,0xdc,0xdc,0x80,0x18,0x41,0x93,0x80,0x18,0x41,0x93,0x80,0x18,0x41,0x93,0x80,
	0x17,0x40,0x92,0x80,0x2f,0x53,0x9c,0x80,0x1b,0x4b,0xad,0x80,0x1b,0x4b,0xad,0x80,
	0x16,0x40,0x93,0x80,0x00,0x00,0x00,0x0b,0x00,0x00,0x00,0x00,0x00,0x00,0x00,0x00,
	0x00,0x00,0x00,0x00,0x00,0x00,0x00,0x00,0x00,0x00,0x00,0x0b,0x34,0x62,0xc0,0x80,
	0x26,0x57,0xbb,0x80,0x24,0x55,0xb9,0x80,0x24,0x55,0xb9,0x80,0xed,0xed,0xed,0x80,
	0xe5,0xe5,0xe5,0x80,0x08,0x14,0x2a,0x80,0x0f,0x23,0x4b,0x80,0x23,0x3d,0x74,0x80,
	0xaf,0xaf,0xaf,0x80,0xc5,0xc5,0xc5,0x80,0xd3,0xd3,0xd3,0x80,0xdd,0xdd,0xdd,0x80,
	0xe2,0xe2,0xe2,0x80,0xe2,0xe2,0xe2,0x80,0xe0,0xe0,0xe0,0x80,0xde,0xde,0xde,0x80,
	0xd8,0xd8,0xd8,0x80,0x18,0x41,0x93,0x80,0x17,0x40,0x92,0x80,0x17,0x40,0x92,0x80,
	0x17,0x3f,0x90,0x80,0x2e,0x52,0x9b,0x80,0x19,0x4a,0xaa,0x80,0x19,0x4a,0xaa,0x80,
	0x15,0x40,0x92,0x80,0x00,0x00,0x00,0x0b,0x00,0x00,0x00,0x00,0x00,0x00,0x00,0x00,
	0x00,0x00,0x00,0x00,0x00,0x00,0x00,0x00,0x00,0x00,0x00,0x0b,0x34,0x61,0xbe,0x80,
	0x24,0x55,0xb9,0x80,0x24,0x55,0xb9,0x80,0x23,0x54,0xb7,0x80,0xe8,0xe8,0xe8,0x80,
	0xdd,0xdd,0xdd,0x80,0x1a,0x3c,0x82,0x80,0x1a,0x40,0x8c,0x80,0x31,0x57,0xa6,0x80,
	0xdd,0xdd,0xdd,0x80,0xe3,0xe3,0xe3,0x80,0xe3,0xe3,0xe3,0x80,0xe1,0xe1,0xe1,0x80,
	0xde,0xde,0xde,0x80,0xde,0xde,0xde,0x80,0xdc,0xdc,0xdc,0x80,0xda,0xda,0xda,0x80,
	0xd3,0xd3,0xd3,0x80,0x17,0x40,0x92,0x80,0x17,0x3f,0x90,0x80,0x17,0x3f,0x90,0x80,
	0x17,0x3f,0x90,0x80,0x2e,0x52,0x9b,0x80,0x19,0x4a,0xaa,0x80,0x19,0x4a,0xaa,0x80,
	0x15,0x3e,0x90,0x80,0x00,0x00,0x00,0x0b,0x00,0x00,0x00,0x00,0x00,0x00,0x00,0x00,
	0x00,0x00,0x00,0x00,0x00,0x00,0x00,0x00,0x00,0x00,0x00,0x0b,0x33,0x60,0xbd,0x80,
	0x23,0x54,0xb7,0x80,0x23,0x54,0xb6,0x80,0x22,0x53,0xb6,0x80,0xe5,0xe5,0xe5,0x80,
	0xe2,0xe2,0xe2,0x80,0x1f,0x47,0x99,0x80,0x21,0x4f,0xae,0x80,0x38,0x62,0xbc,0x80,
	0xe2,0xe2,0xe2,0x80,0xe1,0xe1,0xe1,0x80,0xde,0xde,0xde,0x80,0xdd,0xdd,0xdd,0x80,
	0xdb,0xdb,0xdb,0x80,0xd8,0xd8,0xd8,0x80,0xd8,0xd8,0xd8,0x80,0xd6,0xd6,0xd6,0x80,
	0xcf,0xcf,0xcf,0x80,0x17,0x3f,0x90,0x80,0x17,0x3f,0x90,0x80,0x15,0x3e,0x90,0x80,
	0x15,0x3e,0x8f,0x80,0x2d,0x51,0x99,0x80,0x17,0x48,0xa8,0x80,0x17,0x48,0xa8,0x80,
	0x15,0x3e,0x90,0x80,0x00,0x00,0x00,0x0b,0x00,0x00,0x00,0x00,0x00,0x00,0x00,0x00,
	0x00,0x00,0x00,0x00,0x00,0x00,0x00,0x00,0x00,0x00,0x00,0x0b,0x32,0x5f,0xbb,0x80,
	0x22,0x53,0xb6,0x80,0x22,0x52,0xb5,0x80,0x21,0x52,0xb4,0x80,0xe2,0xe2,0xe2,0x80,
	0xe5,0xe5,0xe5,0x80,0x2d,0x5a,0xba,0x80,0x4c,0x74,0xc6,0x80,0x51,0x77,0xc7,0x80,
	0xde,0xde,0xde,0x80,0xdd,0xdd,0xdd,0x80,0xdb,0xdb,0xdb,0x80,0xd8,0xd8,0xd8,0x80,
	0xd7,0xd7,0xd7,0x80,0xd4,0xd4,0xd4,0x80,0xd4,0xd4,0xd4,0x80,0xd3,0xd3,0xd3,0x80,
	0xcc,0xcc,0xcc,0x80,0x15,0x3e,0x8f,0x80,0x15,0x3e,0x8f,0x80,0x15,0x3d,0x8e,0x80,
	0x14,0x3d,0x8e,0x80,0x2b,0x50,0x98,0x80,0x17,0x48,0xa8,0x80,0x17,0x48,0xa8,0x80,
	0x14,0x3d,0x8e,0x80,0x00,0x00,0x00,0x0b,0x00,0x00,0x00,0x00,0x00,0x00,0x00,0x00,
	0x00,0x00,0x00,0x00,0x00,0x00,0x00,0x00,0x00,0x00,0x00,0x0b,0x2d,0x5a,0xba,0x80,
	0x20,0x51,0xb3,0x80,0x20,0x51,0xb3,0x80,0x20,0x51,0xb3,0x80,0xde,0xde,0xde,0x80,
	0xe1,0xe1,0xe1,0x80,0xde,0xde,0xde,0x80,0xde,0xde,0xde,0x80,0xdc,0xdc,0xdc,0x80,
	0xda,0xda,0xda,0x80,0xd8,0xd8,0xd8,0x80,0xd7,0xd7,0xd7,0x80,0xd4,0xd4,0xd4,0x80,
	0xd4,0xd4,0xd4,0x80,0xd3,0xd3,0xd3,0x80,0xd0,0xd0,0xd0,0x80,0xcf,0xcf,0xcf,0x80,
	0xc9,0xc9,0xc9,0x80,0x15,0x3d,0x8e,0x80,0x14,0x3d,0x8e,0x80,0x14,0x3d,0x8e,0x80,
	0x13,0x3b,0x8c,0x80,0x2b,0x50,0x98,0x80,0x17,0x47,0xa6,0x80,0x15,0x45,0xa1,0x80,
	0x13,0x3b,0x8c,0x80,0x00,0x00,0x00,0x0b,0x00,0x00,0x00,0x00,0x00,0x00,0x00,0x00,
	0x00,0x00,0x00,0x00,0x00,0x00,0x00,0x00,0x00,0x00,0x00,0x0a,0x1c,0x45,0x99,0x69,
	0x1a,0x40,0x8c,0x80,0x18,0x3e,0x8a,0x80,0x18,0x3e,0x8a,0x80,0xc1,0xc1,0xc1,0x80,
	0xb3,0xb3,0xb3,0x80,0xb1,0xb1,0xb1,0x80,0xaf,0xaf,0xaf,0x80,0xae,0xae,0xae,0x80,
	0xae,0xae,0xae,0x80,0xab,0xab,0xab,0x80,0xaa,0xaa,0xaa,0x80,0xa8,0xa8,0xa8,0x80,
	0xa8,0xa8,0xa8,0x80,0xa6,0xa6,0xa6,0x80,0xa6,0xa6,0xa6,0x80,0xa5,0xa5,0xa5,0x80,
	0xb0,0xb0,0xb0,0x80,0x10,0x2f,0x6d,0x80,0x0f,0x2f,0x6d,0x80,0x0f,0x2f,0x6d,0x80,
	0x0f,0x2e,0x6c,0x80,0x27,0x43,0x7b,0x80,0x11,0x36,0x80,0x80,0x10,0x36,0x7f,0x80,
	0x0f,0x32,0x76,0x69,0x00,0x00,0x00,0x0a,0x00,0x00,0x00,0x00,0x00,0x00,0x00,0x00,
	0x00,0x00,0x00,0x00,0x00,0x00,0x00,0x00,0x00,0x00,0x00,0x07,0x00,0x00,0x00,0x15,
	0x00,0x00,0x00,0x1e,0x00,0x00,0x00,0x1f,0x00,0x00,0x00,0x1f,0x00,0x00,0x00,0x1f,
	0x00,0x00,0x00,0x1f,0x00,0x00,0x00,0x1f,0x00,0x00,0x00,0x1f,0x00,0x00,0x00,0x1f,
	0x00,0x00,0x00,0x1f,0x00,0x00,0x00,0x1f,0x00,0x00,0x00,0x1f,0x00,0x00,0x00,0x1f,
	0x00,0x00,0x00,0x1f,0x00,0x00,0x00,0x1f,0x00,0x00,0x00,0x1f,0x00,0x00,0x00,0x1f,
	0x00,0x00,0x00,0x1f,0x00,0x00,0x00,0x1f,0x00,0x00,0x00,0x1f,0x00,0x00,0x00,0x1f,
	0x00,0x00,0x00,0x1f,0x00,0x00,0x00,0x1f,0x00,0x00,0x00,0x1f,0x00,0x00,0x00,0x1e,
	0x00,0x00,0x00,0x15,0x00,0x00,0x00,0x07,0x00,0x00,0x00,0x00,0x00,0x00,0x00,0x00,
	0x00,0x00,0x00,0x00,0x00,0x00,0x00,0x00,0x00,0x00,0x00,0x02,0x00,0x00,0x00,0x07,
	0x00,0x00,0x00,0x0a,0x00,0x00,0x00,0x0b,0x00,0x00,0x00,0x0b,0x00,0x00,0x00,0x0b,
	0x00,0x00,0x00,0x0b,0x00,0x00,0x00,0x0b,0x00,0x00,0x00,0x0b,0x00,0x00,0x00,0x0b,
	0x00,0x00,0x00,0x0b,0x00,0x00,0x00,0x0b,0x00,0x00,0x00,0x0b,0x00,0x00,0x00,0x0b,
	0x00,0x00,0x00,0x0b,0x00,0x00,0x00,0x0b,0x00,0x00,0x00,0x0b,0x00,0x00,0x00,0x0b,
	0x00,0x00,0x00,0x0b,0x00,0x00,0x00,0x0b,0x00,0x00,0x00,0x0b,0x00,0x00,0x00,0x0b,
	0x00,0x00,0x00,0x0b,0x00,0x00,0x00,0x0b,0x00,0x00,0x00,0x0b,0x00,0x00,0x00,0x0a,
	0x00,0x00,0x00,0x07,0x00,0x00,0x00,0x02,0x00,0x00,0x00,0x00,0x00,0x00,0x00,0x00,
	0x00,0x00,0x00,0x00,0x00,0x00,0x00,0x00,0x00,0x00,0x00,0x00,0x00,0x00,0x00,0x00,
	0x00,0x00,0x00,0x00,0x00,0x00,0x00,0x00,0x00,0x00,0x00,0x00,0x00,0x00,0x00,0x00,
	0x00,0x00,0x00,0x00,0x00,0x00,0x00,0x00,0x00,0x00,0x00,0x00,0x00,0x00,0x00,0x00,
	0x00,0x00,0x00,0x00,0x00,0x00,0x00,0x00,0x00,0x00,0x00,0x00,0x00,0x00,0x00,0x00,
	0x00,0x00,0x00,0x00,0x00,0x00,0x00,0x00,0x00,0x00,0x00,0x00,0x00,0x00,0x00,0x00,
	0x00,0x00,0x00,0x00,0x00,0x00,0x00,0x00,0x00,0x00,0x00,0x00,0x00,0x00,0x00,0x00,
	0x00,0x00,0x00,0x00,0x00,0x00,0x00,0x00,0x00,0x00,0x00,0x00,0x00,0x00,0x00,0x00,
	0x00,0x00,0x00,0x00,0x00,0x00,0x00,0x00,0x00,0x00,0x00,0x00,0x00,0x00,0x00,0x00,
};
static const unsigned char rgba_s_IconExit[ 4096 ] __attribute__(   (  aligned( 16 ), section( ".data" )  )   ) = {
	0x00,0x00,0x00,0x00,0x00,0x00,0x00,0x00,0x00,0x00,0x00,0x00,0x00,0x00,0x00,0x00,
	0x00,0x00,0x00,0x00,0x00,0x00,0x00,0x00,0x00,0x00,0x00,0x00,0x00,0x00,0x00,0x00,
	0x00,0x00,0x00,0x00,0x00,0x00,0x00,0x00,0x00,0x00,0x00,0x00,0x00,0x00,0x00,0x00,
	0x00,0x00,0x00,0x00,0x00,0x00,0x00,0x00,0x00,0x00,0x00,0x00,0x00,0x00,0x00,0x00,
	0x00,0x00,0x00,0x00,0x00,0x00,0x00,0x00,0x00,0x00,0x00,0x00,0x00,0x00,0x00,0x00,
	0x00,0x00,0x00,0x00,0x00,0x00,0x00,0x00,0x00,0x00,0x00,0x00,0x00,0x00,0x00,0x00,
	0x00,0x00,0x00,0x00,0x00,0x00,0x00,0x00,0x00,0x00,0x00,0x00,0x00,0x00,0x00,0x00,
	0x00,0x00,0x00,0x00,0x00,0x00,0x00,0x00,0x00,0x00,0x00,0x00,0x00,0x00,0x00,0x00,
	0x00,0x00,0x00,0x00,0x00,0x00,0x00,0x00,0x00,0x00,0x00,0x00,0x00,0x00,0x00,0x00,
	0x00,0x00,0x00,0x00,0x00,0x00,0x00,0x00,0x00,0x00,0x00,0x00,0x00,0x00,0x00,0x00,
	0x00,0x00,0x00,0x00,0x00,0x00,0x00,0x00,0x00,0x00,0x00,0x00,0x00,0x00,0x00,0x00,
	0x00,0x00,0x00,0x00,0x00,0x00,0x00,0x00,0x00,0x00,0x00,0x00,0x00,0x00,0x00,0x00,
	0x00,0x00,0x00,0x00,0x00,0x00,0x00,0x00,0x00,0x00,0x00,0x00,0x00,0x00,0x00,0x00,
	0x00,0x00,0x00,0x00,0x00,0x00,0x00,0x00,0x00,0x00,0x00,0x00,0x00,0x00,0x00,0x00,
	0x00,0x00,0x00,0x00,0x00,0x00,0x00,0x00,0x00,0x00,0x00,0x00,0x00,0x00,0x00,0x00,
	0x00,0x00,0x00,0x00,0x00,0x00,0x00,0x00,0x00,0x00,0x00,0x00,0x00,0x00,0x00,0x00,
	0x00,0x00,0x00,0x00,0x00,0x00,0x00,0x00,0x00,0x00,0x00,0x00,0x00,0x00,0x00,0x00,
	0x00,0x00,0x00,0x00,0x00,0x00,0x00,0x00,0x00,0x00,0x00,0x00,0x00,0x00,0x00,0x00,
	0x00,0x00,0x00,0x00,0x00,0x00,0x00,0x00,0x63,0x36,0x37,0x02,0xe1,0x3b,0x3c,0x26,
	0xe6,0x2e,0x2f,0x4c,0xe9,0x28,0x2b,0x67,0xe9,0x26,0x29,0x76,0xeb,0x22,0x25,0x7d,
	0xeb,0x22,0x25,0x7d,0xe5,0x1f,0x24,0x76,0xe1,0x1f,0x23,0x65,0xdc,0x1f,0x22,0x49,
	0xd6,0x1e,0x22,0x22,0x09,0x00,0x01,0x01,0x00,0x00,0x00,0x00,0x00,0x00,0x00,0x00,
	0x00,0x00,0x00,0x00,0x00,0x00,0x00,0x00,0x00,0x00,0x00,0x00,0x00,0x00,0x00,0x00,
	0x00,0x00,0x00,0x00,0x00,0x00,0x00,0x00,0x00,0x00,0x00,0x00,0x00,0x00,0x00,0x00,
	0x00,0x00,0x00,0x00,0x00,0x00,0x00,0x00,0x00,0x00,0x00,0x00,0x00,0x00,0x00,0x00,
	0x00,0x00,0x00,0x00,0x00,0x00,0x00,0x00,0x00,0x00,0x00,0x00,0x09,0x00,0x01,0x01,
	0x63,0x36,0x37,0x02,0xda,0x3c,0x3f,0x3d,0xec,0x2c,0x30,0x72,0xee,0x2c,0x2f,0x80,
	0xee,0x2c,0x2f,0x80,0xeb,0x2a,0x2d,0x80,0xeb,0x2a,0x2d,0x80,0xeb,0x2a,0x2d,0x80,
	0xe8,0x25,0x2a,0x80,0xe8,0x25,0x2a,0x80,0xe5,0x23,0x26,0x80,0xe2,0x1e,0x23,0x80,
	0xe2,0x1e,0x23,0x80,0xdd,0x1c,0x20,0x6f,0xd4,0x1a,0x1e,0x34,0x63,0x36,0x37,0x02,
	0x00,0x00,0x00,0x00,0x00,0x00,0x00,0x00,0x00,0x00,0x00,0x00,0x00,0x00,0x00,0x00,
	0x00,0x00,0x00,0x00,0x00,0x00,0x00,0x00,0x00,0x00,0x00,0x00,0x00,0x00,0x00,0x00,
	0x00,0x00,0x00,0x00,0x00,0x00,0x00,0x00,0x00,0x00,0x00,0x00,0x00,0x00,0x00,0x00,
	0x00,0x00,0x00,0x00,0x00,0x00,0x00,0x00,0x09,0x00,0x01,0x01,0xd4,0x5f,0x60,0x1b,
	0xe9,0x32,0x35,0x6c,0xed,0x30,0x35,0x80,0xed,0x34,0x38,0x80,0xed,0x34,0x38,0x80,
	0xed,0x34,0x38,0x80,0xed,0x34,0x38,0x80,0xed,0x30,0x35,0x80,0xe8,0x2f,0x35,0x80,
	0xe7,0x2a,0x2f,0x80,0xe7,0x2a,0x2f,0x80,0xe2,0x25,0x2b,0x80,0xe5,0x23,0x26,0x80,
	0xe2,0x1e,0x23,0x80,0xe2,0x1e,0x23,0x80,0xda,0x1c,0x22,0x80,0xd6,0x19,0x1d,0x67,
	0xbf,0x14,0x19,0x13,0x09,0x00,0x01,0x01,0x00,0x00,0x00,0x00,0x00,0x00,0x00,0x00,
	0x00,0x00,0x00,0x00,0x00,0x00,0x00,0x00,0x00,0x00,0x00,0x00,0x00,0x00,0x00,0x00,
	0x00,0x00,0x00,0x00,0x00,0x00,0x00,0x00,0x00,0x00,0x00,0x00,0x00,0x00,0x00,0x00,
	0x00,0x00,0x00,0x00,0x09,0x00,0x01,0x01,0xd9,0x51,0x53,0x2e,0xea,0x33,0x37,0x7a,
	0xed,0x34,0x38,0x80,0xed,0x38,0x3d,0x80,0xed,0x3d,0x42,0x80,0xed,0x3d,0x42,0x80,
	0xed,0x3d,0x42,0x80,0xeb,0x3a,0x3f,0x80,0xeb,0x3a,0x3f,0x80,0xe8,0x34,0x3a,0x80,
	0xe8,0x2f,0x35,0x80,0xe8,0x2f,0x35,0x80,0xe2,0x2a,0x30,0x80,0xe2,0x25,0x2b,0x80,
	0xe2,0x25,0x2b,0x80,0xdd,0x21,0x27,0x80,0xda,0x1c,0x22,0x80,0xda,0x1c,0x22,0x80,
	0xd0,0x19,0x20,0x77,0xbd,0x14,0x18,0x23,0x09,0x00,0x01,0x01,0x00,0x00,0x00,0x00,
	0x00,0x00,0x00,0x00,0x00,0x00,0x00,0x00,0x00,0x00,0x00,0x00,0x00,0x00,0x00,0x00,
	0x00,0x00,0x00,0x00,0x00,0x00,0x00,0x00,0x00,0x00,0x00,0x00,0x00,0x00,0x00,0x00,
	0x09,0x00,0x01,0x01,0xd7,0x4d,0x50,0x32,0xeb,0x31,0x35,0x7e,0xed,0x38,0x3d,0x80,
	0xed,0x3d,0x42,0x80,0xec,0x43,0x49,0x80,0xed,0x47,0x4c,0x80,0xed,0x47,0x4c,0x80,
	0xed,0x47,0x4c,0x80,0xec,0x43,0x49,0x80,0xea,0x3f,0x45,0x80,0xff,0xff,0xff,0x80,
	0xff,0xff,0xff,0x80,0xe4,0x31,0x37,0x80,0xe4,0x31,0x37,0x80,0xe2,0x2a,0x30,0x80,
	0xe2,0x25,0x2b,0x80,0xdd,0x21,0x27,0x80,0xdd,0x21,0x27,0x80,0xda,0x1c,0x22,0x80,
	0xd5,0x1a,0x21,0x80,0xd1,0x18,0x1d,0x7d,0xbc,0x13,0x19,0x27,0x09,0x00,0x01,0x01,
	0x00,0x00,0x00,0x00,0x00,0x00,0x00,0x00,0x00,0x00,0x00,0x00,0x00,0x00,0x00,0x00,
	0x00,0x00,0x00,0x00,0x00,0x00,0x00,0x00,0x00,0x00,0x00,0x00,0x09,0x00,0x01,0x01,
	0xc8,0x55,0x56,0x21,0xe9,0x31,0x35,0x7c,0xed,0x38,0x3d,0x80,0xed,0x40,0x45,0x80,
	0xed,0x47,0x4c,0x80,0xed,0x4c,0x53,0x80,0xee,0x50,0x56,0x80,0xee,0x50,0x56,0x80,
	0xee,0x50,0x56,0x80,0xed,0x4c,0x53,0x80,0xea,0x48,0x4e,0x80,0xff,0xff,0xff,0x80,
	0xff,0xff,0xff,0x80,0xe5,0x38,0x40,0x80,0xe4,0x31,0x37,0x80,0xdf,0x2e,0x36,0x80,
	0xdf,0x2a,0x31,0x80,0xdd,0x25,0x2c,0x80,0xd9,0x23,0x2b,0x80,0xd7,0x20,0x28,0x80,
	0xd4,0x1c,0x23,0x80,0xd0,0x1a,0x21,0x80,0xcc,0x16,0x1d,0x7b,0xa8,0x11,0x15,0x18,
	0x09,0x00,0x01,0x01,0x00,0x00,0x00,0x00,0x00,0x00,0x00,0x00,0x00,0x00,0x00,0x00,
	0x00,0x00,0x00,0x00,0x00,0x00,0x00,0x00,0x00,0x00,0x00,0x00,0x7b,0x5a,0x5b,0x08,
	0xe2,0x33,0x37,0x6e,0xe8,0x34,0x3a,0x80,0xea,0x3f,0x45,0x80,0xed,0x47,0x4c,0x80,
	0xee,0x50,0x56,0x80,0xee,0x57,0x5e,0x80,0xee,0x57,0x5e,0x80,0xee,0x57,0x5e,0x80,
	0xec,0x60,0x69,0x80,0xef,0x73,0x7a,0x80,0xea,0x4e,0x56,0x80,0xff,0xff,0xff,0x80,
	0xff,0xff,0xff,0x80,0xe5,0x38,0x40,0x80,0xe9,0x56,0x5e,0x80,0xe1,0x38,0x40,0x80,
	0xdf,0x2a,0x31,0x80,0xdc,0x27,0x2e,0x80,0xd9,0x23,0x2b,0x80,0xd7,0x20,0x28,0x80,
	0xd4,0x1c,0x23,0x80,0xd0,0x1a,0x21,0x80,0xcd,0x18,0x1f,0x80,0xc1,0x16,0x1d,0x69,
	0x0c,0x01,0x01,0x04,0x00,0x00,0x00,0x00,0x00,0x00,0x00,0x00,0x00,0x00,0x00,0x00,
	0x00,0x00,0x00,0x00,0x00,0x00,0x00,0x00,0x63,0x36,0x37,0x02,0xda,0x3c,0x3f,0x3d,
	0xe8,0x2f,0x35,0x80,0xeb,0x3a,0x3f,0x80,0xec,0x43,0x49,0x80,0xed,0x4c,0x53,0x80,
	0xee,0x57,0x5e,0x80,0xed,0x5b,0x63,0x80,0xed,0x63,0x6d,0x80,0xf7,0xbd,0xc1,0x80,
	0xff,0xfd,0xfe,0x80,0xff,0xff,0xff,0x80,0xea,0x53,0x5b,0x80,0xff,0xff,0xff,0x80,
	0xff,0xff,0xff,0x80,0xe3,0x3d,0x47,0x80,0xff,0xff,0xff,0x80,0xff,0xfd,0xfe,0x80,
	0xf1,0xa9,0xad,0x80,0xdb,0x2e,0x39,0x80,0xd9,0x23,0x2b,0x80,0xd3,0x20,0x29,0x80,
	0xd0,0x1d,0x27,0x80,0xd0,0x1a,0x21,0x80,0xcd,0x18,0x1f,0x80,0xc7,0x17,0x1f,0x80,
	0xb1,0x10,0x17,0x37,0x09,0x00,0x01,0x01,0x00,0x00,0x00,0x00,0x00,0x00,0x00,0x00,
	0x00,0x00,0x00,0x00,0x00,0x00,0x00,0x00,0x0c,0x0a,0x0a,0x06,0xe0,0x2d,0x31,0x74,
	0xe8,0x34,0x3a,0x80,0xea,0x3f,0x45,0x80,0xea,0x48,0x4e,0x80,0xea,0x51,0x59,0x80,
	0xed,0x5b,0x63,0x80,0xed,0x63,0x6d,0x80,0xf7,0xd7,0xda,0x80,0xff,0xff,0xff,0x80,
	0xfe,0xfb,0xfb,0x80,0xf6,0xba,0xbe,0x80,0xe9,0x56,0x5e,0x80,0xff,0xff,0xff,0x80,
	0xff,0xff,0xff,0x80,0xe3,0x3d,0x47,0x80,0xf2,0xa8,0xad,0x80,0xfe,0xfb,0xfb,0x80,
	0xff,0xff,0xff,0x80,0xf5,0xc7,0xca,0x80,0xd8,0x29,0x32,0x80,0xd3,0x20,0x29,0x80,
	0xd0,0x1d,0x27,0x80,0xcd,0x1c,0x26,0x80,0xc9,0x19,0x22,0x80,0xc5,0x16,0x1f,0x80,
	0xbb,0x13,0x1b,0x72,0x0c,0x01,0x01,0x04,0x00,0x00,0x00,0x00,0x00,0x00,0x00,0x00,
	0x00,0x00,0x00,0x00,0x09,0x00,0x01,0x01,0xbe,0x36,0x39,0x2d,0xe2,0x2a,0x30,0x80,
	0xe1,0x34,0x3a,0x80,0xe6,0x3e,0x46,0x80,0xe9,0x49,0x51,0x80,0xea,0x53,0x5b,0x80,
	0xed,0x5b,0x63,0x80,0xf7,0xbd,0xc1,0x80,0xff,0xff,0xff,0x80,0xfd,0xef,0xf0,0x80,
	0xef,0x80,0x88,0x80,0xea,0x5b,0x67,0x80,0xe7,0x55,0x61,0x80,0xff,0xff,0xff,0x80,
	0xff,0xff,0xff,0x80,0xe3,0x3d,0x47,0x80,0xe1,0x38,0x40,0x80,0xe3,0x58,0x60,0x80,
	0xfa,0xe9,0xeb,0x80,0xff,0xff,0xff,0x80,0xee,0xa4,0xa9,0x80,0xd3,0x20,0x29,0x80,
	0xd0,0x1d,0x27,0x80,0xcd,0x1c,0x26,0x80,0xc9,0x19,0x22,0x80,0xc5,0x16,0x1f,0x80,
	0xc0,0x14,0x1c,0x80,0x99,0x0e,0x14,0x27,0x09,0x00,0x01,0x01,0x00,0x00,0x00,0x00,
	0x00,0x00,0x00,0x00,0x1e,0x17,0x17,0x03,0xcd,0x2d,0x31,0x51,0xe2,0x2a,0x30,0x80,
	0xe1,0x34,0x3a,0x80,0xe6,0x3e,0x46,0x80,0xe9,0x49,0x51,0x80,0xea,0x51,0x59,0x80,
	0xef,0x73,0x7a,0x80,0xff,0xfd,0xfe,0x80,0xff,0xfc,0xfc,0x80,0xef,0x80,0x88,0x80,
	0xec,0x60,0x69,0x80,0xea,0x5b,0x67,0x80,0xe7,0x50,0x5b,0x80,0xff,0xff,0xff,0x80,
	0xff,0xff,0xff,0x80,0xde,0x3b,0x47,0x80,0xdc,0x34,0x3f,0x80,0xdb,0x2e,0x39,0x80,
	0xe3,0x4f,0x5b,0x80,0xfe,0xfb,0xfb,0x80,0xff,0xfc,0xfc,0x80,0xd9,0x46,0x50,0x80,
	0xcd,0x1c,0x26,0x80,0xca,0x1b,0x27,0x80,0xc9,0x19,0x22,0x80,0xc2,0x16,0x20,0x80,
	0xbe,0x14,0x1c,0x80,0xa8,0x0f,0x17,0x4c,0x1e,0x17,0x17,0x03,0x00,0x00,0x00,0x00,
	0x00,0x00,0x00,0x00,0x0c,0x0a,0x0a,0x06,0xd3,0x27,0x2c,0x6a,0xdf,0x2a,0x31,0x80,
	0xe1,0x34,0x3a,0x80,0xe3,0x3d,0x47,0x80,0xe6,0x45,0x4e,0x80,0xe7,0x50,0x5b,0x80,
	0xf5,0xb5,0xba,0x80,0xff,0xff,0xff,0x80,0xf6,0xba,0xbe,0x80,0xea,0x5b,0x67,0x80,
	0xea,0x5b,0x67,0x80,0xe7,0x55,0x61,0x80,0xe3,0x4f,0x5b,0x80,0xff,0xff,0xff,0x80,
	0xff,0xff,0xff,0x80,0xdb,0x36,0x43,0x80,0xdc,0x34,0x3f,0x80,0xdb,0x2e,0x39,0x80,
	0xd5,0x29,0x35,0x80,0xee,0xa4,0xa9,0x80,0xff,0xff,0xff,0x80,0xe8,0x9d,0xa3,0x80,
	0xcd,0x1c,0x26,0x80,0xca,0x1b,0x27,0x80,0xc4,0x19,0x26,0x80,0xc2,0x16,0x20,0x80,
	0xbb,0x13,0x1d,0x80,0xaf,0x10,0x19,0x66,0x0c,0x0a,0x0a,0x06,0x00,0x00,0x00,0x00,
	0x00,0x00,0x00,0x00,0x00,0x00,0x00,0x08,0xd7,0x22,0x28,0x78,0xdc,0x27,0x2e,0x80,
	0xdf,0x2e,0x36,0x80,0xe1,0x38,0x40,0x80,0xe3,0x3d,0x47,0x80,0xe4,0x48,0x52,0x80,
	0xfb,0xe4,0xe5,0x80,0xff,0xff,0xff,0x80,0xec,0x7c,0x85,0x80,0xe7,0x55,0x61,0x80,
	0xe7,0x55,0x61,0x80,0xe3,0x4f,0x5b,0x80,0xe2,0x49,0x57,0x80,0xdf,0x41,0x4f,0x80,
	0xde,0x3b,0x47,0x80,0xdb,0x36,0x43,0x80,0xd7,0x30,0x3f,0x80,0xd6,0x2b,0x39,0x80,
	0xd5,0x29,0x35,0x80,0xdc,0x54,0x5e,0x80,0xff,0xff,0xff,0x80,0xf6,0xdb,0xdd,0x80,
	0xca,0x1b,0x27,0x80,0xc7,0x1b,0x28,0x80,0xc1,0x17,0x24,0x80,0xbe,0x16,0x22,0x80,
	0xb8,0x12,0x1d,0x80,0xb2,0x11,0x19,0x77,0x00,0x00,0x00,0x08,0x00,0x00,0x00,0x00,
	0x00,0x00,0x00,0x00,0x00,0x00,0x00,0x0a,0xd5,0x1f,0x25,0x7e,0xd9,0x23,0x2b,0x80,
	0xdb,0x2e,0x39,0x80,0xdc,0x34,0x3f,0x80,0xde,0x3b,0x47,0x80,0xdf,0x41,0x4f,0x80,
	0xfe,0xfb,0xfb,0x80,0xff,0xff,0xff,0x80,0xe3,0x4f,0x5b,0x80,0xe3,0x4f,0x5b,0x80,
	0xe2,0x49,0x57,0x80,0xe0,0x46,0x53,0x80,0xdf,0x41,0x4f,0x80,0xdd,0x3c,0x4a,0x80,
	0xdb,0x36,0x43,0x80,0xd7,0x30,0x3f,0x80,0xd6,0x2b,0x39,0x80,0xd5,0x29,0x35,0x80,
	0xd2,0x25,0x34,0x80,0xd1,0x27,0x35,0x80,0xff,0xff,0xff,0x80,0xfe,0xfb,0xfb,0x80,
	0xc7,0x1b,0x28,0x80,0xc4,0x19,0x26,0x80,0xc1,0x17,0x24,0x80,0xbb,0x15,0x21,0x80,
	0xb8,0x12,0x1d,0x80,0xb1,0x10,0x1a,0x7d,0x00,0x00,0x00,0x09,0x00,0x00,0x00,0x00,
	0x00,0x00,0x00,0x00,0x00,0x00,0x00,0x0a,0xd5,0x1f,0x25,0x7e,0xd7,0x20,0x28,0x80,
	0xd8,0x29,0x32,0x80,0xdb,0x2e,0x39,0x80,0xdc,0x34,0x3f,0x80,0xde,0x3b,0x47,0x80,
	0xfe,0xfb,0xfb,0x80,0xff,0xff,0xff,0x80,0xe0,0x46,0x53,0x80,0xe0,0x46,0x53,0x80,
	0xdf,0x41,0x4f,0x80,0xdc,0x3f,0x4d,0x80,0xdb,0x39,0x47,0x80,0xdb,0x36,0x43,0x80,
	0xd7,0x30,0x3f,0x80,0xd5,0x2d,0x3b,0x80,0xd2,0x2a,0x38,0x80,0xd1,0x27,0x35,0x80,
	0xce,0x24,0x33,0x80,0xd2,0x2a,0x38,0x80,0xff,0xff,0xff,0x80,0xfc,0xf5,0xf6,0x80,
	0xc7,0x1b,0x28,0x80,0xc2,0x19,0x27,0x80,0xbe,0x16,0x22,0x80,0xbb,0x15,0x21,0x80,
	0xb4,0x11,0x1d,0x80,0xb1,0x10,0x1a,0x7d,0x00,0x00,0x00,0x0a,0x00,0x00,0x00,0x00,
	0x00,0x00,0x00,0x00,0x00,0x00,0x00,0x0a,0xd0,0x19,0x20,0x77,0xd3,0x20,0x29,0x80,
	0xd3,0x24,0x2e,0x80,0xd8,0x29,0x32,0x80,0xdb,0x2e,0x39,0x80,0xdc,0x34,0x3f,0x80,
	0xf9,0xe0,0xe2,0x80,0xff,0xff,0xff,0x80,0xe4,0x67,0x72,0x80,0xdc,0x3c,0x4a,0x80,
	0xdb,0x39,0x47,0x80,0xdb,0x39,0x47,0x80,0xd7,0x33,0x41,0x80,0xd7,0x30,0x3f,0x80,
	0xd5,0x2d,0x3b,0x80,0xd2,0x2a,0x38,0x80,0xd1,0x27,0x35,0x80,0xce,0x24,0x33,0x80,
	0xcc,0x21,0x30,0x80,0xd6,0x4e,0x5b,0x80,0xff,0xff,0xff,0x80,0xf6,0xdb,0xdd,0x80,
	0xc2,0x19,0x27,0x80,0xc1,0x17,0x24,0x80,0xbb,0x15,0x21,0x80,0xb7,0x14,0x22,0x80,
	0xb2,0x10,0x1d,0x80,0xaa,0x0e,0x18,0x77,0x00,0x00,0x00,0x0a,0x00,0x00,0x00,0x00,
	0x00,0x00,0x00,0x00,0x00,0x00,0x00,0x09,0xc1,0x16,0x1d,0x69,0xcd,0x1c,0x26,0x80,
	0xd3,0x20,0x29,0x80,0xd3,0x25,0x30,0x80,0xd5,0x29,0x35,0x80,0xd6,0x2b,0x39,0x80,
	0xee,0xa4,0xa9,0x80,0xff,0xff,0xff,0x80,0xed,0xa6,0xac,0x80,0xd7,0x33,0x41,0x80,
	0xd7,0x33,0x41,0x80,0xd7,0x30,0x3f,0x80,0xd5,0x2d,0x3b,0x80,0xd2,0x2a,0x38,0x80,
	0xd1,0x27,0x35,0x80,0xce,0x24,0x33,0x80,0xce,0x24,0x33,0x80,0xcc,0x21,0x30,0x80,
	0xc9,0x20,0x2f,0x80,0xe8,0x9d,0xa3,0x80,0xff,0xff,0xff,0x80,0xe5,0x9b,0xa2,0x80,
	0xbe,0x17,0x26,0x80,0xbc,0x16,0x25,0x80,0xb7,0x14,0x22,0x80,0xb4,0x11,0x1d,0x80,
	0xb0,0x10,0x1b,0x80,0x9e,0x0c,0x16,0x68,0x00,0x00,0x00,0x09,0x00,0x00,0x00,0x00,
	0x00,0x00,0x00,0x00,0x00,0x00,0x00,0x08,0xab,0x15,0x1b,0x52,0xc9,0x19,0x22,0x80,
	0xcd,0x1c,0x26,0x80,0xcd,0x21,0x2c,0x80,0xd3,0x24,0x2e,0x80,0xd1,0x27,0x35,0x80,
	0xdb,0x4f,0x59,0x80,0xff,0xfd,0xfe,0x80,0xfe,0xfb,0xfb,0x80,0xdc,0x52,0x5f,0x80,
	0xd5,0x2d,0x3b,0x80,0xd2,0x2a,0x38,0x80,0xd2,0x2a,0x38,0x80,0xd1,0x27,0x35,0x80,
	0xce,0x24,0x33,0x80,0xce,0x24,0x33,0x80,0xcc,0x21,0x30,0x80,0xc9,0x20,0x2f,0x80,
	0xd1,0x45,0x52,0x80,0xfe,0xfb,0xfb,0x80,0xff,0xfc,0xfc,0x80,0xcc,0x40,0x4d,0x80,
	0xbc,0x16,0x25,0x80,0xb7,0x14,0x22,0x80,0xb5,0x13,0x20,0x80,0xb2,0x10,0x1d,0x80,
	0xab,0x0e,0x1a,0x80,0x8d,0x0a,0x14,0x51,0x00,0x00,0x00,0x08,0x00,0x00,0x00,0x00,
	0x00,0x00,0x00,0x00,0x0c,0x0a,0x0a,0x06,0x85,0x11,0x16,0x30,0xc7,0x17,0x1f,0x80,
	0xc9,0x19,0x22,0x80,0xca,0x1b,0x27,0x80,0xcd,0x21,0x2c,0x80,0xcd,0x21,0x2c,0x80,
	0xce,0x24,0x33,0x80,0xed,0xa6,0xac,0x80,0xff,0xff,0xff,0x80,0xfa,0xe9,0xeb,0x80,
	0xd6,0x4e,0x5b,0x80,0xce,0x24,0x33,0x80,0xce,0x24,0x33,0x80,0xce,0x24,0x33,0x80,
	0xcc,0x21,0x30,0x80,0xc9,0x20,0x2f,0x80,0xc9,0x1e,0x2b,0x80,0xd1,0x45,0x52,0x80,
	0xfa,0xe9,0xeb,0x80,0xff,0xff,0xff,0x80,0xe5,0xa0,0xa7,0x80,0xbc,0x16,0x25,0x80,
	0xb9,0x14,0x24,0x80,0xb4,0x12,0x22,0x80,0xb0,0x11,0x20,0x80,0xac,0x0f,0x1d,0x80,
	0xa7,0x0d,0x1b,0x80,0x6b,0x07,0x0f,0x30,0x0c,0x0a,0x0a,0x06,0x00,0x00,0x00,0x00,
	0x00,0x00,0x00,0x00,0x1e,0x17,0x17,0x03,0x02,0x00,0x00,0x10,0xbb,0x13,0x1b,0x72,
	0xc5,0x16,0x1f,0x80,0xc4,0x19,0x26,0x80,0xc7,0x1b,0x28,0x80,0xc9,0x1e,0x2b,0x80,
	0xc9,0x1e,0x2b,0x80,0xce,0x24,0x33,0x80,0xf1,0xc4,0xc8,0x80,0xff,0xff,0xff,0x80,
	0xfe,0xfb,0xfb,0x80,0xe9,0xa0,0xa7,0x80,0xd6,0x4e,0x5b,0x80,0xca,0x27,0x36,0x80,
	0xca,0x27,0x36,0x80,0xd2,0x4a,0x58,0x80,0xe8,0x9d,0xa3,0x80,0xfe,0xfb,0xfb,0x80,
	0xff,0xff,0xff,0x80,0xee,0xc3,0xc7,0x80,0xbe,0x1c,0x2c,0x80,0xb9,0x14,0x24,0x80,
	0xb4,0x12,0x22,0x80,0xb0,0x11,0x20,0x80,0xac,0x0f,0x1d,0x80,0xa7,0x0d,0x1b,0x80,
	0x9d,0x0b,0x16,0x73,0x02,0x00,0x00,0x10,0x1e,0x17,0x17,0x03,0x00,0x00,0x00,0x00,
	0x00,0x00,0x00,0x00,0x09,0x00,0x01,0x01,0x00,0x00,0x00,0x0a,0x8e,0x10,0x15,0x43,
	0xbe,0x14,0x1c,0x80,0xc2,0x16,0x20,0x80,0xc1,0x17,0x24,0x80,0xc4,0x19,0x26,0x80,
	0xc7,0x1b,0x28,0x80,0xc7,0x1b,0x28,0x80,0xc9,0x20,0x2f,0x80,0xe9,0xa0,0xa7,0x80,
	0xff,0xfd,0xfe,0x80,0xff,0xff,0xff,0x80,0xff,0xff,0xff,0x80,0xff,0xff,0xff,0x80,
	0xff,0xff,0xff,0x80,0xff,0xff,0xff,0x80,0xff,0xff,0xff,0x80,0xff,0xfd,0xfe,0x80,
	0xe5,0xa0,0xa7,0x80,0xbe,0x1c,0x2c,0x80,0xb9,0x14,0x24,0x80,0xb4,0x12,0x22,0x80,
	0xb0,0x11,0x20,0x80,0xac,0x0f,0x1d,0x80,0xa9,0x0e,0x1d,0x80,0xa2,0x0c,0x19,0x80,
	0x77,0x07,0x10,0x42,0x00,0x00,0x00,0x0a,0x09,0x00,0x01,0x01,0x00,0x00,0x00,0x00,
	0x00,0x00,0x00,0x00,0x00,0x00,0x00,0x00,0x0c,0x01,0x01,0x04,0x07,0x00,0x01,0x13,
	0xad,0x10,0x18,0x6d,0xbb,0x13,0x1d,0x80,0xbb,0x15,0x21,0x80,0xbe,0x16,0x22,0x80,
	0xc1,0x17,0x24,0x80,0xc2,0x19,0x27,0x80,0xc2,0x19,0x27,0x80,0xc2,0x19,0x27,0x80,
	0xcc,0x40,0x4d,0x80,0xe5,0x9b,0xa2,0x80,0xf6,0xdb,0xdd,0x80,0xfe,0xfb,0xfb,0x80,
	0xfc,0xf5,0xf6,0x80,0xf7,0xd7,0xda,0x80,0xe2,0x9a,0xa1,0x80,0xc6,0x3e,0x4c,0x80,
	0xb9,0x14,0x24,0x80,0xb7,0x14,0x22,0x80,0xb4,0x12,0x22,0x80,0xb0,0x11,0x20,0x80,
	0xac,0x0f,0x1d,0x80,0xa7,0x0d,0x1b,0x80,0xa3,0x0c,0x1a,0x80,0x92,0x09,0x15,0x6e,
	0x07,0x00,0x01,0x13,0x0c,0x01,0x01,0x04,0x00,0x00,0x00,0x00,0x00,0x00,0x00,0x00,
	0x00,0x00,0x00,0x00,0x00,0x00,0x00,0x00,0x09,0x00,0x01,0x01,0x00,0x00,0x00,0x09,
	0x51,0x05,0x0a,0x29,0xb1,0x10,0x1a,0x7d,0xb8,0x12,0x1d,0x80,0xb7,0x14,0x22,0x80,
	0xbb,0x15,0x21,0x80,0xbb,0x15,0x21,0x80,0xbc,0x16,0x25,0x80,0xbe,0x17,0x26,0x80,
	0xbe,0x17,0x26,0x80,0xbe,0x17,0x26,0x80,0xbe,0x17,0x26,0x80,0xbc,0x16,0x25,0x80,
	0xbc,0x16,0x25,0x80,0xb9,0x14,0x24,0x80,0xb9,0x14,0x24,0x80,0xb7,0x14,0x22,0x80,
	0xb4,0x12,0x22,0x80,0xb2,0x11,0x21,0x80,0xae,0x10,0x20,0x80,0xac,0x0f,0x1d,0x80,
	0xa7,0x0d,0x1b,0x80,0xa2,0x0c,0x19,0x80,0x9b,0x0a,0x16,0x7c,0x51,0x05,0x0a,0x29,
	0x00,0x00,0x00,0x09,0x09,0x00,0x01,0x01,0x00,0x00,0x00,0x00,0x00,0x00,0x00,0x00,
	0x00,0x00,0x00,0x00,0x00,0x00,0x00,0x00,0x00,0x00,0x00,0x00,0x1e,0x17,0x17,0x03,
	0x00,0x00,0x00,0x0e,0x70,0x09,0x0f,0x3a,0xb1,0x10,0x1a,0x7d,0xb4,0x11,0x1d,0x80,
	0xb4,0x11,0x1d,0x80,0xb5,0x13,0x20,0x80,0xb7,0x14,0x22,0x80,0xb7,0x14,0x22,0x80,
	0xb7,0x14,0x22,0x80,0xb7,0x14,0x22,0x80,0xb9,0x14,0x24,0x80,0xb7,0x14,0x22,0x80,
	0xb7,0x14,0x22,0x80,0xb4,0x12,0x22,0x80,0xb4,0x12,0x22,0x80,0xb2,0x11,0x21,0x80,
	0xae,0x10,0x20,0x80,0xac,0x0f,0x1d,0x80,0xa9,0x0e,0x1d,0x80,0xa5,0x0d,0x1a,0x80,
	0xa2,0x0c,0x19,0x80,0x9c,0x0b,0x17,0x7e,0x61,0x06,0x0d,0x3a,0x00,0x00,0x00,0x0e,
	0x1e,0x17,0x17,0x03,0x00,0x00,0x00,0x00,0x00,0x00,0x00,0x00,0x00,0x00,0x00,0x00,
	0x00,0x00,0x00,0x00,0x00,0x00,0x00,0x00,0x00,0x00,0x00,0x00,0x09,0x00,0x01,0x01,
	0x0c,0x01,0x01,0x04,0x02,0x00,0x00,0x10,0x6c,0x08,0x0e,0x3b,0xab,0x0f,0x19,0x7c,
	0xb0,0x10,0x1b,0x80,0xb0,0x10,0x1b,0x80,0xb2,0x10,0x1d,0x80,0xb0,0x11,0x20,0x80,
	0xb2,0x11,0x21,0x80,0xb2,0x11,0x21,0x80,0xb2,0x11,0x21,0x80,0xb2,0x11,0x21,0x80,
	0xb0,0x11,0x20,0x80,0xb0,0x11,0x20,0x80,0xae,0x10,0x20,0x80,0xac,0x0f,0x1d,0x80,
	0xa9,0x0e,0x1d,0x80,0xa7,0x0d,0x1b,0x80,0xa3,0x0c,0x1a,0x80,0xa0,0x0b,0x18,0x80,
	0x9b,0x0a,0x16,0x7c,0x5e,0x06,0x0c,0x3b,0x02,0x00,0x00,0x10,0x0c,0x01,0x01,0x04,
	0x09,0x00,0x01,0x01,0x00,0x00,0x00,0x00,0x00,0x00,0x00,0x00,0x00,0x00,0x00,0x00,
	0x00,0x00,0x00,0x00,0x00,0x00,0x00,0x00,0x00,0x00,0x00,0x00,0x00,0x00,0x00,0x00,
	0x09,0x00,0x01,0x01,0x0c,0x0a,0x0a,0x06,0x02,0x00,0x00,0x10,0x46,0x04,0x09,0x2d,
	0x9e,0x0c,0x16,0x6e,0xab,0x0e,0x1a,0x80,0xab,0x0e,0x1a,0x80,0xac,0x0f,0x1d,0x80,
	0xac,0x0f,0x1d,0x80,0xac,0x0f,0x1d,0x80,0xac,0x0f,0x1d,0x80,0xac,0x0f,0x1d,0x80,
	0xa9,0x0e,0x1d,0x80,0xa9,0x0e,0x1d,0x80,0xa7,0x0d,0x1b,0x80,0xa5,0x0d,0x1a,0x80,
	0xa3,0x0c,0x1a,0x80,0xa0,0x0b,0x18,0x80,0x9d,0x0a,0x17,0x80,0x92,0x09,0x15,0x6e,
	0x46,0x04,0x09,0x2d,0x02,0x00,0x00,0x10,0x0c,0x0a,0x0a,0x06,0x09,0x00,0x01,0x01,
	0x00,0x00,0x00,0x00,0x00,0x00,0x00,0x00,0x00,0x00,0x00,0x00,0x00,0x00,0x00,0x00,
	0x00,0x00,0x00,0x00,0x00,0x00,0x00,0x00,0x00,0x00,0x00,0x00,0x00,0x00,0x00,0x00,
	0x00,0x00,0x00,0x00,0x09,0x00,0x01,0x01,0x0c,0x01,0x01,0x04,0x00,0x00,0x00,0x0e,
	0x03,0x00,0x00,0x1a,0x6e,0x07,0x0f,0x46,0x9d,0x0b,0x16,0x73,0xa5,0x0d,0x1a,0x80,
	0xa5,0x0d,0x1a,0x80,0xa5,0x0d,0x1a,0x80,0xa5,0x0d,0x1a,0x80,0xa5,0x0d,0x1a,0x80,
	0xa5,0x0d,0x1a,0x80,0xa2,0x0c,0x19,0x80,0xa0,0x0b,0x18,0x80,0x9d,0x0a,0x17,0x80,
	0x9d,0x0a,0x17,0x80,0x92,0x09,0x15,0x74,0x6e,0x07,0x0f,0x46,0x03,0x00,0x00,0x1a,
	0x00,0x00,0x00,0x0e,0x0c,0x01,0x01,0x04,0x09,0x00,0x01,0x01,0x00,0x00,0x00,0x00,
	0x00,0x00,0x00,0x00,0x00,0x00,0x00,0x00,0x00,0x00,0x00,0x00,0x00,0x00,0x00,0x00,
	0x00,0x00,0x00,0x00,0x00,0x00,0x00,0x00,0x00,0x00,0x00,0x00,0x00,0x00,0x00,0x00,
	0x00,0x00,0x00,0x00,0x00,0x00,0x00,0x00,0x09,0x00,0x01,0x01,0x1e,0x17,0x17,0x03,
	0x00,0x00,0x00,0x09,0x07,0x00,0x01,0x13,0x03,0x00,0x00,0x1c,0x55,0x05,0x0b,0x38,
	0x7d,0x07,0x11,0x56,0x8f,0x09,0x14,0x6c,0x99,0x0a,0x15,0x78,0x9c,0x0b,0x17,0x7e,
	0x9c,0x0b,0x17,0x7e,0x99,0x0a,0x15,0x78,0x8f,0x09,0x14,0x6c,0x7d,0x07,0x11,0x56,
	0x55,0x05,0x0b,0x38,0x03,0x00,0x00,0x1c,0x07,0x00,0x01,0x13,0x00,0x00,0x00,0x09,
	0x1e,0x17,0x17,0x03,0x09,0x00,0x01,0x01,0x00,0x00,0x00,0x00,0x00,0x00,0x00,0x00,
	0x00,0x00,0x00,0x00,0x00,0x00,0x00,0x00,0x00,0x00,0x00,0x00,0x00,0x00,0x00,0x00,
	0x00,0x00,0x00,0x00,0x00,0x00,0x00,0x00,0x00,0x00,0x00,0x00,0x00,0x00,0x00,0x00,
	0x00,0x00,0x00,0x00,0x00,0x00,0x00,0x00,0x00,0x00,0x00,0x00,0x00,0x00,0x00,0x00,
	0x09,0x00,0x01,0x01,0x0c,0x01,0x01,0x04,0x00,0x00,0x00,0x0a,0x02,0x00,0x00,0x10,
	0x00,0x00,0x00,0x15,0x03,0x00,0x00,0x1a,0x03,0x00,0x00,0x1c,0x00,0x00,0x00,0x1e,
	0x00,0x00,0x00,0x1e,0x03,0x00,0x00,0x1c,0x03,0x00,0x00,0x1a,0x00,0x00,0x00,0x15,
	0x02,0x00,0x00,0x10,0x00,0x00,0x00,0x0a,0x0c,0x01,0x01,0x04,0x09,0x00,0x01,0x01,
	0x00,0x00,0x00,0x00,0x00,0x00,0x00,0x00,0x00,0x00,0x00,0x00,0x00,0x00,0x00,0x00,
	0x00,0x00,0x00,0x00,0x00,0x00,0x00,0x00,0x00,0x00,0x00,0x00,0x00,0x00,0x00,0x00,
	0x00,0x00,0x00,0x00,0x00,0x00,0x00,0x00,0x00,0x00,0x00,0x00,0x00,0x00,0x00,0x00,
	0x00,0x00,0x00,0x00,0x00,0x00,0x00,0x00,0x00,0x00,0x00,0x00,0x00,0x00,0x00,0x00,
	0x00,0x00,0x00,0x00,0x00,0x00,0x00,0x00,0x09,0x00,0x01,0x01,0x1e,0x17,0x17,0x03,
	0x0c,0x0a,0x0a,0x06,0x00,0x00,0x00,0x08,0x00,0x00,0x00,0x09,0x00,0x00,0x00,0x0a,
	0x00,0x00,0x00,0x0a,0x00,0x00,0x00,0x09,0x00,0x00,0x00,0x08,0x0c,0x0a,0x0a,0x06,
	0x1e,0x17,0x17,0x03,0x09,0x00,0x01,0x01,0x00,0x00,0x00,0x00,0x00,0x00,0x00,0x00,
	0x00,0x00,0x00,0x00,0x00,0x00,0x00,0x00,0x00,0x00,0x00,0x00,0x00,0x00,0x00,0x00,
	0x00,0x00,0x00,0x00,0x00,0x00,0x00,0x00,0x00,0x00,0x00,0x00,0x00,0x00,0x00,0x00,
};
static const unsigned char rgba_s_IconFinish[ 4096 ] __attribute__(   (  aligned( 16 ), section( ".data" )  )   ) = {
	0x00,0x00,0x00,0x00,0x00,0x00,0x00,0x00,0x00,0x00,0x00,0x00,0x00,0x00,0x00,0x00,
	0x00,0x00,0x00,0x00,0x00,0x00,0x00,0x00,0x00,0x00,0x00,0x00,0x00,0x00,0x00,0x00,
	0x00,0x00,0x00,0x00,0x00,0x00,0x00,0x00,0x00,0x00,0x00,0x00,0x00,0x00,0x00,0x00,
	0x00,0x00,0x00,0x00,0x00,0x00,0x00,0x00,0x00,0x00,0x00,0x00,0x00,0x00,0x00,0x00,
	0x00,0x00,0x00,0x00,0x00,0x00,0x00,0x00,0x00,0x00,0x00,0x00,0x00,0x00,0x00,0x00,
	0x00,0x00,0x00,0x00,0x00,0x00,0x00,0x00,0x00,0x00,0x00,0x00,0x00,0x00,0x00,0x00,
	0x00,0x00,0x00,0x00,0x00,0x00,0x00,0x00,0x00,0x00,0x00,0x00,0x00,0x00,0x00,0x00,
	0x00,0x00,0x00,0x00,0x00,0x00,0x00,0x00,0x00,0x00,0x00,0x00,0x00,0x00,0x00,0x00,
	0x00,0x00,0x00,0x00,0x00,0x00,0x00,0x00,0x00,0x00,0x00,0x00,0x00,0x00,0x00,0x00,
	0x00,0x00,0x00,0x00,0x00,0x00,0x00,0x00,0x00,0x00,0x00,0x00,0x00,0x00,0x00,0x00,
	0x00,0x00,0x00,0x00,0x00,0x00,0x00,0x00,0x00,0x00,0x00,0x00,0x00,0x00,0x00,0x00,
	0x00,0x00,0x00,0x00,0x00,0x00,0x00,0x00,0x00,0x00,0x00,0x00,0x00,0x00,0x00,0x00,
	0x00,0x00,0x00,0x00,0x00,0x00,0x00,0x00,0x00,0x00,0x00,0x00,0x00,0x00,0x00,0x00,
	0x00,0x00,0x00,0x00,0x00,0x00,0x00,0x00,0x00,0x00,0x00,0x00,0x00,0x00,0x00,0x00,
	0x00,0x00,0x00,0x00,0x00,0x00,0x00,0x00,0x00,0x00,0x00,0x00,0x00,0x00,0x00,0x00,
	0x00,0x00,0x00,0x00,0x00,0x00,0x00,0x00,0x00,0x00,0x00,0x00,0x00,0x00,0x00,0x00,
	0x00,0x00,0x00,0x00,0x00,0x00,0x00,0x00,0x00,0x00,0x00,0x00,0x00,0x00,0x00,0x00,
	0x00,0x00,0x00,0x00,0x00,0x00,0x00,0x00,0x00,0x00,0x00,0x00,0x00,0x00,0x00,0x00,
	0x00,0x00,0x00,0x00,0x00,0x00,0x00,0x00,0x00,0x00,0x00,0x00,0x00,0x00,0x00,0x00,
	0x00,0x00,0x00,0x00,0x00,0x00,0x00,0x00,0x00,0x00,0x00,0x00,0x00,0x00,0x00,0x00,
	0x00,0x00,0x00,0x00,0x00,0x00,0x00,0x00,0x00,0x00,0x00,0x00,0x00,0x00,0x00,0x00,
	0x00,0x00,0x00,0x00,0x00,0x00,0x00,0x00,0x00,0x00,0x00,0x00,0x00,0x00,0x00,0x00,
	0x00,0x00,0x00,0x00,0x00,0x00,0x00,0x00,0x00,0x00,0x00,0x00,0x00,0x00,0x00,0x00,
	0x00,0x00,0x00,0x00,0x00,0x00,0x00,0x00,0x00,0x00,0x00,0x00,0x00,0x00,0x00,0x00,
	0x00,0x00,0x00,0x00,0x00,0x00,0x00,0x00,0x00,0x00,0x00,0x00,0x00,0x00,0x00,0x00,
	0x00,0x00,0x00,0x00,0x00,0x00,0x00,0x00,0x00,0x00,0x00,0x00,0x00,0x00,0x00,0x00,
	0x00,0x00,0x00,0x00,0x00,0x00,0x00,0x00,0x00,0x00,0x00,0x00,0x00,0x00,0x00,0x00,
	0x00,0x00,0x00,0x00,0x00,0x00,0x00,0x00,0x00,0x00,0x00,0x00,0x00,0x00,0x00,0x00,
	0x00,0x00,0x00,0x01,0xf7,0xf7,0xf7,0x1f,0x00,0x00,0x00,0x01,0x00,0x00,0x00,0x00,
	0x00,0x00,0x00,0x00,0x00,0x00,0x00,0x00,0x00,0x00,0x00,0x00,0x00,0x00,0x00,0x00,
	0x00,0x00,0x00,0x00,0x00,0x00,0x00,0x00,0x00,0x00,0x00,0x00,0x00,0x00,0x00,0x00,
	0x00,0x00,0x00,0x00,0x00,0x00,0x00,0x00,0x00,0x00,0x00,0x00,0x00,0x00,0x00,0x00,
	0x00,0x00,0x00,0x00,0x00,0x00,0x00,0x00,0x00,0x00,0x00,0x00,0x00,0x00,0x00,0x00,
	0x00,0x00,0x00,0x00,0x00,0x00,0x00,0x00,0x00,0x00,0x00,0x00,0x00,0x00,0x00,0x00,
	0x00,0x00,0x00,0x00,0x00,0x00,0x00,0x00,0x00,0x00,0x00,0x00,0x00,0x00,0x00,0x00,
	0x00,0x00,0x00,0x00,0x00,0x00,0x00,0x00,0x00,0x00,0x00,0x01,0xe0,0xe0,0xe0,0x15,
	0xfb,0xfb,0xfb,0x6a,0xff,0xff,0xff,0x80,0xfb,0xfb,0xfb,0x6a,0xe0,0xe0,0xe0,0x15,
	0x00,0x00,0x00,0x01,0x00,0x00,0x00,0x00,0x00,0x00,0x00,0x00,0x00,0x00,0x00,0x00,
	0x00,0x00,0x00,0x00,0x00,0x00,0x00,0x00,0x00,0x00,0x00,0x00,0x00,0x00,0x00,0x00,
	0x00,0x00,0x00,0x00,0x00,0x00,0x00,0x00,0x00,0x00,0x00,0x00,0x00,0x00,0x00,0x00,
	0x00,0x00,0x00,0x00,0x00,0x00,0x00,0x00,0x00,0x00,0x00,0x00,0x00,0x00,0x00,0x00,
	0x00,0x00,0x00,0x00,0x00,0x00,0x00,0x00,0x00,0x00,0x00,0x00,0x00,0x00,0x00,0x00,
	0x00,0x00,0x00,0x00,0x00,0x00,0x00,0x00,0x00,0x00,0x00,0x00,0x00,0x00,0x00,0x00,
	0x00,0x00,0x00,0x00,0x00,0x00,0x00,0x00,0x00,0x00,0x00,0x03,0xf7,0xf7,0xf7,0x61,
	0xff,0xff,0xff,0x80,0xc5,0xed,0xe8,0x80,0xff,0xff,0xff,0x80,0xfd,0xfd,0xfd,0x76,
	0xe5,0xe5,0xe5,0x1e,0x00,0x00,0x00,0x01,0x00,0x00,0x00,0x00,0x00,0x00,0x00,0x00,
	0x00,0x00,0x00,0x00,0x00,0x00,0x00,0x00,0x00,0x00,0x00,0x00,0x00,0x00,0x00,0x00,
	0x00,0x00,0x00,0x00,0x00,0x00,0x00,0x00,0x00,0x00,0x00,0x00,0x00,0x00,0x00,0x00,
	0x00,0x00,0x00,0x00,0x00,0x00,0x00,0x00,0x00,0x00,0x00,0x00,0x00,0x00,0x00,0x00,
	0x00,0x00,0x00,0x00,0x00,0x00,0x00,0x00,0x00,0x00,0x00,0x00,0x00,0x00,0x00,0x00,
	0x00,0x00,0x00,0x00,0x00,0x00,0x00,0x00,0x00,0x00,0x00,0x00,0x00,0x00,0x00,0x00,
	0x00,0x00,0x00,0x00,0x00,0x00,0x00,0x00,0x00,0x00,0x00,0x07,0xfe,0xfe,0xfe,0x7d,
	0xff,0xff,0xff,0x80,0x08,0xb1,0x98,0x80,0xac,0xe4,0xdc,0x80,0xff,0xff,0xff,0x80,
	0xff,0xff,0xff,0x80,0xec,0xec,0xec,0x2e,0x00,0x00,0x00,0x01,0x00,0x00,0x00,0x00,
	0x00,0x00,0x00,0x00,0x00,0x00,0x00,0x00,0x00,0x00,0x00,0x00,0x00,0x00,0x00,0x00,
	0x00,0x00,0x00,0x00,0x00,0x00,0x00,0x00,0x00,0x00,0x00,0x00,0x00,0x00,0x00,0x00,
	0x00,0x00,0x00,0x00,0x00,0x00,0x00,0x00,0x00,0x00,0x00,0x00,0x00,0x00,0x00,0x00,
	0x00,0x00,0x00,0x00,0x00,0x00,0x00,0x00,0x00,0x00,0x00,0x00,0x00,0x00,0x00,0x00,
	0x00,0x00,0x00,0x00,0x00,0x00,0x00,0x00,0x00,0x00,0x00,0x00,0x00,0x00,0x00,0x00,
	0x00,0x00,0x00,0x00,0x00,0x00,0x00,0x00,0x00,0x00,0x00,0x0a,0xff,0xff,0xff,0x80,
	0xff,0xff,0xff,0x80,0x00,0xaa,0x91,0x80,0x02,0xa9,0x90,0x80,0x8e,0xd8,0xcc,0x80,
	0xff,0xff,0xff,0x80,0xff,0xff,0xff,0x80,0xf5,0xf5,0xf5,0x50,0x00,0x00,0x00,0x02,
	0x00,0x00,0x00,0x00,0x00,0x00,0x00,0x00,0x00,0x00,0x00,0x00,0x00,0x00,0x00,0x00,
	0x00,0x00,0x00,0x00,0x00,0x00,0x00,0x00,0x00,0x00,0x00,0x00,0x00,0x00,0x00,0x00,
	0x00,0x00,0x00,0x00,0x00,0x00,0x00,0x00,0x00,0x00,0x00,0x00,0x00,0x00,0x00,0x00,
	0x00,0x00,0x00,0x00,0x00,0x00,0x00,0x00,0x00,0x00,0x00,0x00,0x00,0x00,0x00,0x00,
	0x00,0x00,0x00,0x00,0x00,0x00,0x00,0x00,0x00,0x00,0x00,0x00,0x00,0x00,0x00,0x00,
	0x00,0x00,0x00,0x00,0x00,0x00,0x00,0x00,0x00,0x00,0x00,0x0a,0xff,0xff,0xff,0x80,
	0xff,0xff,0xff,0x80,0x00,0xa6,0x8d,0x80,0x00,0xa4,0x8b,0x80,0x00,0xa1,0x89,0x80,
	0x6e,0xc9,0xbb,0x80,0xfc,0xfe,0xfe,0x80,0xff,0xff,0xff,0x80,0xf4,0xf4,0xf4,0x53,
	0x00,0x00,0x00,0x02,0x00,0x00,0x00,0x00,0x00,0x00,0x00,0x00,0x00,0x00,0x00,0x00,
	0x00,0x00,0x00,0x00,0x00,0x00,0x00,0x00,0x00,0x00,0x00,0x00,0x00,0x00,0x00,0x00,
	0x00,0x00,0x00,0x00,0x00,0x00,0x00,0x01,0xe5,0xe5,0xe5,0x19,0xfb,0xfb,0xfb,0x63,
	0xff,0xff,0xff,0x80,0xff,0xff,0xff,0x80,0xff,0xff,0xff,0x80,0xff,0xff,0xff,0x80,
	0xff,0xff,0xff,0x80,0xff,0xff,0xff,0x80,0xff,0xff,0xff,0x80,0xff,0xff,0xff,0x80,
	0xff,0xff,0xff,0x80,0xff,0xff,0xff,0x80,0xff,0xff,0xff,0x80,0xff,0xff,0xff,0x80,
	0xff,0xff,0xff,0x80,0x00,0xa1,0x89,0x80,0x00,0x9f,0x87,0x80,0x00,0x9d,0x85,0x80,
	0x00,0x9b,0x83,0x80,0x51,0xb9,0xa9,0x80,0xf6,0xfb,0xfa,0x80,0xff,0xff,0xff,0x80,
	0xf6,0xf6,0xf6,0x59,0xaa,0xaa,0xaa,0x06,0x00,0x00,0x00,0x00,0x00,0x00,0x00,0x00,
	0x00,0x00,0x00,0x00,0x00,0x00,0x00,0x00,0x00,0x00,0x00,0x00,0x00,0x00,0x00,0x00,
	0x00,0x00,0x00,0x00,0x00,0x00,0x00,0x03,0xf7,0xf7,0xf7,0x65,0xff,0xff,0xff,0x80,
	0xff,0xff,0xff,0x80,0xff,0xff,0xff,0x80,0xff,0xff,0xff,0x80,0xff,0xff,0xff,0x80,
	0xff,0xff,0xff,0x80,0xff,0xff,0xff,0x80,0xff,0xff,0xff,0x80,0xff,0xff,0xff,0x80,
	0xff,0xff,0xff,0x80,0xff,0xff,0xff,0x80,0xff,0xff,0xff,0x80,0xff,0xff,0xff,0x80,
	0xff,0xff,0xff,0x80,0x00,0x9d,0x84,0x80,0x00,0x9b,0x83,0x80,0x00,0x99,0x80,0x80,
	0x00,0x97,0x7f,0x80,0x00,0x95,0x7c,0x80,0x38,0xaa,0x97,0x80,0xea,0xf6,0xf4,0x80,
	0xff,0xff,0xff,0x80,0xf7,0xf7,0xf7,0x61,0xd3,0xd3,0xd3,0x0f,0x00,0x00,0x00,0x01,
	0x00,0x00,0x00,0x00,0x00,0x00,0x00,0x00,0x00,0x00,0x00,0x00,0x00,0x00,0x00,0x00,
	0x00,0x00,0x00,0x00,0x00,0x00,0x00,0x07,0xff,0xff,0xff,0x80,0xff,0xff,0xff,0x80,
	0x00,0xb1,0x98,0x80,0x00,0xb0,0x97,0x80,0x00,0xae,0x95,0x80,0x00,0xac,0x94,0x80,
	0x00,0xab,0x92,0x80,0x00,0xa8,0x90,0x80,0x00,0xa6,0x8e,0x80,0x00,0xa5,0x8c,0x80,
	0x00,0xa3,0x8a,0x80,0x00,0xa1,0x88,0x80,0x00,0x9f,0x86,0x80,0x00,0x9c,0x84,0x80,
	0x00,0x9b,0x82,0x80,0x00,0x98,0x80,0x80,0x00,0x96,0x7e,0x80,0x00,0x94,0x7c,0x80,
	0x00,0x92,0x7a,0x80,0x00,0x90,0x78,0x80,0x00,0x8e,0x76,0x80,0x24,0x9c,0x88,0x80,
	0xda,0xee,0xea,0x80,0xff,0xff,0xff,0x80,0xf9,0xf9,0xf9,0x6a,0xdf,0xdf,0xdf,0x14,
	0x00,0x00,0x00,0x01,0x00,0x00,0x00,0x00,0x00,0x00,0x00,0x00,0x00,0x00,0x00,0x00,
	0x00,0x00,0x00,0x00,0x00,0x00,0x00,0x0a,0xff,0xff,0xff,0x80,0xff,0xff,0xff,0x80,
	0x00,0xae,0x95,0x80,0x00,0xac,0x93,0x80,0x00,0xaa,0x91,0x80,0x00,0xa8,0x90,0x80,
	0x00,0xa6,0x8d,0x80,0x00,0xa4,0x8c,0x80,0x00,0xa2,0x8a,0x80,0x00,0xa1,0x88,0x80,
	0x00,0x9e,0x86,0x80,0x00,0x9c,0x84,0x80,0x00,0x9a,0x82,0x80,0x00,0x98,0x80,0x80,
	0x00,0x96,0x7e,0x80,0x00,0x94,0x7b,0x80,0x00,0x92,0x7a,0x80,0x00,0x90,0x77,0x80,
	0x00,0x8e,0x76,0x80,0x00,0x8b,0x73,0x80,0x00,0x89,0x71,0x80,0x00,0x86,0x6e,0x80,
	0x14,0x8e,0x78,0x80,0xc6,0xe3,0xde,0x80,0xff,0xff,0xff,0x80,0xfd,0xfd,0xfd,0x75,
	0xe4,0xe4,0xe4,0x1d,0x00,0x00,0x00,0x01,0x00,0x00,0x00,0x00,0x00,0x00,0x00,0x00,
	0x00,0x00,0x00,0x00,0x00,0x00,0x00,0x0b,0xff,0xff,0xff,0x80,0xff,0xff,0xff,0x80,
	0x00,0xaa,0x91,0x80,0x00,0xa8,0x8f,0x80,0x00,0xa6,0x8d,0x80,0x00,0xa4,0x8c,0x80,
	0x00,0xa2,0x89,0x80,0x00,0xa0,0x87,0x80,0x00,0x9e,0x85,0x80,0x00,0x9c,0x83,0x80,
	0x00,0x9a,0x81,0x80,0x00,0x98,0x7f,0x80,0x00,0x95,0x7d,0x80,0x00,0x94,0x7b,0x80,
	0x00,0x91,0x79,0x80,0x00,0x8f,0x77,0x80,0x00,0x8d,0x75,0x80,0x00,0x8b,0x73,0x80,
	0x00,0x88,0x70,0x80,0x00,0x86,0x6e,0x80,0x00,0x84,0x6c,0x80,0x00,0x82,0x6a,0x80,
	0x00,0x80,0x68,0x80,0x09,0x83,0x6b,0x80,0xad,0xd5,0xcd,0x80,0xff,0xff,0xff,0x80,
	0xff,0xff,0xff,0x80,0xe0,0xe0,0xe0,0x1d,0x00,0x00,0x00,0x01,0x00,0x00,0x00,0x00,
	0x00,0x00,0x00,0x00,0x00,0x00,0x00,0x0b,0xff,0xff,0xff,0x80,0xff,0xff,0xff,0x80,
	0x00,0xa6,0x8d,0x80,0x00,0xa4,0x8b,0x80,0x00,0xa1,0x89,0x80,0x00,0xa0,0x87,0x80,
	0x00,0x9e,0x85,0x80,0x00,0x9b,0x83,0x80,0x00,0x9a,0x81,0x80,0x00,0x97,0x7f,0x80,
	0x00,0x95,0x7d,0x80,0x00,0x93,0x7b,0x80,0x00,0x91,0x79,0x80,0x00,0x8f,0x77,0x80,
	0x00,0x8d,0x75,0x80,0x00,0x8a,0x72,0x80,0x00,0x88,0x70,0x80,0x00,0x86,0x6e,0x80,
	0x00,0x84,0x6c,0x80,0x00,0x82,0x6a,0x80,0x00,0x7f,0x68,0x80,0x00,0x7d,0x65,0x80,
	0x00,0x7b,0x64,0x80,0x00,0x79,0x61,0x80,0x02,0x78,0x61,0x80,0x90,0xc3,0xb8,0x80,
	0xff,0xff,0xff,0x80,0xe2,0xe2,0xe2,0x3f,0x00,0x00,0x00,0x02,0x00,0x00,0x00,0x00,
	0x00,0x00,0x00,0x00,0x00,0x00,0x00,0x0b,0xff,0xff,0xff,0x80,0xff,0xff,0xff,0x80,
	0x00,0xa1,0x89,0x80,0x00,0x9f,0x87,0x80,0x00,0x9d,0x85,0x80,0x00,0x9b,0x83,0x80,
	0x00,0x99,0x81,0x80,0x00,0x97,0x7f,0x80,0x00,0x95,0x7d,0x80,0x00,0x93,0x7b,0x80,
	0x00,0x90,0x78,0x80,0x00,0x8f,0x76,0x80,0x00,0x8c,0x74,0x80,0x00,0x8a,0x72,0x80,
	0x00,0x88,0x70,0x80,0x00,0x85,0x6e,0x80,0x00,0x84,0x6c,0x80,0x00,0x81,0x69,0x80,
	0x00,0x7f,0x67,0x80,0x00,0x7d,0x65,0x80,0x00,0x7b,0x63,0x80,0x00,0x79,0x61,0x80,
	0x00,0x77,0x5f,0x80,0x00,0x75,0x5d,0x80,0x02,0x74,0x5c,0x80,0x8f,0xc1,0xb6,0x80,
	0xff,0xff,0xff,0x80,0xd9,0xd9,0xd9,0x43,0x00,0x00,0x00,0x04,0x00,0x00,0x00,0x00,
	0x00,0x00,0x00,0x00,0x00,0x00,0x00,0x0b,0xff,0xff,0xff,0x80,0xff,0xff,0xff,0x80,
	0x00,0x9d,0x84,0x80,0x00,0x9b,0x83,0x80,0x00,0x99,0x80,0x80,0x00,0x97,0x7f,0x80,
	0x00,0x95,0x7c,0x80,0x00,0x92,0x7a,0x80,0x00,0x90,0x78,0x80,0x00,0x8e,0x76,0x80,
	0x00,0x8c,0x74,0x80,0x00,0x8a,0x72,0x80,0x00,0x87,0x6f,0x80,0x00,0x85,0x6d,0x80,
	0x00,0x83,0x6b,0x80,0x00,0x81,0x69,0x80,0x00,0x7f,0x67,0x80,0x00,0x7d,0x65,0x80,
	0x00,0x7a,0x63,0x80,0x00,0x79,0x61,0x80,0x00,0x76,0x5f,0x80,0x00,0x74,0x5d,0x80,
	0x00,0x73,0x5b,0x80,0x09,0x75,0x5f,0x80,0xac,0xd0,0xc8,0x80,0xff,0xff,0xff,0x80,
	0xff,0xff,0xff,0x80,0xa4,0xa4,0xa4,0x29,0x00,0x00,0x00,0x04,0x00,0x00,0x00,0x00,
	0x00,0x00,0x00,0x00,0x00,0x00,0x00,0x0b,0xff,0xff,0xff,0x80,0xff,0xff,0xff,0x80,
	0x00,0x98,0x80,0x80,0x00,0x96,0x7e,0x80,0x00,0x94,0x7c,0x80,0x00,0x92,0x7a,0x80,
	0x00,0x90,0x78,0x80,0x00,0x8e,0x76,0x80,0x00,0x8c,0x74,0x80,0x00,0x89,0x71,0x80,
	0x00,0x87,0x6f,0x80,0x00,0x85,0x6d,0x80,0x00,0x83,0x6b,0x80,0x00,0x80,0x69,0x80,
	0x00,0x7f,0x67,0x80,0x00,0x7c,0x65,0x80,0x00,0x7a,0x63,0x80,0x00,0x78,0x61,0x80,
	0x00,0x76,0x5f,0x80,0x00,0x74,0x5d,0x80,0x00,0x72,0x5b,0x80,0x00,0x70,0x58,0x80,
	0x14,0x79,0x64,0x80,0xc5,0xde,0xd8,0x80,0xff,0xff,0xff,0x80,0xf8,0xf8,0xf8,0x78,
	0x89,0x89,0x89,0x31,0x00,0x00,0x00,0x0d,0x00,0x00,0x00,0x03,0x00,0x00,0x00,0x00,
	0x00,0x00,0x00,0x00,0x00,0x00,0x00,0x0b,0xff,0xff,0xff,0x80,0xff,0xff,0xff,0x80,
	0x00,0x94,0x7b,0x80,0x00,0x92,0x7a,0x80,0x00,0x90,0x77,0x80,0x00,0x8e,0x76,0x80,
	0x00,0x8b,0x73,0x80,0x00,0x89,0x71,0x80,0x00,0x86,0x6e,0x80,0x00,0x84,0x6d,0x80,
	0x00,0x82,0x6a,0x80,0x00,0x80,0x69,0x80,0x00,0x7e,0x66,0x80,0x00,0x7c,0x64,0x80,
	0x00,0x7a,0x62,0x80,0x00,0x78,0x60,0x80,0x00,0x76,0x5e,0x80,0x00,0x73,0x5c,0x80,
	0x00,0x72,0x5a,0x80,0x00,0x70,0x58,0x80,0x00,0x6e,0x57,0x80,0x23,0x80,0x6b,0x80,
	0xda,0xe9,0xe6,0x80,0xff,0xff,0xff,0x80,0xef,0xef,0xef,0x6f,0x6a,0x6a,0x6a,0x2a,
	0x00,0x00,0x00,0x10,0x00,0x00,0x00,0x05,0x00,0x00,0x00,0x01,0x00,0x00,0x00,0x00,
	0x00,0x00,0x00,0x00,0x00,0x00,0x00,0x0a,0xee,0xee,0xee,0x69,0xff,0xff,0xff,0x80,
	0xff,0xff,0xff,0x80,0xff,0xff,0xff,0x80,0xff,0xff,0xff,0x80,0xff,0xff,0xff,0x80,
	0xff,0xff,0xff,0x80,0xff,0xff,0xff,0x80,0xff,0xff,0xff,0x80,0xff,0xff,0xff,0x80,
	0xff,0xff,0xff,0x80,0xff,0xff,0xff,0x80,0xff,0xff,0xff,0x80,0xff,0xff,0xff,0x80,
	0xff,0xff,0xff,0x80,0x00,0x73,0x5c,0x80,0x00,0x71,0x5a,0x80,0x00,0x6f,0x58,0x80,
	0x00,0x6e,0x56,0x80,0x00,0x6c,0x54,0x80,0x37,0x89,0x77,0x80,0xea,0xf3,0xf1,0x80,
	0xff,0xff,0xff,0x80,0xe7,0xe7,0xe7,0x67,0x55,0x55,0x55,0x24,0x00,0x00,0x00,0x0e,
	0x00,0x00,0x00,0x04,0x00,0x00,0x00,0x01,0x00,0x00,0x00,0x00,0x00,0x00,0x00,0x00,
	0x00,0x00,0x00,0x00,0x00,0x00,0x00,0x07,0x87,0x87,0x87,0x2a,0xeb,0xeb,0xeb,0x6a,
	0xff,0xff,0xff,0x80,0xff,0xff,0xff,0x80,0xff,0xff,0xff,0x80,0xff,0xff,0xff,0x80,
	0xff,0xff,0xff,0x80,0xff,0xff,0xff,0x80,0xff,0xff,0xff,0x80,0xff,0xff,0xff,0x80,
	0xff,0xff,0xff,0x80,0xff,0xff,0xff,0x80,0xff,0xff,0xff,0x80,0xff,0xff,0xff,0x80,
	0xff,0xff,0xff,0x80,0x00,0x6f,0x58,0x80,0x00,0x6d,0x56,0x80,0x00,0x6b,0x54,0x80,
	0x00,0x69,0x52,0x80,0x50,0x97,0x87,0x80,0xf6,0xfa,0xf9,0x80,0xff,0xff,0xff,0x80,
	0xe1,0xe1,0xe1,0x61,0x28,0x28,0x28,0x1d,0x00,0x00,0x00,0x0c,0x00,0x00,0x00,0x03,
	0x00,0x00,0x00,0x01,0x00,0x00,0x00,0x00,0x00,0x00,0x00,0x00,0x00,0x00,0x00,0x00,
	0x00,0x00,0x00,0x00,0x00,0x00,0x00,0x03,0x00,0x00,0x00,0x0c,0x00,0x00,0x00,0x18,
	0x00,0x00,0x00,0x1e,0x00,0x00,0x00,0x1f,0x00,0x00,0x00,0x1f,0x00,0x00,0x00,0x1f,
	0x00,0x00,0x00,0x1f,0x00,0x00,0x00,0x1f,0x00,0x00,0x00,0x1f,0x00,0x00,0x00,0x1f,
	0x00,0x00,0x00,0x1f,0x00,0x00,0x00,0x1f,0x00,0x00,0x00,0x22,0xff,0xff,0xff,0x80,
	0xff,0xff,0xff,0x80,0x00,0x6b,0x54,0x80,0x00,0x69,0x52,0x80,0x00,0x67,0x50,0x80,
	0x6e,0xa7,0x9a,0x80,0xfc,0xfd,0xfd,0x80,0xff,0xff,0xff,0x80,0xdb,0xdb,0xdb,0x5d,
	0x00,0x00,0x00,0x18,0x00,0x00,0x00,0x0b,0x00,0x00,0x00,0x03,0x00,0x00,0x00,0x01,
	0x00,0x00,0x00,0x00,0x00,0x00,0x00,0x00,0x00,0x00,0x00,0x00,0x00,0x00,0x00,0x00,
	0x00,0x00,0x00,0x00,0x00,0x00,0x00,0x01,0x00,0x00,0x00,0x03,0x00,0x00,0x00,0x07,
	0x00,0x00,0x00,0x0a,0x00,0x00,0x00,0x0b,0x00,0x00,0x00,0x0b,0x00,0x00,0x00,0x0b,
	0x00,0x00,0x00,0x0b,0x00,0x00,0x00,0x0b,0x00,0x00,0x00,0x0b,0x00,0x00,0x00,0x0b,
	0x00,0x00,0x00,0x0b,0x00,0x00,0x00,0x0b,0x00,0x00,0x00,0x12,0xff,0xff,0xff,0x80,
	0xff,0xff,0xff,0x80,0x00,0x67,0x50,0x80,0x02,0x66,0x4f,0x80,0x8c,0xb9,0xae,0x80,
	0xff,0xff,0xff,0x80,0xff,0xff,0xff,0x80,0xd8,0xd8,0xd8,0x5b,0x00,0x00,0x00,0x17,
	0x00,0x00,0x00,0x0a,0x00,0x00,0x00,0x02,0x00,0x00,0x00,0x00,0x00,0x00,0x00,0x00,
	0x00,0x00,0x00,0x00,0x00,0x00,0x00,0x00,0x00,0x00,0x00,0x00,0x00,0x00,0x00,0x00,
	0x00,0x00,0x00,0x00,0x00,0x00,0x00,0x00,0x00,0x00,0x00,0x00,0x00,0x00,0x00,0x00,
	0x00,0x00,0x00,0x00,0x00,0x00,0x00,0x00,0x00,0x00,0x00,0x00,0x00,0x00,0x00,0x00,
	0x00,0x00,0x00,0x00,0x00,0x00,0x00,0x00,0x00,0x00,0x00,0x00,0x00,0x00,0x00,0x00,
	0x00,0x00,0x00,0x00,0x00,0x00,0x00,0x00,0x00,0x00,0x00,0x0a,0xfd,0xfd,0xfd,0x7d,
	0xff,0xff,0xff,0x80,0x08,0x68,0x52,0x80,0xaa,0xca,0xc3,0x80,0xff,0xff,0xff,0x80,
	0xff,0xff,0xff,0x80,0xa8,0xa8,0xa8,0x41,0x00,0x00,0x00,0x16,0x00,0x00,0x00,0x09,
	0x00,0x00,0x00,0x02,0x00,0x00,0x00,0x00,0x00,0x00,0x00,0x00,0x00,0x00,0x00,0x00,
	0x00,0x00,0x00,0x00,0x00,0x00,0x00,0x00,0x00,0x00,0x00,0x00,0x00,0x00,0x00,0x00,
	0x00,0x00,0x00,0x00,0x00,0x00,0x00,0x00,0x00,0x00,0x00,0x00,0x00,0x00,0x00,0x00,
	0x00,0x00,0x00,0x00,0x00,0x00,0x00,0x00,0x00,0x00,0x00,0x00,0x00,0x00,0x00,0x00,
	0x00,0x00,0x00,0x00,0x00,0x00,0x00,0x00,0x00,0x00,0x00,0x00,0x00,0x00,0x00,0x00,
	0x00,0x00,0x00,0x00,0x00,0x00,0x00,0x00,0x00,0x00,0x00,0x0a,0xec,0xec,0xec,0x65,
	0xff,0xff,0xff,0x80,0xc4,0xda,0xd5,0x80,0xff,0xff,0xff,0x80,0xf9,0xf9,0xf9,0x79,
	0x87,0x87,0x87,0x34,0x00,0x00,0x00,0x13,0x00,0x00,0x00,0x08,0x00,0x00,0x00,0x02,
	0x00,0x00,0x00,0x00,0x00,0x00,0x00,0x00,0x00,0x00,0x00,0x00,0x00,0x00,0x00,0x00,
	0x00,0x00,0x00,0x00,0x00,0x00,0x00,0x00,0x00,0x00,0x00,0x00,0x00,0x00,0x00,0x00,
	0x00,0x00,0x00,0x00,0x00,0x00,0x00,0x00,0x00,0x00,0x00,0x00,0x00,0x00,0x00,0x00,
	0x00,0x00,0x00,0x00,0x00,0x00,0x00,0x00,0x00,0x00,0x00,0x00,0x00,0x00,0x00,0x00,
	0x00,0x00,0x00,0x00,0x00,0x00,0x00,0x00,0x00,0x00,0x00,0x00,0x00,0x00,0x00,0x00,
	0x00,0x00,0x00,0x00,0x00,0x00,0x00,0x00,0x00,0x00,0x00,0x07,0x79,0x79,0x79,0x26,
	0xf0,0xf0,0xf0,0x6f,0xff,0xff,0xff,0x80,0xef,0xef,0xef,0x70,0x6b,0x6b,0x6b,0x2b,
	0x00,0x00,0x00,0x10,0x00,0x00,0x00,0x06,0x00,0x00,0x00,0x01,0x00,0x00,0x00,0x00,
	0x00,0x00,0x00,0x00,0x00,0x00,0x00,0x00,0x00,0x00,0x00,0x00,0x00,0x00,0x00,0x00,
	0x00,0x00,0x00,0x00,0x00,0x00,0x00,0x00,0x00,0x00,0x00,0x00,0x00,0x00,0x00,0x00,
	0x00,0x00,0x00,0x00,0x00,0x00,0x00,0x00,0x00,0x00,0x00,0x00,0x00,0x00,0x00,0x00,
	0x00,0x00,0x00,0x00,0x00,0x00,0x00,0x00,0x00,0x00,0x00,0x00,0x00,0x00,0x00,0x00,
	0x00,0x00,0x00,0x00,0x00,0x00,0x00,0x00,0x00,0x00,0x00,0x00,0x00,0x00,0x00,0x00,
	0x00,0x00,0x00,0x00,0x00,0x00,0x00,0x00,0x00,0x00,0x00,0x03,0x00,0x00,0x00,0x0c,
	0x00,0x00,0x00,0x19,0x90,0x90,0x90,0x35,0x00,0x00,0x00,0x19,0x00,0x00,0x00,0x0e,
	0x00,0x00,0x00,0x04,0x00,0x00,0x00,0x01,0x00,0x00,0x00,0x00,0x00,0x00,0x00,0x00,
	0x00,0x00,0x00,0x00,0x00,0x00,0x00,0x00,0x00,0x00,0x00,0x00,0x00,0x00,0x00,0x00,
	0x00,0x00,0x00,0x00,0x00,0x00,0x00,0x00,0x00,0x00,0x00,0x00,0x00,0x00,0x00,0x00,
	0x00,0x00,0x00,0x00,0x00,0x00,0x00,0x00,0x00,0x00,0x00,0x00,0x00,0x00,0x00,0x00,
	0x00,0x00,0x00,0x00,0x00,0x00,0x00,0x00,0x00,0x00,0x00,0x00,0x00,0x00,0x00,0x00,
	0x00,0x00,0x00,0x00,0x00,0x00,0x00,0x00,0x00,0x00,0x00,0x00,0x00,0x00,0x00,0x00,
	0x00,0x00,0x00,0x00,0x00,0x00,0x00,0x00,0x00,0x00,0x00,0x01,0x00,0x00,0x00,0x03,
	0x00,0x00,0x00,0x09,0x00,0x00,0x00,0x0c,0x00,0x00,0x00,0x09,0x00,0x00,0x00,0x03,
	0x00,0x00,0x00,0x01,0x00,0x00,0x00,0x00,0x00,0x00,0x00,0x00,0x00,0x00,0x00,0x00,
	0x00,0x00,0x00,0x00,0x00,0x00,0x00,0x00,0x00,0x00,0x00,0x00,0x00,0x00,0x00,0x00,
	0x00,0x00,0x00,0x00,0x00,0x00,0x00,0x00,0x00,0x00,0x00,0x00,0x00,0x00,0x00,0x00,
	0x00,0x00,0x00,0x00,0x00,0x00,0x00,0x00,0x00,0x00,0x00,0x00,0x00,0x00,0x00,0x00,
	0x00,0x00,0x00,0x00,0x00,0x00,0x00,0x00,0x00,0x00,0x00,0x00,0x00,0x00,0x00,0x00,
	0x00,0x00,0x00,0x00,0x00,0x00,0x00,0x00,0x00,0x00,0x00,0x00,0x00,0x00,0x00,0x00,
	0x00,0x00,0x00,0x00,0x00,0x00,0x00,0x00,0x00,0x00,0x00,0x00,0x00,0x00,0x00,0x00,
	0x00,0x00,0x00,0x01,0x00,0x00,0x00,0x02,0x00,0x00,0x00,0x01,0x00,0x00,0x00,0x00,
	0x00,0x00,0x00,0x00,0x00,0x00,0x00,0x00,0x00,0x00,0x00,0x00,0x00,0x00,0x00,0x00,
	0x00,0x00,0x00,0x00,0x00,0x00,0x00,0x00,0x00,0x00,0x00,0x00,0x00,0x00,0x00,0x00,
	0x00,0x00,0x00,0x00,0x00,0x00,0x00,0x00,0x00,0x00,0x00,0x00,0x00,0x00,0x00,0x00,
	0x00,0x00,0x00,0x00,0x00,0x00,0x00,0x00,0x00,0x00,0x00,0x00,0x00,0x00,0x00,0x00,
	0x00,0x00,0x00,0x00,0x00,0x00,0x00,0x00,0x00,0x00,0x00,0x00,0x00,0x00,0x00,0x00,
	0x00,0x00,0x00,0x00,0x00,0x00,0x00,0x00,0x00,0x00,0x00,0x00,0x00,0x00,0x00,0x00,
	0x00,0x00,0x00,0x00,0x00,0x00,0x00,0x00,0x00,0x00,0x00,0x00,0x00,0x00,0x00,0x00,
	0x00,0x00,0x00,0x00,0x00,0x00,0x00,0x00,0x00,0x00,0x00,0x00,0x00,0x00,0x00,0x00,
	0x00,0x00,0x00,0x00,0x00,0x00,0x00,0x00,0x00,0x00,0x00,0x00,0x00,0x00,0x00,0x00,
	0x00,0x00,0x00,0x00,0x00,0x00,0x00,0x00,0x00,0x00,0x00,0x00,0x00,0x00,0x00,0x00,
	0x00,0x00,0x00,0x00,0x00,0x00,0x00,0x00,0x00,0x00,0x00,0x00,0x00,0x00,0x00,0x00,
	0x00,0x00,0x00,0x00,0x00,0x00,0x00,0x00,0x00,0x00,0x00,0x00,0x00,0x00,0x00,0x00,
	0x00,0x00,0x00,0x00,0x00,0x00,0x00,0x00,0x00,0x00,0x00,0x00,0x00,0x00,0x00,0x00,
	0x00,0x00,0x00,0x00,0x00,0x00,0x00,0x00,0x00,0x00,0x00,0x00,0x00,0x00,0x00,0x00,
	0x00,0x00,0x00,0x00,0x00,0x00,0x00,0x00,0x00,0x00,0x00,0x00,0x00,0x00,0x00,0x00,
	0x00,0x00,0x00,0x00,0x00,0x00,0x00,0x00,0x00,0x00,0x00,0x00,0x00,0x00,0x00,0x00,
	0x00,0x00,0x00,0x00,0x00,0x00,0x00,0x00,0x00,0x00,0x00,0x00,0x00,0x00,0x00,0x00,
	0x00,0x00,0x00,0x00,0x00,0x00,0x00,0x00,0x00,0x00,0x00,0x00,0x00,0x00,0x00,0x00,
	0x00,0x00,0x00,0x00,0x00,0x00,0x00,0x00,0x00,0x00,0x00,0x00,0x00,0x00,0x00,0x00,
	0x00,0x00,0x00,0x00,0x00,0x00,0x00,0x00,0x00,0x00,0x00,0x00,0x00,0x00,0x00,0x00,
	0x00,0x00,0x00,0x00,0x00,0x00,0x00,0x00,0x00,0x00,0x00,0x00,0x00,0x00,0x00,0x00,
	0x00,0x00,0x00,0x00,0x00,0x00,0x00,0x00,0x00,0x00,0x00,0x00,0x00,0x00,0x00,0x00,
	0x00,0x00,0x00,0x00,0x00,0x00,0x00,0x00,0x00,0x00,0x00,0x00,0x00,0x00,0x00,0x00,
	0x00,0x00,0x00,0x00,0x00,0x00,0x00,0x00,0x00,0x00,0x00,0x00,0x00,0x00,0x00,0x00,
	0x00,0x00,0x00,0x00,0x00,0x00,0x00,0x00,0x00,0x00,0x00,0x00,0x00,0x00,0x00,0x00,
	0x00,0x00,0x00,0x00,0x00,0x00,0x00,0x00,0x00,0x00,0x00,0x00,0x00,0x00,0x00,0x00,
	0x00,0x00,0x00,0x00,0x00,0x00,0x00,0x00,0x00,0x00,0x00,0x00,0x00,0x00,0x00,0x00,
};
static const unsigned char rgba_g_IconBall[ 4096 ] __attribute__(   (  aligned( 16 ), section( ".data" )  )   ) = {
	0x00,0x00,0x00,0x00,0x00,0x00,0x00,0x00,0x00,0x00,0x00,0x00,0x00,0x00,0x00,0x00,
	0x00,0x00,0x00,0x00,0x00,0x00,0x00,0x00,0x00,0x00,0x00,0x00,0x00,0x00,0x00,0x00,
	0x00,0x00,0x00,0x00,0x00,0x00,0x00,0x00,0x00,0x00,0x00,0x00,0x00,0x00,0x00,0x00,
	0x00,0x00,0x00,0x00,0x00,0x00,0x00,0x00,0x00,0x00,0x00,0x00,0x00,0x00,0x00,0x00,
	0x00,0x00,0x00,0x00,0x00,0x00,0x00,0x00,0x00,0x00,0x00,0x00,0x00,0x00,0x00,0x00,
	0x00,0x00,0x00,0x00,0x00,0x00,0x00,0x00,0x00,0x00,0x00,0x00,0x00,0x00,0x00,0x00,
	0x00,0x00,0x00,0x00,0x00,0x00,0x00,0x00,0x00,0x00,0x00,0x00,0x00,0x00,0x00,0x00,
	0x00,0x00,0x00,0x00,0x00,0x00,0x00,0x00,0x00,0x00,0x00,0x00,0x00,0x00,0x00,0x00,
	0x00,0x00,0x00,0x00,0x00,0x00,0x00,0x00,0x00,0x00,0x00,0x00,0x00,0x00,0x00,0x00,
	0x00,0x00,0x00,0x00,0x00,0x00,0x00,0x00,0x00,0x00,0x00,0x00,0x00,0x00,0x00,0x00,
	0x00,0x00,0x00,0x00,0x00,0x00,0x00,0x00,0x00,0x00,0x00,0x00,0x00,0x00,0x00,0x00,
	0x00,0x00,0x00,0x00,0x00,0x00,0x00,0x00,0x00,0x00,0x00,0x00,0x00,0x00,0x00,0x00,
	0x00,0x00,0x00,0x00,0x00,0x00,0x00,0x00,0x00,0x00,0x00,0x00,0x00,0x00,0x00,0x00,
	0x00,0x00,0x00,0x00,0x00,0x00,0x00,0x00,0x00,0x00,0x00,0x00,0x00,0x00,0x00,0x00,
	0x00,0x00,0x00,0x00,0x00,0x00,0x00,0x00,0x00,0x00,0x00,0x00,0x00,0x00,0x00,0x00,
	0x00,0x00,0x00,0x00,0x00,0x00,0x00,0x00,0x00,0x00,0x00,0x00,0x00,0x00,0x00,0x00,
	0x00,0x00,0x00,0x00,0x00,0x00,0x00,0x00,0x00,0x00,0x00,0x00,0x00,0x00,0x00,0x00,
	0x00,0x00,0x00,0x00,0x00,0x00,0x00,0x00,0x00,0x00,0x00,0x00,0x00,0x00,0x00,0x00,
	0x00,0x00,0x00,0x00,0x00,0x00,0x00,0x00,0x00,0x00,0x00,0x00,0x00,0x00,0x00,0x00,
	0x00,0x00,0x00,0x00,0x00,0x00,0x00,0x00,0x00,0x00,0x00,0x00,0x00,0x00,0x00,0x00,
	0x00,0x00,0x00,0x00,0x00,0x00,0x00,0x00,0x00,0x00,0x00,0x00,0x00,0x00,0x00,0x00,
	0x00,0x00,0x00,0x00,0x00,0x00,0x00,0x00,0x00,0x00,0x00,0x00,0x00,0x00,0x00,0x00,
	0x00,0x00,0x00,0x00,0x00,0x00,0x00,0x00,0x00,0x00,0x00,0x00,0x00,0x00,0x00,0x00,
	0x00,0x00,0x00,0x00,0x00,0x00,0x00,0x00,0x00,0x00,0x00,0x00,0x00,0x00,0x00,0x00,
	0x00,0x00,0x00,0x00,0x00,0x00,0x00,0x00,0x00,0x00,0x00,0x00,0x00,0x00,0x00,0x00,
	0x00,0x00,0x00,0x00,0x00,0x00,0x00,0x00,0x00,0x00,0x00,0x00,0x00,0x00,0x00,0x00,
	0x00,0x00,0x00,0x00,0x00,0x00,0x00,0x00,0x00,0x00,0x00,0x00,0x00,0x00,0x00,0x00,
	0x00,0x00,0x00,0x00,0x00,0x00,0x00,0x00,0x00,0x00,0x00,0x00,0x00,0x00,0x00,0x00,
	0x00,0x00,0x00,0x00,0x00,0x00,0x00,0x00,0x00,0x00,0x00,0x00,0x00,0x00,0x00,0x00,
	0x00,0x00,0x00,0x00,0x00,0x00,0x00,0x00,0x00,0x00,0x00,0x00,0x00,0x00,0x00,0x00,
	0x00,0x00,0x00,0x00,0x00,0x00,0x00,0x00,0x00,0x00,0x00,0x00,0x00,0x00,0x00,0x00,
	0x00,0x00,0x00,0x00,0x00,0x00,0x00,0x00,0x00,0x00,0x00,0x00,0x00,0x00,0x00,0x00,
	0x00,0x00,0x00,0x00,0x00,0x00,0x00,0x00,0x00,0x00,0x00,0x00,0x00,0x00,0x00,0x00,
	0x00,0x00,0x00,0x00,0x00,0x00,0x00,0x00,0x00,0x00,0x00,0x00,0x00,0x00,0x00,0x00,
	0x00,0x00,0x00,0x00,0x00,0x00,0x00,0x00,0x00,0x00,0x00,0x00,0x00,0x4e,0xfc,0x12,
	0x01,0x54,0xfd,0x42,0x00,0x56,0xfd,0x63,0x00,0x56,0xfd,0x75,0x00,0x51,0xf9,0x7f,
	0x00,0x51,0xfa,0x7b,0x00,0x4e,0xf8,0x6e,0x00,0x4c,0xf7,0x60,0x00,0x48,0xf3,0x40,
	0x00,0x4e,0xfc,0x12,0x00,0x00,0x00,0x00,0x00,0x00,0x00,0x00,0x00,0x00,0x00,0x00,
	0x00,0x00,0x00,0x00,0x00,0x00,0x00,0x00,0x00,0x00,0x00,0x00,0x00,0x00,0x00,0x00,
	0x00,0x00,0x00,0x00,0x00,0x00,0x00,0x00,0x00,0x00,0x00,0x00,0x00,0x00,0x00,0x00,
	0x00,0x00,0x00,0x00,0x00,0x00,0x00,0x00,0x00,0x00,0x00,0x00,0x00,0x00,0x00,0x00,
	0x00,0x00,0x00,0x00,0x00,0x00,0x00,0x00,0x00,0x00,0x00,0x00,0x00,0x00,0x00,0x00,
	0x00,0x00,0x00,0x00,0x00,0x4e,0xfc,0x12,0x01,0x57,0xfe,0x5c,0x02,0x5e,0xfd,0x80,
	0x02,0x5e,0xfd,0x80,0x02,0x5e,0xfd,0x80,0x01,0x5a,0xfb,0x80,0x00,0x55,0xf9,0x80,
	0x00,0x55,0xf9,0x80,0x00,0x51,0xf9,0x7f,0x00,0x4a,0xf4,0x80,0x00,0x4a,0xf4,0x80,
	0x00,0x4a,0xf1,0x80,0x00,0x4b,0xef,0x57,0x00,0x49,0xf3,0x11,0x00,0x00,0x00,0x00,
	0x00,0x00,0x00,0x00,0x00,0x00,0x00,0x00,0x00,0x00,0x00,0x00,0x00,0x00,0x00,0x00,
	0x00,0x00,0x00,0x00,0x00,0x00,0x00,0x00,0x00,0x00,0x00,0x00,0x00,0x00,0x00,0x00,
	0x00,0x00,0x00,0x00,0x00,0x00,0x00,0x00,0x00,0x00,0x00,0x00,0x00,0x00,0x00,0x00,
	0x00,0x00,0x00,0x00,0x00,0x00,0x00,0x00,0x00,0x00,0x00,0x00,0x00,0x00,0x00,0x00,
	0x01,0x51,0xfc,0x30,0x03,0x5e,0xfd,0x7b,0x07,0x64,0xfc,0x80,0x08,0x68,0xfc,0x80,
	0x08,0x68,0xfc,0x80,0x03,0x67,0xfa,0x80,0x00,0x62,0xf9,0x80,0x02,0x5d,0xf9,0x80,
	0x00,0x5a,0xf6,0x80,0x00,0x55,0xf4,0x80,0x00,0x4e,0xf2,0x80,0x00,0x4a,0xf1,0x80,
	0x00,0x48,0xee,0x80,0x00,0x44,0xeb,0x80,0x00,0x48,0xea,0x7a,0x00,0x49,0xe9,0x31,
	0x00,0x00,0x00,0x00,0x00,0x00,0x00,0x00,0x00,0x00,0x00,0x00,0x00,0x00,0x00,0x00,
	0x00,0x00,0x00,0x00,0x00,0x00,0x00,0x00,0x00,0x00,0x00,0x00,0x00,0x00,0x00,0x00,
	0x00,0x00,0x00,0x00,0x00,0x00,0x00,0x00,0x00,0x00,0x00,0x00,0x00,0x00,0x00,0x00,
	0x00,0x00,0x00,0x00,0x00,0x00,0x00,0x00,0x00,0x00,0x00,0x00,0x00,0x54,0xff,0x3f,
	0x02,0x5e,0xfd,0x80,0x0a,0x66,0xfc,0x80,0x19,0x77,0xfc,0x80,0x1e,0x81,0xfb,0x80,
	0x1d,0x84,0xfb,0x80,0x13,0x7f,0xfa,0x80,0x02,0x75,0xfa,0x80,0x03,0x67,0xfa,0x80,
	0x00,0x62,0xf9,0x80,0x00,0x5a,0xf6,0x80,0x00,0x52,0xf1,0x80,0x00,0x48,0xee,0x80,
	0x00,0x44,0xeb,0x80,0x00,0x42,0xe6,0x80,0x00,0x42,0xe6,0x80,0x00,0x45,0xe2,0x80,
	0x00,0x45,0xe1,0x3d,0x00,0x00,0x00,0x00,0x00,0x00,0x00,0x00,0x00,0x00,0x00,0x00,
	0x00,0x00,0x00,0x00,0x00,0x00,0x00,0x00,0x00,0x00,0x00,0x00,0x00,0x00,0x00,0x00,
	0x00,0x00,0x00,0x00,0x00,0x00,0x00,0x00,0x00,0x00,0x00,0x00,0x00,0x00,0x00,0x00,
	0x00,0x00,0x00,0x00,0x00,0x00,0x00,0x00,0x01,0x51,0xfc,0x30,0x01,0x5a,0xfb,0x80,
	0x0a,0x66,0xfc,0x80,0x19,0x77,0xfc,0x80,0x38,0x99,0xfc,0x80,0x46,0xac,0xfd,0x80,
	0x46,0xac,0xfd,0x80,0x2b,0x9d,0xfc,0x80,0x17,0x8b,0xfb,0x80,0x05,0x7b,0xfa,0x80,
	0x00,0x6e,0xf8,0x80,0x00,0x5f,0xf3,0x80,0x00,0x54,0xf2,0x80,0x00,0x4a,0xec,0x80,
	0x00,0x42,0xe6,0x80,0x00,0x3b,0xe2,0x80,0x00,0x39,0xdd,0x80,0x00,0x3b,0xdd,0x80,
	0x00,0x3f,0xdc,0x80,0x00,0x41,0xd8,0x30,0x00,0x00,0x00,0x00,0x00,0x00,0x00,0x00,
	0x00,0x00,0x00,0x00,0x00,0x00,0x00,0x00,0x00,0x00,0x00,0x00,0x00,0x00,0x00,0x00,
	0x00,0x00,0x00,0x00,0x00,0x00,0x00,0x00,0x00,0x00,0x00,0x00,0x00,0x00,0x00,0x00,
	0x00,0x00,0x00,0x00,0x00,0x49,0xf3,0x11,0x01,0x56,0xf8,0x7b,0x02,0x5d,0xf9,0x80,
	0x0d,0x6d,0xf8,0x80,0x31,0x92,0xfb,0x80,0x5e,0xbb,0xfc,0x80,0x8c,0xd3,0xfe,0x80,
	0x7d,0xd0,0xff,0x80,0x4a,0xb7,0xfe,0x80,0x22,0x9e,0xfe,0x80,0x0a,0x8a,0xfc,0x80,
	0x00,0x7a,0xfb,0x80,0x00,0x68,0xf6,0x80,0x00,0x59,0xf1,0x80,0x00,0x4c,0xea,0x80,
	0x00,0x41,0xe3,0x80,0x00,0x39,0xdd,0x80,0x00,0x33,0xd9,0x80,0x00,0x33,0xd5,0x80,
	0x00,0x39,0xd4,0x80,0x00,0x3e,0xd2,0x7a,0x00,0x3a,0xcf,0x11,0x00,0x00,0x00,0x00,
	0x00,0x00,0x00,0x00,0x00,0x00,0x00,0x00,0x00,0x00,0x00,0x00,0x00,0x00,0x00,0x00,
	0x00,0x00,0x00,0x00,0x00,0x00,0x00,0x00,0x00,0x00,0x00,0x00,0x00,0x00,0x00,0x00,
	0x00,0x00,0x00,0x00,0x00,0x4e,0xf6,0x59,0x00,0x55,0xf9,0x80,0x04,0x61,0xf5,0x80,
	0x12,0x74,0xfa,0x80,0x3a,0x9f,0xfb,0x80,0x73,0xc7,0xfe,0x80,0xac,0xe1,0xff,0x80,
	0x9b,0xdb,0xff,0x80,0x55,0xbf,0xff,0x80,0x25,0xa5,0xff,0x80,0x09,0x91,0xff,0x80,
	0x01,0x81,0xfc,0x80,0x00,0x6e,0xf8,0x80,0x00,0x59,0xf1,0x80,0x00,0x4c,0xea,0x80,
	0x00,0x3e,0xe1,0x80,0x00,0x33,0xd9,0x80,0x00,0x2e,0xd2,0x80,0x00,0x2d,0xce,0x80,
	0x00,0x32,0xcc,0x80,0x00,0x37,0xcf,0x80,0x00,0x3c,0xcb,0x57,0x00,0x00,0x00,0x00,
	0x00,0x00,0x00,0x00,0x00,0x00,0x00,0x00,0x00,0x00,0x00,0x00,0x00,0x00,0x00,0x00,
	0x00,0x00,0x00,0x00,0x00,0x00,0x00,0x00,0x00,0x00,0x00,0x00,0x00,0x00,0x00,0x00,
	0x00,0x49,0xf3,0x11,0x00,0x4f,0xf3,0x7f,0x00,0x54,0xf2,0x80,0x04,0x61,0xf5,0x80,
	0x12,0x74,0xfa,0x80,0x2e,0x99,0xfb,0x80,0x55,0xbf,0xff,0x80,0x7d,0xd0,0xff,0x80,
	0x6f,0xcd,0xff,0x80,0x43,0xb9,0xff,0x80,0x1f,0xa3,0xff,0x80,0x09,0x91,0xff,0x80,
	0x03,0x86,0xfc,0x80,0x02,0x75,0xfa,0x80,0x00,0x5c,0xf2,0x80,0x00,0x49,0xe8,0x80,
	0x00,0x3b,0xdd,0x80,0x00,0x31,0xd4,0x80,0x00,0x2b,0xcb,0x80,0x00,0x26,0xc4,0x80,
	0x00,0x2c,0xc2,0x80,0x00,0x2f,0xc5,0x80,0x00,0x36,0xc2,0x7f,0x00,0x36,0xc2,0x11,
	0x00,0x00,0x00,0x00,0x00,0x00,0x00,0x00,0x00,0x00,0x00,0x00,0x00,0x00,0x00,0x00,
	0x00,0x00,0x00,0x00,0x00,0x00,0x00,0x00,0x00,0x00,0x00,0x00,0x00,0x00,0x00,0x00,
	0x00,0x48,0xf3,0x40,0x00,0x4d,0xed,0x80,0x00,0x52,0xf0,0x80,0x00,0x5c,0xf2,0x80,
	0x0d,0x6d,0xf8,0x80,0x17,0x8b,0xfb,0x80,0x2f,0xa4,0xfe,0x80,0x3d,0xb2,0xfe,0x80,
	0x38,0xb1,0xff,0x80,0x25,0xa5,0xff,0x80,0x0f,0x97,0xff,0x80,0x05,0x8c,0xfe,0x80,
	0x01,0x81,0xfc,0x80,0x00,0x72,0xf8,0x80,0x00,0x59,0xf0,0x80,0x00,0x45,0xe7,0x80,
	0x00,0x37,0xd9,0x80,0x00,0x2d,0xce,0x80,0x00,0x26,0xc4,0x80,0x00,0x23,0xbf,0x80,
	0x00,0x25,0xb9,0x80,0x00,0x2b,0xbb,0x80,0x00,0x32,0xbb,0x80,0x00,0x37,0xba,0x3f,
	0x00,0x00,0x00,0x00,0x00,0x00,0x00,0x00,0x00,0x00,0x00,0x00,0x00,0x00,0x00,0x00,
	0x00,0x00,0x00,0x00,0x00,0x00,0x00,0x00,0x00,0x00,0x00,0x00,0x00,0x00,0x00,0x00,
	0x00,0x47,0xed,0x5f,0x00,0x4a,0xec,0x80,0x00,0x4d,0xed,0x80,0x00,0x59,0xf0,0x80,
	0x04,0x61,0xf5,0x80,0x09,0x7c,0xf7,0x80,0x11,0x8d,0xfb,0x80,0x15,0x98,0xff,0x80,
	0x15,0x98,0xff,0x80,0x0f,0x97,0xff,0x80,0x09,0x91,0xff,0x80,0x01,0x89,0xfd,0x80,
	0x00,0x7e,0xfb,0x80,0x00,0x6d,0xf5,0x80,0x00,0x55,0xed,0x80,0x00,0x41,0xe3,0x80,
	0x00,0x33,0xd5,0x80,0x00,0x28,0xc7,0x80,0x00,0x20,0xbc,0x80,0x00,0x1f,0xb3,0x80,
	0x00,0x1f,0xb3,0x80,0x00,0x26,0xb1,0x80,0x00,0x2e,0xb4,0x80,0x00,0x35,0xb4,0x5f,
	0x00,0x00,0x00,0x00,0x00,0x00,0x00,0x00,0x00,0x00,0x00,0x00,0x00,0x00,0x00,0x00,
	0x00,0x00,0x00,0x00,0x00,0x00,0x00,0x00,0x00,0x00,0x00,0x00,0x00,0x00,0x00,0x00,
	0x00,0x45,0xe7,0x74,0x00,0x45,0xe7,0x80,0x00,0x49,0xe8,0x80,0x00,0x51,0xeb,0x80,
	0x00,0x59,0xf1,0x80,0x00,0x6a,0xf5,0x80,0x05,0x7b,0xfa,0x80,0x03,0x86,0xfc,0x80,
	0x05,0x8c,0xfe,0x80,0x01,0x89,0xfd,0x80,0x01,0x89,0xfd,0x80,0x01,0x81,0xfc,0x80,
	0x02,0x75,0xfa,0x80,0x00,0x62,0xf2,0x80,0x00,0x49,0xe8,0x80,0x00,0x39,0xdd,0x80,
	0x00,0x2d,0xce,0x80,0x00,0x23,0xbf,0x80,0x00,0x1f,0xb3,0x80,0x00,0x1b,0xac,0x80,
	0x00,0x1d,0xa8,0x80,0x00,0x22,0xa5,0x80,0x00,0x2d,0xab,0x80,0x00,0x34,0xaf,0x74,
	0x00,0x00,0x00,0x00,0x00,0x00,0x00,0x00,0x00,0x00,0x00,0x00,0x00,0x00,0x00,0x00,
	0x00,0x00,0x00,0x00,0x00,0x00,0x00,0x00,0x00,0x00,0x00,0x00,0x00,0x00,0x00,0x00,
	0x00,0x42,0xe2,0x7d,0x00,0x41,0xe3,0x80,0x00,0x45,0xe2,0x80,0x00,0x49,0xe8,0x80,
	0x00,0x51,0xeb,0x80,0x00,0x59,0xf0,0x80,0x00,0x6a,0xf5,0x80,0x02,0x75,0xfa,0x80,
	0x00,0x7a,0xfb,0x80,0x00,0x7e,0xfb,0x80,0x00,0x7a,0xfb,0x80,0x00,0x72,0xf8,0x80,
	0x00,0x66,0xf4,0x80,0x00,0x51,0xeb,0x80,0x00,0x3e,0xe1,0x80,0x00,0x31,0xd4,0x80,
	0x00,0x25,0xc3,0x80,0x00,0x1e,0xb7,0x80,0x00,0x18,0xa8,0x80,0x00,0x16,0xa1,0x80,
	0x00,0x1b,0x9e,0x80,0x00,0x20,0xa0,0x80,0x00,0x2a,0xa6,0x80,0x00,0x32,0xaa,0x7d,
	0x00,0x00,0x00,0x00,0x00,0x00,0x00,0x00,0x00,0x00,0x00,0x00,0x00,0x00,0x00,0x00,
	0x00,0x00,0x00,0x00,0x00,0x00,0x00,0x00,0x00,0x00,0x00,0x00,0x00,0x00,0x00,0x00,
	0x00,0x3f,0xdd,0x7d,0x00,0x3d,0xdb,0x80,0x00,0x3f,0xdc,0x80,0x00,0x42,0xde,0x80,
	0x00,0x48,0xe3,0x80,0x00,0x4f,0xe7,0x80,0x00,0x57,0xec,0x80,0x00,0x62,0xf2,0x80,
	0x00,0x68,0xf4,0x80,0x00,0x6a,0xf5,0x80,0x00,0x68,0xf4,0x80,0x00,0x5f,0xf3,0x80,
	0x00,0x4c,0xea,0x80,0x00,0x3e,0xe1,0x80,0x00,0x33,0xd5,0x80,0x00,0x28,0xc6,0x80,
	0x00,0x1e,0xb7,0x80,0x00,0x18,0xa8,0x80,0x00,0x16,0xa1,0x80,0x00,0x15,0x98,0x80,
	0x00,0x16,0x93,0x80,0x00,0x1f,0x99,0x80,0x00,0x28,0xa2,0x80,0x00,0x32,0xa5,0x7e,
	0x00,0x00,0x00,0x00,0x00,0x00,0x00,0x00,0x00,0x00,0x00,0x00,0x00,0x00,0x00,0x00,
	0x00,0x00,0x00,0x00,0x00,0x00,0x00,0x00,0x00,0x00,0x00,0x00,0x00,0x00,0x00,0x00,
	0x00,0x3c,0xd6,0x73,0x00,0x39,0xd4,0x80,0x00,0x39,0xd4,0x80,0x00,0x3b,0xd6,0x80,
	0x00,0x3d,0xdb,0x80,0x00,0x42,0xde,0x80,0x00,0x45,0xe2,0x80,0x00,0x49,0xe8,0x80,
	0x00,0x4c,0xea,0x80,0x00,0x4c,0xea,0x80,0x00,0x49,0xe8,0x80,0x00,0x42,0xe6,0x80,
	0x00,0x3b,0xdd,0x80,0x00,0x33,0xd5,0x80,0x00,0x28,0xc7,0x80,0x00,0x20,0xbc,0x80,
	0x00,0x18,0xab,0x80,0x00,0x15,0xa0,0x80,0x00,0x14,0x95,0x80,0x00,0x12,0x8e,0x80,
	0x00,0x18,0x8e,0x80,0x00,0x20,0x94,0x80,0x00,0x28,0x9b,0x80,0x00,0x31,0x9e,0x74,
	0x00,0x00,0x00,0x00,0x00,0x00,0x00,0x00,0x00,0x00,0x00,0x00,0x00,0x00,0x00,0x00,
	0x00,0x00,0x00,0x00,0x00,0x00,0x00,0x00,0x00,0x00,0x00,0x00,0x00,0x00,0x00,0x00,
	0x00,0x3a,0xd1,0x5e,0x00,0x37,0xcf,0x80,0x00,0x34,0xcd,0x80,0x00,0x34,0xcd,0x80,
	0x00,0x34,0xcd,0x80,0x00,0x37,0xcf,0x80,0x00,0x39,0xd4,0x80,0x00,0x3b,0xd6,0x80,
	0x00,0x3d,0xdb,0x80,0x00,0x3d,0xdb,0x80,0x00,0x37,0xd9,0x80,0x00,0x31,0xd4,0x80,
	0x00,0x2b,0xcb,0x80,0x00,0x26,0xc4,0x80,0x00,0x1e,0xb7,0x80,0x00,0x18,0xab,0x80,
	0x00,0x16,0x9e,0x80,0x00,0x12,0x96,0x80,0x00,0x12,0x8e,0x80,0x00,0x14,0x88,0x80,
	0x00,0x18,0x8c,0x80,0x00,0x21,0x92,0x80,0x00,0x2d,0x98,0x80,0x00,0x31,0x9c,0x5f,
	0x00,0x00,0x00,0x00,0x00,0x00,0x00,0x00,0x00,0x00,0x00,0x00,0x00,0x00,0x00,0x00,
	0x00,0x00,0x00,0x00,0x00,0x00,0x00,0x00,0x00,0x00,0x00,0x00,0x00,0x00,0x00,0x00,
	0x00,0x37,0xcb,0x3d,0x00,0x34,0xc8,0x80,0x00,0x2f,0xc5,0x80,0x00,0x2f,0xc5,0x80,
	0x00,0x2c,0xc2,0x80,0x00,0x2c,0xc4,0x80,0x00,0x2f,0xc5,0x80,0x00,0x2e,0xc8,0x80,
	0x00,0x2e,0xc8,0x80,0x00,0x2e,0xc8,0x80,0x00,0x28,0xc6,0x80,0x00,0x23,0xbf,0x80,
	0x00,0x21,0xb8,0x80,0x00,0x1c,0xb0,0x80,0x00,0x18,0xa8,0x80,0x00,0x14,0x9c,0x80,
	0x00,0x12,0x92,0x80,0x00,0x10,0x8a,0x80,0x00,0x11,0x86,0x80,0x00,0x15,0x82,0x80,
	0x00,0x1c,0x88,0x80,0x00,0x25,0x90,0x80,0x00,0x2d,0x98,0x80,0x00,0x31,0x98,0x3f,
	0x00,0x00,0x00,0x00,0x00,0x00,0x00,0x00,0x00,0x00,0x00,0x00,0x00,0x00,0x00,0x00,
	0x00,0x00,0x00,0x00,0x00,0x00,0x00,0x00,0x00,0x00,0x00,0x00,0x00,0x00,0x00,0x00,
	0x00,0x36,0xc2,0x11,0x00,0x36,0xc2,0x7f,0x00,0x30,0xbf,0x80,0x00,0x2c,0xbb,0x80,
	0x00,0x29,0xb8,0x80,0x00,0x25,0xb9,0x80,0x00,0x23,0xb6,0x80,0x00,0x23,0xb6,0x80,
	0x00,0x23,0xb6,0x80,0x00,0x23,0xb6,0x80,0x00,0x1f,0xb3,0x80,0x00,0x1b,0xac,0x80,
	0x00,0x19,0xa5,0x80,0x00,0x14,0x9c,0x80,0x00,0x14,0x95,0x80,0x00,0x12,0x8e,0x80,
	0x00,0x11,0x86,0x80,0x00,0x11,0x84,0x80,0x00,0x11,0x81,0x80,0x00,0x15,0x82,0x80,
	0x00,0x22,0x8a,0x80,0x00,0x2b,0x95,0x80,0x00,0x31,0x9a,0x7f,0x00,0x2e,0x8f,0x12,
	0x00,0x00,0x00,0x00,0x00,0x00,0x00,0x00,0x00,0x00,0x00,0x00,0x00,0x00,0x00,0x00,
	0x00,0x00,0x00,0x00,0x00,0x00,0x00,0x00,0x00,0x00,0x00,0x00,0x00,0x00,0x00,0x00,
	0x00,0x00,0x00,0x00,0x00,0x35,0xbc,0x55,0x00,0x32,0xbb,0x80,0x00,0x2e,0xb4,0x80,
	0x00,0x29,0xaf,0x80,0x00,0x21,0xab,0x80,0x00,0x21,0xab,0x80,0x00,0x1d,0xa8,0x80,
	0x00,0x19,0xa5,0x80,0x00,0x19,0xa5,0x80,0x00,0x16,0x9e,0x80,0x00,0x15,0x98,0x80,
	0x00,0x12,0x92,0x80,0x00,0x12,0x8e,0x80,0x00,0x10,0x8a,0x80,0x00,0x11,0x84,0x80,
	0x00,0x11,0x81,0x80,0x00,0x11,0x7e,0x80,0x00,0x15,0x82,0x80,0x00,0x1c,0x88,0x80,
	0x00,0x25,0x90,0x80,0x00,0x2d,0x98,0x80,0x00,0x31,0x98,0x56,0x00,0x00,0x00,0x00,
	0x00,0x00,0x00,0x00,0x00,0x00,0x00,0x00,0x00,0x00,0x00,0x00,0x00,0x00,0x00,0x00,
	0x00,0x00,0x00,0x00,0x00,0x00,0x00,0x00,0x00,0x00,0x00,0x00,0x00,0x00,0x00,0x00,
	0x00,0x00,0x00,0x00,0x00,0x30,0xb3,0x0f,0x00,0x35,0xb6,0x7a,0x00,0x2e,0xb4,0x80,
	0x00,0x29,0xaf,0x80,0x00,0x22,0xa5,0x80,0x00,0x1b,0x9e,0x80,0x00,0x1a,0x9b,0x80,
	0x00,0x15,0x98,0x80,0x00,0x16,0x93,0x80,0x00,0x12,0x8e,0x80,0x00,0x10,0x8a,0x80,
	0x00,0x11,0x86,0x80,0x00,0x11,0x84,0x80,0x00,0x11,0x7e,0x80,0x00,0x11,0x7e,0x80,
	0x00,0x12,0x7b,0x80,0x00,0x17,0x7d,0x80,0x00,0x1e,0x85,0x80,0x00,0x25,0x8d,0x80,
	0x00,0x2b,0x95,0x80,0x00,0x34,0x9a,0x7a,0x00,0x2c,0x8b,0x10,0x00,0x00,0x00,0x00,
	0x00,0x00,0x00,0x00,0x00,0x00,0x00,0x00,0x00,0x00,0x00,0x00,0x00,0x00,0x00,0x00,
	0x00,0x00,0x00,0x00,0x00,0x00,0x00,0x00,0x00,0x00,0x00,0x00,0x00,0x00,0x00,0x00,
	0x00,0x00,0x00,0x00,0x00,0x00,0x00,0x00,0x00,0x30,0xaa,0x2d,0x00,0x35,0xb0,0x7f,
	0x00,0x2d,0xab,0x80,0x00,0x28,0xa2,0x80,0x00,0x1f,0x99,0x80,0x00,0x1b,0x93,0x80,
	0x00,0x18,0x8c,0x80,0x00,0x14,0x88,0x80,0x00,0x11,0x84,0x80,0x00,0x11,0x81,0x80,
	0x00,0x11,0x7e,0x80,0x00,0x12,0x7b,0x80,0x00,0x12,0x7b,0x80,0x00,0x15,0x7b,0x80,
	0x00,0x17,0x7d,0x80,0x00,0x1e,0x85,0x80,0x00,0x25,0x8d,0x80,0x00,0x2d,0x94,0x80,
	0x00,0x31,0x9a,0x7f,0x00,0x2f,0x93,0x2e,0x00,0x00,0x00,0x00,0x00,0x00,0x00,0x00,
	0x00,0x00,0x00,0x00,0x00,0x00,0x00,0x00,0x00,0x00,0x00,0x00,0x00,0x00,0x00,0x00,
	0x00,0x00,0x00,0x00,0x00,0x00,0x00,0x00,0x00,0x00,0x00,0x00,0x00,0x00,0x00,0x00,
	0x00,0x00,0x00,0x00,0x00,0x00,0x00,0x00,0x00,0x00,0x00,0x00,0x00,0x2f,0x9b,0x3a,
	0x00,0x32,0xa5,0x7e,0x00,0x2e,0x9f,0x80,0x00,0x27,0x9b,0x80,0x00,0x21,0x92,0x80,
	0x00,0x1c,0x88,0x80,0x00,0x17,0x80,0x80,0x00,0x17,0x80,0x80,0x00,0x15,0x7a,0x80,
	0x00,0x15,0x7b,0x80,0x00,0x17,0x7d,0x80,0x00,0x17,0x80,0x80,0x00,0x1d,0x82,0x80,
	0x00,0x21,0x88,0x80,0x00,0x29,0x8f,0x80,0x00,0x2d,0x94,0x80,0x00,0x30,0x95,0x7f,
	0x00,0x2f,0x9b,0x3a,0x00,0x00,0x00,0x00,0x00,0x00,0x00,0x00,0x00,0x00,0x00,0x00,
	0x00,0x00,0x00,0x00,0x00,0x00,0x00,0x00,0x00,0x00,0x00,0x00,0x00,0x00,0x00,0x00,
	0x00,0x00,0x00,0x00,0x00,0x00,0x00,0x00,0x00,0x00,0x00,0x00,0x00,0x00,0x00,0x00,
	0x00,0x00,0x00,0x00,0x00,0x00,0x00,0x00,0x00,0x00,0x00,0x00,0x00,0x00,0x00,0x00,
	0x00,0x2c,0x94,0x28,0x00,0x31,0x9f,0x7a,0x00,0x2e,0x9f,0x80,0x00,0x2b,0x95,0x80,
	0x00,0x25,0x90,0x80,0x00,0x21,0x88,0x80,0x00,0x1e,0x85,0x80,0x00,0x1e,0x85,0x80,
	0x00,0x1d,0x82,0x80,0x00,0x21,0x88,0x80,0x00,0x22,0x8a,0x80,0x00,0x25,0x8d,0x80,
	0x00,0x2b,0x91,0x80,0x00,0x2f,0x94,0x80,0x00,0x31,0x96,0x7a,0x00,0x2f,0x93,0x2e,
	0x00,0x00,0x00,0x00,0x00,0x00,0x00,0x00,0x00,0x00,0x00,0x00,0x00,0x00,0x00,0x00,
	0x00,0x00,0x00,0x00,0x00,0x00,0x00,0x00,0x00,0x00,0x00,0x00,0x00,0x00,0x00,0x00,
	0x00,0x00,0x00,0x00,0x00,0x00,0x00,0x00,0x00,0x00,0x00,0x00,0x00,0x00,0x00,0x00,
	0x00,0x00,0x00,0x00,0x00,0x00,0x00,0x00,0x00,0x00,0x00,0x00,0x00,0x00,0x00,0x00,
	0x00,0x00,0x00,0x00,0x00,0x2c,0x8b,0x10,0x00,0x2e,0x8f,0x56,0x00,0x30,0x95,0x7f,
	0x00,0x2b,0x91,0x80,0x00,0x2b,0x91,0x80,0x00,0x29,0x8f,0x80,0x00,0x29,0x8f,0x80,
	0x00,0x29,0x8f,0x80,0x00,0x2b,0x91,0x80,0x00,0x2d,0x94,0x80,0x00,0x2f,0x94,0x80,
	0x00,0x30,0x95,0x7f,0x00,0x2e,0x8f,0x56,0x00,0x2c,0x8b,0x10,0x00,0x00,0x00,0x00,
	0x00,0x00,0x00,0x00,0x00,0x00,0x00,0x00,0x00,0x00,0x00,0x00,0x00,0x00,0x00,0x00,
	0x00,0x00,0x00,0x00,0x00,0x00,0x00,0x00,0x00,0x00,0x00,0x00,0x00,0x00,0x00,0x00,
	0x00,0x00,0x00,0x00,0x00,0x00,0x00,0x00,0x00,0x00,0x00,0x00,0x00,0x00,0x00,0x00,
	0x00,0x00,0x00,0x00,0x00,0x00,0x00,0x00,0x00,0x00,0x00,0x00,0x00,0x00,0x00,0x00,
	0x00,0x00,0x00,0x00,0x00,0x00,0x00,0x00,0x00,0x00,0x00,0x00,0x00,0x2c,0x8b,0x10,
	0x00,0x29,0x82,0x3e,0x00,0x2f,0x8b,0x5f,0x00,0x30,0x8e,0x74,0x00,0x31,0x91,0x7e,
	0x00,0x31,0x91,0x7e,0x00,0x30,0x8e,0x74,0x00,0x2f,0x8b,0x5f,0x00,0x2e,0x8b,0x3e,
	0x00,0x2e,0x8f,0x12,0x00,0x00,0x00,0x00,0x00,0x00,0x00,0x00,0x00,0x00,0x00,0x00,
	0x00,0x00,0x00,0x00,0x00,0x00,0x00,0x00,0x00,0x00,0x00,0x00,0x00,0x00,0x00,0x00,
	0x00,0x00,0x00,0x00,0x00,0x00,0x00,0x00,0x00,0x00,0x00,0x00,0x00,0x00,0x00,0x00,
	0x00,0x00,0x00,0x00,0x00,0x00,0x00,0x00,0x00,0x00,0x00,0x00,0x00,0x00,0x00,0x00,
	0x00,0x00,0x00,0x00,0x00,0x00,0x00,0x00,0x00,0x00,0x00,0x00,0x00,0x00,0x00,0x00,
	0x00,0x00,0x00,0x00,0x00,0x00,0x00,0x00,0x00,0x00,0x00,0x00,0x00,0x00,0x00,0x00,
	0x00,0x00,0x00,0x00,0x00,0x00,0x00,0x00,0x00,0x00,0x00,0x00,0x00,0x00,0x00,0x00,
	0x00,0x00,0x00,0x00,0x00,0x00,0x00,0x00,0x00,0x00,0x00,0x00,0x00,0x00,0x00,0x00,
	0x00,0x00,0x00,0x00,0x00,0x00,0x00,0x00,0x00,0x00,0x00,0x00,0x00,0x00,0x00,0x00,
	0x00,0x00,0x00,0x00,0x00,0x00,0x00,0x00,0x00,0x00,0x00,0x00,0x00,0x00,0x00,0x00,
	0x00,0x00,0x00,0x00,0x00,0x00,0x00,0x00,0x00,0x00,0x00,0x00,0x00,0x00,0x00,0x00,
	0x00,0x00,0x00,0x00,0x00,0x00,0x00,0x00,0x00,0x00,0x00,0x00,0x00,0x00,0x00,0x00,
	0x00,0x00,0x00,0x00,0x00,0x00,0x00,0x00,0x00,0x00,0x00,0x00,0x00,0x00,0x00,0x00,
	0x00,0x00,0x00,0x00,0x00,0x00,0x00,0x00,0x00,0x00,0x00,0x00,0x00,0x00,0x00,0x00,
	0x00,0x00,0x00,0x00,0x00,0x00,0x00,0x00,0x00,0x00,0x00,0x00,0x00,0x00,0x00,0x00,
	0x00,0x00,0x00,0x00,0x00,0x00,0x00,0x00,0x00,0x00,0x00,0x00,0x00,0x00,0x00,0x00,
	0x00,0x00,0x00,0x00,0x00,0x00,0x00,0x00,0x00,0x00,0x00,0x00,0x00,0x00,0x00,0x00,
	0x00,0x00,0x00,0x00,0x00,0x00,0x00,0x00,0x00,0x00,0x00,0x00,0x00,0x00,0x00,0x00,
	0x00,0x00,0x00,0x00,0x00,0x00,0x00,0x00,0x00,0x00,0x00,0x00,0x00,0x00,0x00,0x00,
	0x00,0x00,0x00,0x00,0x00,0x00,0x00,0x00,0x00,0x00,0x00,0x00,0x00,0x00,0x00,0x00,
	0x00,0x00,0x00,0x00,0x00,0x00,0x00,0x00,0x00,0x00,0x00,0x00,0x00,0x00,0x00,0x00,
	0x00,0x00,0x00,0x00,0x00,0x00,0x00,0x00,0x00,0x00,0x00,0x00,0x00,0x00,0x00,0x00,
	0x00,0x00,0x00,0x00,0x00,0x00,0x00,0x00,0x00,0x00,0x00,0x00,0x00,0x00,0x00,0x00,
	0x00,0x00,0x00,0x00,0x00,0x00,0x00,0x00,0x00,0x00,0x00,0x00,0x00,0x00,0x00,0x00,
	0x00,0x00,0x00,0x00,0x00,0x00,0x00,0x00,0x00,0x00,0x00,0x00,0x00,0x00,0x00,0x00,
	0x00,0x00,0x00,0x00,0x00,0x00,0x00,0x00,0x00,0x00,0x00,0x00,0x00,0x00,0x00,0x00,
	0x00,0x00,0x00,0x00,0x00,0x00,0x00,0x00,0x00,0x00,0x00,0x00,0x00,0x00,0x00,0x00,
	0x00,0x00,0x00,0x00,0x00,0x00,0x00,0x00,0x00,0x00,0x00,0x00,0x00,0x00,0x00,0x00,
	0x00,0x00,0x00,0x00,0x00,0x00,0x00,0x00,0x00,0x00,0x00,0x00,0x00,0x00,0x00,0x00,
	0x00,0x00,0x00,0x00,0x00,0x00,0x00,0x00,0x00,0x00,0x00,0x00,0x00,0x00,0x00,0x00,
	0x00,0x00,0x00,0x00,0x00,0x00,0x00,0x00,0x00,0x00,0x00,0x00,0x00,0x00,0x00,0x00,
	0x00,0x00,0x00,0x00,0x00,0x00,0x00,0x00,0x00,0x00,0x00,0x00,0x00,0x00,0x00,0x00,
	0x00,0x00,0x00,0x00,0x00,0x00,0x00,0x00,0x00,0x00,0x00,0x00,0x00,0x00,0x00,0x00,
	0x00,0x00,0x00,0x00,0x00,0x00,0x00,0x00,0x00,0x00,0x00,0x00,0x00,0x00,0x00,0x00,
	0x00,0x00,0x00,0x00,0x00,0x00,0x00,0x00,0x00,0x00,0x00,0x00,0x00,0x00,0x00,0x00,
};
static const unsigned char rgba_s_IconUSB[ 9216 ] __attribute__(   (  aligned( 16 ), section( ".data" )  )   ) = {
	0x00,0x00,0x00,0x00,0x00,0x00,0x00,0x00,0x00,0x00,0x00,0x00,0x00,0x00,0x00,0x00,
	0x00,0x00,0x00,0x00,0x00,0x00,0x00,0x00,0x00,0x00,0x00,0x00,0x00,0x00,0x00,0x00,
	0x00,0x00,0x00,0x00,0x00,0x00,0x00,0x00,0x00,0x00,0x00,0x00,0x00,0x00,0x00,0x00,
	0x00,0x00,0x00,0x00,0x00,0x00,0x00,0x00,0x00,0x00,0x00,0x00,0x00,0x00,0x00,0x00,
	0x00,0x00,0x00,0x00,0x00,0x00,0x00,0x00,0x00,0x00,0x00,0x00,0x00,0x00,0x00,0x00,
	0x00,0x00,0x00,0x00,0x00,0x00,0x00,0x00,0x00,0x00,0x00,0x00,0x00,0x00,0x00,0x00,
	0x00,0x00,0x00,0x00,0x00,0x00,0x00,0x00,0x00,0x00,0x00,0x00,0x00,0x00,0x00,0x00,
	0x00,0x00,0x00,0x00,0x00,0x00,0x00,0x00,0x00,0x00,0x00,0x00,0x00,0x00,0x00,0x00,
	0x00,0x00,0x00,0x00,0x00,0x00,0x00,0x00,0x00,0x00,0x00,0x00,0x00,0x00,0x00,0x00,
	0x00,0x00,0x00,0x00,0x00,0x00,0x00,0x00,0x00,0x00,0x00,0x00,0x00,0x00,0x00,0x00,
	0x00,0x00,0x00,0x00,0x00,0x00,0x00,0x00,0x00,0x00,0x00,0x00,0x00,0x00,0x00,0x00,
	0x00,0x00,0x00,0x00,0x00,0x00,0x00,0x00,0x00,0x00,0x00,0x00,0x00,0x00,0x00,0x00,
	0x00,0x00,0x00,0x00,0x00,0x00,0x00,0x00,0x00,0x00,0x00,0x00,0x00,0x00,0x00,0x00,
	0x00,0x00,0x00,0x00,0x00,0x00,0x00,0x00,0x00,0x00,0x00,0x00,0x00,0x00,0x00,0x00,
	0x00,0x00,0x00,0x00,0x00,0x00,0x00,0x00,0x00,0x00,0x00,0x00,0x00,0x00,0x00,0x00,
	0x00,0x00,0x00,0x00,0x00,0x00,0x00,0x00,0x00,0x00,0x00,0x00,0x00,0x00,0x00,0x00,
	0x00,0x00,0x00,0x00,0x00,0x00,0x00,0x00,0x00,0x00,0x00,0x00,0x00,0x00,0x00,0x00,
	0x00,0x00,0x00,0x00,0x00,0x00,0x00,0x00,0x00,0x00,0x00,0x00,0x00,0x00,0x00,0x00,
	0x00,0x00,0x00,0x00,0x00,0x00,0x00,0x00,0x00,0x00,0x00,0x00,0x00,0x00,0x00,0x00,
	0x00,0x00,0x00,0x00,0x00,0x00,0x00,0x00,0x00,0x00,0x00,0x00,0x00,0x00,0x00,0x00,
	0x00,0x00,0x00,0x00,0x00,0x00,0x00,0x00,0x00,0x00,0x00,0x00,0x00,0x00,0x00,0x00,
	0x00,0x00,0x00,0x00,0x00,0x00,0x00,0x00,0x00,0x00,0x00,0x00,0x00,0x00,0x00,0x00,
	0x00,0x00,0x00,0x00,0x00,0x00,0x00,0x00,0x00,0x00,0x00,0x00,0x00,0x00,0x00,0x00,
	0x00,0x00,0x00,0x00,0x00,0x00,0x00,0x00,0x00,0x00,0x00,0x00,0x00,0x00,0x00,0x00,
	0x00,0x00,0x00,0x00,0x00,0x00,0x00,0x00,0x00,0x00,0x00,0x00,0x00,0x00,0x00,0x00,
	0x00,0x00,0x00,0x00,0x00,0x00,0x00,0x00,0x00,0x00,0x00,0x00,0x00,0x00,0x00,0x00,
	0x00,0x00,0x00,0x00,0x00,0x00,0x00,0x00,0x00,0x00,0x00,0x00,0x00,0x00,0x00,0x00,
	0x00,0x00,0x00,0x00,0x00,0x00,0x00,0x00,0x00,0x00,0x00,0x00,0x00,0x00,0x00,0x00,
	0x00,0x00,0x00,0x00,0x00,0x00,0x00,0x00,0x00,0x00,0x00,0x00,0x00,0x00,0x00,0x00,
	0x00,0x00,0x00,0x00,0x00,0x00,0x00,0x00,0x00,0x00,0x00,0x00,0x00,0x00,0x00,0x00,
	0x00,0x00,0x00,0x00,0x00,0x00,0x00,0x00,0x00,0x00,0x00,0x00,0x00,0x00,0x00,0x00,
	0x00,0x00,0x00,0x00,0x00,0x00,0x00,0x00,0x00,0x00,0x00,0x00,0x00,0x00,0x00,0x00,
	0x00,0x00,0x00,0x00,0x00,0x00,0x00,0x00,0x00,0x00,0x00,0x00,0x00,0x00,0x00,0x00,
	0x00,0x00,0x00,0x00,0x00,0x00,0x00,0x00,0x00,0x00,0x00,0x00,0x00,0x00,0x00,0x00,
	0x00,0x00,0x00,0x00,0x00,0x00,0x00,0x00,0x00,0x00,0x00,0x00,0x00,0x00,0x00,0x00,
	0x00,0x00,0x00,0x00,0x00,0x00,0x00,0x00,0x00,0x00,0x00,0x00,0x00,0x00,0x00,0x00,
	0x00,0x00,0x00,0x00,0x00,0x00,0x00,0x00,0x00,0x00,0x00,0x00,0x00,0x00,0x00,0x00,
	0x00,0x00,0x00,0x00,0x00,0x00,0x00,0x00,0x00,0x00,0x00,0x00,0x00,0x00,0x00,0x00,
	0x00,0x00,0x00,0x00,0x00,0x00,0x00,0x00,0x00,0x00,0x00,0x00,0x00,0x00,0x00,0x00,
	0x00,0x00,0x00,0x00,0x00,0x00,0x00,0x00,0x00,0x00,0x00,0x00,0x00,0x00,0x00,0x00,
	0x00,0x00,0x00,0x00,0x00,0x00,0x00,0x00,0x00,0x00,0x00,0x00,0x00,0x00,0x00,0x00,
	0x00,0x00,0x00,0x00,0x00,0x00,0x00,0x00,0x00,0x00,0x00,0x00,0x00,0x00,0x00,0x00,
	0x00,0x00,0x00,0x00,0x00,0x00,0x00,0x00,0x00,0x00,0x00,0x00,0x00,0x00,0x00,0x00,
	0x00,0x00,0x00,0x00,0x00,0x00,0x00,0x00,0x00,0x00,0x00,0x00,0x00,0x00,0x00,0x00,
	0x00,0x00,0x00,0x00,0x00,0x00,0x00,0x00,0x00,0x00,0x00,0x00,0x00,0x00,0x00,0x00,
	0x00,0x00,0x00,0x00,0x00,0x00,0x00,0x00,0x00,0x00,0x00,0x00,0x00,0x00,0x00,0x00,
	0x00,0x00,0x00,0x00,0x00,0x00,0x00,0x00,0x00,0x00,0x00,0x00,0x00,0x00,0x00,0x00,
	0x00,0x00,0x00,0x00,0x00,0x00,0x00,0x00,0x00,0x00,0x00,0x00,0x00,0x00,0x00,0x00,
	0x00,0x00,0x00,0x00,0x00,0x00,0x00,0x00,0x00,0x00,0x00,0x00,0x00,0x00,0x00,0x00,
	0x00,0x00,0x00,0x00,0x00,0x00,0x00,0x00,0x00,0x00,0x00,0x00,0x00,0x00,0x00,0x00,
	0x00,0x00,0x00,0x00,0x00,0x00,0x00,0x00,0x00,0x00,0x00,0x00,0x00,0x00,0x00,0x00,
	0x00,0x00,0x00,0x00,0x00,0x00,0x00,0x00,0x00,0x00,0x00,0x00,0x00,0x00,0x00,0x00,
	0x00,0x00,0x00,0x00,0x00,0x00,0x00,0x00,0x00,0x00,0x00,0x00,0x00,0x00,0x00,0x00,
	0x00,0x00,0x00,0x00,0x00,0x00,0x00,0x00,0x00,0x00,0x00,0x00,0x00,0x00,0x00,0x00,
	0x00,0x00,0x00,0x00,0x00,0x00,0x00,0x00,0x00,0x00,0x00,0x00,0x00,0x00,0x00,0x00,
	0x00,0x00,0x00,0x00,0x00,0x00,0x00,0x00,0x00,0x00,0x00,0x00,0x00,0x00,0x00,0x00,
	0x00,0x00,0x00,0x00,0x00,0x00,0x00,0x00,0x00,0x00,0x00,0x00,0x00,0x00,0x00,0x00,
	0x00,0x00,0x00,0x00,0x00,0x00,0x00,0x00,0x00,0x00,0x00,0x00,0x00,0x00,0x00,0x00,
	0x00,0x00,0x00,0x00,0x00,0x00,0x00,0x00,0x00,0x00,0x00,0x00,0x00,0x00,0x00,0x00,
	0x00,0x00,0x00,0x00,0x00,0x00,0x00,0x00,0x00,0x00,0x00,0x00,0x00,0x00,0x00,0x00,
	0x00,0x00,0x00,0x00,0x00,0x00,0x00,0x00,0x00,0x00,0x00,0x00,0x00,0x00,0x00,0x00,
	0x00,0x00,0x00,0x00,0x00,0x00,0x00,0x00,0x00,0x00,0x00,0x00,0x00,0x00,0x00,0x00,
	0x00,0x00,0x00,0x00,0x00,0x00,0x00,0x00,0x00,0x00,0x00,0x00,0x00,0x00,0x00,0x00,
	0x00,0x00,0x00,0x01,0x00,0x00,0x00,0x01,0x00,0x00,0x00,0x03,0x00,0x00,0x00,0x03,
	0x00,0x00,0x00,0x03,0x00,0x00,0x00,0x01,0x00,0x00,0x00,0x01,0x00,0x00,0x00,0x00,
	0x00,0x00,0x00,0x00,0x00,0x00,0x00,0x00,0x00,0x00,0x00,0x00,0x00,0x00,0x00,0x00,
	0x00,0x00,0x00,0x00,0x00,0x00,0x00,0x00,0x00,0x00,0x00,0x00,0x00,0x00,0x00,0x00,
	0x00,0x00,0x00,0x00,0x00,0x00,0x00,0x00,0x00,0x00,0x00,0x00,0x00,0x00,0x00,0x00,
	0x00,0x00,0x00,0x00,0x00,0x00,0x00,0x00,0x00,0x00,0x00,0x00,0x00,0x00,0x00,0x00,
	0x00,0x00,0x00,0x00,0x00,0x00,0x00,0x00,0x00,0x00,0x00,0x00,0x00,0x00,0x00,0x00,
	0x00,0x00,0x00,0x00,0x00,0x00,0x00,0x00,0x00,0x00,0x00,0x00,0x00,0x00,0x00,0x00,
	0x00,0x00,0x00,0x00,0x00,0x00,0x00,0x00,0x00,0x00,0x00,0x00,0x00,0x00,0x00,0x00,
	0x00,0x00,0x00,0x00,0x00,0x00,0x00,0x00,0x00,0x00,0x00,0x00,0x00,0x00,0x00,0x00,
	0x00,0x00,0x00,0x00,0x00,0x00,0x00,0x00,0x00,0x00,0x00,0x00,0x00,0x00,0x00,0x00,
	0x00,0x00,0x00,0x00,0x00,0x00,0x00,0x00,0x00,0x00,0x00,0x00,0x00,0x00,0x00,0x01,
	0xd1,0xd1,0xd1,0x0e,0xf8,0xf8,0xf8,0x5a,0xfe,0xfe,0xfe,0x7a,0xf8,0xf8,0xf8,0x5a,
	0x9f,0x9f,0x9f,0x14,0x06,0x13,0x1b,0x06,0x00,0x00,0x00,0x03,0x00,0x00,0x00,0x01,
	0x00,0x00,0x00,0x00,0x00,0x00,0x00,0x00,0x00,0x00,0x00,0x00,0x00,0x00,0x00,0x00,
	0x00,0x00,0x00,0x00,0x00,0x00,0x00,0x00,0x00,0x00,0x00,0x00,0x00,0x00,0x00,0x00,
	0x00,0x00,0x00,0x00,0x00,0x00,0x00,0x00,0x00,0x00,0x00,0x00,0x00,0x00,0x00,0x00,
	0x00,0x00,0x00,0x00,0x00,0x00,0x00,0x00,0x00,0x00,0x00,0x00,0x00,0x00,0x00,0x00,
	0x00,0x00,0x00,0x00,0x00,0x00,0x00,0x00,0x00,0x00,0x00,0x00,0x00,0x00,0x00,0x00,
	0x00,0x00,0x00,0x00,0x00,0x00,0x00,0x00,0x00,0x00,0x00,0x00,0x00,0x00,0x00,0x00,
	0x00,0x00,0x00,0x00,0x00,0x00,0x00,0x00,0x00,0x00,0x00,0x00,0x00,0x00,0x00,0x00,
	0x00,0x00,0x00,0x00,0x00,0x00,0x00,0x00,0x00,0x00,0x00,0x00,0x00,0x00,0x00,0x00,
	0x00,0x00,0x00,0x00,0x00,0x00,0x00,0x00,0x00,0x00,0x00,0x00,0x00,0x00,0x00,0x00,
	0x00,0x00,0x00,0x00,0x00,0x00,0x00,0x00,0x00,0x00,0x00,0x01,0xca,0xca,0xca,0x0c,
	0xf8,0xf8,0xf8,0x5a,0xff,0xff,0xff,0x80,0xff,0xff,0xff,0x80,0xff,0xff,0xff,0x80,
	0xed,0xed,0xed,0x5d,0x7d,0x7d,0x7d,0x18,0x00,0x00,0x00,0x06,0x00,0x00,0x00,0x03,
	0x00,0x00,0x00,0x01,0x00,0x00,0x00,0x00,0x00,0x00,0x00,0x00,0x00,0x00,0x00,0x00,
	0x00,0x00,0x00,0x00,0x00,0x00,0x00,0x00,0x00,0x00,0x00,0x00,0x00,0x00,0x00,0x00,
	0x00,0x00,0x00,0x00,0x00,0x00,0x00,0x00,0x00,0x00,0x00,0x00,0x00,0x00,0x00,0x00,
	0x00,0x00,0x00,0x00,0x00,0x00,0x00,0x00,0x00,0x00,0x00,0x00,0x00,0x00,0x00,0x00,
	0x00,0x00,0x00,0x00,0x00,0x00,0x00,0x00,0x00,0x00,0x00,0x00,0x00,0x00,0x00,0x00,
	0x00,0x00,0x00,0x00,0x00,0x00,0x00,0x00,0x00,0x00,0x00,0x00,0x00,0x00,0x00,0x00,
	0x00,0x00,0x00,0x00,0x00,0x00,0x00,0x00,0x00,0x00,0x00,0x00,0x00,0x00,0x00,0x00,
	0x00,0x00,0x00,0x00,0x00,0x00,0x00,0x00,0x00,0x00,0x00,0x00,0x00,0x00,0x00,0x00,
	0x00,0x00,0x00,0x00,0x00,0x00,0x00,0x00,0x00,0x00,0x00,0x00,0x00,0x00,0x00,0x00,
	0x00,0x00,0x00,0x00,0x00,0x00,0x00,0x01,0xca,0xca,0xca,0x0c,0xf8,0xf8,0xf8,0x5d,
	0xff,0xff,0xff,0x80,0xff,0xff,0xff,0x80,0xfe,0xfe,0xfe,0x80,0xfe,0xfe,0xfe,0x80,
	0xfe,0xfe,0xfe,0x80,0xeb,0xeb,0xeb,0x64,0x66,0x66,0x66,0x16,0x00,0x00,0x00,0x07,
	0x00,0x00,0x00,0x03,0x00,0x00,0x00,0x01,0x00,0x00,0x00,0x00,0x00,0x00,0x00,0x00,
	0x00,0x00,0x00,0x00,0x00,0x00,0x00,0x00,0x00,0x00,0x00,0x00,0x00,0x00,0x00,0x00,
	0x00,0x00,0x00,0x00,0x00,0x00,0x00,0x00,0x00,0x00,0x00,0x00,0x00,0x00,0x00,0x00,
	0x00,0x00,0x00,0x00,0x00,0x00,0x00,0x00,0x00,0x00,0x00,0x00,0x00,0x00,0x00,0x00,
	0x00,0x00,0x00,0x00,0x00,0x00,0x00,0x00,0x00,0x00,0x00,0x00,0x00,0x00,0x00,0x00,
	0x00,0x00,0x00,0x00,0x00,0x00,0x00,0x00,0x00,0x00,0x00,0x00,0x00,0x00,0x00,0x00,
	0x00,0x00,0x00,0x00,0x00,0x00,0x00,0x00,0x00,0x00,0x00,0x00,0x00,0x00,0x00,0x00,
	0x00,0x00,0x00,0x00,0x00,0x00,0x00,0x00,0x00,0x00,0x00,0x00,0x00,0x00,0x00,0x00,
	0x00,0x00,0x00,0x00,0x00,0x00,0x00,0x00,0x00,0x00,0x00,0x00,0x00,0x00,0x00,0x00,
	0x00,0x00,0x00,0x01,0xca,0xca,0xca,0x0c,0xfa,0xfa,0xfa,0x5f,0xfe,0xfe,0xfe,0x80,
	0xfe,0xfe,0xfe,0x80,0xfe,0xfe,0xfe,0x80,0xfd,0xfd,0xfd,0x80,0xfd,0xfd,0xfd,0x80,
	0xfb,0xfb,0xfb,0x80,0xfb,0xfb,0xfb,0x80,0xeb,0xeb,0xeb,0x64,0x66,0x66,0x66,0x16,
	0x00,0x00,0x00,0x07,0x00,0x00,0x00,0x03,0x00,0x00,0x00,0x01,0x00,0x00,0x00,0x00,
	0x00,0x00,0x00,0x00,0x00,0x00,0x00,0x00,0x00,0x00,0x00,0x00,0x00,0x00,0x00,0x00,
	0x00,0x00,0x00,0x00,0x00,0x00,0x00,0x00,0x00,0x00,0x00,0x00,0x00,0x00,0x00,0x00,
	0x00,0x00,0x00,0x00,0x00,0x00,0x00,0x00,0x00,0x00,0x00,0x00,0x00,0x00,0x00,0x00,
	0x00,0x00,0x00,0x00,0x00,0x00,0x00,0x00,0x00,0x00,0x00,0x00,0x00,0x00,0x00,0x00,
	0x00,0x00,0x00,0x00,0x00,0x00,0x00,0x00,0x00,0x00,0x00,0x00,0x00,0x00,0x00,0x00,
	0x00,0x00,0x00,0x00,0x00,0x00,0x00,0x00,0x00,0x00,0x00,0x00,0x00,0x00,0x00,0x00,
	0x00,0x00,0x00,0x00,0x00,0x00,0x00,0x00,0x00,0x00,0x00,0x00,0x00,0x00,0x00,0x00,
	0x00,0x00,0x00,0x00,0x00,0x00,0x00,0x00,0x00,0x00,0x00,0x00,0x00,0x00,0x00,0x01,
	0xca,0xca,0xca,0x0c,0xfa,0xfa,0xfa,0x5f,0xfe,0xfe,0xfe,0x80,0xfd,0xfd,0xfd,0x80,
	0xfd,0xfd,0xfd,0x80,0xfb,0xfb,0xfb,0x80,0xd7,0xd7,0xd7,0x80,0x52,0x52,0x52,0x80,
	0xe8,0xe8,0xe8,0x80,0xfa,0xfa,0xfa,0x80,0xfa,0xfa,0xfa,0x80,0xe8,0xe8,0xe8,0x63,
	0x63,0x63,0x63,0x16,0x00,0x00,0x00,0x07,0x00,0x00,0x00,0x03,0x00,0x00,0x00,0x01,
	0x00,0x00,0x00,0x00,0x00,0x00,0x00,0x00,0x00,0x00,0x00,0x00,0x00,0x00,0x00,0x00,
	0x00,0x00,0x00,0x00,0x00,0x00,0x00,0x00,0x00,0x00,0x00,0x00,0x00,0x00,0x00,0x00,
	0x00,0x00,0x00,0x00,0x00,0x00,0x00,0x00,0x00,0x00,0x00,0x00,0x00,0x00,0x00,0x00,
	0x00,0x00,0x00,0x00,0x00,0x00,0x00,0x00,0x00,0x00,0x00,0x00,0x00,0x00,0x00,0x00,
	0x00,0x00,0x00,0x00,0x00,0x00,0x00,0x00,0x00,0x00,0x00,0x00,0x00,0x00,0x00,0x00,
	0x00,0x00,0x00,0x00,0x00,0x00,0x00,0x00,0x00,0x00,0x00,0x00,0x00,0x00,0x00,0x00,
	0x00,0x00,0x00,0x00,0x00,0x00,0x00,0x00,0x00,0x00,0x00,0x00,0x00,0x00,0x00,0x00,
	0x00,0x00,0x00,0x00,0x00,0x00,0x00,0x00,0x00,0x00,0x00,0x01,0xd1,0xd1,0xd1,0x0e,
	0xf8,0xf8,0xf8,0x5d,0xfd,0xfd,0xfd,0x80,0xfb,0xfb,0xfb,0x80,0xfb,0xfb,0xfb,0x80,
	0xfb,0xfb,0xfb,0x80,0xfb,0xfb,0xfb,0x80,0x56,0x56,0x56,0x80,0x3d,0x3d,0x3d,0x80,
	0x52,0x52,0x52,0x80,0xe6,0xe6,0xe6,0x80,0xf8,0xf8,0xf8,0x80,0xf6,0xf6,0xf6,0x80,
	0xe8,0xe8,0xe8,0x63,0x71,0x71,0x71,0x18,0x00,0x00,0x00,0x07,0x00,0x00,0x00,0x04,
	0x00,0x00,0x00,0x03,0x00,0x00,0x00,0x02,0x00,0x00,0x00,0x01,0x00,0x00,0x00,0x01,
	0x00,0x00,0x00,0x00,0x00,0x00,0x00,0x00,0x00,0x00,0x00,0x00,0x00,0x00,0x00,0x00,
	0x00,0x00,0x00,0x00,0x00,0x00,0x00,0x00,0x00,0x00,0x00,0x00,0x00,0x00,0x00,0x00,
	0x00,0x00,0x00,0x00,0x00,0x00,0x00,0x00,0x00,0x00,0x00,0x00,0x00,0x00,0x00,0x00,
	0x00,0x00,0x00,0x00,0x00,0x00,0x00,0x00,0x00,0x00,0x00,0x00,0x00,0x00,0x00,0x00,
	0x00,0x00,0x00,0x00,0x00,0x00,0x00,0x00,0x00,0x00,0x00,0x00,0x00,0x00,0x00,0x00,
	0x00,0x00,0x00,0x00,0x00,0x00,0x00,0x00,0x00,0x00,0x00,0x00,0x00,0x00,0x00,0x00,
	0x00,0x00,0x00,0x00,0x00,0x00,0x00,0x01,0xd3,0xd3,0xd3,0x0f,0xf8,0xf8,0xf8,0x5a,
	0xfb,0xfb,0xfb,0x80,0xfb,0xfb,0xfb,0x80,0xfb,0xfb,0xfb,0x80,0xfa,0xfa,0xfa,0x80,
	0xfa,0xfa,0xfa,0x80,0xf8,0xf8,0xf8,0x80,0xe6,0xe6,0xe6,0x80,0x68,0x68,0x68,0x80,
	0x6c,0x6c,0x6c,0x80,0x6c,0x6c,0x6c,0x80,0xe4,0xe4,0xe4,0x80,0xf6,0xf6,0xf6,0x80,
	0xf4,0xf4,0xf4,0x80,0xe3,0xe3,0xe3,0x61,0x58,0xa4,0xd1,0x3d,0x45,0xb3,0xf5,0x63,
	0x42,0xad,0xed,0x48,0x26,0x66,0x8b,0x10,0x00,0x00,0x00,0x05,0x00,0x00,0x00,0x02,
	0x00,0x00,0x00,0x01,0x00,0x00,0x00,0x00,0x00,0x00,0x00,0x00,0x00,0x00,0x00,0x00,
	0x00,0x00,0x00,0x00,0x00,0x00,0x00,0x00,0x00,0x00,0x00,0x00,0x00,0x00,0x00,0x00,
	0x00,0x00,0x00,0x00,0x00,0x00,0x00,0x00,0x00,0x00,0x00,0x00,0x00,0x00,0x00,0x00,
	0x00,0x00,0x00,0x00,0x00,0x00,0x00,0x00,0x00,0x00,0x00,0x00,0x00,0x00,0x00,0x00,
	0x00,0x00,0x00,0x00,0x00,0x00,0x00,0x00,0x00,0x00,0x00,0x00,0x00,0x00,0x00,0x00,
	0x00,0x00,0x00,0x00,0x00,0x00,0x00,0x00,0x00,0x00,0x00,0x00,0x00,0x00,0x00,0x00,
	0x00,0x00,0x00,0x00,0x00,0x00,0x00,0x01,0xf8,0xf8,0xf8,0x5a,0xfb,0xfb,0xfb,0x80,
	0xfa,0xfa,0xfa,0x80,0xfa,0xfa,0xfa,0x80,0xf8,0xf8,0xf8,0x80,0xf8,0xf8,0xf8,0x80,
	0xf8,0xf8,0xf8,0x80,0xf6,0xf6,0xf6,0x80,0xf6,0xf6,0xf6,0x80,0xe8,0xe8,0xe8,0x80,
	0x89,0x89,0x89,0x80,0x7a,0x7a,0x7a,0x80,0x80,0x80,0x80,0x80,0xf4,0xf4,0xf4,0x80,
	0xf2,0xf2,0xf2,0x80,0xdd,0xe7,0xec,0x76,0x51,0xbb,0xfb,0x7e,0x45,0xb7,0xfd,0x80,
	0x45,0xb7,0xfd,0x80,0x3f,0xac,0xec,0x5c,0x18,0x4d,0x6c,0x15,0x00,0x00,0x00,0x06,
	0x00,0x00,0x00,0x03,0x00,0x00,0x00,0x01,0x00,0x00,0x00,0x00,0x00,0x00,0x00,0x00,
	0x00,0x00,0x00,0x00,0x00,0x00,0x00,0x00,0x00,0x00,0x00,0x00,0x00,0x00,0x00,0x00,
	0x00,0x00,0x00,0x00,0x00,0x00,0x00,0x00,0x00,0x00,0x00,0x00,0x00,0x00,0x00,0x00,
	0x00,0x00,0x00,0x00,0x00,0x00,0x00,0x00,0x00,0x00,0x00,0x00,0x00,0x00,0x00,0x00,
	0x00,0x00,0x00,0x00,0x00,0x00,0x00,0x00,0x00,0x00,0x00,0x00,0x00,0x00,0x00,0x00,
	0x00,0x00,0x00,0x00,0x00,0x00,0x00,0x00,0x00,0x00,0x00,0x00,0x00,0x00,0x00,0x00,
	0x00,0x00,0x00,0x00,0x00,0x00,0x00,0x03,0xf8,0xf8,0xf8,0x80,0xf8,0xf8,0xf8,0x80,
	0xf8,0xf8,0xf8,0x80,0xf8,0xf8,0xf8,0x80,0xd3,0xd3,0xd3,0x80,0x52,0x52,0x52,0x80,
	0xe4,0xe4,0xe4,0x80,0xf6,0xf6,0xf6,0x80,0xf4,0xf4,0xf4,0x80,0xf4,0xf4,0xf4,0x80,
	0xe8,0xe8,0xe8,0x80,0x94,0x94,0x94,0x80,0xdd,0xdd,0xdd,0x80,0xf2,0xf2,0xf2,0x80,
	0xe9,0xec,0xee,0x7c,0x6d,0xc3,0xf8,0x7e,0x44,0xb3,0xfc,0x80,0x44,0xb3,0xfc,0x80,
	0x44,0xb3,0xfc,0x80,0x41,0xb2,0xfc,0x80,0x3b,0xa7,0xe7,0x5c,0x18,0x4d,0x6c,0x15,
	0x00,0x00,0x00,0x06,0x00,0x00,0x00,0x03,0x00,0x00,0x00,0x01,0x00,0x00,0x00,0x00,
	0x00,0x00,0x00,0x00,0x00,0x00,0x00,0x00,0x00,0x00,0x00,0x00,0x00,0x00,0x00,0x00,
	0x00,0x00,0x00,0x00,0x00,0x00,0x00,0x00,0x00,0x00,0x00,0x00,0x00,0x00,0x00,0x00,
	0x00,0x00,0x00,0x00,0x00,0x00,0x00,0x00,0x00,0x00,0x00,0x00,0x00,0x00,0x00,0x00,
	0x00,0x00,0x00,0x00,0x00,0x00,0x00,0x00,0x00,0x00,0x00,0x00,0x00,0x00,0x00,0x00,
	0x00,0x00,0x00,0x00,0x00,0x00,0x00,0x00,0x00,0x00,0x00,0x00,0x00,0x00,0x00,0x00,
	0x00,0x00,0x00,0x00,0x00,0x00,0x00,0x03,0xf2,0xf2,0xf2,0x64,0xf6,0xf6,0xf6,0x80,
	0xf6,0xf6,0xf6,0x80,0xf6,0xf6,0xf6,0x80,0x56,0x56,0x56,0x80,0x3d,0x3d,0x3d,0x80,
	0x52,0x52,0x52,0x80,0xe1,0xe1,0xe1,0x80,0xf2,0xf2,0xf2,0x80,0xf2,0xf2,0xf2,0x80,
	0xf2,0xf2,0xf2,0x80,0xf1,0xf1,0xf1,0x80,0xf1,0xf1,0xf1,0x80,0xe1,0xe7,0xec,0x7a,
	0x51,0xbb,0xfb,0x7e,0x44,0xb3,0xfc,0x80,0x43,0xae,0xfc,0x80,0x41,0xad,0xfb,0x80,
	0x41,0xad,0xfb,0x80,0x41,0xad,0xfb,0x80,0x41,0xb2,0xfc,0x80,0x3b,0xa7,0xe7,0x5c,
	0x10,0x37,0x4d,0x13,0x00,0x00,0x00,0x06,0x00,0x00,0x00,0x02,0x00,0x00,0x00,0x01,
	0x00,0x00,0x00,0x00,0x00,0x00,0x00,0x00,0x00,0x00,0x00,0x00,0x00,0x00,0x00,0x00,
	0x00,0x00,0x00,0x00,0x00,0x00,0x00,0x00,0x00,0x00,0x00,0x00,0x00,0x00,0x00,0x00,
	0x00,0x00,0x00,0x00,0x00,0x00,0x00,0x00,0x00,0x00,0x00,0x00,0x00,0x00,0x00,0x00,
	0x00,0x00,0x00,0x00,0x00,0x00,0x00,0x00,0x00,0x00,0x00,0x00,0x00,0x00,0x00,0x00,
	0x00,0x00,0x00,0x00,0x00,0x00,0x00,0x00,0x00,0x00,0x00,0x00,0x00,0x00,0x00,0x00,
	0x00,0x00,0x00,0x00,0x00,0x00,0x00,0x03,0xb7,0xb7,0xb7,0x1e,0xeb,0xeb,0xeb,0x64,
	0xf4,0xf4,0xf4,0x80,0xf4,0xf4,0xf4,0x80,0xe1,0xe1,0xe1,0x80,0x68,0x68,0x68,0x80,
	0x6c,0x6c,0x6c,0x80,0x6c,0x6c,0x6c,0x80,0xe1,0xe1,0xe1,0x80,0xf1,0xf1,0xf1,0x80,
	0xef,0xef,0xef,0x80,0xef,0xef,0xef,0x80,0xe1,0xe7,0xec,0x7a,0x44,0xb3,0xfc,0x80,
	0x42,0xaf,0xfb,0x80,0x41,0xad,0xfb,0x80,0x40,0xa8,0xfa,0x80,0x40,0xa8,0xfa,0x80,
	0x40,0xa8,0xfa,0x80,0x40,0xaa,0xfb,0x80,0x3e,0xad,0xfa,0x80,0x3d,0xaf,0xfb,0x80,
	0x38,0xa7,0xe8,0x5e,0x0e,0x39,0x52,0x14,0x00,0x00,0x00,0x06,0x00,0x00,0x00,0x02,
	0x00,0x00,0x00,0x01,0x00,0x00,0x00,0x00,0x00,0x00,0x00,0x00,0x00,0x00,0x00,0x00,
	0x00,0x00,0x00,0x00,0x00,0x00,0x00,0x00,0x00,0x00,0x00,0x00,0x00,0x00,0x00,0x00,
	0x00,0x00,0x00,0x00,0x00,0x00,0x00,0x00,0x00,0x00,0x00,0x00,0x00,0x00,0x00,0x00,
	0x00,0x00,0x00,0x00,0x00,0x00,0x00,0x00,0x00,0x00,0x00,0x00,0x00,0x00,0x00,0x00,
	0x00,0x00,0x00,0x00,0x00,0x00,0x00,0x00,0x00,0x00,0x00,0x00,0x00,0x00,0x00,0x00,
	0x00,0x00,0x00,0x00,0x00,0x00,0x00,0x01,0x00,0x00,0x00,0x06,0xa0,0xa0,0xa0,0x22,
	0xe7,0xe7,0xe7,0x6b,0xf2,0xf2,0xf2,0x80,0xf2,0xf2,0xf2,0x80,0xe4,0xe4,0xe4,0x80,
	0x89,0x89,0x89,0x80,0x7a,0x7a,0x7a,0x80,0x7f,0x7f,0x7f,0x80,0xef,0xef,0xef,0x80,
	0xef,0xef,0xef,0x80,0xdf,0xe5,0xe9,0x7a,0x44,0xb3,0xfc,0x80,0x42,0xaf,0xfb,0x80,
	0x40,0xaa,0xfb,0x80,0x40,0xa8,0xfa,0x80,0x40,0xa8,0xfa,0x80,0x3e,0xa5,0xf9,0x80,
	0x3e,0xa5,0xf9,0x80,0x3e,0xa5,0xf9,0x80,0x3d,0xa9,0xfa,0x80,0x3d,0xa9,0xfa,0x80,
	0x3a,0xad,0xfa,0x80,0x33,0xa5,0xe8,0x5f,0x10,0x37,0x4d,0x13,0x00,0x00,0x00,0x06,
	0x00,0x00,0x00,0x02,0x00,0x00,0x00,0x01,0x00,0x00,0x00,0x00,0x00,0x00,0x00,0x00,
	0x00,0x00,0x00,0x00,0x00,0x00,0x00,0x00,0x00,0x00,0x00,0x00,0x00,0x00,0x00,0x00,
	0x00,0x00,0x00,0x00,0x00,0x00,0x00,0x00,0x00,0x00,0x00,0x00,0x00,0x00,0x00,0x00,
	0x00,0x00,0x00,0x00,0x00,0x00,0x00,0x00,0x00,0x00,0x00,0x00,0x00,0x00,0x00,0x00,
	0x00,0x00,0x00,0x00,0x00,0x00,0x00,0x00,0x00,0x00,0x00,0x00,0x00,0x00,0x00,0x00,
	0x00,0x00,0x00,0x00,0x00,0x00,0x00,0x01,0x00,0x00,0x00,0x03,0x00,0x00,0x00,0x07,
	0x87,0x87,0x87,0x1f,0xe7,0xe7,0xe7,0x6b,0xef,0xef,0xef,0x80,0xef,0xef,0xef,0x80,
	0xe4,0xe4,0xe4,0x80,0x94,0x94,0x94,0x80,0xd9,0xd9,0xd9,0x80,0xed,0xed,0xed,0x80,
	0xdf,0xe5,0xe9,0x7a,0x41,0xb2,0xfc,0x80,0x41,0xad,0xfb,0x80,0x40,0xaa,0xfb,0x80,
	0x40,0xa8,0xfa,0x80,0x3e,0xa5,0xf9,0x80,0x3e,0xa5,0xf9,0x80,0x3c,0xa3,0xf9,0x80,
	0x3c,0xa3,0xf9,0x80,0x3c,0xa3,0xf9,0x80,0x39,0xa4,0xf8,0x80,0x3a,0xa6,0xf9,0x80,
	0x37,0xa8,0xf9,0x80,0x3a,0xad,0xfa,0x80,0x33,0xa5,0xe8,0x5f,0x10,0x37,0x4d,0x13,
	0x00,0x00,0x00,0x06,0x00,0x00,0x00,0x02,0x00,0x00,0x00,0x01,0x00,0x00,0x00,0x00,
	0x00,0x00,0x00,0x00,0x00,0x00,0x00,0x00,0x00,0x00,0x00,0x00,0x00,0x00,0x00,0x00,
	0x00,0x00,0x00,0x00,0x00,0x00,0x00,0x00,0x00,0x00,0x00,0x00,0x00,0x00,0x00,0x00,
	0x00,0x00,0x00,0x00,0x00,0x00,0x00,0x00,0x00,0x00,0x00,0x00,0x00,0x00,0x00,0x00,
	0x00,0x00,0x00,0x00,0x00,0x00,0x00,0x00,0x00,0x00,0x00,0x00,0x00,0x00,0x00,0x00,
	0x00,0x00,0x00,0x00,0x00,0x00,0x00,0x00,0x00,0x00,0x00,0x01,0x00,0x00,0x00,0x03,
	0x00,0x00,0x00,0x07,0x8e,0x8e,0x8e,0x20,0xe7,0xe7,0xe7,0x6b,0xed,0xed,0xed,0x80,
	0xed,0xed,0xed,0x80,0xed,0xed,0xed,0x80,0xed,0xed,0xed,0x80,0xdf,0xe5,0xe9,0x7a,
	0x41,0xb2,0xfc,0x80,0x41,0xad,0xfb,0x80,0x40,0xaa,0xfb,0x80,0x40,0xa8,0xfa,0x80,
	0x3e,0xa5,0xf9,0x80,0x3c,0xa3,0xf9,0x80,0x3c,0xa3,0xf9,0x80,0x3b,0xa2,0xf8,0x80,
	0x3b,0xa2,0xf8,0x80,0x39,0xa1,0xf8,0x80,0x39,0xa1,0xf8,0x80,0x38,0xa2,0xf9,0x80,
	0x39,0xa4,0xf8,0x80,0x37,0xa8,0xf9,0x80,0x37,0xac,0xfa,0x80,0x33,0xa5,0xe8,0x5f,
	0x11,0x42,0x5f,0x14,0x00,0x00,0x00,0x06,0x00,0x00,0x00,0x03,0x00,0x00,0x00,0x01,
	0x00,0x00,0x00,0x00,0x00,0x00,0x00,0x00,0x00,0x00,0x00,0x00,0x00,0x00,0x00,0x00,
	0x00,0x00,0x00,0x00,0x00,0x00,0x00,0x00,0x00,0x00,0x00,0x00,0x00,0x00,0x00,0x00,
	0x00,0x00,0x00,0x00,0x00,0x00,0x00,0x00,0x00,0x00,0x00,0x00,0x00,0x00,0x00,0x00,
	0x00,0x00,0x00,0x00,0x00,0x00,0x00,0x00,0x00,0x00,0x00,0x00,0x00,0x00,0x00,0x00,
	0x00,0x00,0x00,0x00,0x00,0x00,0x00,0x00,0x00,0x00,0x00,0x00,0x00,0x00,0x00,0x01,
	0x00,0x00,0x00,0x03,0x00,0x00,0x00,0x07,0x7d,0x7d,0x7d,0x1d,0xe3,0xe3,0xe3,0x6d,
	0xed,0xed,0xed,0x80,0xed,0xed,0xed,0x80,0xdf,0xe5,0xe9,0x7a,0x41,0xb2,0xfc,0x80,
	0x3e,0xad,0xfa,0x80,0x3d,0xa9,0xfa,0x80,0x3e,0xa5,0xf9,0x80,0x3c,0xa3,0xf9,0x80,
	0x3c,0xa3,0xf9,0x80,0x3b,0xa2,0xf8,0x80,0x3b,0xa2,0xf8,0x80,0x39,0xa1,0xf8,0x80,
	0x39,0xa1,0xf8,0x80,0x37,0x9f,0xf8,0x80,0x37,0x9f,0xf8,0x80,0x37,0x9f,0xf8,0x80,
	0x35,0xa1,0xf8,0x80,0x35,0xa1,0xf8,0x80,0x34,0xa5,0xf8,0x80,0x33,0xaa,0xf9,0x80,
	0x2c,0xa0,0xe6,0x5e,0x18,0x4d,0x6c,0x15,0x00,0x00,0x00,0x06,0x00,0x00,0x00,0x03,
	0x00,0x00,0x00,0x01,0x00,0x00,0x00,0x00,0x00,0x00,0x00,0x00,0x00,0x00,0x00,0x00,
	0x00,0x00,0x00,0x00,0x00,0x00,0x00,0x00,0x00,0x00,0x00,0x00,0x00,0x00,0x00,0x00,
	0x00,0x00,0x00,0x00,0x00,0x00,0x00,0x00,0x00,0x00,0x00,0x00,0x00,0x00,0x00,0x00,
	0x00,0x00,0x00,0x00,0x00,0x00,0x00,0x00,0x00,0x00,0x00,0x00,0x00,0x00,0x00,0x00,
	0x00,0x00,0x00,0x00,0x00,0x00,0x00,0x00,0x00,0x00,0x00,0x00,0x00,0x00,0x00,0x00,
	0x00,0x00,0x00,0x01,0x00,0x00,0x00,0x03,0x00,0x00,0x00,0x07,0x87,0x87,0x87,0x1f,
	0xdd,0xdd,0xdd,0x67,0xd1,0xde,0xe6,0x75,0x54,0xb8,0xf8,0x7f,0x3e,0xad,0xfa,0x80,
	0x3d,0xa9,0xfa,0x80,0x3e,0xa5,0xf9,0x80,0x3c,0xa3,0xf9,0x80,0x3b,0xa2,0xf8,0x80,
	0x39,0xa1,0xf8,0x80,0x39,0xa1,0xf8,0x80,0x37,0x9f,0xf8,0x80,0x37,0x9f,0xf8,0x80,
	0x36,0x9e,0xf7,0x80,0x36,0x9e,0xf7,0x80,0x35,0x9d,0xf7,0x80,0x35,0x9d,0xf7,0x80,
	0x35,0x9d,0xf7,0x80,0x32,0x9e,0xf7,0x80,0x33,0xa0,0xf7,0x80,0x32,0xa4,0xf8,0x80,
	0x2f,0xa7,0xf9,0x80,0x2c,0xa0,0xe6,0x5e,0x18,0x4d,0x6c,0x15,0x00,0x00,0x00,0x06,
	0x00,0x00,0x00,0x03,0x00,0x00,0x00,0x01,0x00,0x00,0x00,0x00,0x00,0x00,0x00,0x00,
	0x00,0x00,0x00,0x00,0x00,0x00,0x00,0x00,0x00,0x00,0x00,0x00,0x00,0x00,0x00,0x00,
	0x00,0x00,0x00,0x00,0x00,0x00,0x00,0x00,0x00,0x00,0x00,0x00,0x00,0x00,0x00,0x00,
	0x00,0x00,0x00,0x00,0x00,0x00,0x00,0x00,0x00,0x00,0x00,0x00,0x00,0x00,0x00,0x00,
	0x00,0x00,0x00,0x00,0x00,0x00,0x00,0x00,0x00,0x00,0x00,0x00,0x00,0x00,0x00,0x00,
	0x00,0x00,0x00,0x00,0x00,0x00,0x00,0x01,0x00,0x00,0x00,0x03,0x00,0x00,0x00,0x09,
	0x58,0xa4,0xd1,0x3d,0x4c,0xb7,0xf9,0x7d,0x3d,0xaf,0xfb,0x80,0x3d,0xa9,0xfa,0x80,
	0x3c,0xa6,0xfa,0x80,0x3b,0xa2,0xf8,0x80,0x39,0xa1,0xf8,0x80,0x39,0xa1,0xf8,0x80,
	0x37,0x9f,0xf8,0x80,0x37,0x9f,0xf8,0x80,0x36,0x9e,0xf7,0x80,0x35,0x9d,0xf7,0x80,
	0x35,0x9d,0xf7,0x80,0x35,0x9d,0xf7,0x80,0x33,0x9b,0xf6,0x80,0x33,0x9b,0xf6,0x80,
	0x33,0x9b,0xf6,0x80,0x31,0x9a,0xf6,0x80,0x2f,0x9d,0xf6,0x80,0x2f,0x9d,0xf6,0x80,
	0x2d,0xa1,0xf7,0x80,0x2f,0xa7,0xf9,0x80,0x2c,0xa0,0xe6,0x5e,0x11,0x42,0x5f,0x14,
	0x00,0x00,0x00,0x06,0x00,0x00,0x00,0x03,0x00,0x00,0x00,0x01,0x00,0x00,0x00,0x00,
	0x00,0x00,0x00,0x00,0x00,0x00,0x00,0x00,0x00,0x00,0x00,0x00,0x00,0x00,0x00,0x00,
	0x00,0x00,0x00,0x00,0x00,0x00,0x00,0x00,0x00,0x00,0x00,0x00,0x00,0x00,0x00,0x00,
	0x00,0x00,0x00,0x00,0x00,0x00,0x00,0x00,0x00,0x00,0x00,0x00,0x00,0x00,0x00,0x00,
	0x00,0x00,0x00,0x00,0x00,0x00,0x00,0x00,0x00,0x00,0x00,0x00,0x00,0x00,0x00,0x00,
	0x00,0x00,0x00,0x00,0x00,0x00,0x00,0x00,0x00,0x00,0x00,0x01,0x06,0x13,0x1b,0x06,
	0x3c,0xb0,0xf5,0x6a,0x3b,0xb2,0xfb,0x80,0x3a,0xad,0xfa,0x80,0x3a,0xa6,0xf9,0x80,
	0x39,0xa4,0xf8,0x80,0x39,0xa1,0xf8,0x80,0x37,0x9f,0xf8,0x80,0x36,0x9e,0xf7,0x80,
	0x36,0x9e,0xf7,0x80,0x35,0x9d,0xf7,0x80,0x35,0x9d,0xf7,0x80,0x33,0x9b,0xf6,0x80,
	0x33,0x9b,0xf6,0x80,0x33,0x9b,0xf6,0x80,0x31,0x9a,0xf6,0x80,0x31,0x99,0xf6,0x80,
	0x2f,0x99,0xf5,0x80,0x2f,0x99,0xf5,0x80,0x2f,0x99,0xf5,0x80,0x2d,0x9a,0xf6,0x80,
	0x2b,0x9c,0xf6,0x80,0x2d,0xa1,0xf7,0x80,0x2a,0xa5,0xf7,0x80,0x24,0x9c,0xe4,0x5d,
	0x11,0x42,0x5f,0x14,0x00,0x00,0x00,0x06,0x00,0x00,0x00,0x02,0x00,0x00,0x00,0x01,
	0x00,0x00,0x00,0x00,0x00,0x00,0x00,0x00,0x00,0x00,0x00,0x00,0x00,0x00,0x00,0x00,
	0x00,0x00,0x00,0x00,0x00,0x00,0x00,0x00,0x00,0x00,0x00,0x00,0x00,0x00,0x00,0x00,
	0x00,0x00,0x00,0x00,0x00,0x00,0x00,0x00,0x00,0x00,0x00,0x00,0x00,0x00,0x00,0x00,
	0x00,0x00,0x00,0x00,0x00,0x00,0x00,0x00,0x00,0x00,0x00,0x00,0x00,0x00,0x00,0x00,
	0x00,0x00,0x00,0x00,0x00,0x00,0x00,0x00,0x00,0x00,0x00,0x00,0x00,0x00,0x00,0x04,
	0x38,0xa9,0xec,0x57,0x3b,0xb2,0xfb,0x80,0x3a,0xad,0xfa,0x80,0x3a,0xa6,0xf9,0x80,
	0x38,0xa2,0xf9,0x80,0x37,0x9f,0xf8,0x80,0x36,0x9e,0xf7,0x80,0x35,0x9d,0xf7,0x80,
	0x35,0x9d,0xf7,0x80,0x33,0x9b,0xf6,0x80,0x33,0x9b,0xf6,0x80,0x31,0x9a,0xf6,0x80,
	0x31,0x9a,0xf6,0x80,0x31,0x99,0xf6,0x80,0x2f,0x99,0xf5,0x80,0x2f,0x99,0xf5,0x80,
	0x2e,0x97,0xf5,0x80,0x2e,0x97,0xf5,0x80,0x2c,0x97,0xf4,0x80,0x2c,0x97,0xf4,0x80,
	0x2b,0x98,0xf5,0x80,0x2b,0x9c,0xf6,0x80,0x27,0x9d,0xf5,0x80,0x2a,0xa5,0xf7,0x80,
	0x24,0x9c,0xe4,0x5d,0x10,0x37,0x4d,0x13,0x00,0x00,0x00,0x06,0x00,0x00,0x00,0x02,
	0x00,0x00,0x00,0x01,0x00,0x00,0x00,0x00,0x00,0x00,0x00,0x00,0x00,0x00,0x00,0x00,
	0x00,0x00,0x00,0x00,0x00,0x00,0x00,0x00,0x00,0x00,0x00,0x00,0x00,0x00,0x00,0x00,
	0x00,0x00,0x00,0x00,0x00,0x00,0x00,0x00,0x00,0x00,0x00,0x00,0x00,0x00,0x00,0x00,
	0x00,0x00,0x00,0x00,0x00,0x00,0x00,0x00,0x00,0x00,0x00,0x00,0x00,0x00,0x00,0x00,
	0x00,0x00,0x00,0x00,0x00,0x00,0x00,0x00,0x00,0x00,0x00,0x00,0x00,0x00,0x00,0x04,
	0x23,0x6c,0x97,0x1e,0x36,0xa7,0xeb,0x67,0x37,0xac,0xfa,0x80,0x37,0xa8,0xf9,0x80,
	0x35,0xa1,0xf8,0x80,0x35,0xa1,0xf8,0x80,0x35,0x9d,0xf7,0x80,0x33,0x9b,0xf6,0x80,
	0x33,0x9b,0xf6,0x80,0x31,0x9a,0xf6,0x80,0x31,0x9a,0xf6,0x80,0x31,0x99,0xf6,0x80,
	0x2f,0x99,0xf5,0x80,0x2f,0x99,0xf5,0x80,0x2e,0x97,0xf5,0x80,0x2d,0x96,0xf5,0x80,
	0x2c,0x97,0xf4,0x80,0x2b,0x95,0xf4,0x80,0x2b,0x95,0xf4,0x80,0x2b,0x95,0xf4,0x80,
	0x28,0x95,0xf4,0x80,0x28,0x95,0xf4,0x80,0x28,0x99,0xf4,0x80,0x27,0x9d,0xf5,0x80,
	0x26,0xa2,0xf6,0x80,0x24,0x9c,0xe4,0x5d,0x0c,0x3e,0x5c,0x14,0x00,0x00,0x00,0x06,
	0x00,0x00,0x00,0x02,0x00,0x00,0x00,0x01,0x00,0x00,0x00,0x00,0x00,0x00,0x00,0x00,
	0x00,0x00,0x00,0x00,0x00,0x00,0x00,0x00,0x00,0x00,0x00,0x00,0x00,0x00,0x00,0x00,
	0x00,0x00,0x00,0x00,0x00,0x00,0x00,0x00,0x00,0x00,0x00,0x00,0x00,0x00,0x00,0x00,
	0x00,0x00,0x00,0x00,0x00,0x00,0x00,0x00,0x00,0x00,0x00,0x00,0x00,0x00,0x00,0x00,
	0x00,0x00,0x00,0x00,0x00,0x00,0x00,0x00,0x00,0x00,0x00,0x00,0x00,0x00,0x00,0x03,
	0x00,0x00,0x00,0x0b,0x1b,0x56,0x79,0x25,0x31,0xa3,0xe9,0x6a,0x33,0xaa,0xf9,0x80,
	0x34,0xa5,0xf8,0x80,0x33,0xa0,0xf7,0x80,0x32,0x9e,0xf7,0x80,0x33,0x9b,0xf6,0x80,
	0x31,0x99,0xf6,0x80,0x2f,0x99,0xf5,0x80,0x2f,0x99,0xf5,0x80,0x2e,0x97,0xf5,0x80,
	0x2e,0x97,0xf5,0x80,0x2d,0x96,0xf5,0x80,0x2c,0x97,0xf4,0x80,0x2b,0x95,0xf4,0x80,
	0x2b,0x95,0xf4,0x80,0x29,0x94,0xf4,0x80,0x29,0x94,0xf4,0x80,0x27,0x92,0xf3,0x80,
	0x26,0x93,0xf3,0x80,0x26,0x93,0xf3,0x80,0x26,0x93,0xf3,0x80,0x25,0x97,0xf4,0x80,
	0x24,0x9b,0xf5,0x80,0x23,0xa0,0xf6,0x80,0x20,0x9c,0xe7,0x60,0x0c,0x3e,0x5c,0x14,
	0x00,0x00,0x00,0x06,0x00,0x00,0x00,0x03,0x00,0x00,0x00,0x01,0x00,0x00,0x00,0x00,
	0x00,0x00,0x00,0x00,0x00,0x00,0x00,0x00,0x00,0x00,0x00,0x00,0x00,0x00,0x00,0x00,
	0x00,0x00,0x00,0x00,0x00,0x00,0x00,0x00,0x00,0x00,0x00,0x00,0x00,0x00,0x00,0x00,
	0x00,0x00,0x00,0x00,0x00,0x00,0x00,0x00,0x00,0x00,0x00,0x00,0x00,0x00,0x00,0x00,
	0x00,0x00,0x00,0x00,0x00,0x00,0x00,0x00,0x00,0x00,0x00,0x00,0x00,0x00,0x00,0x01,
	0x00,0x00,0x00,0x06,0x00,0x00,0x00,0x0e,0x10,0x49,0x6b,0x26,0x31,0xa3,0xe9,0x6a,
	0x33,0xaa,0xf9,0x80,0x32,0xa4,0xf8,0x80,0x32,0x9e,0xf7,0x80,0x2f,0x9d,0xf6,0x80,
	0x2f,0x99,0xf5,0x80,0x2e,0x97,0xf5,0x80,0x2e,0x97,0xf5,0x80,0x2d,0x96,0xf5,0x80,
	0x2b,0x95,0xf4,0x80,0x2b,0x95,0xf4,0x80,0x29,0x94,0xf4,0x80,0x29,0x94,0xf4,0x80,
	0x29,0x94,0xf4,0x80,0x27,0x92,0xf3,0x80,0x26,0x91,0xf3,0x80,0x26,0x91,0xf3,0x80,
	0x24,0x90,0xf2,0x80,0x24,0x91,0xf2,0x80,0x24,0x91,0xf2,0x80,0x23,0x92,0xf3,0x80,
	0x22,0x96,0xf3,0x80,0x21,0x99,0xf4,0x80,0x20,0x9f,0xf5,0x80,0x1e,0x9b,0xe7,0x61,
	0x0c,0x3e,0x5c,0x14,0x00,0x00,0x00,0x06,0x00,0x00,0x00,0x03,0x00,0x00,0x00,0x01,
	0x00,0x00,0x00,0x00,0x00,0x00,0x00,0x00,0x00,0x00,0x00,0x00,0x00,0x00,0x00,0x00,
	0x00,0x00,0x00,0x00,0x00,0x00,0x00,0x00,0x00,0x00,0x00,0x00,0x00,0x00,0x00,0x00,
	0x00,0x00,0x00,0x00,0x00,0x00,0x00,0x00,0x00,0x00,0x00,0x00,0x00,0x00,0x00,0x00,
	0x00,0x00,0x00,0x00,0x00,0x00,0x00,0x00,0x00,0x00,0x00,0x00,0x00,0x00,0x00,0x00,
	0x00,0x00,0x00,0x02,0x00,0x00,0x00,0x06,0x00,0x00,0x00,0x0e,0x0b,0x44,0x66,0x25,
	0x2c,0xa3,0xea,0x6e,0x2f,0xa7,0xf9,0x80,0x2d,0xa1,0xf7,0x80,0x2f,0x9d,0xf6,0x80,
	0x2d,0x9a,0xf6,0x80,0x2c,0x97,0xf4,0x80,0x2b,0x95,0xf4,0x80,0x2b,0x95,0xf4,0x80,
	0x29,0x94,0xf4,0x80,0x29,0x94,0xf4,0x80,0x27,0x92,0xf3,0x80,0x27,0x92,0xf3,0x80,
	0x26,0x91,0xf3,0x80,0x26,0x91,0xf3,0x80,0x24,0x90,0xf2,0x80,0x24,0x90,0xf2,0x80,
	0x22,0x8e,0xf2,0x80,0x22,0x8e,0xf2,0x80,0x22,0x8e,0xf2,0x80,0x22,0x8e,0xf2,0x80,
	0x1f,0x90,0xf2,0x80,0x20,0x93,0xf3,0x80,0x1e,0x97,0xf4,0x80,0x1d,0x9d,0xf4,0x80,
	0x1b,0x9b,0xe6,0x61,0x0c,0x3e,0x5c,0x14,0x00,0x00,0x00,0x06,0x00,0x00,0x00,0x03,
	0x00,0x00,0x00,0x01,0x00,0x00,0x00,0x00,0x00,0x00,0x00,0x00,0x00,0x00,0x00,0x00,
	0x00,0x00,0x00,0x00,0x00,0x00,0x00,0x00,0x00,0x00,0x00,0x00,0x00,0x00,0x00,0x00,
	0x00,0x00,0x00,0x00,0x00,0x00,0x00,0x00,0x00,0x00,0x00,0x00,0x00,0x00,0x00,0x00,
	0x00,0x00,0x00,0x00,0x00,0x00,0x00,0x00,0x00,0x00,0x00,0x00,0x00,0x00,0x00,0x00,
	0x00,0x00,0x00,0x01,0x00,0x00,0x00,0x03,0x00,0x00,0x00,0x06,0x00,0x00,0x00,0x0f,
	0x0c,0x41,0x61,0x24,0x2c,0xa3,0xea,0x6e,0x2a,0xa5,0xf7,0x80,0x2d,0xa1,0xf7,0x80,
	0x2b,0x9c,0xf6,0x80,0x2b,0x98,0xf5,0x80,0x2b,0x95,0xf4,0x80,0x29,0x94,0xf4,0x80,
	0x27,0x92,0xf3,0x80,0x27,0x92,0xf3,0x80,0x26,0x91,0xf3,0x80,0x26,0x91,0xf3,0x80,
	0x24,0x90,0xf2,0x80,0x24,0x90,0xf2,0x80,0x22,0x8e,0xf2,0x80,0x22,0x8e,0xf2,0x80,
	0x21,0x8d,0xf1,0x80,0x21,0x8d,0xf1,0x80,0x21,0x8d,0xf1,0x80,0x1e,0x8c,0xf1,0x80,
	0x1e,0x8c,0xf1,0x80,0x1f,0x90,0xf2,0x80,0x1d,0x91,0xf2,0x80,0x1e,0x97,0xf4,0x80,
	0x1a,0x9f,0xf5,0x80,0x18,0x99,0xe4,0x5f,0x0c,0x3e,0x5c,0x14,0x00,0x00,0x00,0x06,
	0x00,0x00,0x00,0x02,0x00,0x00,0x00,0x01,0x00,0x00,0x00,0x00,0x00,0x00,0x00,0x00,
	0x00,0x00,0x00,0x00,0x00,0x00,0x00,0x00,0x00,0x00,0x00,0x00,0x00,0x00,0x00,0x00,
	0x00,0x00,0x00,0x00,0x00,0x00,0x00,0x00,0x00,0x00,0x00,0x00,0x00,0x00,0x00,0x00,
	0x00,0x00,0x00,0x00,0x00,0x00,0x00,0x00,0x00,0x00,0x00,0x00,0x00,0x00,0x00,0x00,
	0x00,0x00,0x00,0x00,0x00,0x00,0x00,0x01,0x00,0x00,0x00,0x03,0x00,0x00,0x00,0x06,
	0x00,0x00,0x00,0x0f,0x0c,0x41,0x61,0x24,0x27,0x9f,0xe8,0x6b,0x2a,0xa5,0xf7,0x80,
	0x2b,0x9c,0xf6,0x80,0x28,0x99,0xf4,0x80,0x28,0x95,0xf4,0x80,0x26,0x93,0xf3,0x80,
	0x27,0x92,0xf3,0x80,0x24,0x90,0xf2,0x80,0x24,0x90,0xf2,0x80,0x24,0x90,0xf2,0x80,
	0x22,0x8e,0xf2,0x80,0x22,0x8e,0xf2,0x80,0x21,0x8d,0xf1,0x80,0x20,0x8c,0xf1,0x80,
	0x20,0x8c,0xf1,0x80,0x1e,0x8c,0xf1,0x80,0x1e,0x8b,0xf1,0x80,0x1c,0x8b,0xf0,0x80,
	0x1e,0x8c,0xf1,0x80,0x1b,0x8c,0xf1,0x80,0x1b,0x8e,0xf1,0x80,0x18,0x91,0xf2,0x80,
	0x18,0x99,0xf3,0x80,0x1a,0x9f,0xf5,0x80,0x15,0x8f,0xd7,0x50,0x00,0x00,0x00,0x0c,
	0x06,0x13,0x1b,0x06,0x00,0x00,0x00,0x01,0x00,0x00,0x00,0x00,0x00,0x00,0x00,0x00,
	0x00,0x00,0x00,0x00,0x00,0x00,0x00,0x00,0x00,0x00,0x00,0x00,0x00,0x00,0x00,0x00,
	0x00,0x00,0x00,0x00,0x00,0x00,0x00,0x00,0x00,0x00,0x00,0x00,0x00,0x00,0x00,0x00,
	0x00,0x00,0x00,0x00,0x00,0x00,0x00,0x00,0x00,0x00,0x00,0x00,0x00,0x00,0x00,0x00,
	0x00,0x00,0x00,0x00,0x00,0x00,0x00,0x00,0x00,0x00,0x00,0x01,0x00,0x00,0x00,0x03,
	0x00,0x00,0x00,0x06,0x00,0x00,0x00,0x0f,0x10,0x49,0x6b,0x26,0x27,0x9f,0xe8,0x6b,
	0x26,0xa2,0xf6,0x80,0x27,0x9d,0xf5,0x80,0x25,0x97,0xf4,0x80,0x26,0x93,0xf3,0x80,
	0x24,0x91,0xf2,0x80,0x24,0x90,0xf2,0x80,0x22,0x8e,0xf2,0x80,0x21,0x8d,0xf1,0x80,
	0x21,0x8d,0xf1,0x80,0x20,0x8c,0xf1,0x80,0x20,0x8c,0xf1,0x80,0x1e,0x8b,0xf1,0x80,
	0x1e,0x8b,0xf1,0x80,0x1c,0x8b,0xf0,0x80,0x1b,0x8c,0xf1,0x80,0x1b,0x8c,0xf1,0x80,
	0x1b,0x8c,0xf1,0x80,0x1b,0x8c,0xf1,0x80,0x18,0x8d,0xf1,0x80,0x18,0x91,0xf2,0x80,
	0x17,0x94,0xf2,0x80,0x16,0x9c,0xf4,0x80,0x16,0xa1,0xf1,0x79,0x00,0x00,0x00,0x14,
	0x00,0x00,0x00,0x09,0x00,0x00,0x00,0x03,0x00,0x00,0x00,0x00,0x00,0x00,0x00,0x00,
	0x00,0x00,0x00,0x00,0x00,0x00,0x00,0x00,0x00,0x00,0x00,0x00,0x00,0x00,0x00,0x00,
	0x00,0x00,0x00,0x00,0x00,0x00,0x00,0x00,0x00,0x00,0x00,0x00,0x00,0x00,0x00,0x00,
	0x00,0x00,0x00,0x00,0x00,0x00,0x00,0x00,0x00,0x00,0x00,0x00,0x00,0x00,0x00,0x00,
	0x00,0x00,0x00,0x00,0x00,0x00,0x00,0x00,0x00,0x00,0x00,0x00,0x00,0x00,0x00,0x01,
	0x00,0x00,0x00,0x03,0x00,0x00,0x00,0x06,0x00,0x00,0x00,0x0f,0x10,0x49,0x6b,0x26,
	0x21,0x9b,0xe5,0x69,0x26,0xa2,0xf6,0x80,0x24,0x9b,0xf5,0x80,0x22,0x96,0xf3,0x80,
	0x23,0x92,0xf3,0x80,0x22,0x8e,0xf2,0x80,0x21,0x8d,0xf1,0x80,0x20,0x8c,0xf1,0x80,
	0x1e,0x8b,0xf1,0x80,0x1e,0x8b,0xf1,0x80,0x1e,0x8b,0xf1,0x80,0x1c,0x8b,0xf0,0x80,
	0x1c,0x8b,0xf0,0x80,0x1b,0x8c,0xf1,0x80,0x1b,0x8e,0xf1,0x80,0x1b,0x8e,0xf1,0x80,
	0x19,0x8f,0xf2,0x80,0x19,0x8f,0xf2,0x80,0x16,0x8d,0xf0,0x80,0x18,0x91,0xf2,0x80,
	0x17,0x94,0xf2,0x80,0x16,0x9c,0xf4,0x80,0x14,0xa2,0xf3,0x7d,0x00,0x00,0x00,0x19,
	0x00,0x00,0x00,0x0b,0x00,0x00,0x00,0x04,0x00,0x00,0x00,0x00,0x00,0x00,0x00,0x00,
	0x00,0x00,0x00,0x00,0x00,0x00,0x00,0x00,0x00,0x00,0x00,0x00,0x00,0x00,0x00,0x00,
	0x00,0x00,0x00,0x00,0x00,0x00,0x00,0x00,0x00,0x00,0x00,0x00,0x00,0x00,0x00,0x00,
	0x00,0x00,0x00,0x00,0x00,0x00,0x00,0x00,0x00,0x00,0x00,0x00,0x00,0x00,0x00,0x00,
	0x00,0x00,0x00,0x00,0x00,0x00,0x00,0x00,0x00,0x00,0x00,0x00,0x00,0x00,0x00,0x00,
	0x00,0x00,0x00,0x01,0x00,0x00,0x00,0x03,0x00,0x00,0x00,0x06,0x00,0x00,0x00,0x0f,
	0x0f,0x4e,0x73,0x27,0x21,0x9b,0xe5,0x69,0x20,0x9f,0xf5,0x80,0x21,0x99,0xf4,0x80,
	0x20,0x93,0xf3,0x80,0x1f,0x90,0xf2,0x80,0x1e,0x8c,0xf1,0x80,0x1e,0x8c,0xf1,0x80,
	0x1c,0x8b,0xf0,0x80,0x1b,0x89,0xf0,0x80,0x1c,0x8b,0xf0,0x80,0x1b,0x89,0xf0,0x80,
	0x1c,0x8b,0xf0,0x80,0x18,0x8d,0xf1,0x80,0x19,0x8f,0xf2,0x80,0x17,0x91,0xf0,0x7e,
	0x11,0x76,0xc2,0x5e,0x0f,0x65,0xa7,0x4f,0x15,0x89,0xe3,0x72,0x13,0x91,0xf1,0x80,
	0x13,0x97,0xf3,0x80,0x10,0x9d,0xf4,0x80,0x0d,0x8f,0xda,0x67,0x00,0x00,0x00,0x1a,
	0x00,0x00,0x00,0x0b,0x00,0x00,0x00,0x04,0x00,0x00,0x00,0x00,0x00,0x00,0x00,0x00,
	0x00,0x00,0x00,0x00,0x00,0x00,0x00,0x00,0x00,0x00,0x00,0x00,0x00,0x00,0x00,0x00,
	0x00,0x00,0x00,0x00,0x00,0x00,0x00,0x00,0x00,0x00,0x00,0x00,0x00,0x00,0x00,0x00,
	0x00,0x00,0x00,0x00,0x00,0x00,0x00,0x00,0x00,0x00,0x00,0x00,0x00,0x00,0x00,0x00,
	0x00,0x00,0x00,0x00,0x00,0x00,0x00,0x00,0x00,0x00,0x00,0x00,0x00,0x00,0x00,0x00,
	0x00,0x00,0x00,0x00,0x00,0x00,0x00,0x01,0x00,0x00,0x00,0x03,0x00,0x00,0x00,0x06,
	0x00,0x00,0x00,0x0f,0x0f,0x4e,0x73,0x27,0x1d,0x99,0xe4,0x6a,0x20,0x9f,0xf5,0x80,
	0x1e,0x97,0xf4,0x80,0x1d,0x91,0xf2,0x80,0x1b,0x8e,0xf1,0x80,0x1c,0x8b,0xf0,0x80,
	0x1b,0x89,0xf0,0x80,0x1b,0x89,0xf0,0x80,0x1b,0x89,0xf0,0x80,0x18,0x8a,0xf0,0x80,
	0x18,0x8d,0xf1,0x80,0x18,0x91,0xf2,0x80,0x17,0x94,0xf2,0x80,0x11,0x74,0xbc,0x59,
	0x00,0x00,0x00,0x26,0x00,0x00,0x00,0x24,0x12,0x85,0xd9,0x65,0x13,0x97,0xf3,0x80,
	0x10,0x9a,0xf3,0x80,0x0e,0x97,0xe6,0x72,0x07,0x4d,0x76,0x38,0x00,0x00,0x00,0x17,
	0x00,0x00,0x00,0x0b,0x00,0x00,0x00,0x03,0x00,0x00,0x00,0x00,0x00,0x00,0x00,0x00,
	0x00,0x00,0x00,0x00,0x00,0x00,0x00,0x00,0x00,0x00,0x00,0x00,0x00,0x00,0x00,0x00,
	0x00,0x00,0x00,0x00,0x00,0x00,0x00,0x00,0x00,0x00,0x00,0x00,0x00,0x00,0x00,0x00,
	0x00,0x00,0x00,0x00,0x00,0x00,0x00,0x00,0x00,0x00,0x00,0x00,0x00,0x00,0x00,0x00,
	0x00,0x00,0x00,0x00,0x00,0x00,0x00,0x00,0x00,0x00,0x00,0x00,0x00,0x00,0x00,0x00,
	0x00,0x00,0x00,0x00,0x00,0x00,0x00,0x00,0x00,0x00,0x00,0x01,0x00,0x00,0x00,0x03,
	0x00,0x00,0x00,0x07,0x00,0x00,0x00,0x0f,0x0f,0x4e,0x73,0x27,0x1c,0x98,0xe5,0x6a,
	0x1d,0x9d,0xf4,0x80,0x1b,0x95,0xf3,0x80,0x19,0x8f,0xf2,0x80,0x1b,0x8c,0xf1,0x80,
	0x1b,0x89,0xf0,0x80,0x17,0x87,0xef,0x80,0x17,0x87,0xef,0x80,0x18,0x8a,0xf0,0x80,
	0x16,0x8d,0xf0,0x80,0x17,0x91,0xf0,0x7e,0x11,0x74,0xbc,0x59,0x00,0x00,0x00,0x26,
	0x00,0x00,0x00,0x1d,0x0f,0x81,0xcc,0x4a,0x10,0x9a,0xf3,0x80,0x10,0x9d,0xf4,0x80,
	0x0f,0x9b,0xeb,0x76,0x07,0x54,0x80,0x3e,0x00,0x00,0x00,0x1d,0x00,0x00,0x00,0x11,
	0x00,0x00,0x00,0x07,0x00,0x00,0x00,0x02,0x00,0x00,0x00,0x00,0x00,0x00,0x00,0x00,
	0x00,0x00,0x00,0x00,0x00,0x00,0x00,0x00,0x00,0x00,0x00,0x00,0x00,0x00,0x00,0x00,
	0x00,0x00,0x00,0x00,0x00,0x00,0x00,0x00,0x00,0x00,0x00,0x00,0x00,0x00,0x00,0x00,
	0x00,0x00,0x00,0x00,0x00,0x00,0x00,0x00,0x00,0x00,0x00,0x00,0x00,0x00,0x00,0x00,
	0x00,0x00,0x00,0x00,0x00,0x00,0x00,0x00,0x00,0x00,0x00,0x00,0x00,0x00,0x00,0x00,
	0x00,0x00,0x00,0x00,0x00,0x00,0x00,0x00,0x00,0x00,0x00,0x00,0x00,0x00,0x00,0x01,
	0x00,0x00,0x00,0x03,0x00,0x00,0x00,0x07,0x00,0x00,0x00,0x0f,0x0b,0x44,0x66,0x25,
	0x17,0x97,0xe7,0x6d,0x1a,0x9a,0xf3,0x80,0x1b,0x95,0xf3,0x80,0x18,0x8d,0xf1,0x80,
	0x18,0x8a,0xf0,0x80,0x17,0x87,0xef,0x80,0x17,0x87,0xef,0x80,0x15,0x8a,0xef,0x80,
	0x15,0x8c,0xee,0x7e,0x11,0x76,0xc2,0x5e,0x00,0x00,0x00,0x26,0x00,0x00,0x00,0x1d,
	0x0f,0x81,0xcc,0x4a,0x10,0x9d,0xf4,0x80,0x10,0x9d,0xf4,0x80,0x10,0x9c,0xec,0x77,
	0x06,0x51,0x7c,0x3b,0x00,0x00,0x00,0x20,0x00,0x00,0x00,0x15,0x00,0x00,0x00,0x0b,
	0x00,0x00,0x00,0x04,0x00,0x00,0x00,0x01,0x00,0x00,0x00,0x00,0x00,0x00,0x00,0x00,
	0x00,0x00,0x00,0x00,0x00,0x00,0x00,0x00,0x00,0x00,0x00,0x00,0x00,0x00,0x00,0x00,
	0x00,0x00,0x00,0x00,0x00,0x00,0x00,0x00,0x00,0x00,0x00,0x00,0x00,0x00,0x00,0x00,
	0x00,0x00,0x00,0x00,0x00,0x00,0x00,0x00,0x00,0x00,0x00,0x00,0x00,0x00,0x00,0x00,
	0x00,0x00,0x00,0x00,0x00,0x00,0x00,0x00,0x00,0x00,0x00,0x00,0x00,0x00,0x00,0x00,
	0x00,0x00,0x00,0x00,0x00,0x00,0x00,0x00,0x00,0x00,0x00,0x00,0x00,0x00,0x00,0x00,
	0x00,0x00,0x00,0x01,0x00,0x00,0x00,0x03,0x00,0x00,0x00,0x07,0x00,0x00,0x00,0x0f,
	0x0b,0x44,0x66,0x25,0x17,0x97,0xe7,0x6d,0x18,0x99,0xf3,0x80,0x18,0x91,0xf2,0x80,
	0x16,0x8d,0xf0,0x80,0x15,0x8a,0xef,0x80,0x17,0x87,0xef,0x80,0x13,0x88,0xef,0x80,
	0x13,0x8a,0xec,0x7d,0x08,0x55,0x89,0x42,0x00,0x00,0x00,0x20,0x0f,0x81,0xcc,0x4a,
	0x10,0x9d,0xf4,0x80,0x10,0x9d,0xf4,0x80,0x0f,0x9d,0xed,0x76,0x06,0x51,0x7c,0x3b,
	0x00,0x00,0x00,0x20,0x00,0x00,0x00,0x15,0x00,0x00,0x00,0x0b,0x00,0x00,0x00,0x05,
	0x00,0x00,0x00,0x01,0x00,0x00,0x00,0x01,0x00,0x00,0x00,0x00,0x00,0x00,0x00,0x00,
	0x00,0x00,0x00,0x00,0x00,0x00,0x00,0x00,0x00,0x00,0x00,0x00,0x00,0x00,0x00,0x00,
	0x00,0x00,0x00,0x00,0x00,0x00,0x00,0x00,0x00,0x00,0x00,0x00,0x00,0x00,0x00,0x00,
	0x00,0x00,0x00,0x00,0x00,0x00,0x00,0x00,0x00,0x00,0x00,0x00,0x00,0x00,0x00,0x00,
	0x00,0x00,0x00,0x00,0x00,0x00,0x00,0x00,0x00,0x00,0x00,0x00,0x00,0x00,0x00,0x00,
	0x00,0x00,0x00,0x00,0x00,0x00,0x00,0x00,0x00,0x00,0x00,0x00,0x00,0x00,0x00,0x00,
	0x00,0x00,0x00,0x00,0x00,0x00,0x00,0x01,0x00,0x00,0x00,0x03,0x00,0x00,0x00,0x07,
	0x00,0x00,0x00,0x0f,0x0c,0x41,0x61,0x24,0x17,0x97,0xe7,0x6d,0x13,0x97,0xf3,0x80,
	0x13,0x91,0xf1,0x80,0x15,0x8a,0xef,0x80,0x13,0x88,0xef,0x80,0x13,0x88,0xef,0x80,
	0x11,0x8b,0xf0,0x80,0x10,0x85,0xdf,0x6e,0x0e,0x83,0xd8,0x5f,0x0d,0x98,0xf2,0x80,
	0x10,0x9d,0xf4,0x80,0x0f,0x9b,0xeb,0x76,0x07,0x4d,0x76,0x38,0x00,0x00,0x00,0x20,
	0x00,0x00,0x00,0x15,0x00,0x00,0x00,0x0b,0x00,0x00,0x00,0x05,0x00,0x00,0x00,0x01,
	0x00,0x00,0x00,0x01,0x00,0x00,0x00,0x00,0x00,0x00,0x00,0x00,0x00,0x00,0x00,0x00,
	0x00,0x00,0x00,0x00,0x00,0x00,0x00,0x00,0x00,0x00,0x00,0x00,0x00,0x00,0x00,0x00,
	0x00,0x00,0x00,0x00,0x00,0x00,0x00,0x00,0x00,0x00,0x00,0x00,0x00,0x00,0x00,0x00,
	0x00,0x00,0x00,0x00,0x00,0x00,0x00,0x00,0x00,0x00,0x00,0x00,0x00,0x00,0x00,0x00,
	0x00,0x00,0x00,0x00,0x00,0x00,0x00,0x00,0x00,0x00,0x00,0x00,0x00,0x00,0x00,0x00,
	0x00,0x00,0x00,0x00,0x00,0x00,0x00,0x00,0x00,0x00,0x00,0x00,0x00,0x00,0x00,0x00,
	0x00,0x00,0x00,0x00,0x00,0x00,0x00,0x00,0x00,0x00,0x00,0x01,0x00,0x00,0x00,0x03,
	0x00,0x00,0x00,0x06,0x00,0x00,0x00,0x0f,0x0b,0x44,0x66,0x25,0x10,0x96,0xe4,0x6b,
	0x13,0x97,0xf3,0x80,0x13,0x91,0xf1,0x80,0x11,0x8b,0xf0,0x80,0x11,0x8b,0xf0,0x80,
	0x11,0x8b,0xf0,0x80,0x0e,0x8f,0xf0,0x80,0x0e,0x95,0xf2,0x80,0x10,0x9a,0xf3,0x80,
	0x0d,0x99,0xea,0x76,0x06,0x51,0x7c,0x3b,0x00,0x00,0x00,0x20,0x00,0x00,0x00,0x15,
	0x00,0x00,0x00,0x0b,0x00,0x00,0x00,0x05,0x00,0x00,0x00,0x01,0x00,0x00,0x00,0x01,
	0x00,0x00,0x00,0x00,0x00,0x00,0x00,0x00,0x00,0x00,0x00,0x00,0x00,0x00,0x00,0x00,
	0x00,0x00,0x00,0x00,0x00,0x00,0x00,0x00,0x00,0x00,0x00,0x00,0x00,0x00,0x00,0x00,
	0x00,0x00,0x00,0x00,0x00,0x00,0x00,0x00,0x00,0x00,0x00,0x00,0x00,0x00,0x00,0x00,
	0x00,0x00,0x00,0x00,0x00,0x00,0x00,0x00,0x00,0x00,0x00,0x00,0x00,0x00,0x00,0x00,
	0x00,0x00,0x00,0x00,0x00,0x00,0x00,0x00,0x00,0x00,0x00,0x00,0x00,0x00,0x00,0x00,
	0x00,0x00,0x00,0x00,0x00,0x00,0x00,0x00,0x00,0x00,0x00,0x00,0x00,0x00,0x00,0x00,
	0x00,0x00,0x00,0x00,0x00,0x00,0x00,0x00,0x00,0x00,0x00,0x00,0x00,0x00,0x00,0x01,
	0x00,0x00,0x00,0x03,0x00,0x00,0x00,0x06,0x00,0x00,0x00,0x0f,0x0b,0x44,0x66,0x25,
	0x10,0x95,0xe4,0x6c,0x13,0x97,0xf3,0x80,0x13,0x91,0xf1,0x80,0x0e,0x8f,0xf0,0x80,
	0x0e,0x8f,0xf0,0x80,0x0e,0x95,0xf2,0x80,0x0d,0x98,0xf2,0x80,0x0d,0x99,0xea,0x76,
	0x07,0x54,0x80,0x3e,0x00,0x00,0x00,0x20,0x00,0x00,0x00,0x15,0x00,0x00,0x00,0x0b,
	0x00,0x00,0x00,0x05,0x00,0x00,0x00,0x01,0x00,0x00,0x00,0x01,0x00,0x00,0x00,0x00,
	0x00,0x00,0x00,0x00,0x00,0x00,0x00,0x00,0x00,0x00,0x00,0x00,0x00,0x00,0x00,0x00,
	0x00,0x00,0x00,0x00,0x00,0x00,0x00,0x00,0x00,0x00,0x00,0x00,0x00,0x00,0x00,0x00,
	0x00,0x00,0x00,0x00,0x00,0x00,0x00,0x00,0x00,0x00,0x00,0x00,0x00,0x00,0x00,0x00,
	0x00,0x00,0x00,0x00,0x00,0x00,0x00,0x00,0x00,0x00,0x00,0x00,0x00,0x00,0x00,0x00,
	0x00,0x00,0x00,0x00,0x00,0x00,0x00,0x00,0x00,0x00,0x00,0x00,0x00,0x00,0x00,0x00,
	0x00,0x00,0x00,0x00,0x00,0x00,0x00,0x00,0x00,0x00,0x00,0x00,0x00,0x00,0x00,0x00,
	0x00,0x00,0x00,0x00,0x00,0x00,0x00,0x00,0x00,0x00,0x00,0x00,0x00,0x00,0x00,0x00,
	0x00,0x00,0x00,0x01,0x00,0x00,0x00,0x03,0x00,0x00,0x00,0x06,0x00,0x00,0x00,0x0f,
	0x10,0x49,0x6b,0x26,0x10,0x96,0xe4,0x6b,0x10,0x9a,0xf3,0x80,0x0e,0x95,0xf2,0x80,
	0x0e,0x95,0xf2,0x80,0x0d,0x98,0xf2,0x80,0x0e,0x97,0xe6,0x72,0x08,0x55,0x89,0x42,
	0x00,0x00,0x00,0x20,0x00,0x00,0x00,0x15,0x00,0x00,0x00,0x0b,0x00,0x00,0x00,0x05,
	0x00,0x00,0x00,0x01,0x00,0x00,0x00,0x01,0x00,0x00,0x00,0x00,0x00,0x00,0x00,0x00,
	0x00,0x00,0x00,0x00,0x00,0x00,0x00,0x00,0x00,0x00,0x00,0x00,0x00,0x00,0x00,0x00,
	0x00,0x00,0x00,0x00,0x00,0x00,0x00,0x00,0x00,0x00,0x00,0x00,0x00,0x00,0x00,0x00,
	0x00,0x00,0x00,0x00,0x00,0x00,0x00,0x00,0x00,0x00,0x00,0x00,0x00,0x00,0x00,0x00,
	0x00,0x00,0x00,0x00,0x00,0x00,0x00,0x00,0x00,0x00,0x00,0x00,0x00,0x00,0x00,0x00,
	0x00,0x00,0x00,0x00,0x00,0x00,0x00,0x00,0x00,0x00,0x00,0x00,0x00,0x00,0x00,0x00,
	0x00,0x00,0x00,0x00,0x00,0x00,0x00,0x00,0x00,0x00,0x00,0x00,0x00,0x00,0x00,0x00,
	0x00,0x00,0x00,0x00,0x00,0x00,0x00,0x00,0x00,0x00,0x00,0x00,0x00,0x00,0x00,0x00,
	0x00,0x00,0x00,0x00,0x00,0x00,0x00,0x01,0x00,0x00,0x00,0x03,0x00,0x00,0x00,0x06,
	0x00,0x00,0x00,0x0f,0x0c,0x41,0x61,0x24,0x0b,0x8b,0xd3,0x5c,0x0b,0x9c,0xf0,0x7b,
	0x0b,0x9c,0xf0,0x7b,0x0d,0x8f,0xda,0x67,0x06,0x51,0x7c,0x3b,0x00,0x00,0x00,0x20,
	0x00,0x00,0x00,0x15,0x00,0x00,0x00,0x0b,0x00,0x00,0x00,0x05,0x00,0x00,0x00,0x01,
	0x00,0x00,0x00,0x01,0x00,0x00,0x00,0x00,0x00,0x00,0x00,0x00,0x00,0x00,0x00,0x00,
	0x00,0x00,0x00,0x00,0x00,0x00,0x00,0x00,0x00,0x00,0x00,0x00,0x00,0x00,0x00,0x00,
	0x00,0x00,0x00,0x00,0x00,0x00,0x00,0x00,0x00,0x00,0x00,0x00,0x00,0x00,0x00,0x00,
	0x00,0x00,0x00,0x00,0x00,0x00,0x00,0x00,0x00,0x00,0x00,0x00,0x00,0x00,0x00,0x00,
	0x00,0x00,0x00,0x00,0x00,0x00,0x00,0x00,0x00,0x00,0x00,0x00,0x00,0x00,0x00,0x00,
	0x00,0x00,0x00,0x00,0x00,0x00,0x00,0x00,0x00,0x00,0x00,0x00,0x00,0x00,0x00,0x00,
	0x00,0x00,0x00,0x00,0x00,0x00,0x00,0x00,0x00,0x00,0x00,0x00,0x00,0x00,0x00,0x00,
	0x00,0x00,0x00,0x00,0x00,0x00,0x00,0x00,0x00,0x00,0x00,0x00,0x00,0x00,0x00,0x00,
	0x00,0x00,0x00,0x00,0x00,0x00,0x00,0x00,0x00,0x00,0x00,0x01,0x00,0x00,0x00,0x03,
	0x00,0x00,0x00,0x06,0x00,0x00,0x00,0x0e,0x00,0x00,0x00,0x17,0x00,0x00,0x00,0x1d,
	0x00,0x00,0x00,0x20,0x00,0x00,0x00,0x20,0x00,0x00,0x00,0x1d,0x00,0x00,0x00,0x14,
	0x00,0x00,0x00,0x0b,0x00,0x00,0x00,0x05,0x00,0x00,0x00,0x01,0x00,0x00,0x00,0x01,
	0x00,0x00,0x00,0x00,0x00,0x00,0x00,0x00,0x00,0x00,0x00,0x00,0x00,0x00,0x00,0x00,
	0x00,0x00,0x00,0x00,0x00,0x00,0x00,0x00,0x00,0x00,0x00,0x00,0x00,0x00,0x00,0x00,
	0x00,0x00,0x00,0x00,0x00,0x00,0x00,0x00,0x00,0x00,0x00,0x00,0x00,0x00,0x00,0x00,
	0x00,0x00,0x00,0x00,0x00,0x00,0x00,0x00,0x00,0x00,0x00,0x00,0x00,0x00,0x00,0x00,
	0x00,0x00,0x00,0x00,0x00,0x00,0x00,0x00,0x00,0x00,0x00,0x00,0x00,0x00,0x00,0x00,
	0x00,0x00,0x00,0x00,0x00,0x00,0x00,0x00,0x00,0x00,0x00,0x00,0x00,0x00,0x00,0x00,
	0x00,0x00,0x00,0x00,0x00,0x00,0x00,0x00,0x00,0x00,0x00,0x00,0x00,0x00,0x00,0x00,
	0x00,0x00,0x00,0x00,0x00,0x00,0x00,0x00,0x00,0x00,0x00,0x00,0x00,0x00,0x00,0x00,
	0x00,0x00,0x00,0x00,0x00,0x00,0x00,0x00,0x00,0x00,0x00,0x00,0x00,0x00,0x00,0x01,
	0x00,0x00,0x00,0x03,0x00,0x00,0x00,0x06,0x00,0x00,0x00,0x0c,0x00,0x00,0x00,0x11,
	0x00,0x00,0x00,0x14,0x00,0x00,0x00,0x12,0x00,0x00,0x00,0x0e,0x00,0x00,0x00,0x09,
	0x00,0x00,0x00,0x04,0x00,0x00,0x00,0x01,0x00,0x00,0x00,0x01,0x00,0x00,0x00,0x00,
	0x00,0x00,0x00,0x00,0x00,0x00,0x00,0x00,0x00,0x00,0x00,0x00,0x00,0x00,0x00,0x00,
	0x00,0x00,0x00,0x00,0x00,0x00,0x00,0x00,0x00,0x00,0x00,0x00,0x00,0x00,0x00,0x00,
	0x00,0x00,0x00,0x00,0x00,0x00,0x00,0x00,0x00,0x00,0x00,0x00,0x00,0x00,0x00,0x00,
	0x00,0x00,0x00,0x00,0x00,0x00,0x00,0x00,0x00,0x00,0x00,0x00,0x00,0x00,0x00,0x00,
	0x00,0x00,0x00,0x00,0x00,0x00,0x00,0x00,0x00,0x00,0x00,0x00,0x00,0x00,0x00,0x00,
	0x00,0x00,0x00,0x00,0x00,0x00,0x00,0x00,0x00,0x00,0x00,0x00,0x00,0x00,0x00,0x00,
	0x00,0x00,0x00,0x00,0x00,0x00,0x00,0x00,0x00,0x00,0x00,0x00,0x00,0x00,0x00,0x00,
	0x00,0x00,0x00,0x00,0x00,0x00,0x00,0x00,0x00,0x00,0x00,0x00,0x00,0x00,0x00,0x00,
	0x00,0x00,0x00,0x00,0x00,0x00,0x00,0x00,0x00,0x00,0x00,0x00,0x00,0x00,0x00,0x00,
	0x00,0x00,0x00,0x01,0x00,0x00,0x00,0x01,0x00,0x00,0x00,0x04,0x00,0x00,0x00,0x06,
	0x00,0x00,0x00,0x07,0x00,0x00,0x00,0x06,0x00,0x00,0x00,0x05,0x00,0x00,0x00,0x03,
	0x00,0x00,0x00,0x01,0x00,0x00,0x00,0x01,0x00,0x00,0x00,0x00,0x00,0x00,0x00,0x00,
	0x00,0x00,0x00,0x00,0x00,0x00,0x00,0x00,0x00,0x00,0x00,0x00,0x00,0x00,0x00,0x00,
	0x00,0x00,0x00,0x00,0x00,0x00,0x00,0x00,0x00,0x00,0x00,0x00,0x00,0x00,0x00,0x00,
	0x00,0x00,0x00,0x00,0x00,0x00,0x00,0x00,0x00,0x00,0x00,0x00,0x00,0x00,0x00,0x00,
	0x00,0x00,0x00,0x00,0x00,0x00,0x00,0x00,0x00,0x00,0x00,0x00,0x00,0x00,0x00,0x00,
	0x00,0x00,0x00,0x00,0x00,0x00,0x00,0x00,0x00,0x00,0x00,0x00,0x00,0x00,0x00,0x00,
	0x00,0x00,0x00,0x00,0x00,0x00,0x00,0x00,0x00,0x00,0x00,0x00,0x00,0x00,0x00,0x00,
	0x00,0x00,0x00,0x00,0x00,0x00,0x00,0x00,0x00,0x00,0x00,0x00,0x00,0x00,0x00,0x00,
	0x00,0x00,0x00,0x00,0x00,0x00,0x00,0x00,0x00,0x00,0x00,0x00,0x00,0x00,0x00,0x00,
	0x00,0x00,0x00,0x00,0x00,0x00,0x00,0x00,0x00,0x00,0x00,0x00,0x00,0x00,0x00,0x00,
	0x00,0x00,0x00,0x00,0x00,0x00,0x00,0x01,0x00,0x00,0x00,0x01,0x00,0x00,0x00,0x01,
	0x00,0x00,0x00,0x01,0x00,0x00,0x00,0x01,0x00,0x00,0x00,0x01,0x00,0x00,0x00,0x01,
	0x00,0x00,0x00,0x01,0x00,0x00,0x00,0x00,0x00,0x00,0x00,0x00,0x00,0x00,0x00,0x00,
	0x00,0x00,0x00,0x00,0x00,0x00,0x00,0x00,0x00,0x00,0x00,0x00,0x00,0x00,0x00,0x00,
	0x00,0x00,0x00,0x00,0x00,0x00,0x00,0x00,0x00,0x00,0x00,0x00,0x00,0x00,0x00,0x00,
	0x00,0x00,0x00,0x00,0x00,0x00,0x00,0x00,0x00,0x00,0x00,0x00,0x00,0x00,0x00,0x00,
	0x00,0x00,0x00,0x00,0x00,0x00,0x00,0x00,0x00,0x00,0x00,0x00,0x00,0x00,0x00,0x00,
	0x00,0x00,0x00,0x00,0x00,0x00,0x00,0x00,0x00,0x00,0x00,0x00,0x00,0x00,0x00,0x00,
	0x00,0x00,0x00,0x00,0x00,0x00,0x00,0x00,0x00,0x00,0x00,0x00,0x00,0x00,0x00,0x00,
	0x00,0x00,0x00,0x00,0x00,0x00,0x00,0x00,0x00,0x00,0x00,0x00,0x00,0x00,0x00,0x00,
	0x00,0x00,0x00,0x00,0x00,0x00,0x00,0x00,0x00,0x00,0x00,0x00,0x00,0x00,0x00,0x00,
	0x00,0x00,0x00,0x00,0x00,0x00,0x00,0x00,0x00,0x00,0x00,0x00,0x00,0x00,0x00,0x00,
	0x00,0x00,0x00,0x00,0x00,0x00,0x00,0x00,0x00,0x00,0x00,0x00,0x00,0x00,0x00,0x01,
	0x00,0x00,0x00,0x01,0x00,0x00,0x00,0x01,0x00,0x00,0x00,0x01,0x00,0x00,0x00,0x00,
	0x00,0x00,0x00,0x00,0x00,0x00,0x00,0x00,0x00,0x00,0x00,0x00,0x00,0x00,0x00,0x00,
	0x00,0x00,0x00,0x00,0x00,0x00,0x00,0x00,0x00,0x00,0x00,0x00,0x00,0x00,0x00,0x00,
	0x00,0x00,0x00,0x00,0x00,0x00,0x00,0x00,0x00,0x00,0x00,0x00,0x00,0x00,0x00,0x00,
};
static const unsigned char rgba_s_IconCDROM[ 9216 ] __attribute__(   (  aligned( 16 ), section( ".data" )  )   ) = {
	0x00,0x00,0x00,0x00,0x00,0x00,0x00,0x00,0x00,0x00,0x00,0x00,0x00,0x00,0x00,0x00,
	0x00,0x00,0x00,0x00,0x00,0x00,0x00,0x00,0x00,0x00,0x00,0x00,0x00,0x00,0x00,0x00,
	0x00,0x00,0x00,0x00,0x00,0x00,0x00,0x00,0x00,0x00,0x00,0x00,0x00,0x00,0x00,0x00,
	0x00,0x00,0x00,0x00,0x00,0x00,0x00,0x00,0x00,0x00,0x00,0x00,0x00,0x00,0x00,0x00,
	0x00,0x00,0x00,0x00,0x00,0x00,0x00,0x00,0x00,0x00,0x00,0x00,0x00,0x00,0x00,0x00,
	0x00,0x00,0x00,0x00,0x00,0x00,0x00,0x00,0x00,0x00,0x00,0x00,0x00,0x00,0x00,0x00,
	0x00,0x00,0x00,0x00,0x00,0x00,0x00,0x00,0x00,0x00,0x00,0x00,0x00,0x00,0x00,0x00,
	0x00,0x00,0x00,0x00,0x00,0x00,0x00,0x00,0x00,0x00,0x00,0x00,0x00,0x00,0x00,0x00,
	0x00,0x00,0x00,0x00,0x00,0x00,0x00,0x00,0x00,0x00,0x00,0x00,0x00,0x00,0x00,0x00,
	0x00,0x00,0x00,0x00,0x00,0x00,0x00,0x00,0x00,0x00,0x00,0x00,0x00,0x00,0x00,0x00,
	0x00,0x00,0x00,0x00,0x00,0x00,0x00,0x00,0x00,0x00,0x00,0x00,0x00,0x00,0x00,0x00,
	0x00,0x00,0x00,0x00,0x00,0x00,0x00,0x00,0x00,0x00,0x00,0x00,0x00,0x00,0x00,0x00,
	0x00,0x00,0x00,0x00,0x00,0x00,0x00,0x00,0x00,0x00,0x00,0x00,0x00,0x00,0x00,0x00,
	0x00,0x00,0x00,0x00,0x00,0x00,0x00,0x00,0x00,0x00,0x00,0x00,0x00,0x00,0x00,0x00,
	0x00,0x00,0x00,0x00,0x00,0x00,0x00,0x00,0x00,0x00,0x00,0x00,0x00,0x00,0x00,0x00,
	0x00,0x00,0x00,0x00,0x00,0x00,0x00,0x00,0x00,0x00,0x00,0x00,0x00,0x00,0x00,0x00,
	0x00,0x00,0x00,0x00,0x00,0x00,0x00,0x00,0x00,0x00,0x00,0x00,0x00,0x00,0x00,0x00,
	0x00,0x00,0x00,0x00,0x00,0x00,0x00,0x00,0x00,0x00,0x00,0x00,0x00,0x00,0x00,0x00,
	0x00,0x00,0x00,0x00,0x00,0x00,0x00,0x00,0x00,0x00,0x00,0x00,0x00,0x00,0x00,0x00,
	0x00,0x00,0x00,0x00,0x00,0x00,0x00,0x00,0x00,0x00,0x00,0x00,0x00,0x00,0x00,0x00,
	0x00,0x00,0x00,0x00,0x00,0x00,0x00,0x00,0x00,0x00,0x00,0x00,0x00,0x00,0x00,0x00,
	0x00,0x00,0x00,0x00,0x00,0x00,0x00,0x00,0x00,0x00,0x00,0x00,0x00,0x00,0x00,0x00,
	0x00,0x00,0x00,0x00,0x00,0x00,0x00,0x00,0x00,0x00,0x00,0x00,0x00,0x00,0x00,0x00,
	0x00,0x00,0x00,0x00,0x00,0x00,0x00,0x00,0x00,0x00,0x00,0x00,0x00,0x00,0x00,0x00,
	0x00,0x00,0x00,0x00,0x00,0x00,0x00,0x00,0x00,0x00,0x00,0x00,0x00,0x00,0x00,0x00,
	0x00,0x00,0x00,0x00,0x00,0x00,0x00,0x00,0x00,0x00,0x00,0x00,0x00,0x00,0x00,0x00,
	0x00,0x00,0x00,0x00,0x00,0x00,0x00,0x00,0x00,0x00,0x00,0x00,0x00,0x00,0x00,0x00,
	0x00,0x00,0x00,0x00,0x00,0x00,0x00,0x00,0x00,0x00,0x00,0x00,0x00,0x00,0x00,0x00,
	0x00,0x00,0x00,0x00,0x00,0x00,0x00,0x00,0x00,0x00,0x00,0x00,0x00,0x00,0x00,0x00,
	0x00,0x00,0x00,0x00,0x00,0x00,0x00,0x00,0x00,0x00,0x00,0x00,0x00,0x00,0x00,0x00,
	0x00,0x00,0x00,0x00,0x00,0x00,0x00,0x00,0x00,0x00,0x00,0x00,0x00,0x00,0x00,0x00,
	0x00,0x00,0x00,0x00,0x00,0x00,0x00,0x00,0x00,0x00,0x00,0x00,0x00,0x00,0x00,0x00,
	0x00,0x00,0x00,0x00,0x00,0x00,0x00,0x00,0x00,0x00,0x00,0x00,0x00,0x00,0x00,0x00,
	0x00,0x00,0x00,0x00,0x00,0x00,0x00,0x00,0x00,0x00,0x00,0x00,0x00,0x00,0x00,0x00,
	0x00,0x00,0x00,0x00,0x00,0x00,0x00,0x00,0x00,0x00,0x00,0x00,0x00,0x00,0x00,0x00,
	0x00,0x00,0x00,0x00,0x00,0x00,0x00,0x00,0x00,0x00,0x00,0x00,0x00,0x00,0x00,0x00,
	0x00,0x00,0x00,0x00,0x00,0x00,0x00,0x00,0x00,0x00,0x00,0x00,0x00,0x00,0x00,0x00,
	0x00,0x00,0x00,0x00,0x00,0x00,0x00,0x00,0x00,0x00,0x00,0x00,0x00,0x00,0x00,0x00,
	0x00,0x00,0x00,0x00,0x00,0x00,0x00,0x00,0x00,0x00,0x00,0x00,0x00,0x00,0x00,0x00,
	0x00,0x00,0x00,0x00,0x00,0x00,0x00,0x00,0x00,0x00,0x00,0x00,0x00,0x00,0x00,0x00,
	0x00,0x00,0x00,0x00,0x00,0x00,0x00,0x00,0x00,0x00,0x00,0x01,0x00,0x00,0x00,0x01,
	0x00,0x00,0x00,0x02,0x00,0x00,0x00,0x03,0x00,0x00,0x00,0x03,0x00,0x00,0x00,0x04,
	0x00,0x00,0x00,0x04,0x00,0x00,0x00,0x04,0x00,0x00,0x00,0x04,0x00,0x00,0x00,0x03,
	0x00,0x00,0x00,0x03,0x00,0x00,0x00,0x02,0x00,0x00,0x00,0x01,0x00,0x00,0x00,0x01,
	0x00,0x00,0x00,0x00,0x00,0x00,0x00,0x00,0x00,0x00,0x00,0x00,0x00,0x00,0x00,0x00,
	0x00,0x00,0x00,0x00,0x00,0x00,0x00,0x00,0x00,0x00,0x00,0x00,0x00,0x00,0x00,0x00,
	0x00,0x00,0x00,0x00,0x00,0x00,0x00,0x00,0x00,0x00,0x00,0x00,0x00,0x00,0x00,0x00,
	0x00,0x00,0x00,0x00,0x00,0x00,0x00,0x00,0x00,0x00,0x00,0x00,0x00,0x00,0x00,0x00,
	0x00,0x00,0x00,0x00,0x00,0x00,0x00,0x00,0x00,0x00,0x00,0x00,0x00,0x00,0x00,0x00,
	0x00,0x00,0x00,0x00,0x00,0x00,0x00,0x00,0x00,0x00,0x00,0x00,0x00,0x00,0x00,0x00,
	0x00,0x00,0x00,0x00,0x00,0x00,0x00,0x00,0x00,0x00,0x00,0x00,0x00,0x00,0x00,0x00,
	0x00,0x00,0x00,0x00,0x00,0x00,0x00,0x00,0x00,0x00,0x00,0x00,0x00,0x00,0x00,0x01,
	0x00,0x00,0x00,0x01,0x00,0x00,0x00,0x03,0xb8,0xb7,0xb5,0x1c,0xe6,0xe1,0xe7,0x3f,
	0xec,0xee,0xeb,0x57,0xef,0xef,0xec,0x64,0xf4,0xf4,0xf0,0x72,0xf6,0xf6,0xf3,0x7a,
	0xf6,0xf6,0xf3,0x7a,0xf4,0xf4,0xf0,0x72,0xef,0xef,0xec,0x64,0xec,0xee,0xeb,0x57,
	0xe1,0xe0,0xdd,0x42,0xbc,0xbc,0xb9,0x21,0x00,0x00,0x00,0x07,0x00,0x00,0x00,0x04,
	0x00,0x00,0x00,0x03,0x00,0x00,0x00,0x01,0x00,0x00,0x00,0x01,0x00,0x00,0x00,0x00,
	0x00,0x00,0x00,0x00,0x00,0x00,0x00,0x00,0x00,0x00,0x00,0x00,0x00,0x00,0x00,0x00,
	0x00,0x00,0x00,0x00,0x00,0x00,0x00,0x00,0x00,0x00,0x00,0x00,0x00,0x00,0x00,0x00,
	0x00,0x00,0x00,0x00,0x00,0x00,0x00,0x00,0x00,0x00,0x00,0x00,0x00,0x00,0x00,0x00,
	0x00,0x00,0x00,0x00,0x00,0x00,0x00,0x00,0x00,0x00,0x00,0x00,0x00,0x00,0x00,0x00,
	0x00,0x00,0x00,0x00,0x00,0x00,0x00,0x00,0x00,0x00,0x00,0x00,0x00,0x00,0x00,0x00,
	0x00,0x00,0x00,0x00,0x00,0x00,0x00,0x00,0x00,0x00,0x00,0x00,0x00,0x00,0x00,0x00,
	0x00,0x00,0x00,0x00,0x00,0x00,0x00,0x01,0x00,0x00,0x00,0x01,0xb1,0xb1,0xae,0x0b,
	0xe9,0xea,0xec,0x45,0xf1,0xf0,0xf3,0x6c,0xf8,0xfa,0xf9,0x80,0xf5,0xf2,0xf5,0x80,
	0xf3,0xf2,0xf3,0x80,0xf1,0xf0,0xec,0x80,0xee,0xee,0xea,0x80,0xed,0xed,0xe8,0x80,
	0xee,0xee,0xea,0x80,0xf0,0xf0,0xea,0x80,0xf0,0xf0,0xea,0x80,0xf0,0xf0,0xea,0x80,
	0xf2,0xf2,0xee,0x80,0xf2,0xf2,0xee,0x80,0xeb,0xeb,0xe7,0x6c,0xe3,0xe4,0xda,0x48,
	0xb4,0xb2,0xab,0x18,0x00,0x00,0x00,0x06,0x00,0x00,0x00,0x03,0x00,0x00,0x00,0x01,
	0x00,0x00,0x00,0x01,0x00,0x00,0x00,0x00,0x00,0x00,0x00,0x00,0x00,0x00,0x00,0x00,
	0x00,0x00,0x00,0x00,0x00,0x00,0x00,0x00,0x00,0x00,0x00,0x00,0x00,0x00,0x00,0x00,
	0x00,0x00,0x00,0x00,0x00,0x00,0x00,0x00,0x00,0x00,0x00,0x00,0x00,0x00,0x00,0x00,
	0x00,0x00,0x00,0x00,0x00,0x00,0x00,0x00,0x00,0x00,0x00,0x00,0x00,0x00,0x00,0x00,
	0x00,0x00,0x00,0x00,0x00,0x00,0x00,0x00,0x00,0x00,0x00,0x00,0x00,0x00,0x00,0x00,
	0x00,0x00,0x00,0x00,0x00,0x00,0x00,0x00,0x00,0x00,0x00,0x00,0x00,0x00,0x00,0x00,
	0x00,0x00,0x00,0x01,0x6f,0x6f,0x6e,0x05,0xea,0xef,0xeb,0x47,0xf7,0xf8,0xf8,0x7b,
	0xf8,0xfa,0xf9,0x80,0xf3,0xf5,0xf5,0x80,0xf0,0xee,0xf3,0x80,0xed,0xe9,0xf0,0x80,
	0xed,0xea,0xed,0x80,0xec,0xe9,0xea,0x80,0xec,0xec,0xe7,0x80,0xec,0xec,0xe7,0x80,
	0xee,0xee,0xea,0x80,0xee,0xee,0xea,0x80,0xee,0xee,0xea,0x80,0xec,0xec,0xe7,0x80,
	0xea,0xea,0xe5,0x80,0xea,0xea,0xe5,0x80,0xea,0xea,0xe5,0x80,0xee,0xee,0xea,0x80,
	0xee,0xee,0xea,0x80,0xd8,0xd8,0xd4,0x53,0x7e,0x7e,0x7c,0x15,0x00,0x00,0x00,0x06,
	0x00,0x00,0x00,0x03,0x00,0x00,0x00,0x01,0x00,0x00,0x00,0x00,0x00,0x00,0x00,0x00,
	0x00,0x00,0x00,0x00,0x00,0x00,0x00,0x00,0x00,0x00,0x00,0x00,0x00,0x00,0x00,0x00,
	0x00,0x00,0x00,0x00,0x00,0x00,0x00,0x00,0x00,0x00,0x00,0x00,0x00,0x00,0x00,0x00,
	0x00,0x00,0x00,0x00,0x00,0x00,0x00,0x00,0x00,0x00,0x00,0x00,0x00,0x00,0x00,0x00,
	0x00,0x00,0x00,0x00,0x00,0x00,0x00,0x00,0x00,0x00,0x00,0x00,0x00,0x00,0x00,0x00,
	0x00,0x00,0x00,0x00,0x00,0x00,0x00,0x00,0x00,0x00,0x00,0x01,0x00,0x00,0x00,0x01,
	0xe2,0xe4,0xe3,0x25,0xf6,0xfa,0xf9,0x75,0xf8,0xfa,0xf9,0x80,0xf5,0xf9,0xf7,0x80,
	0xf1,0xf2,0xf4,0x80,0xf1,0xf2,0xf4,0x80,0xf0,0xee,0xf3,0x80,0xed,0xe9,0xf0,0x80,
	0xed,0xea,0xed,0x80,0xeb,0xe9,0xe7,0x80,0xea,0xea,0xe5,0x80,0xec,0xec,0xe7,0x80,
	0xee,0xee,0xea,0x80,0xee,0xee,0xea,0x80,0xee,0xee,0xea,0x80,0xec,0xec,0xe7,0x80,
	0xea,0xea,0xe5,0x80,0xea,0xea,0xe5,0x80,0xea,0xe9,0xe4,0x80,0xe8,0xe8,0xe3,0x80,
	0xe8,0xe8,0xe3,0x80,0xea,0xea,0xe5,0x80,0xea,0xea,0xe6,0x79,0xc2,0xc1,0xbe,0x38,
	0x00,0x00,0x00,0x0a,0x00,0x00,0x00,0x04,0x00,0x00,0x00,0x01,0x00,0x00,0x00,0x01,
	0x00,0x00,0x00,0x00,0x00,0x00,0x00,0x00,0x00,0x00,0x00,0x00,0x00,0x00,0x00,0x00,
	0x00,0x00,0x00,0x00,0x00,0x00,0x00,0x00,0x00,0x00,0x00,0x00,0x00,0x00,0x00,0x00,
	0x00,0x00,0x00,0x00,0x00,0x00,0x00,0x00,0x00,0x00,0x00,0x00,0x00,0x00,0x00,0x00,
	0x00,0x00,0x00,0x00,0x00,0x00,0x00,0x00,0x00,0x00,0x00,0x00,0x00,0x00,0x00,0x00,
	0x00,0x00,0x00,0x00,0x00,0x00,0x00,0x01,0x00,0x00,0x00,0x02,0xea,0xef,0xeb,0x47,
	0xf8,0xfa,0xf9,0x80,0xf5,0xf9,0xf7,0x80,0xf1,0xf7,0xf6,0x80,0xf1,0xf6,0xf6,0x80,
	0xf0,0xf3,0xf5,0x80,0xf1,0xf2,0xf4,0x80,0xf0,0xee,0xf3,0x80,0xed,0xe9,0xf0,0x80,
	0xed,0xe9,0xf0,0x80,0xec,0xe9,0xea,0x80,0xea,0xea,0xe5,0x80,0xea,0xea,0xe5,0x80,
	0xee,0xee,0xea,0x80,0xee,0xee,0xea,0x80,0xec,0xec,0xe7,0x80,0xec,0xec,0xe7,0x80,
	0xea,0xea,0xe5,0x80,0xea,0xea,0xe5,0x80,0xea,0xe9,0xe4,0x80,0xe7,0xe7,0xe2,0x80,
	0xe7,0xe7,0xe2,0x80,0xe6,0xe6,0xe1,0x80,0xe8,0xe8,0xe3,0x80,0xea,0xea,0xe5,0x80,
	0xd8,0xd8,0xd4,0x53,0x00,0x00,0x00,0x0b,0x00,0x00,0x00,0x05,0x00,0x00,0x00,0x02,
	0x00,0x00,0x00,0x01,0x00,0x00,0x00,0x00,0x00,0x00,0x00,0x00,0x00,0x00,0x00,0x00,
	0x00,0x00,0x00,0x00,0x00,0x00,0x00,0x00,0x00,0x00,0x00,0x00,0x00,0x00,0x00,0x00,
	0x00,0x00,0x00,0x00,0x00,0x00,0x00,0x00,0x00,0x00,0x00,0x00,0x00,0x00,0x00,0x00,
	0x00,0x00,0x00,0x00,0x00,0x00,0x00,0x00,0x00,0x00,0x00,0x00,0x00,0x00,0x00,0x00,
	0x00,0x00,0x00,0x01,0x00,0x00,0x00,0x02,0xec,0xee,0xeb,0x57,0xf8,0xfa,0xf9,0x80,
	0xf5,0xf9,0xf7,0x80,0xef,0xf9,0xf6,0x80,0xef,0xf9,0xf6,0x80,0xf1,0xf7,0xf6,0x80,
	0xf1,0xf6,0xf6,0x80,0xf1,0xf2,0xf4,0x80,0xf1,0xf2,0xf4,0x80,0xf0,0xee,0xf3,0x80,
	0xed,0xea,0xed,0x80,0xec,0xe9,0xea,0x80,0xeb,0xe9,0xe7,0x80,0xea,0xea,0xe5,0x80,
	0xee,0xee,0xea,0x80,0xee,0xee,0xea,0x80,0xec,0xec,0xe7,0x80,0xea,0xea,0xe5,0x80,
	0xea,0xea,0xe5,0x80,0xea,0xe9,0xe4,0x80,0xe8,0xe8,0xe3,0x80,0xe7,0xe7,0xe2,0x80,
	0xe6,0xe6,0xe1,0x80,0xe6,0xe6,0xe1,0x80,0xe6,0xe6,0xe1,0x80,0xe7,0xe7,0xe2,0x80,
	0xea,0xe9,0xe4,0x80,0xd9,0xd9,0xd5,0x64,0x00,0x00,0x00,0x0c,0x00,0x00,0x00,0x06,
	0x00,0x00,0x00,0x02,0x00,0x00,0x00,0x01,0x00,0x00,0x00,0x00,0x00,0x00,0x00,0x00,
	0x00,0x00,0x00,0x00,0x00,0x00,0x00,0x00,0x00,0x00,0x00,0x00,0x00,0x00,0x00,0x00,
	0x00,0x00,0x00,0x00,0x00,0x00,0x00,0x00,0x00,0x00,0x00,0x00,0x00,0x00,0x00,0x00,
	0x00,0x00,0x00,0x00,0x00,0x00,0x00,0x00,0x00,0x00,0x00,0x00,0x00,0x00,0x00,0x01,
	0x00,0x00,0x00,0x02,0xec,0xee,0xeb,0x57,0xf6,0xf9,0xf3,0x80,0xee,0xf8,0xf4,0x80,
	0xee,0xf8,0xf4,0x80,0xef,0xf9,0xf6,0x80,0xef,0xf9,0xf6,0x80,0xef,0xf9,0xf6,0x80,
	0xf1,0xf6,0xf6,0x80,0xf0,0xf3,0xf5,0x80,0xf1,0xf2,0xf4,0x80,0xf0,0xee,0xf3,0x80,
	0xed,0xea,0xed,0x80,0xec,0xe9,0xea,0x80,0xea,0xea,0xe5,0x80,0xea,0xea,0xe5,0x80,
	0xee,0xee,0xea,0x80,0xee,0xee,0xea,0x80,0xec,0xec,0xe7,0x80,0xea,0xea,0xe5,0x80,
	0xea,0xea,0xe5,0x80,0xea,0xe9,0xe4,0x80,0xe7,0xe7,0xe2,0x80,0xe7,0xe7,0xe2,0x80,
	0xe6,0xe6,0xe1,0x80,0xe6,0xe5,0xe1,0x80,0xe6,0xe6,0xe1,0x80,0xe6,0xe6,0xe1,0x80,
	0xe8,0xe8,0xe3,0x80,0xe8,0xe8,0xe3,0x80,0xd9,0xd9,0xd5,0x64,0x00,0x00,0x00,0x0d,
	0x00,0x00,0x00,0x06,0x00,0x00,0x00,0x02,0x00,0x00,0x00,0x01,0x00,0x00,0x00,0x00,
	0x00,0x00,0x00,0x00,0x00,0x00,0x00,0x00,0x00,0x00,0x00,0x00,0x00,0x00,0x00,0x00,
	0x00,0x00,0x00,0x00,0x00,0x00,0x00,0x00,0x00,0x00,0x00,0x00,0x00,0x00,0x00,0x00,
	0x00,0x00,0x00,0x00,0x00,0x00,0x00,0x00,0x00,0x00,0x00,0x00,0x00,0x00,0x00,0x02,
	0xea,0xef,0xeb,0x47,0xf6,0xf9,0xf3,0x80,0xed,0xf6,0xef,0x80,0xec,0xf5,0xed,0x80,
	0xee,0xf7,0xf2,0x80,0xee,0xf8,0xf4,0x80,0xef,0xf9,0xf6,0x80,0xef,0xf9,0xf6,0x80,
	0xf1,0xf7,0xf6,0x80,0xf1,0xf6,0xf6,0x80,0xf1,0xf2,0xf4,0x80,0xf0,0xee,0xf3,0x80,
	0xed,0xe9,0xf0,0x80,0xec,0xe9,0xea,0x80,0xea,0xea,0xe5,0x80,0xea,0xea,0xe5,0x80,
	0xee,0xee,0xea,0x80,0xee,0xee,0xea,0x80,0xec,0xec,0xe7,0x80,0xea,0xea,0xe5,0x80,
	0xea,0xea,0xe5,0x80,0xea,0xe9,0xe4,0x80,0xe7,0xe7,0xe2,0x80,0xe6,0xe6,0xe1,0x80,
	0xe6,0xe6,0xe1,0x80,0xe6,0xe6,0xe1,0x80,0xe6,0xe6,0xe1,0x80,0xe7,0xe7,0xe2,0x80,
	0xe6,0xe6,0xe1,0x80,0xe7,0xe7,0xe2,0x80,0xe8,0xe8,0xe3,0x80,0xce,0xcd,0xc9,0x5c,
	0x00,0x00,0x00,0x0d,0x00,0x00,0x00,0x05,0x00,0x00,0x00,0x01,0x00,0x00,0x00,0x00,
	0x00,0x00,0x00,0x00,0x00,0x00,0x00,0x00,0x00,0x00,0x00,0x00,0x00,0x00,0x00,0x00,
	0x00,0x00,0x00,0x00,0x00,0x00,0x00,0x00,0x00,0x00,0x00,0x00,0x00,0x00,0x00,0x00,
	0x00,0x00,0x00,0x00,0x00,0x00,0x00,0x00,0x00,0x00,0x00,0x01,0xdd,0xe2,0xd7,0x21,
	0xf6,0xf9,0xf3,0x80,0xec,0xf5,0xed,0x80,0xeb,0xf4,0xea,0x80,0xec,0xf5,0xed,0x80,
	0xed,0xf6,0xef,0x80,0xee,0xf8,0xf4,0x80,0xee,0xf8,0xf4,0x80,0xef,0xf9,0xf6,0x80,
	0xf1,0xf7,0xf6,0x80,0xf1,0xf6,0xf6,0x80,0xf1,0xf2,0xf4,0x80,0xf3,0xf2,0xf3,0x80,
	0xee,0xec,0xef,0x80,0xec,0xe9,0xea,0x80,0xea,0xea,0xe5,0x80,0xea,0xea,0xe5,0x80,
	0xee,0xee,0xea,0x80,0xee,0xee,0xea,0x80,0xec,0xec,0xe7,0x80,0xea,0xea,0xe5,0x80,
	0xea,0xe9,0xe4,0x80,0xe8,0xe8,0xe3,0x80,0xe7,0xe7,0xe2,0x80,0xe6,0xe6,0xe1,0x80,
	0xe6,0xe6,0xe1,0x80,0xe6,0xe6,0xe1,0x80,0xe7,0xe7,0xe2,0x80,0xe6,0xe6,0xe1,0x80,
	0xe6,0xe6,0xe1,0x80,0xe6,0xe5,0xe1,0x80,0xe7,0xe6,0xe2,0x80,0xe6,0xe5,0xe1,0x80,
	0xaf,0xae,0xab,0x3d,0x00,0x00,0x00,0x0b,0x00,0x00,0x00,0x04,0x00,0x00,0x00,0x01,
	0x00,0x00,0x00,0x00,0x00,0x00,0x00,0x00,0x00,0x00,0x00,0x00,0x00,0x00,0x00,0x00,
	0x00,0x00,0x00,0x00,0x00,0x00,0x00,0x00,0x00,0x00,0x00,0x00,0x00,0x00,0x00,0x00,
	0x00,0x00,0x00,0x00,0x00,0x00,0x00,0x01,0x00,0x00,0x00,0x03,0xf4,0xf7,0xee,0x79,
	0xf5,0xf7,0xec,0x7f,0xeb,0xf5,0xe5,0x80,0xea,0xf4,0xe6,0x80,0xeb,0xf4,0xea,0x80,
	0xeb,0xf4,0xea,0x80,0xed,0xf6,0xef,0x80,0xee,0xf8,0xf4,0x80,0xef,0xf9,0xf6,0x80,
	0xee,0xf8,0xf4,0x80,0xf0,0xf6,0xf4,0x80,0xf3,0xf5,0xf5,0x80,0xf3,0xf2,0xf3,0x80,
	0xf0,0xee,0xf3,0x80,0xec,0xe9,0xea,0x80,0xea,0xe9,0xe4,0x80,0xea,0xea,0xe5,0x80,
	0xee,0xee,0xea,0x80,0xed,0xed,0xe8,0x80,0xea,0xea,0xe5,0x80,0xea,0xea,0xe5,0x80,
	0xe8,0xe8,0xe3,0x80,0xe7,0xe7,0xe2,0x80,0xe6,0xe6,0xe1,0x80,0xe6,0xe5,0xe1,0x80,
	0xe6,0xe6,0xe1,0x80,0xe7,0xe7,0xe2,0x80,0xe6,0xe6,0xe1,0x80,0xe6,0xe6,0xe1,0x80,
	0xe6,0xe5,0xe1,0x80,0xe6,0xe5,0xe1,0x80,0xe5,0xe4,0xe0,0x80,0xe6,0xe5,0xe1,0x80,
	0xe4,0xe3,0xdf,0x80,0x5a,0x5a,0x58,0x1f,0x00,0x00,0x00,0x0a,0x00,0x00,0x00,0x03,
	0x00,0x00,0x00,0x01,0x00,0x00,0x00,0x00,0x00,0x00,0x00,0x00,0x00,0x00,0x00,0x00,
	0x00,0x00,0x00,0x00,0x00,0x00,0x00,0x00,0x00,0x00,0x00,0x00,0x00,0x00,0x00,0x00,
	0x00,0x00,0x00,0x00,0x00,0x00,0x00,0x01,0xe3,0xe4,0xda,0x48,0xf5,0xf7,0xec,0x7f,
	0xec,0xf5,0xe2,0x80,0xeb,0xf5,0xe1,0x80,0xeb,0xf5,0xe4,0x80,0xea,0xf4,0xe6,0x80,
	0xeb,0xf4,0xea,0x80,0xeb,0xf4,0xea,0x80,0xed,0xf6,0xef,0x80,0xee,0xf8,0xf4,0x80,
	0xef,0xf9,0xf6,0x80,0xf1,0xf7,0xf6,0x80,0xf3,0xf5,0xf5,0x80,0xf3,0xf2,0xf3,0x80,
	0xf3,0xf2,0xf3,0x80,0xec,0xe9,0xea,0x80,0xea,0xea,0xe5,0x80,0xea,0xea,0xe5,0x80,
	0xee,0xee,0xea,0x80,0xed,0xed,0xe8,0x80,0xea,0xea,0xe5,0x80,0xea,0xea,0xe5,0x80,
	0xe8,0xe8,0xe3,0x80,0xe7,0xe7,0xe2,0x80,0xe6,0xe6,0xe1,0x80,0xe6,0xe6,0xe1,0x80,
	0xe6,0xe6,0xe1,0x80,0xe6,0xe6,0xe1,0x80,0xe6,0xe6,0xe1,0x80,0xe6,0xe5,0xe1,0x80,
	0xe6,0xe5,0xe1,0x80,0xe5,0xe4,0xe0,0x80,0xe5,0xe4,0xe0,0x80,0xe4,0xe3,0xdf,0x80,
	0xe4,0xe3,0xdf,0x80,0xce,0xcd,0xc9,0x5c,0x00,0x00,0x00,0x0f,0x00,0x00,0x00,0x07,
	0x00,0x00,0x00,0x01,0x00,0x00,0x00,0x00,0x00,0x00,0x00,0x00,0x00,0x00,0x00,0x00,
	0x00,0x00,0x00,0x00,0x00,0x00,0x00,0x00,0x00,0x00,0x00,0x00,0x00,0x00,0x00,0x00,
	0x00,0x00,0x00,0x01,0xb1,0xb1,0xae,0x0b,0xf5,0xf7,0xec,0x7f,0xf1,0xf5,0xe1,0x80,
	0xec,0xf5,0xe2,0x80,0xeb,0xf5,0xe1,0x80,0xeb,0xf5,0xe1,0x80,0xeb,0xf5,0xe4,0x80,
	0xea,0xf4,0xe6,0x80,0xeb,0xf4,0xea,0x80,0xec,0xf5,0xed,0x80,0xed,0xf6,0xef,0x80,
	0xee,0xf7,0xf2,0x80,0xef,0xf9,0xf6,0x80,0xf0,0xf6,0xf4,0x80,0xf3,0xf5,0xf5,0x80,
	0xf3,0xf2,0xf3,0x80,0xed,0xea,0xed,0x80,0xeb,0xe9,0xe7,0x80,0xea,0xea,0xe5,0x80,
	0xee,0xee,0xea,0x80,0xed,0xed,0xe8,0x80,0xea,0xea,0xe5,0x80,0xe8,0xe8,0xe3,0x80,
	0xe7,0xe7,0xe2,0x80,0xe6,0xe6,0xe1,0x80,0xe6,0xe6,0xe1,0x80,0xe6,0xe6,0xe1,0x80,
	0xe6,0xe6,0xe1,0x80,0xe6,0xe6,0xe1,0x80,0xe6,0xe5,0xe1,0x80,0xe5,0xe4,0xe0,0x80,
	0xe5,0xe4,0xe0,0x80,0xe4,0xe3,0xdf,0x80,0xe4,0xe3,0xdf,0x80,0xe4,0xe3,0xdf,0x80,
	0xe5,0xe4,0xe0,0x80,0xe2,0xe1,0xdd,0x80,0x7b,0x7a,0x78,0x29,0x00,0x00,0x00,0x0b,
	0x00,0x00,0x00,0x03,0x00,0x00,0x00,0x01,0x00,0x00,0x00,0x00,0x00,0x00,0x00,0x00,
	0x00,0x00,0x00,0x00,0x00,0x00,0x00,0x00,0x00,0x00,0x00,0x00,0x00,0x00,0x00,0x00,
	0x00,0x00,0x00,0x01,0xe5,0xe7,0xd0,0x43,0xf1,0xf5,0xe1,0x80,0xee,0xf3,0xd5,0x80,
	0xed,0xf4,0xda,0x80,0xec,0xf5,0xe2,0x80,0xeb,0xf5,0xe1,0x80,0xec,0xf5,0xe2,0x80,
	0xeb,0xf5,0xe4,0x80,0xea,0xf4,0xe6,0x80,0xeb,0xf4,0xea,0x80,0xec,0xf5,0xed,0x80,
	0xee,0xf7,0xf2,0x80,0xee,0xf8,0xf4,0x80,0xf0,0xf6,0xf4,0x80,0xf3,0xf5,0xf5,0x80,
	0xf3,0xf2,0xf3,0x80,0xf3,0xf2,0xf3,0x80,0xf5,0xf4,0xef,0x80,0xf7,0xf6,0xf2,0x80,
	0xfa,0xf9,0xf6,0x80,0xf7,0xf6,0xf2,0x80,0xf0,0xf0,0xea,0x80,0xe8,0xe8,0xe3,0x80,
	0xe7,0xe7,0xe2,0x80,0xe6,0xe6,0xe1,0x80,0xe7,0xe7,0xe2,0x80,0xe7,0xe7,0xe2,0x80,
	0xe6,0xe6,0xe1,0x80,0xe6,0xe5,0xe1,0x80,0xe5,0xe4,0xe0,0x80,0xe5,0xe4,0xe0,0x80,
	0xe4,0xe3,0xdf,0x80,0xe4,0xe3,0xdf,0x80,0xe2,0xe1,0xdd,0x80,0xe2,0xe1,0xdd,0x80,
	0xe2,0xe1,0xdd,0x80,0xe2,0xe1,0xdd,0x80,0xc4,0xc3,0xbf,0x5a,0x00,0x00,0x00,0x11,
	0x00,0x00,0x00,0x07,0x00,0x00,0x00,0x01,0x00,0x00,0x00,0x00,0x00,0x00,0x00,0x00,
	0x00,0x00,0x00,0x00,0x00,0x00,0x00,0x00,0x00,0x00,0x00,0x00,0x00,0x00,0x00,0x00,
	0x00,0x00,0x00,0x03,0xec,0xec,0xd9,0x6e,0xee,0xf3,0xd5,0x80,0xec,0xf1,0xcb,0x80,
	0xec,0xf1,0xcb,0x80,0xee,0xf3,0xd5,0x80,0xed,0xf4,0xda,0x80,0xeb,0xf5,0xe1,0x80,
	0xeb,0xf5,0xe1,0x80,0xeb,0xf5,0xe1,0x80,0xea,0xf4,0xe6,0x80,0xeb,0xf4,0xea,0x80,
	0xec,0xf5,0xed,0x80,0xee,0xf7,0xf2,0x80,0xf0,0xf6,0xf4,0x80,0xf3,0xf5,0xf5,0x80,
	0xfc,0xfc,0xf8,0x80,0xff,0xfe,0xfa,0x80,0xff,0xfe,0xfa,0x80,0xff,0xfe,0xfa,0x80,
	0xff,0xfe,0xfa,0x80,0xff,0xfe,0xfa,0x80,0xfe,0xfd,0xf9,0x80,0xfa,0xf9,0xf6,0x80,
	0xec,0xec,0xe7,0x80,0xe7,0xe7,0xe2,0x80,0xe7,0xe7,0xe2,0x80,0xe6,0xe6,0xe1,0x80,
	0xe6,0xe5,0xe1,0x80,0xe5,0xe4,0xe0,0x80,0xe4,0xe3,0xdf,0x80,0xe4,0xe3,0xdf,0x80,
	0xe2,0xe1,0xdd,0x80,0xe2,0xe1,0xdd,0x80,0xe2,0xe1,0xdd,0x80,0xe2,0xe1,0xdd,0x80,
	0xe2,0xe1,0xdd,0x80,0xe4,0xe3,0xdf,0x80,0xdf,0xdf,0xda,0x7b,0x02,0x02,0x02,0x17,
	0x00,0x00,0x00,0x0a,0x00,0x00,0x00,0x03,0x00,0x00,0x00,0x00,0x00,0x00,0x00,0x00,
	0x00,0x00,0x00,0x00,0x00,0x00,0x00,0x00,0x00,0x00,0x00,0x00,0x00,0x00,0x00,0x01,
	0xb4,0xb2,0xab,0x18,0xf0,0xed,0xdd,0x80,0xee,0xed,0xc7,0x80,0xee,0xed,0xc7,0x80,
	0xee,0xed,0xc7,0x80,0xe9,0xee,0xc5,0x80,0xe8,0xf0,0xca,0x80,0xe7,0xf0,0xd0,0x80,
	0xed,0xf4,0xda,0x80,0xeb,0xf5,0xe1,0x80,0xeb,0xf5,0xe1,0x80,0xea,0xf4,0xe6,0x80,
	0xeb,0xf4,0xea,0x80,0xec,0xf5,0xed,0x80,0xf2,0xf8,0xf5,0x80,0xff,0xfe,0xfa,0x80,
	0xff,0xfe,0xfa,0x80,0xff,0xfe,0xfa,0x80,0xff,0xfe,0xfa,0x80,0xff,0xfe,0xfa,0x80,
	0xff,0xfe,0xfa,0x80,0xfe,0xfd,0xf9,0x80,0xfe,0xfd,0xf9,0x80,0xfe,0xfd,0xf9,0x80,
	0xfe,0xfd,0xf9,0x80,0xf0,0xf0,0xea,0x80,0xe6,0xe6,0xe1,0x80,0xe6,0xe5,0xe1,0x80,
	0xe5,0xe4,0xe0,0x80,0xe4,0xe3,0xdf,0x80,0xe4,0xe3,0xdf,0x80,0xe2,0xe1,0xdd,0x80,
	0xe2,0xe1,0xdd,0x80,0xe2,0xe1,0xdd,0x80,0xe2,0xe1,0xdd,0x80,0xe2,0xe1,0xdd,0x80,
	0xe2,0xe1,0xdd,0x80,0xe2,0xe1,0xdd,0x80,0xe4,0xe3,0xdf,0x80,0x9b,0x9a,0x97,0x3d,
	0x00,0x00,0x00,0x0f,0x00,0x00,0x00,0x05,0x00,0x00,0x00,0x01,0x00,0x00,0x00,0x00,
	0x00,0x00,0x00,0x00,0x00,0x00,0x00,0x00,0x00,0x00,0x00,0x00,0x00,0x00,0x00,0x01,
	0xde,0xd9,0xca,0x41,0xf0,0xed,0xdd,0x80,0xed,0xe8,0xc6,0x80,0xed,0xe8,0xc6,0x80,
	0xee,0xed,0xc7,0x80,0xee,0xed,0xc7,0x80,0xe9,0xee,0xc5,0x80,0xe9,0xee,0xc5,0x80,
	0xe8,0xf0,0xca,0x80,0xe7,0xf0,0xd0,0x80,0xe5,0xf0,0xd9,0x80,0xeb,0xf5,0xe1,0x80,
	0xea,0xf4,0xe6,0x80,0xec,0xf5,0xed,0x80,0xff,0xfe,0xfa,0x80,0xff,0xfe,0xfa,0x80,
	0xff,0xfe,0xfa,0x80,0xff,0xfe,0xfa,0x80,0xff,0xfe,0xfa,0x80,0xfe,0xfd,0xf9,0x80,
	0xfe,0xfd,0xf9,0x80,0xfe,0xfd,0xf9,0x80,0xfe,0xfd,0xf9,0x80,0xfd,0xfc,0xf8,0x80,
	0xfd,0xfc,0xf8,0x80,0xfd,0xfc,0xf8,0x80,0xea,0xea,0xe5,0x80,0xe5,0xe4,0xe0,0x80,
	0xe4,0xe3,0xdf,0x80,0xe2,0xe1,0xdd,0x80,0xe2,0xe1,0xdd,0x80,0xe2,0xe1,0xdd,0x80,
	0xe2,0xe1,0xdd,0x80,0xe2,0xe1,0xdd,0x80,0xe2,0xe1,0xdd,0x80,0xe4,0xe3,0xdf,0x80,
	0xe5,0xe4,0xe0,0x80,0xe2,0xe1,0xdd,0x80,0xe2,0xe1,0xdd,0x80,0xc4,0xc3,0xbf,0x5a,
	0x00,0x00,0x00,0x12,0x00,0x00,0x00,0x07,0x00,0x00,0x00,0x01,0x00,0x00,0x00,0x00,
	0x00,0x00,0x00,0x00,0x00,0x00,0x00,0x00,0x00,0x00,0x00,0x00,0x00,0x00,0x00,0x02,
	0xe2,0xde,0xd3,0x5b,0xe6,0xe6,0xd5,0x80,0xe7,0xe0,0xca,0x80,0xea,0xe4,0xc7,0x80,
	0xea,0xe4,0xc7,0x80,0xed,0xe8,0xc6,0x80,0xed,0xe8,0xc6,0x80,0xe9,0xee,0xc5,0x80,
	0xe9,0xee,0xc5,0x80,0xe3,0xec,0xc5,0x80,0xe3,0xec,0xc5,0x80,0xe0,0xed,0xcd,0x80,
	0xe5,0xf0,0xd9,0x80,0xfb,0xfb,0xf6,0x80,0xff,0xfe,0xfa,0x80,0xff,0xfe,0xfa,0x80,
	0xff,0xfe,0xfa,0x80,0xff,0xfe,0xfa,0x80,0xf9,0xf8,0xf4,0x80,0xf7,0xf6,0xf2,0x80,
	0xf7,0xf6,0xf2,0x80,0xf7,0xf6,0xf2,0x80,0xfd,0xfc,0xf8,0x80,0xfd,0xfc,0xf8,0x80,
	0xfd,0xfc,0xf8,0x80,0xfd,0xfc,0xf8,0x80,0xfb,0xfb,0xf6,0x80,0xe2,0xe1,0xdd,0x80,
	0xe2,0xe1,0xdd,0x80,0xe2,0xe1,0xdd,0x80,0xe2,0xe1,0xdd,0x80,0xe2,0xe1,0xdd,0x80,
	0xe5,0xe4,0xe0,0x80,0xe4,0xe3,0xdf,0x80,0xe2,0xe1,0xdd,0x80,0xe2,0xe1,0xdd,0x80,
	0xe2,0xe1,0xdd,0x80,0xe2,0xe1,0xdd,0x80,0xe4,0xe3,0xdf,0x80,0xd2,0xd1,0xcd,0x68,
	0x00,0x00,0x00,0x15,0x00,0x00,0x00,0x0a,0x00,0x00,0x00,0x03,0x00,0x00,0x00,0x00,
	0x00,0x00,0x00,0x00,0x00,0x00,0x00,0x00,0x00,0x00,0x00,0x00,0x00,0x00,0x00,0x03,
	0xe2,0xde,0xd7,0x66,0xe1,0xdd,0xd5,0x80,0xe1,0xdb,0xcb,0x80,0xe1,0xdb,0xcb,0x80,
	0xe7,0xe0,0xca,0x80,0xe4,0xe0,0xc8,0x80,0xe6,0xe2,0xc6,0x80,0xea,0xe4,0xc7,0x80,
	0xe8,0xe9,0xc6,0x80,0xe8,0xe9,0xc6,0x80,0xe8,0xe9,0xc6,0x80,0xe3,0xec,0xc5,0x80,
	0xe7,0xf0,0xd0,0x80,0xff,0xfe,0xfa,0x80,0xff,0xfe,0xfa,0x80,0xff,0xfe,0xfa,0x80,
	0xff,0xfe,0xfa,0x80,0xed,0xec,0xe8,0x77,0xb0,0xb1,0xb0,0x4f,0x31,0x33,0x31,0x26,
	0x31,0x33,0x31,0x26,0xaf,0xb1,0xac,0x47,0xed,0xec,0xe8,0x77,0xfd,0xfc,0xf8,0x80,
	0xfb,0xfb,0xf6,0x80,0xfb,0xfb,0xf6,0x80,0xfb,0xfb,0xf6,0x80,0xec,0xec,0xe7,0x80,
	0xe2,0xe1,0xdd,0x80,0xe4,0xe3,0xdf,0x80,0xe4,0xe3,0xdf,0x80,0xe2,0xe1,0xdd,0x80,
	0xe2,0xe1,0xdd,0x80,0xe2,0xe1,0xdd,0x80,0xe2,0xe1,0xdd,0x80,0xe2,0xe1,0xdd,0x80,
	0xe2,0xe1,0xdd,0x80,0xe2,0xe1,0xdd,0x80,0xe2,0xe1,0xdd,0x80,0xd6,0xd5,0xd2,0x74,
	0x00,0x00,0x00,0x18,0x00,0x00,0x00,0x0b,0x00,0x00,0x00,0x03,0x00,0x00,0x00,0x00,
	0x00,0x00,0x00,0x00,0x00,0x00,0x00,0x00,0x00,0x00,0x00,0x00,0x00,0x00,0x00,0x03,
	0xe2,0xe1,0xdd,0x72,0xde,0xdc,0xd7,0x80,0xda,0xd7,0xd0,0x80,0xda,0xd7,0xd0,0x80,
	0xde,0xd9,0xcf,0x80,0xe1,0xdb,0xcb,0x80,0xe1,0xdb,0xcb,0x80,0xe2,0xde,0xca,0x80,
	0xe4,0xe0,0xc8,0x80,0xe6,0xe2,0xc6,0x80,0xe6,0xe2,0xc6,0x80,0xe8,0xe9,0xc6,0x80,
	0xf1,0xf5,0xe1,0x80,0xff,0xfe,0xfa,0x80,0xff,0xfe,0xfa,0x80,0xff,0xfe,0xfa,0x80,
	0xf9,0xf8,0xf4,0x80,0xb0,0xb1,0xb0,0x4f,0x00,0x00,0x00,0x1e,0x00,0x00,0x00,0x18,
	0x00,0x00,0x00,0x12,0x00,0x00,0x00,0x12,0xb9,0xb9,0xb6,0x40,0xf7,0xf6,0xf2,0x80,
	0xfb,0xfb,0xf6,0x80,0xfb,0xfb,0xf6,0x80,0xfb,0xfb,0xf6,0x80,0xf1,0xf0,0xec,0x80,
	0xe2,0xe1,0xdd,0x80,0xe2,0xe1,0xdd,0x80,0xe2,0xe1,0xdd,0x80,0xe2,0xe1,0xdd,0x80,
	0xe2,0xe1,0xdd,0x80,0xe2,0xe1,0xdd,0x80,0xe2,0xe1,0xdd,0x80,0xe1,0xe0,0xdc,0x80,
	0xe1,0xe0,0xdc,0x80,0xe1,0xe0,0xdc,0x80,0xe1,0xe0,0xdc,0x80,0xdc,0xdb,0xd7,0x79,
	0x09,0x09,0x09,0x19,0x00,0x00,0x00,0x0c,0x00,0x00,0x00,0x04,0x00,0x00,0x00,0x00,
	0x00,0x00,0x00,0x00,0x00,0x00,0x00,0x00,0x00,0x00,0x00,0x00,0x00,0x00,0x00,0x04,
	0xdf,0xdf,0xda,0x7b,0xd8,0xd7,0xd3,0x80,0xd8,0xd7,0xd3,0x80,0xd8,0xd7,0xd3,0x80,
	0xd8,0xd7,0xd3,0x80,0xda,0xd7,0xd0,0x80,0xda,0xd7,0xd0,0x80,0xda,0xd7,0xd0,0x80,
	0xde,0xd9,0xcf,0x80,0xe1,0xdb,0xcb,0x80,0xe2,0xde,0xca,0x80,0xe4,0xe0,0xc8,0x80,
	0xf5,0xf7,0xec,0x7f,0xff,0xfe,0xfa,0x80,0xfe,0xfd,0xf9,0x80,0xfe,0xfd,0xf9,0x80,
	0xf5,0xf4,0xef,0x80,0x31,0x33,0x31,0x26,0x00,0x00,0x00,0x18,0x00,0x00,0x00,0x0d,
	0x00,0x00,0x00,0x07,0x00,0x00,0x00,0x07,0x42,0x41,0x41,0x11,0xf5,0xf4,0xef,0x80,
	0xfb,0xfb,0xf6,0x80,0xfb,0xfb,0xf6,0x80,0xfb,0xfb,0xf6,0x80,0xf5,0xf4,0xef,0x80,
	0xe2,0xe1,0xdd,0x80,0xe2,0xe1,0xdd,0x80,0xe2,0xe1,0xdd,0x80,0xe2,0xe1,0xdd,0x80,
	0xe2,0xe1,0xdd,0x80,0xe2,0xe1,0xdd,0x80,0xe2,0xe1,0xdd,0x80,0xe2,0xe1,0xdd,0x80,
	0xe2,0xe1,0xdd,0x80,0xe2,0xe1,0xdd,0x80,0xe2,0xe1,0xdd,0x80,0xdf,0xdf,0xda,0x7b,
	0x00,0x00,0x00,0x1b,0x00,0x00,0x00,0x0c,0x00,0x00,0x00,0x04,0x00,0x00,0x00,0x00,
	0x00,0x00,0x00,0x00,0x00,0x00,0x00,0x00,0x00,0x00,0x00,0x00,0x00,0x00,0x00,0x04,
	0xdf,0xdf,0xda,0x7b,0xd6,0xd5,0xd0,0x80,0xd6,0xd5,0xd0,0x80,0xd6,0xd5,0xd0,0x80,
	0xd6,0xd5,0xd0,0x80,0xd6,0xd5,0xd0,0x80,0xd6,0xd5,0xd0,0x80,0xd6,0xd5,0xd0,0x80,
	0xd4,0xd3,0xcf,0x80,0xd6,0xd5,0xd0,0x80,0xd9,0xd6,0xcb,0x80,0xd9,0xd6,0xcb,0x80,
	0xf5,0xf4,0xef,0x80,0xfe,0xfd,0xf9,0x80,0xfe,0xfd,0xf9,0x80,0xfe,0xfd,0xf9,0x80,
	0xf5,0xf4,0xef,0x80,0x31,0x33,0x31,0x26,0x00,0x00,0x00,0x12,0x00,0x00,0x00,0x07,
	0x00,0x00,0x00,0x02,0x00,0x00,0x00,0x02,0x58,0x56,0x56,0x0c,0xf7,0xf6,0xf2,0x80,
	0xfb,0xfb,0xf6,0x80,0xfb,0xfb,0xf6,0x80,0xfb,0xfb,0xf6,0x80,0xf5,0xf4,0xef,0x80,
	0xe1,0xe0,0xdc,0x80,0xe1,0xe0,0xdc,0x80,0xe1,0xe0,0xdc,0x80,0xe1,0xe0,0xdc,0x80,
	0xe1,0xe0,0xdc,0x80,0xe1,0xe0,0xdc,0x80,0xe1,0xe0,0xdc,0x80,0xe1,0xe0,0xdc,0x80,
	0xe1,0xe0,0xdc,0x80,0xe1,0xe0,0xdc,0x80,0xe1,0xe0,0xdc,0x80,0xdf,0xdf,0xda,0x7b,
	0x00,0x00,0x00,0x1b,0x00,0x00,0x00,0x0d,0x00,0x00,0x00,0x04,0x00,0x00,0x00,0x00,
	0x00,0x00,0x00,0x00,0x00,0x00,0x00,0x00,0x00,0x00,0x00,0x00,0x00,0x00,0x00,0x04,
	0xdb,0xda,0xd5,0x74,0xd4,0xd3,0xcf,0x80,0xd4,0xd3,0xcf,0x80,0xd4,0xd3,0xcf,0x80,
	0xd1,0xd0,0xcc,0x80,0xd1,0xd0,0xcc,0x80,0xd1,0xd0,0xcc,0x80,0xd1,0xd0,0xcc,0x80,
	0xd1,0xd0,0xcc,0x80,0xcf,0xce,0xc9,0x80,0xcf,0xce,0xc9,0x80,0xcf,0xce,0xc9,0x80,
	0xe7,0xe7,0xe2,0x80,0xfe,0xfd,0xf9,0x80,0xfe,0xfd,0xf9,0x80,0xfe,0xfd,0xf9,0x80,
	0xf7,0xf6,0xf2,0x80,0xaf,0xb1,0xac,0x47,0x00,0x00,0x00,0x12,0x00,0x00,0x00,0x07,
	0x00,0x00,0x00,0x02,0x00,0x00,0x00,0x02,0xda,0xd9,0xd9,0x31,0xf9,0xf8,0xf4,0x80,
	0xfb,0xfb,0xf6,0x80,0xfb,0xfb,0xf6,0x80,0xfb,0xfb,0xf6,0x80,0xf0,0xf0,0xea,0x80,
	0xe0,0xde,0xda,0x80,0xe0,0xdf,0xdb,0x80,0xe0,0xdf,0xdb,0x80,0xe0,0xdf,0xdb,0x80,
	0xe0,0xdf,0xdb,0x80,0xe0,0xdf,0xdb,0x80,0xe0,0xdf,0xdb,0x80,0xe0,0xdf,0xdb,0x80,
	0xe0,0xdf,0xdb,0x80,0xe0,0xdf,0xdb,0x80,0xe0,0xdf,0xdb,0x80,0xdc,0xdb,0xd7,0x79,
	0x00,0x00,0x00,0x1b,0x00,0x00,0x00,0x0d,0x00,0x00,0x00,0x04,0x00,0x00,0x00,0x00,
	0x00,0x00,0x00,0x00,0x00,0x00,0x00,0x00,0x00,0x00,0x00,0x00,0x00,0x00,0x00,0x04,
	0xd2,0xd1,0xcd,0x68,0xd1,0xd0,0xcc,0x80,0xcf,0xce,0xc9,0x80,0xcd,0xcc,0xc8,0x80,
	0xcd,0xcc,0xc8,0x80,0xcd,0xcc,0xc8,0x80,0xcd,0xcc,0xc8,0x80,0xcc,0xcb,0xc7,0x80,
	0xcc,0xcb,0xc7,0x80,0xcd,0xcc,0xc8,0x80,0xcc,0xcb,0xc7,0x80,0xcd,0xcc,0xc8,0x80,
	0xde,0xdc,0xd7,0x80,0xfe,0xfd,0xf9,0x80,0xfe,0xfd,0xf9,0x80,0xfd,0xfc,0xf8,0x80,
	0xfd,0xfc,0xf8,0x80,0xed,0xec,0xe8,0x77,0xb9,0xb9,0xb6,0x40,0x42,0x41,0x41,0x11,
	0x58,0x56,0x56,0x0c,0xda,0xd9,0xd9,0x31,0xf6,0xf6,0xf3,0x74,0xfc,0xfc,0xf8,0x80,
	0xfb,0xfb,0xf6,0x80,0xfa,0xf9,0xf6,0x80,0xfa,0xf9,0xf6,0x80,0xea,0xe9,0xe4,0x80,
	0xe1,0xdd,0xd5,0x80,0xe1,0xdd,0xd5,0x80,0xdf,0xdd,0xd8,0x80,0xdf,0xdd,0xd8,0x80,
	0xdf,0xdd,0xd8,0x80,0xdf,0xdd,0xd8,0x80,0xe0,0xde,0xda,0x80,0xe0,0xde,0xda,0x80,
	0xe0,0xde,0xda,0x80,0xe0,0xdf,0xdb,0x80,0xe0,0xdf,0xdb,0x80,0xd6,0xd5,0xd2,0x74,
	0x00,0x00,0x00,0x1b,0x00,0x00,0x00,0x0d,0x00,0x00,0x00,0x04,0x00,0x00,0x00,0x00,
	0x00,0x00,0x00,0x00,0x00,0x00,0x00,0x00,0x00,0x00,0x00,0x00,0x00,0x00,0x00,0x03,
	0xce,0xcd,0xc9,0x5c,0xd1,0xd0,0xcc,0x80,0xcd,0xcc,0xc8,0x80,0xcd,0xcc,0xc8,0x80,
	0xcc,0xcb,0xc7,0x80,0xcd,0xcc,0xc8,0x80,0xcd,0xcc,0xc8,0x80,0xcc,0xcb,0xc7,0x80,
	0xcd,0xcc,0xc8,0x80,0xcd,0xcc,0xc8,0x80,0xcd,0xcc,0xc8,0x80,0xcd,0xcc,0xc8,0x80,
	0xcc,0xcb,0xc7,0x80,0xf7,0xf6,0xf2,0x80,0xfd,0xfc,0xf8,0x80,0xfd,0xfc,0xf8,0x80,
	0xfd,0xfc,0xf8,0x80,0xfc,0xfc,0xf8,0x80,0xf9,0xf8,0xf4,0x80,0xf9,0xf8,0xf4,0x80,
	0xfa,0xf9,0xf6,0x80,0xfa,0xf9,0xf6,0x80,0xfc,0xfc,0xf8,0x80,0xfb,0xfb,0xf6,0x80,
	0xfa,0xf9,0xf6,0x80,0xfa,0xf9,0xf6,0x80,0xfa,0xf9,0xf6,0x80,0xe4,0xe0,0xcf,0x80,
	0xe4,0xe0,0xcf,0x80,0xe3,0xde,0xd2,0x80,0xe3,0xde,0xd2,0x80,0xe3,0xde,0xd2,0x80,
	0xe1,0xdd,0xd5,0x80,0xe1,0xdd,0xd5,0x80,0xde,0xdc,0xd7,0x80,0xdf,0xdd,0xd8,0x80,
	0xdf,0xdd,0xd8,0x80,0xdf,0xdd,0xd8,0x80,0xdf,0xdd,0xd8,0x80,0xcc,0xcc,0xc8,0x6c,
	0x09,0x09,0x09,0x19,0x00,0x00,0x00,0x0c,0x00,0x00,0x00,0x04,0x00,0x00,0x00,0x00,
	0x00,0x00,0x00,0x00,0x00,0x00,0x00,0x00,0x00,0x00,0x00,0x00,0x00,0x00,0x00,0x03,
	0xc1,0xc0,0xbc,0x47,0xd1,0xd0,0xcc,0x80,0xcd,0xcc,0xc8,0x80,0xcc,0xcb,0xc7,0x80,
	0xcd,0xcc,0xc8,0x80,0xcd,0xcc,0xc8,0x80,0xcd,0xcc,0xc8,0x80,0xcd,0xcc,0xc8,0x80,
	0xcd,0xcc,0xc8,0x80,0xcc,0xcb,0xc7,0x80,0xcc,0xcb,0xc7,0x80,0xcb,0xca,0xc6,0x80,
	0xca,0xc9,0xc5,0x80,0xd4,0xd3,0xcf,0x80,0xfd,0xfc,0xf8,0x80,0xfd,0xfc,0xf8,0x80,
	0xfb,0xfb,0xf6,0x80,0xfb,0xfb,0xf6,0x80,0xfb,0xfb,0xf6,0x80,0xfb,0xfb,0xf6,0x80,
	0xfb,0xfb,0xf6,0x80,0xfb,0xfb,0xf6,0x80,0xfb,0xfb,0xf6,0x80,0xfa,0xf9,0xf6,0x80,
	0xfa,0xf9,0xf6,0x80,0xfa,0xf9,0xf6,0x80,0xe6,0xe6,0xd5,0x80,0xdd,0xe1,0xc2,0x80,
	0xe0,0xe2,0xc4,0x80,0xe4,0xe0,0xc8,0x80,0xe6,0xe0,0xcd,0x80,0xe6,0xe0,0xcd,0x80,
	0xe6,0xdf,0xce,0x80,0xe3,0xde,0xd2,0x80,0xe3,0xde,0xd2,0x80,0xe3,0xde,0xd2,0x80,
	0xe1,0xdd,0xd5,0x80,0xe1,0xdd,0xd5,0x80,0xde,0xdc,0xd7,0x80,0xc0,0xbf,0xba,0x60,
	0x00,0x00,0x00,0x18,0x00,0x00,0x00,0x0b,0x00,0x00,0x00,0x03,0x00,0x00,0x00,0x00,
	0x00,0x00,0x00,0x00,0x00,0x00,0x00,0x00,0x00,0x00,0x00,0x00,0x00,0x00,0x00,0x03,
	0xb8,0xb7,0xb5,0x1c,0xd1,0xd0,0xcc,0x80,0xcd,0xcc,0xc8,0x80,0xcd,0xcc,0xc8,0x80,
	0xcf,0xce,0xc9,0x80,0xcd,0xcc,0xc8,0x80,0xcd,0xcc,0xc8,0x80,0xcc,0xcb,0xc7,0x80,
	0xcb,0xca,0xc6,0x80,0xcb,0xca,0xc6,0x80,0xca,0xc9,0xc5,0x80,0xc9,0xc8,0xc4,0x80,
	0xc8,0xc7,0xc3,0x80,0xc6,0xc5,0xc1,0x80,0xd8,0xd7,0xd3,0x80,0xfb,0xfb,0xf6,0x80,
	0xfb,0xfb,0xf6,0x80,0xfb,0xfb,0xf6,0x80,0xfb,0xfb,0xf6,0x80,0xfb,0xfb,0xf6,0x80,
	0xfb,0xfb,0xf6,0x80,0xfb,0xfb,0xf6,0x80,0xfa,0xf9,0xf6,0x80,0xfa,0xf9,0xf6,0x80,
	0xfa,0xf9,0xf6,0x80,0xe1,0xea,0xe1,0x80,0xc8,0xda,0xc0,0x80,0xd3,0xdf,0xbf,0x80,
	0xd6,0xe1,0xbf,0x80,0xdd,0xe1,0xc2,0x80,0xe2,0xe3,0xc4,0x80,0xe4,0xe0,0xc8,0x80,
	0xe7,0xe0,0xca,0x80,0xe6,0xe0,0xcd,0x80,0xe6,0xe0,0xcd,0x80,0xe6,0xdf,0xce,0x80,
	0xe6,0xdf,0xce,0x80,0xe3,0xde,0xd2,0x80,0xe1,0xdd,0xd5,0x80,0x9a,0x96,0x8f,0x45,
	0x00,0x00,0x00,0x15,0x00,0x00,0x00,0x0a,0x00,0x00,0x00,0x03,0x00,0x00,0x00,0x00,
	0x00,0x00,0x00,0x00,0x00,0x00,0x00,0x00,0x00,0x00,0x00,0x00,0x00,0x00,0x00,0x01,
	0x00,0x00,0x00,0x07,0xcf,0xce,0xca,0x70,0xcd,0xcc,0xc8,0x80,0xcd,0xcc,0xc8,0x80,
	0xcc,0xcb,0xc7,0x80,0xcc,0xcb,0xc7,0x80,0xcb,0xca,0xc6,0x80,0xcb,0xca,0xc6,0x80,
	0xca,0xc9,0xc5,0x80,0xc9,0xc8,0xc4,0x80,0xc8,0xc7,0xc3,0x80,0xc7,0xc6,0xc2,0x80,
	0xc6,0xc5,0xc1,0x80,0xc4,0xc3,0xbf,0x80,0xc2,0xc1,0xbd,0x80,0xd8,0xd7,0xd3,0x80,
	0xf7,0xf6,0xf2,0x80,0xfb,0xfb,0xf6,0x80,0xfb,0xfb,0xf6,0x80,0xfb,0xfb,0xf6,0x80,
	0xfa,0xf9,0xf6,0x80,0xfa,0xf9,0xf6,0x80,0xfa,0xf9,0xf6,0x80,0xf9,0xf8,0xf4,0x80,
	0xd5,0xe0,0xe1,0x80,0xbe,0xd7,0xd0,0x80,0xc1,0xd8,0xc7,0x80,0xc8,0xda,0xc0,0x80,
	0xcf,0xdc,0xbe,0x80,0xd6,0xe1,0xbf,0x80,0xda,0xe2,0xc0,0x80,0xe0,0xe2,0xc4,0x80,
	0xe2,0xe3,0xc4,0x80,0xe6,0xe2,0xc6,0x80,0xe6,0xe2,0xc6,0x80,0xe7,0xe0,0xca,0x80,
	0xe6,0xe0,0xcd,0x80,0xe6,0xdf,0xce,0x80,0xde,0xd9,0xcf,0x80,0x15,0x15,0x14,0x22,
	0x00,0x00,0x00,0x12,0x00,0x00,0x00,0x07,0x00,0x00,0x00,0x02,0x00,0x00,0x00,0x00,
	0x00,0x00,0x00,0x00,0x00,0x00,0x00,0x00,0x00,0x00,0x00,0x00,0x00,0x00,0x00,0x01,
	0x00,0x00,0x00,0x04,0xc1,0xc0,0xbc,0x47,0xcc,0xcb,0xc7,0x80,0xcb,0xca,0xc6,0x80,
	0xcb,0xca,0xc6,0x80,0xca,0xc9,0xc5,0x80,0xca,0xc9,0xc5,0x80,0xc9,0xc8,0xc4,0x80,
	0xc8,0xc7,0xc3,0x80,0xc7,0xc6,0xc2,0x80,0xc6,0xc5,0xc1,0x80,0xc5,0xc4,0xc0,0x80,
	0xc3,0xc2,0xbe,0x80,0xc2,0xc1,0xbd,0x80,0xc7,0xc6,0xc2,0x80,0xcd,0xcc,0xc8,0x80,
	0xcf,0xce,0xc9,0x80,0xde,0xdc,0xd7,0x80,0xe6,0xe5,0xe1,0x80,0xeb,0xe9,0xe7,0x80,
	0xeb,0xe9,0xe7,0x80,0xe6,0xe2,0xe7,0x80,0xdd,0xd7,0xe2,0x80,0xc6,0xc7,0xd8,0x80,
	0xbf,0xcc,0xd4,0x80,0xbe,0xd4,0xd5,0x80,0xbe,0xd7,0xcd,0x80,0xc1,0xd8,0xc7,0x80,
	0xc5,0xd8,0xc1,0x80,0xcb,0xdc,0xbe,0x80,0xd3,0xdf,0xbf,0x80,0xd6,0xe1,0xbf,0x80,
	0xdd,0xe1,0xc2,0x80,0xe2,0xe3,0xc4,0x80,0xe2,0xe3,0xc4,0x80,0xe6,0xe2,0xc6,0x80,
	0xe4,0xe0,0xc8,0x80,0xe6,0xe0,0xcd,0x80,0xc6,0xc1,0xb1,0x65,0x00,0x00,0x00,0x1b,
	0x00,0x00,0x00,0x0f,0x00,0x00,0x00,0x05,0x00,0x00,0x00,0x01,0x00,0x00,0x00,0x00,
	0x00,0x00,0x00,0x00,0x00,0x00,0x00,0x00,0x00,0x00,0x00,0x00,0x00,0x00,0x00,0x00,
	0x00,0x00,0x00,0x03,0x7e,0x7e,0x7c,0x15,0xcc,0xcb,0xc7,0x80,0xca,0xc9,0xc5,0x80,
	0xca,0xc9,0xc5,0x80,0xc9,0xc8,0xc4,0x80,0xc9,0xc8,0xc4,0x80,0xc8,0xc7,0xc3,0x80,
	0xc6,0xc5,0xc1,0x80,0xc6,0xc5,0xc1,0x80,0xc5,0xc4,0xc0,0x80,0xc3,0xc2,0xbe,0x80,
	0xc2,0xc1,0xbd,0x80,0xc5,0xc4,0xc0,0x80,0xcb,0xca,0xc6,0x80,0xcc,0xcb,0xc7,0x80,
	0xcc,0xcb,0xc7,0x80,0xca,0xc9,0xc5,0x80,0xc9,0xc8,0xc4,0x80,0xc6,0xc5,0xc1,0x80,
	0xc7,0xc4,0xc4,0x80,0xc8,0xc0,0xd2,0x80,0xc8,0xc0,0xd2,0x80,0xc5,0xc2,0xd4,0x80,
	0xc1,0xc7,0xd4,0x80,0xbc,0xd1,0xd6,0x80,0xbd,0xd7,0xd3,0x80,0xbe,0xd7,0xcd,0x80,
	0xc1,0xd8,0xc7,0x80,0xc5,0xd8,0xc1,0x80,0xcb,0xdc,0xbe,0x80,0xd3,0xdf,0xbf,0x80,
	0xd6,0xe1,0xbf,0x80,0xda,0xe2,0xc0,0x80,0xdd,0xe1,0xc2,0x80,0xe2,0xe3,0xc4,0x80,
	0xe2,0xe3,0xc4,0x80,0xe2,0xde,0xca,0x80,0x81,0x80,0x7a,0x3b,0x02,0x02,0x02,0x17,
	0x00,0x00,0x00,0x0b,0x00,0x00,0x00,0x03,0x00,0x00,0x00,0x00,0x00,0x00,0x00,0x00,
	0x00,0x00,0x00,0x00,0x00,0x00,0x00,0x00,0x00,0x00,0x00,0x00,0x00,0x00,0x00,0x00,
	0x00,0x00,0x00,0x01,0x00,0x00,0x00,0x06,0xba,0xb9,0xb6,0x52,0xc9,0xc8,0xc4,0x80,
	0xc9,0xc8,0xc4,0x80,0xc7,0xc6,0xc2,0x80,0xc6,0xc5,0xc1,0x80,0xc6,0xc5,0xc1,0x80,
	0xc5,0xc4,0xc0,0x80,0xc4,0xc3,0xbf,0x80,0xc3,0xc2,0xbe,0x80,0xc2,0xc1,0xbd,0x80,
	0xc4,0xc3,0xbf,0x80,0xc9,0xc8,0xc4,0x80,0xcd,0xcc,0xc8,0x80,0xcc,0xcb,0xc7,0x80,
	0xcb,0xca,0xc6,0x80,0xca,0xc9,0xc5,0x80,0xc8,0xc7,0xc3,0x80,0xc6,0xc5,0xc1,0x80,
	0xc7,0xc4,0xc4,0x80,0xc9,0xc2,0xcc,0x80,0xc8,0xc0,0xd2,0x80,0xc5,0xc2,0xd4,0x80,
	0xc1,0xc7,0xd4,0x80,0xbf,0xcf,0xd4,0x80,0xbe,0xd4,0xd5,0x80,0xbd,0xd7,0xd3,0x80,
	0xbe,0xd7,0xcd,0x80,0xc1,0xd5,0xc3,0x80,0xc5,0xd8,0xc1,0x80,0xcb,0xdc,0xbe,0x80,
	0xcf,0xdc,0xbe,0x80,0xd6,0xe1,0xbf,0x80,0xda,0xe2,0xc0,0x80,0xdd,0xe1,0xc2,0x80,
	0xdd,0xe1,0xc2,0x80,0xca,0xc9,0xb6,0x6d,0x00,0x00,0x00,0x1e,0x00,0x00,0x00,0x11,
	0x00,0x00,0x00,0x07,0x00,0x00,0x00,0x01,0x00,0x00,0x00,0x00,0x00,0x00,0x00,0x00,
	0x00,0x00,0x00,0x00,0x00,0x00,0x00,0x00,0x00,0x00,0x00,0x00,0x00,0x00,0x00,0x00,
	0x00,0x00,0x00,0x01,0x00,0x00,0x00,0x03,0x42,0x41,0x41,0x11,0xc7,0xc6,0xc2,0x80,
	0xc7,0xc6,0xc2,0x80,0xc6,0xc5,0xc1,0x80,0xc6,0xc5,0xc1,0x80,0xc5,0xc4,0xc0,0x80,
	0xc4,0xc3,0xbf,0x80,0xc3,0xc2,0xbe,0x80,0xc2,0xc1,0xbd,0x80,0xc3,0xc2,0xbe,0x80,
	0xc8,0xc7,0xc3,0x80,0xcc,0xcb,0xc7,0x80,0xcc,0xcb,0xc7,0x80,0xcb,0xca,0xc6,0x80,
	0xca,0xc9,0xc5,0x80,0xc9,0xc8,0xc4,0x80,0xc8,0xc7,0xc3,0x80,0xc7,0xc6,0xc2,0x80,
	0xc7,0xc4,0xc4,0x80,0xc9,0xc2,0xcc,0x80,0xc8,0xc0,0xd2,0x80,0xc8,0xc0,0xd2,0x80,
	0xc5,0xc2,0xd4,0x80,0xbf,0xcc,0xd4,0x80,0xbc,0xd1,0xd6,0x80,0xbd,0xd7,0xd3,0x80,
	0xbe,0xd7,0xd0,0x80,0xc0,0xd4,0xc8,0x80,0xc1,0xd5,0xc3,0x80,0xc5,0xd8,0xc1,0x80,
	0xc8,0xda,0xc0,0x80,0xcb,0xdc,0xbe,0x80,0xd3,0xdf,0xbf,0x80,0xd6,0xe1,0xbf,0x80,
	0xd7,0xdc,0xc4,0x80,0x5f,0x61,0x5b,0x33,0x00,0x00,0x00,0x18,0x00,0x00,0x00,0x0c,
	0x00,0x00,0x00,0x04,0x00,0x00,0x00,0x01,0x00,0x00,0x00,0x00,0x00,0x00,0x00,0x00,
	0x00,0x00,0x00,0x00,0x00,0x00,0x00,0x00,0x00,0x00,0x00,0x00,0x00,0x00,0x00,0x00,
	0x00,0x00,0x00,0x00,0x00,0x00,0x00,0x01,0x00,0x00,0x00,0x06,0x9f,0x9e,0x9b,0x34,
	0xc6,0xc5,0xc1,0x80,0xc5,0xc4,0xc0,0x80,0xc4,0xc3,0xbf,0x80,0xc4,0xc3,0xbf,0x80,
	0xc3,0xc2,0xbe,0x80,0xc2,0xc1,0xbd,0x80,0xc2,0xc1,0xbd,0x80,0xc7,0xc6,0xc2,0x80,
	0xca,0xc9,0xc5,0x80,0xcd,0xcc,0xc8,0x80,0xcc,0xcb,0xc7,0x80,0xcb,0xca,0xc6,0x80,
	0xca,0xc9,0xc5,0x80,0xc9,0xc8,0xc4,0x80,0xc8,0xc7,0xc3,0x80,0xc7,0xc6,0xc2,0x80,
	0xc7,0xc6,0xc2,0x80,0xc8,0xc5,0xc7,0x80,0xca,0xc4,0xce,0x80,0xc8,0xc0,0xd2,0x80,
	0xc5,0xc2,0xd4,0x80,0xc1,0xc7,0xd4,0x80,0xbf,0xcf,0xd4,0x80,0xbe,0xd4,0xd5,0x80,
	0xbd,0xd7,0xd3,0x80,0xbe,0xd7,0xcd,0x80,0xc0,0xd4,0xc8,0x80,0xc1,0xd5,0xc3,0x80,
	0xc5,0xd8,0xc1,0x80,0xc8,0xda,0xc0,0x80,0xcb,0xdc,0xbe,0x80,0xcf,0xdc,0xbe,0x80,
	0xa7,0xac,0x9a,0x56,0x00,0x00,0x00,0x1b,0x00,0x00,0x00,0x11,0x00,0x00,0x00,0x07,
	0x00,0x00,0x00,0x02,0x00,0x00,0x00,0x00,0x00,0x00,0x00,0x00,0x00,0x00,0x00,0x00,
	0x00,0x00,0x00,0x00,0x00,0x00,0x00,0x00,0x00,0x00,0x00,0x00,0x00,0x00,0x00,0x00,
	0x00,0x00,0x00,0x00,0x00,0x00,0x00,0x01,0x00,0x00,0x00,0x03,0x00,0x00,0x00,0x0a,
	0xb5,0xb4,0xb0,0x55,0xc4,0xc3,0xbf,0x80,0xc4,0xc3,0xbf,0x80,0xc3,0xc2,0xbe,0x80,
	0xc2,0xc1,0xbd,0x80,0xc2,0xc1,0xbd,0x80,0xc6,0xc5,0xc1,0x80,0xca,0xc9,0xc5,0x80,
	0xcc,0xcb,0xc7,0x80,0xcc,0xcb,0xc7,0x80,0xcb,0xca,0xc6,0x80,0xcb,0xca,0xc6,0x80,
	0xca,0xc9,0xc5,0x80,0xc9,0xc8,0xc4,0x80,0xc7,0xc6,0xc2,0x80,0xc7,0xc6,0xc2,0x80,
	0xc7,0xc6,0xc2,0x80,0xc8,0xc5,0xc7,0x80,0xc9,0xc2,0xcc,0x80,0xc8,0xc0,0xd2,0x80,
	0xc6,0xc3,0xd1,0x80,0xc1,0xc7,0xd4,0x80,0xbf,0xcc,0xd4,0x80,0xbe,0xd4,0xd5,0x80,
	0xbd,0xd7,0xd3,0x80,0xbd,0xd7,0xd3,0x80,0xbe,0xd7,0xcd,0x80,0xc0,0xd4,0xc8,0x80,
	0xc1,0xd5,0xc3,0x80,0xc5,0xd8,0xc1,0x80,0xc5,0xd8,0xc1,0x80,0xb6,0xc0,0xb5,0x6b,
	0x00,0x00,0x00,0x1e,0x00,0x00,0x00,0x15,0x00,0x00,0x00,0x0b,0x00,0x00,0x00,0x03,
	0x00,0x00,0x00,0x01,0x00,0x00,0x00,0x00,0x00,0x00,0x00,0x00,0x00,0x00,0x00,0x00,
	0x00,0x00,0x00,0x00,0x00,0x00,0x00,0x00,0x00,0x00,0x00,0x00,0x00,0x00,0x00,0x00,
	0x00,0x00,0x00,0x00,0x00,0x00,0x00,0x00,0x00,0x00,0x00,0x01,0x00,0x00,0x00,0x04,
	0x00,0x00,0x00,0x0b,0xb8,0xb7,0xb3,0x63,0xc3,0xc2,0xbe,0x80,0xc2,0xc1,0xbd,0x80,
	0xc2,0xc1,0xbd,0x80,0xc6,0xc5,0xc1,0x80,0xc9,0xc8,0xc4,0x80,0xcb,0xca,0xc6,0x80,
	0xcc,0xcb,0xc7,0x80,0xcc,0xcb,0xc7,0x80,0xcb,0xca,0xc6,0x80,0xca,0xc9,0xc5,0x80,
	0xc9,0xc8,0xc4,0x80,0xc8,0xc7,0xc3,0x80,0xc7,0xc6,0xc2,0x80,0xc7,0xc6,0xc2,0x80,
	0xc7,0xc6,0xc2,0x80,0xc7,0xc4,0xc4,0x80,0xca,0xc5,0xca,0x80,0xc9,0xc2,0xcc,0x80,
	0xc6,0xc3,0xd1,0x80,0xc6,0xc3,0xd1,0x80,0xc1,0xc7,0xd4,0x80,0xbf,0xcf,0xd4,0x80,
	0xbe,0xd4,0xd5,0x80,0xbd,0xd7,0xd3,0x80,0xbe,0xd7,0xd0,0x80,0xc1,0xd4,0xcc,0x80,
	0xc0,0xd4,0xc8,0x80,0xc1,0xd5,0xc3,0x80,0xbf,0xc8,0xbb,0x74,0x15,0x15,0x14,0x22,
	0x00,0x00,0x00,0x18,0x00,0x00,0x00,0x0c,0x00,0x00,0x00,0x05,0x00,0x00,0x00,0x01,
	0x00,0x00,0x00,0x00,0x00,0x00,0x00,0x00,0x00,0x00,0x00,0x00,0x00,0x00,0x00,0x00,
	0x00,0x00,0x00,0x00,0x00,0x00,0x00,0x00,0x00,0x00,0x00,0x00,0x00,0x00,0x00,0x00,
	0x00,0x00,0x00,0x00,0x00,0x00,0x00,0x00,0x00,0x00,0x00,0x00,0x00,0x00,0x00,0x01,
	0x00,0x00,0x00,0x05,0x00,0x00,0x00,0x0c,0xb8,0xb7,0xb3,0x63,0xc2,0xc1,0xbd,0x80,
	0xc5,0xc4,0xc0,0x80,0xc8,0xc7,0xc3,0x80,0xca,0xc9,0xc5,0x80,0xcd,0xcc,0xc8,0x80,
	0xcc,0xcb,0xc7,0x80,0xcb,0xca,0xc6,0x80,0xcb,0xca,0xc6,0x80,0xca,0xc9,0xc5,0x80,
	0xc9,0xc8,0xc4,0x80,0xc8,0xc7,0xc3,0x80,0xc7,0xc6,0xc2,0x80,0xc7,0xc6,0xc2,0x80,
	0xc7,0xc6,0xc2,0x80,0xc8,0xc7,0xc3,0x80,0xca,0xc5,0xca,0x80,0xca,0xc4,0xce,0x80,
	0xca,0xc4,0xce,0x80,0xc6,0xc3,0xd1,0x80,0xc5,0xc8,0xcf,0x80,0xbf,0xcc,0xd4,0x80,
	0xc2,0xd3,0xd2,0x80,0xbe,0xd4,0xd5,0x80,0xbd,0xd7,0xd3,0x80,0xc1,0xd4,0xcc,0x80,
	0xc1,0xd4,0xcc,0x80,0xbd,0xbf,0xbb,0x73,0x31,0x33,0x31,0x26,0x00,0x00,0x00,0x18,
	0x00,0x00,0x00,0x0f,0x00,0x00,0x00,0x07,0x00,0x00,0x00,0x02,0x00,0x00,0x00,0x01,
	0x00,0x00,0x00,0x00,0x00,0x00,0x00,0x00,0x00,0x00,0x00,0x00,0x00,0x00,0x00,0x00,
	0x00,0x00,0x00,0x00,0x00,0x00,0x00,0x00,0x00,0x00,0x00,0x00,0x00,0x00,0x00,0x00,
	0x00,0x00,0x00,0x00,0x00,0x00,0x00,0x00,0x00,0x00,0x00,0x00,0x00,0x00,0x00,0x01,
	0x00,0x00,0x00,0x02,0x00,0x00,0x00,0x06,0x00,0x00,0x00,0x0d,0xb3,0xb2,0xae,0x5a,
	0xc7,0xc6,0xc2,0x80,0xc9,0xc8,0xc4,0x80,0xcc,0xcb,0xc7,0x80,0xcc,0xcb,0xc7,0x80,
	0xcc,0xcb,0xc7,0x80,0xcb,0xca,0xc6,0x80,0xca,0xc9,0xc5,0x80,0xca,0xc9,0xc5,0x80,
	0xc9,0xc8,0xc4,0x80,0xc8,0xc7,0xc3,0x80,0xc7,0xc6,0xc2,0x80,0xc7,0xc6,0xc2,0x80,
	0xc7,0xc6,0xc2,0x80,0xc8,0xc7,0xc3,0x80,0xc8,0xc5,0xc7,0x80,0xc9,0xc2,0xcc,0x80,
	0xca,0xc4,0xce,0x80,0xc6,0xc3,0xd1,0x80,0xc5,0xc8,0xcf,0x80,0xbf,0xcc,0xd4,0x80,
	0xbf,0xcf,0xd4,0x80,0xc2,0xd3,0xd2,0x80,0xc2,0xd3,0xd2,0x80,0xc2,0xd3,0xd2,0x80,
	0xb6,0xc0,0xb5,0x6b,0x15,0x15,0x14,0x22,0x00,0x00,0x00,0x18,0x00,0x00,0x00,0x0f,
	0x00,0x00,0x00,0x07,0x00,0x00,0x00,0x03,0x00,0x00,0x00,0x01,0x00,0x00,0x00,0x00,
	0x00,0x00,0x00,0x00,0x00,0x00,0x00,0x00,0x00,0x00,0x00,0x00,0x00,0x00,0x00,0x00,
	0x00,0x00,0x00,0x00,0x00,0x00,0x00,0x00,0x00,0x00,0x00,0x00,0x00,0x00,0x00,0x00,
	0x00,0x00,0x00,0x00,0x00,0x00,0x00,0x00,0x00,0x00,0x00,0x00,0x00,0x00,0x00,0x00,
	0x00,0x00,0x00,0x01,0x00,0x00,0x00,0x02,0x00,0x00,0x00,0x06,0x00,0x00,0x00,0x0d,
	0x9b,0x9a,0x97,0x3d,0xc9,0xc8,0xc4,0x80,0xcc,0xcb,0xc7,0x80,0xcc,0xcb,0xc7,0x80,
	0xcb,0xca,0xc6,0x80,0xcb,0xca,0xc6,0x80,0xca,0xc9,0xc5,0x80,0xc9,0xc8,0xc4,0x80,
	0xc9,0xc8,0xc4,0x80,0xc8,0xc7,0xc3,0x80,0xc6,0xc5,0xc1,0x80,0xc6,0xc5,0xc1,0x80,
	0xc7,0xc6,0xc2,0x80,0xc8,0xc7,0xc3,0x80,0xc8,0xc5,0xc7,0x80,0xca,0xc5,0xca,0x80,
	0xca,0xc4,0xce,0x80,0xca,0xc4,0xce,0x80,0xc5,0xc8,0xcf,0x80,0xc5,0xc8,0xcf,0x80,
	0xc4,0xcf,0xd0,0x80,0xc4,0xcf,0xd0,0x80,0xc4,0xcf,0xd0,0x80,0x9a,0xa2,0xa0,0x54,
	0x00,0x00,0x00,0x1e,0x02,0x02,0x02,0x17,0x00,0x00,0x00,0x0f,0x00,0x00,0x00,0x07,
	0x00,0x00,0x00,0x03,0x00,0x00,0x00,0x01,0x00,0x00,0x00,0x00,0x00,0x00,0x00,0x00,
	0x00,0x00,0x00,0x00,0x00,0x00,0x00,0x00,0x00,0x00,0x00,0x00,0x00,0x00,0x00,0x00,
	0x00,0x00,0x00,0x00,0x00,0x00,0x00,0x00,0x00,0x00,0x00,0x00,0x00,0x00,0x00,0x00,
	0x00,0x00,0x00,0x00,0x00,0x00,0x00,0x00,0x00,0x00,0x00,0x00,0x00,0x00,0x00,0x00,
	0x00,0x00,0x00,0x00,0x00,0x00,0x00,0x01,0x00,0x00,0x00,0x02,0x00,0x00,0x00,0x05,
	0x00,0x00,0x00,0x0b,0x5a,0x5a,0x58,0x1f,0xb3,0xb2,0xae,0x5a,0xcc,0xcb,0xc7,0x80,
	0xcb,0xca,0xc6,0x80,0xcb,0xca,0xc6,0x80,0xca,0xc9,0xc5,0x80,0xc9,0xc8,0xc4,0x80,
	0xc8,0xc7,0xc3,0x80,0xc7,0xc6,0xc2,0x80,0xc6,0xc5,0xc1,0x80,0xc6,0xc5,0xc1,0x80,
	0xc7,0xc6,0xc2,0x80,0xc8,0xc7,0xc3,0x80,0xca,0xc9,0xc5,0x80,0xcb,0xc7,0xca,0x80,
	0xca,0xc5,0xca,0x80,0xca,0xc4,0xce,0x80,0xc5,0xc8,0xcf,0x80,0xc5,0xc8,0xcf,0x80,
	0xc5,0xc8,0xcf,0x80,0xb4,0xb7,0xb5,0x68,0x5f,0x61,0x5b,0x33,0x00,0x00,0x00,0x1b,
	0x00,0x00,0x00,0x15,0x00,0x00,0x00,0x0c,0x00,0x00,0x00,0x07,0x00,0x00,0x00,0x03,
	0x00,0x00,0x00,0x01,0x00,0x00,0x00,0x00,0x00,0x00,0x00,0x00,0x00,0x00,0x00,0x00,
	0x00,0x00,0x00,0x00,0x00,0x00,0x00,0x00,0x00,0x00,0x00,0x00,0x00,0x00,0x00,0x00,
	0x00,0x00,0x00,0x00,0x00,0x00,0x00,0x00,0x00,0x00,0x00,0x00,0x00,0x00,0x00,0x00,
	0x00,0x00,0x00,0x00,0x00,0x00,0x00,0x00,0x00,0x00,0x00,0x00,0x00,0x00,0x00,0x00,
	0x00,0x00,0x00,0x00,0x00,0x00,0x00,0x00,0x00,0x00,0x00,0x01,0x00,0x00,0x00,0x01,
	0x00,0x00,0x00,0x04,0x00,0x00,0x00,0x0a,0x00,0x00,0x00,0x0f,0x7b,0x7a,0x78,0x2d,
	0xab,0xab,0xa7,0x58,0xc4,0xc3,0xbf,0x78,0xca,0xc9,0xc5,0x80,0xc9,0xc8,0xc4,0x80,
	0xc8,0xc7,0xc3,0x80,0xc7,0xc6,0xc2,0x80,0xc6,0xc5,0xc1,0x80,0xc7,0xc6,0xc2,0x80,
	0xc7,0xc6,0xc2,0x80,0xc8,0xc7,0xc3,0x80,0xca,0xc9,0xc5,0x80,0xca,0xc9,0xc5,0x80,
	0xcb,0xc7,0xca,0x80,0xcb,0xc7,0xca,0x80,0xc7,0xc5,0xc8,0x7c,0xac,0xab,0xac,0x5f,
	0x81,0x80,0x7a,0x3b,0x00,0x00,0x00,0x1e,0x00,0x00,0x00,0x18,0x00,0x00,0x00,0x11,
	0x00,0x00,0x00,0x0b,0x00,0x00,0x00,0x05,0x00,0x00,0x00,0x02,0x00,0x00,0x00,0x01,
	0x00,0x00,0x00,0x00,0x00,0x00,0x00,0x00,0x00,0x00,0x00,0x00,0x00,0x00,0x00,0x00,
	0x00,0x00,0x00,0x00,0x00,0x00,0x00,0x00,0x00,0x00,0x00,0x00,0x00,0x00,0x00,0x00,
	0x00,0x00,0x00,0x00,0x00,0x00,0x00,0x00,0x00,0x00,0x00,0x00,0x00,0x00,0x00,0x00,
	0x00,0x00,0x00,0x00,0x00,0x00,0x00,0x00,0x00,0x00,0x00,0x00,0x00,0x00,0x00,0x00,
	0x00,0x00,0x00,0x00,0x00,0x00,0x00,0x00,0x00,0x00,0x00,0x00,0x00,0x00,0x00,0x00,
	0x00,0x00,0x00,0x01,0x00,0x00,0x00,0x03,0x00,0x00,0x00,0x07,0x00,0x00,0x00,0x0b,
	0x00,0x00,0x00,0x11,0x09,0x09,0x09,0x19,0x81,0x80,0x7a,0x3b,0xab,0xab,0xa7,0x58,
	0xb4,0xb7,0xb5,0x68,0xbd,0xbf,0xbb,0x73,0xc0,0xbf,0xbb,0x78,0xc6,0xc5,0xc1,0x7b,
	0xc6,0xc5,0xc1,0x7b,0xc4,0xc3,0xbf,0x78,0xbd,0xbf,0xbb,0x73,0xb9,0xb6,0xb5,0x6b,
	0xac,0xab,0xac,0x5f,0x8b,0x88,0x8a,0x45,0x31,0x33,0x31,0x26,0x00,0x00,0x00,0x1b,
	0x02,0x02,0x02,0x17,0x00,0x00,0x00,0x11,0x00,0x00,0x00,0x0c,0x00,0x00,0x00,0x07,
	0x00,0x00,0x00,0x03,0x00,0x00,0x00,0x01,0x00,0x00,0x00,0x01,0x00,0x00,0x00,0x00,
	0x00,0x00,0x00,0x00,0x00,0x00,0x00,0x00,0x00,0x00,0x00,0x00,0x00,0x00,0x00,0x00,
	0x00,0x00,0x00,0x00,0x00,0x00,0x00,0x00,0x00,0x00,0x00,0x00,0x00,0x00,0x00,0x00,
	0x00,0x00,0x00,0x00,0x00,0x00,0x00,0x00,0x00,0x00,0x00,0x00,0x00,0x00,0x00,0x00,
	0x00,0x00,0x00,0x00,0x00,0x00,0x00,0x00,0x00,0x00,0x00,0x00,0x00,0x00,0x00,0x00,
	0x00,0x00,0x00,0x00,0x00,0x00,0x00,0x00,0x00,0x00,0x00,0x00,0x00,0x00,0x00,0x00,
	0x00,0x00,0x00,0x00,0x00,0x00,0x00,0x01,0x00,0x00,0x00,0x01,0x00,0x00,0x00,0x03,
	0x00,0x00,0x00,0x07,0x00,0x00,0x00,0x0a,0x00,0x00,0x00,0x0f,0x00,0x00,0x00,0x12,
	0x00,0x00,0x00,0x15,0x00,0x00,0x00,0x18,0x09,0x09,0x09,0x19,0x00,0x00,0x00,0x1b,
	0x00,0x00,0x00,0x1b,0x00,0x00,0x00,0x1b,0x00,0x00,0x00,0x1b,0x09,0x09,0x09,0x19,
	0x00,0x00,0x00,0x18,0x00,0x00,0x00,0x15,0x00,0x00,0x00,0x12,0x00,0x00,0x00,0x0f,
	0x00,0x00,0x00,0x0b,0x00,0x00,0x00,0x07,0x00,0x00,0x00,0x04,0x00,0x00,0x00,0x02,
	0x00,0x00,0x00,0x01,0x00,0x00,0x00,0x00,0x00,0x00,0x00,0x00,0x00,0x00,0x00,0x00,
	0x00,0x00,0x00,0x00,0x00,0x00,0x00,0x00,0x00,0x00,0x00,0x00,0x00,0x00,0x00,0x00,
	0x00,0x00,0x00,0x00,0x00,0x00,0x00,0x00,0x00,0x00,0x00,0x00,0x00,0x00,0x00,0x00,
	0x00,0x00,0x00,0x00,0x00,0x00,0x00,0x00,0x00,0x00,0x00,0x00,0x00,0x00,0x00,0x00,
	0x00,0x00,0x00,0x00,0x00,0x00,0x00,0x00,0x00,0x00,0x00,0x00,0x00,0x00,0x00,0x00,
	0x00,0x00,0x00,0x00,0x00,0x00,0x00,0x00,0x00,0x00,0x00,0x00,0x00,0x00,0x00,0x00,
	0x00,0x00,0x00,0x00,0x00,0x00,0x00,0x00,0x00,0x00,0x00,0x00,0x00,0x00,0x00,0x01,
	0x00,0x00,0x00,0x01,0x00,0x00,0x00,0x03,0x00,0x00,0x00,0x05,0x00,0x00,0x00,0x07,
	0x00,0x00,0x00,0x0a,0x00,0x00,0x00,0x0b,0x00,0x00,0x00,0x0c,0x00,0x00,0x00,0x0c,
	0x00,0x00,0x00,0x0d,0x00,0x00,0x00,0x0d,0x00,0x00,0x00,0x0d,0x00,0x00,0x00,0x0c,
	0x00,0x00,0x00,0x0c,0x00,0x00,0x00,0x0a,0x00,0x00,0x00,0x07,0x00,0x00,0x00,0x05,
	0x00,0x00,0x00,0x03,0x00,0x00,0x00,0x01,0x00,0x00,0x00,0x01,0x00,0x00,0x00,0x00,
	0x00,0x00,0x00,0x00,0x00,0x00,0x00,0x00,0x00,0x00,0x00,0x00,0x00,0x00,0x00,0x00,
	0x00,0x00,0x00,0x00,0x00,0x00,0x00,0x00,0x00,0x00,0x00,0x00,0x00,0x00,0x00,0x00,
	0x00,0x00,0x00,0x00,0x00,0x00,0x00,0x00,0x00,0x00,0x00,0x00,0x00,0x00,0x00,0x00,
	0x00,0x00,0x00,0x00,0x00,0x00,0x00,0x00,0x00,0x00,0x00,0x00,0x00,0x00,0x00,0x00,
	0x00,0x00,0x00,0x00,0x00,0x00,0x00,0x00,0x00,0x00,0x00,0x00,0x00,0x00,0x00,0x00,
	0x00,0x00,0x00,0x00,0x00,0x00,0x00,0x00,0x00,0x00,0x00,0x00,0x00,0x00,0x00,0x00,
	0x00,0x00,0x00,0x00,0x00,0x00,0x00,0x00,0x00,0x00,0x00,0x00,0x00,0x00,0x00,0x00,
	0x00,0x00,0x00,0x00,0x00,0x00,0x00,0x00,0x00,0x00,0x00,0x01,0x00,0x00,0x00,0x01,
	0x00,0x00,0x00,0x03,0x00,0x00,0x00,0x03,0x00,0x00,0x00,0x03,0x00,0x00,0x00,0x04,
	0x00,0x00,0x00,0x04,0x00,0x00,0x00,0x04,0x00,0x00,0x00,0x04,0x00,0x00,0x00,0x04,
	0x00,0x00,0x00,0x03,0x00,0x00,0x00,0x03,0x00,0x00,0x00,0x01,0x00,0x00,0x00,0x01,
	0x00,0x00,0x00,0x01,0x00,0x00,0x00,0x00,0x00,0x00,0x00,0x00,0x00,0x00,0x00,0x00,
	0x00,0x00,0x00,0x00,0x00,0x00,0x00,0x00,0x00,0x00,0x00,0x00,0x00,0x00,0x00,0x00,
	0x00,0x00,0x00,0x00,0x00,0x00,0x00,0x00,0x00,0x00,0x00,0x00,0x00,0x00,0x00,0x00,
	0x00,0x00,0x00,0x00,0x00,0x00,0x00,0x00,0x00,0x00,0x00,0x00,0x00,0x00,0x00,0x00,
	0x00,0x00,0x00,0x00,0x00,0x00,0x00,0x00,0x00,0x00,0x00,0x00,0x00,0x00,0x00,0x00,
	0x00,0x00,0x00,0x00,0x00,0x00,0x00,0x00,0x00,0x00,0x00,0x00,0x00,0x00,0x00,0x00,
	0x00,0x00,0x00,0x00,0x00,0x00,0x00,0x00,0x00,0x00,0x00,0x00,0x00,0x00,0x00,0x00,
	0x00,0x00,0x00,0x00,0x00,0x00,0x00,0x00,0x00,0x00,0x00,0x00,0x00,0x00,0x00,0x00,
	0x00,0x00,0x00,0x00,0x00,0x00,0x00,0x00,0x00,0x00,0x00,0x00,0x00,0x00,0x00,0x00,
	0x00,0x00,0x00,0x00,0x00,0x00,0x00,0x00,0x00,0x00,0x00,0x00,0x00,0x00,0x00,0x00,
	0x00,0x00,0x00,0x00,0x00,0x00,0x00,0x00,0x00,0x00,0x00,0x00,0x00,0x00,0x00,0x00,
	0x00,0x00,0x00,0x00,0x00,0x00,0x00,0x00,0x00,0x00,0x00,0x00,0x00,0x00,0x00,0x00,
	0x00,0x00,0x00,0x00,0x00,0x00,0x00,0x00,0x00,0x00,0x00,0x00,0x00,0x00,0x00,0x00,
	0x00,0x00,0x00,0x00,0x00,0x00,0x00,0x00,0x00,0x00,0x00,0x00,0x00,0x00,0x00,0x00,
	0x00,0x00,0x00,0x00,0x00,0x00,0x00,0x00,0x00,0x00,0x00,0x00,0x00,0x00,0x00,0x00,
	0x00,0x00,0x00,0x00,0x00,0x00,0x00,0x00,0x00,0x00,0x00,0x00,0x00,0x00,0x00,0x00,
};
static const unsigned char rgba_s_IconHDD[ 9216 ] __attribute__(   (  aligned( 16 ), section( ".data" )  )   ) = {
	0x00,0x00,0x00,0x00,0x00,0x00,0x00,0x00,0x00,0x00,0x00,0x00,0x00,0x00,0x00,0x00,
	0x00,0x00,0x00,0x00,0x00,0x00,0x00,0x00,0x00,0x00,0x00,0x00,0x00,0x00,0x00,0x00,
	0x00,0x00,0x00,0x00,0x00,0x00,0x00,0x00,0x00,0x00,0x00,0x00,0x00,0x00,0x00,0x00,
	0x00,0x00,0x00,0x00,0x00,0x00,0x00,0x00,0x00,0x00,0x00,0x00,0x00,0x00,0x00,0x00,
	0x00,0x00,0x00,0x00,0x00,0x00,0x00,0x00,0x00,0x00,0x00,0x00,0x00,0x00,0x00,0x00,
	0x00,0x00,0x00,0x00,0x00,0x00,0x00,0x00,0x00,0x00,0x00,0x00,0x00,0x00,0x00,0x00,
	0x00,0x00,0x00,0x00,0x00,0x00,0x00,0x00,0x00,0x00,0x00,0x00,0x00,0x00,0x00,0x00,
	0x00,0x00,0x00,0x00,0x00,0x00,0x00,0x00,0x00,0x00,0x00,0x00,0x00,0x00,0x00,0x00,
	0x00,0x00,0x00,0x00,0x00,0x00,0x00,0x00,0x00,0x00,0x00,0x00,0x00,0x00,0x00,0x00,
	0x00,0x00,0x00,0x00,0x00,0x00,0x00,0x00,0x00,0x00,0x00,0x00,0x00,0x00,0x00,0x00,
	0x00,0x00,0x00,0x00,0x00,0x00,0x00,0x00,0x00,0x00,0x00,0x00,0x00,0x00,0x00,0x00,
	0x00,0x00,0x00,0x00,0x00,0x00,0x00,0x00,0x00,0x00,0x00,0x00,0x00,0x00,0x00,0x00,
	0x00,0x00,0x00,0x00,0x00,0x00,0x00,0x00,0x00,0x00,0x00,0x00,0x00,0x00,0x00,0x00,
	0x00,0x00,0x00,0x00,0x00,0x00,0x00,0x00,0x00,0x00,0x00,0x00,0x00,0x00,0x00,0x00,
	0x00,0x00,0x00,0x00,0x00,0x00,0x00,0x00,0x00,0x00,0x00,0x00,0x00,0x00,0x00,0x00,
	0x00,0x00,0x00,0x00,0x00,0x00,0x00,0x00,0x00,0x00,0x00,0x00,0x00,0x00,0x00,0x00,
	0x00,0x00,0x00,0x00,0x00,0x00,0x00,0x00,0x00,0x00,0x00,0x00,0x00,0x00,0x00,0x00,
	0x00,0x00,0x00,0x00,0x00,0x00,0x00,0x00,0x00,0x00,0x00,0x00,0x00,0x00,0x00,0x00,
	0x00,0x00,0x00,0x00,0x00,0x00,0x00,0x00,0x00,0x00,0x00,0x00,0x00,0x00,0x00,0x00,
	0x00,0x00,0x00,0x00,0x00,0x00,0x00,0x00,0x00,0x00,0x00,0x00,0x00,0x00,0x00,0x00,
	0x00,0x00,0x00,0x00,0x00,0x00,0x00,0x00,0x00,0x00,0x00,0x00,0x00,0x00,0x00,0x00,
	0x00,0x00,0x00,0x00,0x00,0x00,0x00,0x00,0x00,0x00,0x00,0x00,0x00,0x00,0x00,0x00,
	0x00,0x00,0x00,0x00,0x00,0x00,0x00,0x00,0x00,0x00,0x00,0x00,0x00,0x00,0x00,0x00,
	0x00,0x00,0x00,0x00,0x00,0x00,0x00,0x00,0x00,0x00,0x00,0x00,0x00,0x00,0x00,0x00,
	0x00,0x00,0x00,0x00,0x00,0x00,0x00,0x00,0x00,0x00,0x00,0x00,0x00,0x00,0x00,0x00,
	0x00,0x00,0x00,0x00,0x00,0x00,0x00,0x00,0x00,0x00,0x00,0x00,0x00,0x00,0x00,0x00,
	0x00,0x00,0x00,0x00,0x00,0x00,0x00,0x00,0x00,0x00,0x00,0x00,0x00,0x00,0x00,0x00,
	0x00,0x00,0x00,0x00,0x00,0x00,0x00,0x00,0x00,0x00,0x00,0x00,0x00,0x00,0x00,0x00,
	0x00,0x00,0x00,0x00,0x00,0x00,0x00,0x00,0x00,0x00,0x00,0x00,0x00,0x00,0x00,0x00,
	0x00,0x00,0x00,0x00,0x00,0x00,0x00,0x00,0x00,0x00,0x00,0x00,0x00,0x00,0x00,0x00,
	0x00,0x00,0x00,0x00,0x00,0x00,0x00,0x00,0x00,0x00,0x00,0x00,0x00,0x00,0x00,0x00,
	0x00,0x00,0x00,0x00,0x00,0x00,0x00,0x00,0x00,0x00,0x00,0x00,0x00,0x00,0x00,0x00,
	0x00,0x00,0x00,0x00,0x00,0x00,0x00,0x00,0x00,0x00,0x00,0x00,0x00,0x00,0x00,0x00,
	0x00,0x00,0x00,0x00,0x00,0x00,0x00,0x00,0x00,0x00,0x00,0x00,0x00,0x00,0x00,0x00,
	0x00,0x00,0x00,0x00,0x00,0x00,0x00,0x00,0x00,0x00,0x00,0x00,0x00,0x00,0x00,0x00,
	0x00,0x00,0x00,0x00,0x00,0x00,0x00,0x00,0x00,0x00,0x00,0x00,0x00,0x00,0x00,0x00,
	0x00,0x00,0x00,0x00,0x00,0x00,0x00,0x00,0x00,0x00,0x00,0x00,0x00,0x00,0x00,0x00,
	0x00,0x00,0x00,0x00,0x00,0x00,0x00,0x00,0x00,0x00,0x00,0x00,0x00,0x00,0x00,0x00,
	0x00,0x00,0x00,0x00,0x00,0x00,0x00,0x00,0x00,0x00,0x00,0x00,0x00,0x00,0x00,0x00,
	0x00,0x00,0x00,0x00,0x00,0x00,0x00,0x00,0x00,0x00,0x00,0x00,0x00,0x00,0x00,0x00,
	0x00,0x00,0x00,0x00,0x00,0x00,0x00,0x00,0x00,0x00,0x00,0x00,0x00,0x00,0x00,0x00,
	0x00,0x00,0x00,0x00,0x00,0x00,0x00,0x00,0x00,0x00,0x00,0x00,0x00,0x00,0x00,0x00,
	0x00,0x00,0x00,0x00,0x00,0x00,0x00,0x00,0x00,0x00,0x00,0x00,0x00,0x00,0x00,0x00,
	0x00,0x00,0x00,0x00,0x00,0x00,0x00,0x00,0x00,0x00,0x00,0x00,0x00,0x00,0x00,0x00,
	0x00,0x00,0x00,0x00,0x00,0x00,0x00,0x00,0x00,0x00,0x00,0x00,0x00,0x00,0x00,0x00,
	0x00,0x00,0x00,0x00,0x00,0x00,0x00,0x00,0x00,0x00,0x00,0x00,0x00,0x00,0x00,0x00,
	0x00,0x00,0x00,0x00,0x00,0x00,0x00,0x00,0x00,0x00,0x00,0x00,0x00,0x00,0x00,0x00,
	0x00,0x00,0x00,0x00,0x00,0x00,0x00,0x00,0x00,0x00,0x00,0x00,0x00,0x00,0x00,0x00,
	0x00,0x00,0x00,0x00,0x00,0x00,0x00,0x00,0x00,0x00,0x00,0x00,0x00,0x00,0x00,0x00,
	0x00,0x00,0x00,0x00,0x00,0x00,0x00,0x00,0x00,0x00,0x00,0x00,0x00,0x00,0x00,0x01,
	0x00,0x00,0x00,0x02,0x00,0x00,0x00,0x03,0x00,0x00,0x00,0x04,0x00,0x00,0x00,0x05,
	0x00,0x00,0x00,0x05,0x00,0x00,0x00,0x05,0x00,0x00,0x00,0x05,0x00,0x00,0x00,0x05,
	0x00,0x00,0x00,0x05,0x00,0x00,0x00,0x05,0x00,0x00,0x00,0x05,0x00,0x00,0x00,0x05,
	0x00,0x00,0x00,0x05,0x00,0x00,0x00,0x05,0x00,0x00,0x00,0x05,0x00,0x00,0x00,0x05,
	0x00,0x00,0x00,0x05,0x00,0x00,0x00,0x05,0x00,0x00,0x00,0x05,0x00,0x00,0x00,0x05,
	0x00,0x00,0x00,0x05,0x00,0x00,0x00,0x05,0x00,0x00,0x00,0x05,0x00,0x00,0x00,0x05,
	0x00,0x00,0x00,0x05,0x00,0x00,0x00,0x05,0x00,0x00,0x00,0x05,0x00,0x00,0x00,0x05,
	0x00,0x00,0x00,0x05,0x00,0x00,0x00,0x05,0x00,0x00,0x00,0x04,0x00,0x00,0x00,0x04,
	0x00,0x00,0x00,0x02,0x00,0x00,0x00,0x01,0x00,0x00,0x00,0x00,0x00,0x00,0x00,0x00,
	0x00,0x00,0x00,0x00,0x00,0x00,0x00,0x00,0x00,0x00,0x00,0x00,0x00,0x00,0x00,0x00,
	0x00,0x00,0x00,0x00,0x00,0x00,0x00,0x00,0x00,0x00,0x00,0x00,0x00,0x00,0x00,0x00,
	0x00,0x00,0x00,0x00,0x00,0x00,0x00,0x00,0x00,0x00,0x00,0x00,0xb7,0xb7,0xb7,0x06,
	0xf7,0xf7,0xf7,0x5a,0xfb,0xfb,0xfb,0x7e,0xfb,0xfb,0xfb,0x80,0xfa,0xfa,0xfa,0x80,
	0xfa,0xfa,0xfa,0x80,0xfa,0xfa,0xfa,0x80,0xf9,0xf9,0xf9,0x80,0xf9,0xf9,0xf9,0x80,
	0xf8,0xf8,0xf8,0x80,0xf8,0xf8,0xf8,0x80,0xf8,0xf8,0xf8,0x80,0xf7,0xf7,0xf7,0x80,
	0xf7,0xf7,0xf7,0x80,0xf6,0xf6,0xf6,0x80,0xf6,0xf6,0xf6,0x80,0xf5,0xf5,0xf5,0x80,
	0xf5,0xf5,0xf5,0x80,0xf5,0xf5,0xf5,0x80,0xf4,0xf4,0xf4,0x80,0xf4,0xf4,0xf4,0x80,
	0xf3,0xf3,0xf3,0x80,0xf3,0xf3,0xf3,0x80,0xf2,0xf2,0xf2,0x80,0xf2,0xf2,0xf2,0x80,
	0xf1,0xf1,0xf1,0x80,0xf1,0xf1,0xf1,0x80,0xf0,0xf0,0xf0,0x80,0xf0,0xf0,0xf0,0x80,
	0xef,0xef,0xef,0x80,0xef,0xef,0xef,0x80,0xec,0xec,0xec,0x78,0xd2,0xd2,0xd2,0x37,
	0x00,0x00,0x00,0x07,0x00,0x00,0x00,0x03,0x00,0x00,0x00,0x01,0x00,0x00,0x00,0x00,
	0x00,0x00,0x00,0x00,0x00,0x00,0x00,0x00,0x00,0x00,0x00,0x00,0x00,0x00,0x00,0x00,
	0x00,0x00,0x00,0x00,0x00,0x00,0x00,0x00,0x00,0x00,0x00,0x00,0x00,0x00,0x00,0x00,
	0x00,0x00,0x00,0x00,0x00,0x00,0x00,0x00,0x00,0x00,0x00,0x01,0xee,0xee,0xee,0x31,
	0xfb,0xfb,0xfb,0x80,0xfa,0xfa,0xfa,0x80,0xfa,0xfa,0xfa,0x80,0xf9,0xf9,0xf9,0x80,
	0xf9,0xf9,0xf9,0x80,0xf9,0xf9,0xf9,0x80,0xf8,0xf8,0xf8,0x80,0xf8,0xf8,0xf8,0x80,
	0xf7,0xf7,0xf7,0x80,0xf7,0xf7,0xf7,0x80,0xf7,0xf7,0xf7,0x80,0xf6,0xf6,0xf6,0x80,
	0xf6,0xf6,0xf6,0x80,0xf5,0xf5,0xf5,0x80,0xf5,0xf5,0xf5,0x80,0xf5,0xf5,0xf5,0x80,
	0xf4,0xf4,0xf4,0x80,0xf4,0xf4,0xf4,0x80,0xf3,0xf3,0xf3,0x80,0xf3,0xf3,0xf3,0x80,
	0xf2,0xf2,0xf2,0x80,0xf2,0xf2,0xf2,0x80,0xf1,0xf1,0xf1,0x80,0xf1,0xf1,0xf1,0x80,
	0xf0,0xf0,0xf0,0x80,0xf0,0xf0,0xf0,0x80,0xef,0xef,0xef,0x80,0xef,0xef,0xef,0x80,
	0xee,0xee,0xee,0x80,0xee,0xee,0xee,0x80,0xed,0xed,0xed,0x80,0xeb,0xeb,0xeb,0x7a,
	0x21,0x21,0x21,0x12,0x00,0x00,0x00,0x07,0x00,0x00,0x00,0x03,0x00,0x00,0x00,0x00,
	0x00,0x00,0x00,0x00,0x00,0x00,0x00,0x00,0x00,0x00,0x00,0x00,0x00,0x00,0x00,0x00,
	0x00,0x00,0x00,0x00,0x00,0x00,0x00,0x00,0x00,0x00,0x00,0x00,0x00,0x00,0x00,0x00,
	0x00,0x00,0x00,0x00,0x00,0x00,0x00,0x00,0x00,0x00,0x00,0x02,0xef,0xef,0xef,0x46,
	0xfa,0xfa,0xfa,0x80,0xf9,0xf9,0xf9,0x80,0xaf,0xaf,0xaf,0x80,0x90,0x90,0x90,0x80,
	0xb0,0xb0,0xb0,0x80,0xf8,0xf8,0xf8,0x80,0xf7,0xf7,0xf7,0x80,0xf7,0xf7,0xf7,0x80,
	0xf7,0xf7,0xf7,0x80,0xf6,0xf6,0xf6,0x80,0xf6,0xf6,0xf6,0x80,0xf5,0xf5,0xf5,0x80,
	0xf5,0xf5,0xf5,0x80,0xf4,0xf4,0xf4,0x80,0xf4,0xf4,0xf4,0x80,0xf4,0xf4,0xf4,0x80,
	0xf3,0xf3,0xf3,0x80,0xf3,0xf3,0xf3,0x80,0xf2,0xf2,0xf2,0x80,0xf2,0xf2,0xf2,0x80,
	0xf1,0xf1,0xf1,0x80,0xf1,0xf1,0xf1,0x80,0xf0,0xf0,0xf0,0x80,0xf0,0xf0,0xf0,0x80,
	0xef,0xef,0xef,0x80,0xef,0xef,0xef,0x80,0xee,0xee,0xee,0x80,0xa7,0xa7,0xa7,0x80,
	0x89,0x89,0x89,0x80,0xa8,0xa8,0xa8,0x80,0xec,0xec,0xec,0x80,0xec,0xec,0xec,0x80,
	0x74,0x74,0x74,0x26,0x00,0x00,0x00,0x0c,0x00,0x00,0x00,0x04,0x00,0x00,0x00,0x01,
	0x00,0x00,0x00,0x00,0x00,0x00,0x00,0x00,0x00,0x00,0x00,0x00,0x00,0x00,0x00,0x00,
	0x00,0x00,0x00,0x00,0x00,0x00,0x00,0x00,0x00,0x00,0x00,0x00,0x00,0x00,0x00,0x00,
	0x00,0x00,0x00,0x00,0x00,0x00,0x00,0x00,0x00,0x00,0x00,0x03,0xf0,0xf0,0xf0,0x56,
	0xf9,0xf9,0xf9,0x80,0xf9,0xf9,0xf9,0x80,0xb2,0xb2,0xb2,0x80,0xc2,0xc2,0xc2,0x80,
	0xd8,0xd8,0xd8,0x80,0xf7,0xf7,0xf7,0x80,0xf7,0xf7,0xf7,0x80,0xf6,0xf6,0xf6,0x80,
	0xf6,0xf6,0xf6,0x80,0xf5,0xf5,0xf5,0x80,0xf5,0xf5,0xf5,0x80,0xf4,0xf4,0xf4,0x80,
	0xf4,0xf4,0xf4,0x80,0xf3,0xf3,0xf3,0x80,0xf3,0xf3,0xf3,0x80,0xf3,0xf3,0xf3,0x80,
	0xf2,0xf2,0xf2,0x80,0xf2,0xf2,0xf2,0x80,0xf1,0xf1,0xf1,0x80,0xf1,0xf1,0xf1,0x80,
	0xf0,0xf0,0xf0,0x80,0xf0,0xf0,0xf0,0x80,0xef,0xef,0xef,0x80,0xef,0xef,0xef,0x80,
	0xee,0xee,0xee,0x80,0xee,0xee,0xee,0x80,0xed,0xed,0xed,0x80,0xaa,0xaa,0xaa,0x80,
	0xbb,0xbb,0xbb,0x80,0xd0,0xd0,0xd0,0x80,0xeb,0xeb,0xeb,0x80,0xeb,0xeb,0xeb,0x80,
	0x99,0x99,0x99,0x39,0x00,0x00,0x00,0x0f,0x00,0x00,0x00,0x06,0x00,0x00,0x00,0x01,
	0x00,0x00,0x00,0x00,0x00,0x00,0x00,0x00,0x00,0x00,0x00,0x00,0x00,0x00,0x00,0x00,
	0x00,0x00,0x00,0x00,0x00,0x00,0x00,0x00,0x00,0x00,0x00,0x00,0x00,0x00,0x00,0x00,
	0x00,0x00,0x00,0x00,0x00,0x00,0x00,0x00,0x00,0x00,0x00,0x03,0xf2,0xf2,0xf2,0x66,
	0xf8,0xf8,0xf8,0x80,0xf8,0xf8,0xf8,0x80,0xf7,0xf7,0xf7,0x80,0xf7,0xf7,0xf7,0x80,
	0xf6,0xf6,0xf6,0x80,0xf6,0xf6,0xf6,0x80,0xf6,0xf6,0xf6,0x80,0xf5,0xf5,0xf5,0x80,
	0xf5,0xf5,0xf5,0x80,0xf4,0xf4,0xf4,0x80,0xf4,0xf4,0xf4,0x80,0xf3,0xf3,0xf3,0x80,
	0xf3,0xf3,0xf3,0x80,0xf2,0xf2,0xf2,0x80,0xf2,0xf2,0xf2,0x80,0xf1,0xf1,0xf1,0x80,
	0xf1,0xf1,0xf1,0x80,0xf1,0xf1,0xf1,0x80,0xf0,0xf0,0xf0,0x80,0xf0,0xf0,0xf0,0x80,
	0xef,0xef,0xef,0x80,0xef,0xef,0xef,0x80,0xee,0xee,0xee,0x80,0xee,0xee,0xee,0x80,
	0xed,0xed,0xed,0x80,0xed,0xed,0xed,0x80,0xec,0xec,0xec,0x80,0xeb,0xeb,0xeb,0x80,
	0xeb,0xeb,0xeb,0x80,0xea,0xea,0xea,0x80,0xea,0xea,0xea,0x80,0xe9,0xe9,0xe9,0x80,
	0xb1,0xb1,0xb1,0x48,0x00,0x00,0x00,0x12,0x00,0x00,0x00,0x07,0x00,0x00,0x00,0x02,
	0x00,0x00,0x00,0x00,0x00,0x00,0x00,0x00,0x00,0x00,0x00,0x00,0x00,0x00,0x00,0x00,
	0x00,0x00,0x00,0x00,0x00,0x00,0x00,0x00,0x00,0x00,0x00,0x00,0x00,0x00,0x00,0x00,
	0x00,0x00,0x00,0x00,0x00,0x00,0x00,0x00,0x00,0x00,0x00,0x04,0xf6,0xf6,0xf6,0x75,
	0xf7,0xf7,0xf7,0x80,0xf7,0xf7,0xf7,0x80,0xf6,0xf6,0xf6,0x80,0xf6,0xf6,0xf6,0x80,
	0xf6,0xf6,0xf6,0x80,0xf5,0xf5,0xf5,0x80,0xf5,0xf5,0xf5,0x80,0xf4,0xf4,0xf4,0x80,
	0xf4,0xf4,0xf4,0x80,0xf3,0xf3,0xf3,0x80,0xf3,0xf3,0xf3,0x80,0xf2,0xf2,0xf2,0x80,
	0xf2,0xf2,0xf2,0x80,0xf1,0xf1,0xf1,0x80,0xf1,0xf1,0xf1,0x80,0xf0,0xf0,0xf0,0x80,
	0xf0,0xf0,0xf0,0x80,0xef,0xef,0xef,0x80,0xef,0xef,0xef,0x80,0xee,0xee,0xee,0x80,
	0xee,0xee,0xee,0x80,0xed,0xed,0xed,0x80,0xed,0xed,0xed,0x80,0xec,0xec,0xec,0x80,
	0xec,0xec,0xec,0x80,0xeb,0xeb,0xeb,0x80,0xeb,0xeb,0xeb,0x80,0xea,0xea,0xea,0x80,
	0xea,0xea,0xea,0x80,0xe9,0xe9,0xe9,0x80,0xe9,0xe9,0xe9,0x80,0xe8,0xe8,0xe8,0x80,
	0xc5,0xc5,0xc5,0x57,0x00,0x00,0x00,0x14,0x00,0x00,0x00,0x09,0x00,0x00,0x00,0x02,
	0x00,0x00,0x00,0x00,0x00,0x00,0x00,0x00,0x00,0x00,0x00,0x00,0x00,0x00,0x00,0x00,
	0x00,0x00,0x00,0x00,0x00,0x00,0x00,0x00,0x00,0x00,0x00,0x00,0x00,0x00,0x00,0x00,
	0x00,0x00,0x00,0x00,0x00,0x00,0x00,0x00,0x83,0x83,0x83,0x09,0xf7,0xf7,0xf7,0x80,
	0xf6,0xf6,0xf6,0x80,0xf6,0xf6,0xf6,0x80,0xf5,0xf5,0xf5,0x80,0xf5,0xf5,0xf5,0x80,
	0xf5,0xf5,0xf5,0x80,0xf4,0xf4,0xf4,0x80,0xf4,0xf4,0xf4,0x80,0xf3,0xf3,0xf3,0x80,
	0xf3,0xf3,0xf3,0x80,0xf2,0xf2,0xf2,0x80,0xf2,0xf2,0xf2,0x80,0xf1,0xf1,0xf1,0x80,
	0xf1,0xf1,0xf1,0x80,0xf0,0xf0,0xf0,0x80,0xf0,0xf0,0xf0,0x80,0xef,0xef,0xef,0x80,
	0xef,0xef,0xef,0x80,0xee,0xee,0xee,0x80,0xee,0xee,0xee,0x80,0xed,0xed,0xed,0x80,
	0xed,0xed,0xed,0x80,0xec,0xec,0xec,0x80,0xec,0xec,0xec,0x80,0xeb,0xeb,0xeb,0x80,
	0xeb,0xeb,0xeb,0x80,0xea,0xea,0xea,0x80,0xea,0xea,0xea,0x80,0xe9,0xe9,0xe9,0x80,
	0xe9,0xe9,0xe9,0x80,0xe8,0xe8,0xe8,0x80,0xe8,0xe8,0xe8,0x80,0xe7,0xe7,0xe7,0x80,
	0xd1,0xd1,0xd1,0x64,0x00,0x00,0x00,0x16,0x00,0x00,0x00,0x0a,0x00,0x00,0x00,0x03,
	0x00,0x00,0x00,0x00,0x00,0x00,0x00,0x00,0x00,0x00,0x00,0x00,0x00,0x00,0x00,0x00,
	0x00,0x00,0x00,0x00,0x00,0x00,0x00,0x00,0x00,0x00,0x00,0x00,0x00,0x00,0x00,0x00,
	0x00,0x00,0x00,0x00,0x00,0x00,0x00,0x01,0xcd,0xcd,0xcd,0x19,0xf6,0xf6,0xf6,0x80,
	0xf5,0xf5,0xf5,0x80,0xf5,0xf5,0xf5,0x80,0xf4,0xf4,0xf4,0x80,0xf4,0xf4,0xf4,0x80,
	0xf4,0xf4,0xf4,0x80,0xf3,0xf3,0xf3,0x80,0xf3,0xf3,0xf3,0x80,0xf2,0xf2,0xf2,0x80,
	0xf2,0xf2,0xf2,0x80,0xf1,0xf1,0xf1,0x80,0xf1,0xf1,0xf1,0x80,0xf0,0xf0,0xf0,0x80,
	0xf0,0xf0,0xf0,0x80,0xef,0xef,0xef,0x80,0xef,0xef,0xef,0x80,0xee,0xee,0xee,0x80,
	0xee,0xee,0xee,0x80,0xed,0xed,0xed,0x80,0xed,0xed,0xed,0x80,0xec,0xec,0xec,0x80,
	0xec,0xec,0xec,0x80,0xeb,0xeb,0xeb,0x80,0xeb,0xeb,0xeb,0x80,0xea,0xea,0xea,0x80,
	0xea,0xea,0xea,0x80,0xe9,0xe9,0xe9,0x80,0xe9,0xe9,0xe9,0x80,0xe8,0xe8,0xe8,0x80,
	0xe8,0xe8,0xe8,0x80,0xe7,0xe7,0xe7,0x80,0xe6,0xe6,0xe6,0x80,0xe6,0xe6,0xe6,0x80,
	0xdb,0xdb,0xdb,0x73,0x00,0x00,0x00,0x18,0x00,0x00,0x00,0x0b,0x00,0x00,0x00,0x03,
	0x00,0x00,0x00,0x00,0x00,0x00,0x00,0x00,0x00,0x00,0x00,0x00,0x00,0x00,0x00,0x00,
	0x00,0x00,0x00,0x00,0x00,0x00,0x00,0x00,0x00,0x00,0x00,0x00,0x00,0x00,0x00,0x00,
	0x00,0x00,0x00,0x00,0x00,0x00,0x00,0x01,0xda,0xda,0xda,0x2a,0xf5,0xf5,0xf5,0x80,
	0xf4,0xf4,0xf4,0x80,0xf4,0xf4,0xf4,0x80,0xf3,0xf3,0xf3,0x80,0xf3,0xf3,0xf3,0x80,
	0xf3,0xf3,0xf3,0x80,0xf2,0xf2,0xf2,0x80,0xf2,0xf2,0xf2,0x80,0xf1,0xf1,0xf1,0x80,
	0xf1,0xf1,0xf1,0x80,0xf0,0xf0,0xf0,0x80,0xf0,0xf0,0xf0,0x80,0xef,0xef,0xef,0x80,
	0xef,0xef,0xef,0x80,0xee,0xee,0xee,0x80,0xee,0xee,0xee,0x80,0xed,0xed,0xed,0x80,
	0xed,0xed,0xed,0x80,0xec,0xec,0xec,0x80,0xec,0xec,0xec,0x80,0xeb,0xeb,0xeb,0x80,
	0xeb,0xeb,0xeb,0x80,0xea,0xea,0xea,0x80,0xea,0xea,0xea,0x80,0xe9,0xe9,0xe9,0x80,
	0xe8,0xe8,0xe8,0x80,0xe8,0xe8,0xe8,0x80,0xe7,0xe7,0xe7,0x80,0xe7,0xe7,0xe7,0x80,
	0xe6,0xe6,0xe6,0x80,0xe6,0xe6,0xe6,0x80,0xe5,0xe5,0xe5,0x80,0xe5,0xe5,0xe5,0x80,
	0xe3,0xe3,0xe3,0x7e,0x11,0x11,0x11,0x1b,0x00,0x00,0x00,0x0d,0x00,0x00,0x00,0x04,
	0x00,0x00,0x00,0x00,0x00,0x00,0x00,0x00,0x00,0x00,0x00,0x00,0x00,0x00,0x00,0x00,
	0x00,0x00,0x00,0x00,0x00,0x00,0x00,0x00,0x00,0x00,0x00,0x00,0x00,0x00,0x00,0x00,
	0x00,0x00,0x00,0x00,0x00,0x00,0x00,0x02,0xe3,0xe3,0xe3,0x3a,0xf4,0xf4,0xf4,0x80,
	0xf3,0xf3,0xf3,0x80,0xf3,0xf3,0xf3,0x80,0xf2,0xf2,0xf2,0x80,0xf2,0xf2,0xf2,0x80,
	0xf2,0xf2,0xf2,0x80,0xf1,0xf1,0xf1,0x80,0xf1,0xf1,0xf1,0x80,0xf0,0xf0,0xf0,0x80,
	0xf0,0xf0,0xf0,0x80,0xef,0xef,0xef,0x80,0xef,0xef,0xef,0x80,0xee,0xee,0xee,0x80,
	0xee,0xee,0xee,0x80,0xed,0xed,0xed,0x80,0xed,0xed,0xed,0x80,0xec,0xec,0xec,0x80,
	0xec,0xec,0xec,0x80,0xeb,0xeb,0xeb,0x80,0xea,0xea,0xea,0x80,0xea,0xea,0xea,0x80,
	0xe9,0xe9,0xe9,0x80,0xe9,0xe9,0xe9,0x80,0xe8,0xe8,0xe8,0x80,0xe8,0xe8,0xe8,0x80,
	0xe7,0xe7,0xe7,0x80,0xe7,0xe7,0xe7,0x80,0xe6,0xe6,0xe6,0x80,0xe6,0xe6,0xe6,0x80,
	0xe5,0xe5,0xe5,0x80,0xe5,0xe5,0xe5,0x80,0xe4,0xe4,0xe4,0x80,0xe4,0xe4,0xe4,0x80,
	0xe3,0xe3,0xe3,0x80,0x61,0x61,0x61,0x29,0x00,0x00,0x00,0x0e,0x00,0x00,0x00,0x05,
	0x00,0x00,0x00,0x01,0x00,0x00,0x00,0x00,0x00,0x00,0x00,0x00,0x00,0x00,0x00,0x00,
	0x00,0x00,0x00,0x00,0x00,0x00,0x00,0x00,0x00,0x00,0x00,0x00,0x00,0x00,0x00,0x00,
	0x00,0x00,0x00,0x00,0x00,0x00,0x00,0x02,0xe6,0xe6,0xe6,0x4a,0xf3,0xf3,0xf3,0x80,
	0xf2,0xf2,0xf2,0x80,0xf2,0xf2,0xf2,0x80,0xf1,0xf1,0xf1,0x80,0xf1,0xf1,0xf1,0x80,
	0xf0,0xf0,0xf0,0x80,0xf0,0xf0,0xf0,0x80,0xef,0xef,0xef,0x80,0xef,0xef,0xef,0x80,
	0xee,0xee,0xee,0x80,0xee,0xee,0xee,0x80,0xed,0xed,0xed,0x80,0xed,0xed,0xed,0x80,
	0xec,0xec,0xec,0x80,0xec,0xec,0xec,0x80,0xeb,0xeb,0xeb,0x80,0xeb,0xeb,0xeb,0x80,
	0xea,0xea,0xea,0x80,0xea,0xea,0xea,0x80,0xe9,0xe9,0xe9,0x80,0xe9,0xe9,0xe9,0x80,
	0xe8,0xe8,0xe8,0x80,0xe8,0xe8,0xe8,0x80,0xe7,0xe7,0xe7,0x80,0xe7,0xe7,0xe7,0x80,
	0xe6,0xe6,0xe6,0x80,0xe6,0xe6,0xe6,0x80,0xe5,0xe5,0xe5,0x80,0xe5,0xe5,0xe5,0x80,
	0xe4,0xe4,0xe4,0x80,0xe4,0xe4,0xe4,0x80,0xe3,0xe3,0xe3,0x80,0xe2,0xe2,0xe2,0x80,
	0xe2,0xe2,0xe2,0x80,0x8f,0x8f,0x8f,0x39,0x00,0x00,0x00,0x10,0x00,0x00,0x00,0x06,
	0x00,0x00,0x00,0x01,0x00,0x00,0x00,0x00,0x00,0x00,0x00,0x00,0x00,0x00,0x00,0x00,
	0x00,0x00,0x00,0x00,0x00,0x00,0x00,0x00,0x00,0x00,0x00,0x00,0x00,0x00,0x00,0x00,
	0x00,0x00,0x00,0x00,0x00,0x00,0x00,0x03,0xe9,0xe9,0xe9,0x59,0xf2,0xf2,0xf2,0x80,
	0xf1,0xf1,0xf1,0x80,0xf1,0xf1,0xf1,0x80,0xf0,0xf0,0xf0,0x80,0xf0,0xf0,0xf0,0x80,
	0xef,0xef,0xef,0x80,0xef,0xef,0xef,0x80,0xee,0xee,0xee,0x80,0xee,0xee,0xee,0x80,
	0xed,0xed,0xed,0x80,0xed,0xed,0xed,0x80,0xec,0xec,0xec,0x80,0xec,0xec,0xec,0x80,
	0xeb,0xeb,0xeb,0x80,0xeb,0xeb,0xeb,0x80,0xea,0xea,0xea,0x80,0xea,0xea,0xea,0x80,
	0xe9,0xe9,0xe9,0x80,0xe9,0xe9,0xe9,0x80,0xe8,0xe8,0xe8,0x80,0xe8,0xe8,0xe8,0x80,
	0xe7,0xe7,0xe7,0x80,0xe7,0xe7,0xe7,0x80,0xe6,0xe6,0xe6,0x80,0xe6,0xe6,0xe6,0x80,
	0xe5,0xe5,0xe5,0x80,0xe4,0xe4,0xe4,0x80,0xe4,0xe4,0xe4,0x80,0xe3,0xe3,0xe3,0x80,
	0xe3,0xe3,0xe3,0x80,0xe2,0xe2,0xe2,0x80,0xe2,0xe2,0xe2,0x80,0xe1,0xe1,0xe1,0x80,
	0xe1,0xe1,0xe1,0x80,0xaa,0xaa,0xaa,0x48,0x00,0x00,0x00,0x12,0x00,0x00,0x00,0x07,
	0x00,0x00,0x00,0x02,0x00,0x00,0x00,0x00,0x00,0x00,0x00,0x00,0x00,0x00,0x00,0x00,
	0x00,0x00,0x00,0x00,0x00,0x00,0x00,0x00,0x00,0x00,0x00,0x00,0x00,0x00,0x00,0x00,
	0x00,0x00,0x00,0x00,0x00,0x00,0x00,0x03,0xec,0xec,0xec,0x68,0xf1,0xf1,0xf1,0x80,
	0xf0,0xf0,0xf0,0x80,0xf0,0xf0,0xf0,0x80,0xef,0xef,0xef,0x80,0xef,0xef,0xef,0x80,
	0xee,0xee,0xee,0x80,0xee,0xee,0xee,0x80,0xed,0xed,0xed,0x80,0xed,0xed,0xed,0x80,
	0xec,0xec,0xec,0x80,0xec,0xec,0xec,0x80,0xeb,0xeb,0xeb,0x80,0xeb,0xeb,0xeb,0x80,
	0xea,0xea,0xea,0x80,0xea,0xea,0xea,0x80,0xe9,0xe9,0xe9,0x80,0xe9,0xe9,0xe9,0x80,
	0xe8,0xe8,0xe8,0x80,0xe8,0xe8,0xe8,0x80,0xe7,0xe7,0xe7,0x80,0xe7,0xe7,0xe7,0x80,
	0xe6,0xe6,0xe6,0x80,0xe5,0xe5,0xe5,0x80,0xe5,0xe5,0xe5,0x80,0xe4,0xe4,0xe4,0x80,
	0xe4,0xe4,0xe4,0x80,0xe3,0xe3,0xe3,0x80,0xe3,0xe3,0xe3,0x80,0xe2,0xe2,0xe2,0x80,
	0xe2,0xe2,0xe2,0x80,0xe1,0xe1,0xe1,0x80,0xe1,0xe1,0xe1,0x80,0xe0,0xe0,0xe0,0x80,
	0xe0,0xe0,0xe0,0x80,0xbc,0xbc,0xbc,0x56,0x00,0x00,0x00,0x14,0x00,0x00,0x00,0x09,
	0x00,0x00,0x00,0x02,0x00,0x00,0x00,0x00,0x00,0x00,0x00,0x00,0x00,0x00,0x00,0x00,
	0x00,0x00,0x00,0x00,0x00,0x00,0x00,0x00,0x00,0x00,0x00,0x00,0x00,0x00,0x00,0x00,
	0x00,0x00,0x00,0x00,0x00,0x00,0x00,0x04,0xee,0xee,0xee,0x78,0xf0,0xf0,0xf0,0x80,
	0xef,0xef,0xef,0x80,0xef,0xef,0xef,0x80,0xee,0xee,0xee,0x80,0xee,0xee,0xee,0x80,
	0xed,0xed,0xed,0x80,0xed,0xed,0xed,0x80,0xec,0xec,0xec,0x80,0xec,0xec,0xec,0x80,
	0xeb,0xeb,0xeb,0x80,0xeb,0xeb,0xeb,0x80,0xea,0xea,0xea,0x80,0xea,0xea,0xea,0x80,
	0xe9,0xe9,0xe9,0x80,0xe9,0xe9,0xe9,0x80,0xe8,0xe8,0xe8,0x80,0xe7,0xe7,0xe7,0x80,
	0xe7,0xe7,0xe7,0x80,0xe6,0xe6,0xe6,0x80,0xe6,0xe6,0xe6,0x80,0xe5,0xe5,0xe5,0x80,
	0xe5,0xe5,0xe5,0x80,0xe4,0xe4,0xe4,0x80,0xe4,0xe4,0xe4,0x80,0xe3,0xe3,0xe3,0x80,
	0xe3,0xe3,0xe3,0x80,0xe2,0xe2,0xe2,0x80,0xe2,0xe2,0xe2,0x80,0xe1,0xe1,0xe1,0x80,
	0xe1,0xe1,0xe1,0x80,0xe0,0xe0,0xe0,0x80,0xe0,0xe0,0xe0,0x80,0xdf,0xdf,0xdf,0x80,
	0xde,0xde,0xde,0x80,0xc9,0xc9,0xc9,0x64,0x00,0x00,0x00,0x16,0x00,0x00,0x00,0x0a,
	0x00,0x00,0x00,0x03,0x00,0x00,0x00,0x00,0x00,0x00,0x00,0x00,0x00,0x00,0x00,0x00,
	0x00,0x00,0x00,0x00,0x00,0x00,0x00,0x00,0x00,0x00,0x00,0x00,0x00,0x00,0x00,0x00,
	0x00,0x00,0x00,0x00,0x9c,0x9c,0x9c,0x0c,0xef,0xef,0xef,0x80,0xef,0xef,0xef,0x80,
	0xee,0xee,0xee,0x80,0xee,0xee,0xee,0x80,0xed,0xed,0xed,0x80,0xed,0xed,0xed,0x80,
	0xec,0xec,0xec,0x80,0xec,0xec,0xec,0x80,0xeb,0xeb,0xeb,0x80,0xeb,0xeb,0xeb,0x80,
	0xea,0xea,0xea,0x80,0xe9,0xe9,0xe9,0x80,0xe9,0xe9,0xe9,0x80,0xe8,0xe8,0xe8,0x80,
	0xe8,0xe8,0xe8,0x80,0xe7,0xe7,0xe7,0x80,0xe7,0xe7,0xe7,0x80,0xe6,0xe6,0xe6,0x80,
	0xe6,0xe6,0xe6,0x80,0xe5,0xe5,0xe5,0x80,0xe5,0xe5,0xe5,0x80,0xe4,0xe4,0xe4,0x80,
	0xe4,0xe4,0xe4,0x80,0xe3,0xe3,0xe3,0x80,0xe3,0xe3,0xe3,0x80,0xe2,0xe2,0xe2,0x80,
	0xe2,0xe2,0xe2,0x80,0xe1,0xe1,0xe1,0x80,0xe0,0xe0,0xe0,0x80,0xe0,0xe0,0xe0,0x80,
	0xdf,0xdf,0xdf,0x80,0xdf,0xdf,0xdf,0x80,0xde,0xde,0xde,0x80,0xde,0xde,0xde,0x80,
	0xdd,0xdd,0xdd,0x80,0xd3,0xd3,0xd3,0x71,0x00,0x00,0x00,0x18,0x00,0x00,0x00,0x0b,
	0x00,0x00,0x00,0x03,0x00,0x00,0x00,0x00,0x00,0x00,0x00,0x00,0x00,0x00,0x00,0x00,
	0x00,0x00,0x00,0x00,0x00,0x00,0x00,0x00,0x00,0x00,0x00,0x00,0x00,0x00,0x00,0x00,
	0x00,0x00,0x00,0x01,0xc9,0xc9,0xc9,0x1c,0xee,0xee,0xee,0x80,0xee,0xee,0xee,0x80,
	0xed,0xed,0xed,0x80,0xed,0xed,0xed,0x80,0xec,0xec,0xec,0x80,0xeb,0xeb,0xeb,0x80,
	0xeb,0xeb,0xeb,0x80,0xea,0xea,0xea,0x80,0xea,0xea,0xea,0x80,0xe9,0xe9,0xe9,0x80,
	0xe9,0xe9,0xe9,0x80,0xe8,0xe8,0xe8,0x80,0xe8,0xe8,0xe8,0x80,0xe7,0xe7,0xe7,0x80,
	0xe7,0xe7,0xe7,0x80,0xe6,0xe6,0xe6,0x80,0xe6,0xe6,0xe6,0x80,0xe5,0xe5,0xe5,0x80,
	0xe5,0xe5,0xe5,0x80,0xe4,0xe4,0xe4,0x80,0xe4,0xe4,0xe4,0x80,0xe3,0xe3,0xe3,0x80,
	0xe2,0xe2,0xe2,0x80,0xe2,0xe2,0xe2,0x80,0xe1,0xe1,0xe1,0x80,0xe1,0xe1,0xe1,0x80,
	0xe0,0xe0,0xe0,0x80,0xe0,0xe0,0xe0,0x80,0xdf,0xdf,0xdf,0x80,0xdf,0xdf,0xdf,0x80,
	0xde,0xde,0xde,0x80,0xde,0xde,0xde,0x80,0xdd,0xdd,0xdd,0x80,0xdd,0xdd,0xdd,0x80,
	0xdc,0xdc,0xdc,0x80,0xdb,0xdb,0xdb,0x7e,0x0d,0x0d,0x0d,0x1a,0x00,0x00,0x00,0x0d,
	0x00,0x00,0x00,0x04,0x00,0x00,0x00,0x00,0x00,0x00,0x00,0x00,0x00,0x00,0x00,0x00,
	0x00,0x00,0x00,0x00,0x00,0x00,0x00,0x00,0x00,0x00,0x00,0x00,0x00,0x00,0x00,0x00,
	0x00,0x00,0x00,0x01,0xd5,0xd5,0xd5,0x2c,0xed,0xed,0xed,0x80,0xec,0xec,0xec,0x80,
	0xec,0xec,0xec,0x80,0xeb,0xeb,0xeb,0x80,0xeb,0xeb,0xeb,0x80,0xea,0xea,0xea,0x80,
	0xea,0xea,0xea,0x80,0xe9,0xe9,0xe9,0x80,0xe9,0xe9,0xe9,0x80,0xe8,0xe8,0xe8,0x80,
	0xe8,0xe8,0xe8,0x80,0xe7,0xe7,0xe7,0x80,0xe7,0xe7,0xe7,0x80,0xe6,0xe6,0xe6,0x80,
	0xe6,0xe6,0xe6,0x80,0xe5,0xe5,0xe5,0x80,0xe5,0xe5,0xe5,0x80,0xe4,0xe4,0xe4,0x80,
	0xe3,0xe3,0xe3,0x80,0xe3,0xe3,0xe3,0x80,0xe2,0xe2,0xe2,0x80,0xe2,0xe2,0xe2,0x80,
	0xe1,0xe1,0xe1,0x80,0xe1,0xe1,0xe1,0x80,0xe0,0xe0,0xe0,0x80,0xe0,0xe0,0xe0,0x80,
	0xdf,0xdf,0xdf,0x80,0xdf,0xdf,0xdf,0x80,0xde,0xde,0xde,0x80,0xde,0xde,0xde,0x80,
	0xdd,0xdd,0xdd,0x80,0xdd,0xdd,0xdd,0x80,0xdc,0xdc,0xdc,0x80,0xdc,0xdc,0xdc,0x80,
	0xdb,0xdb,0xdb,0x80,0xdb,0xdb,0xdb,0x80,0x5a,0x5a,0x5a,0x28,0x00,0x00,0x00,0x0e,
	0x00,0x00,0x00,0x05,0x00,0x00,0x00,0x01,0x00,0x00,0x00,0x00,0x00,0x00,0x00,0x00,
	0x00,0x00,0x00,0x00,0x00,0x00,0x00,0x00,0x00,0x00,0x00,0x00,0x00,0x00,0x00,0x00,
	0x00,0x00,0x00,0x02,0xdc,0xdc,0xdc,0x3d,0xec,0xec,0xec,0x80,0xeb,0xeb,0xeb,0x80,
	0xeb,0xeb,0xeb,0x80,0xea,0xea,0xea,0x80,0xea,0xea,0xea,0x80,0xe9,0xe9,0xe9,0x80,
	0xe9,0xe9,0xe9,0x80,0xe8,0xe8,0xe8,0x80,0xe8,0xe8,0xe8,0x80,0xe7,0xe7,0xe7,0x80,
	0xe7,0xe7,0xe7,0x80,0xe6,0xe6,0xe6,0x80,0xe5,0xe5,0xe5,0x80,0xe5,0xe5,0xe5,0x80,
	0xe4,0xe4,0xe4,0x80,0xe4,0xe4,0xe4,0x80,0xe3,0xe3,0xe3,0x80,0xe3,0xe3,0xe3,0x80,
	0xe2,0xe2,0xe2,0x80,0xe2,0xe2,0xe2,0x80,0xe1,0xe1,0xe1,0x80,0xe1,0xe1,0xe1,0x80,
	0xe0,0xe0,0xe0,0x80,0xe0,0xe0,0xe0,0x80,0xdf,0xdf,0xdf,0x80,0xdf,0xdf,0xdf,0x80,
	0xde,0xde,0xde,0x80,0xde,0xde,0xde,0x80,0xdd,0xdd,0xdd,0x80,0xdd,0xdd,0xdd,0x80,
	0xdc,0xdc,0xdc,0x80,0xdb,0xdb,0xdb,0x80,0xdb,0xdb,0xdb,0x80,0xda,0xda,0xda,0x80,
	0xda,0xda,0xda,0x80,0xd9,0xd9,0xd9,0x80,0x89,0x89,0x89,0x38,0x00,0x00,0x00,0x10,
	0x00,0x00,0x00,0x06,0x00,0x00,0x00,0x01,0x00,0x00,0x00,0x00,0x00,0x00,0x00,0x00,
	0x00,0x00,0x00,0x00,0x00,0x00,0x00,0x00,0x00,0x00,0x00,0x00,0x00,0x00,0x00,0x00,
	0x00,0x00,0x00,0x02,0xe0,0xe0,0xe0,0x4d,0xeb,0xeb,0xeb,0x80,0xea,0xea,0xea,0x80,
	0xea,0xea,0xea,0x80,0xe9,0xe9,0xe9,0x80,0xe9,0xe9,0xe9,0x80,0xe8,0xe8,0xe8,0x80,
	0xe8,0xe8,0xe8,0x80,0xe7,0xe7,0xe7,0x80,0xe6,0xe6,0xe6,0x80,0xe6,0xe6,0xe6,0x80,
	0xe5,0xe5,0xe5,0x80,0xe5,0xe5,0xe5,0x80,0xe4,0xe4,0xe4,0x80,0xe4,0xe4,0xe4,0x80,
	0xe3,0xe3,0xe3,0x80,0xe3,0xe3,0xe3,0x80,0xe2,0xe2,0xe2,0x80,0xe2,0xe2,0xe2,0x80,
	0xe1,0xe1,0xe1,0x80,0xe1,0xe1,0xe1,0x80,0xe0,0xe0,0xe0,0x80,0xe0,0xe0,0xe0,0x80,
	0xdf,0xdf,0xdf,0x80,0xdf,0xdf,0xdf,0x80,0xde,0xde,0xde,0x80,0xdd,0xdd,0xdd,0x80,
	0xdd,0xdd,0xdd,0x80,0xdc,0xdc,0xdc,0x80,0xdc,0xdc,0xdc,0x80,0xdb,0xdb,0xdb,0x80,
	0xdb,0xdb,0xdb,0x80,0xda,0xda,0xda,0x80,0xda,0xda,0xda,0x80,0xd9,0xd9,0xd9,0x80,
	0xd9,0xd9,0xd9,0x80,0xd8,0xd8,0xd8,0x80,0xa3,0xa3,0xa3,0x46,0x00,0x00,0x00,0x12,
	0x00,0x00,0x00,0x07,0x00,0x00,0x00,0x02,0x00,0x00,0x00,0x00,0x00,0x00,0x00,0x00,
	0x00,0x00,0x00,0x00,0x00,0x00,0x00,0x00,0x00,0x00,0x00,0x00,0x00,0x00,0x00,0x00,
	0x00,0x00,0x00,0x03,0xe3,0xe3,0xe3,0x5c,0xea,0xea,0xea,0x80,0xe9,0xe9,0xe9,0x80,
	0xe8,0xe8,0xe8,0x80,0xe8,0xe8,0xe8,0x80,0xe7,0xe7,0xe7,0x80,0xe7,0xe7,0xe7,0x80,
	0xe6,0xe6,0xe6,0x80,0xe6,0xe6,0xe6,0x80,0xe5,0xe5,0xe5,0x80,0xe5,0xe5,0xe5,0x80,
	0xe4,0xe4,0xe4,0x80,0xe4,0xe4,0xe4,0x80,0xe3,0xe3,0xe3,0x80,0xe3,0xe3,0xe3,0x80,
	0xe2,0xe2,0xe2,0x80,0xe2,0xe2,0xe2,0x80,0xe1,0xe1,0xe1,0x80,0xe1,0xe1,0xe1,0x80,
	0xe0,0xe0,0xe0,0x80,0xdf,0xdf,0xdf,0x80,0xdf,0xdf,0xdf,0x80,0xde,0xde,0xde,0x80,
	0xde,0xde,0xde,0x80,0xdd,0xdd,0xdd,0x80,0xdd,0xdd,0xdd,0x80,0xdc,0xdc,0xdc,0x80,
	0xdc,0xdc,0xdc,0x80,0xdb,0xdb,0xdb,0x80,0xdb,0xdb,0xdb,0x80,0xda,0xda,0xda,0x80,
	0xda,0xda,0xda,0x80,0xd9,0xd9,0xd9,0x80,0xd9,0xd9,0xd9,0x80,0xd8,0xd8,0xd8,0x80,
	0xd8,0xd8,0xd8,0x80,0xd7,0xd7,0xd7,0x80,0xb4,0xb4,0xb4,0x55,0x00,0x00,0x00,0x14,
	0x00,0x00,0x00,0x09,0x00,0x00,0x00,0x02,0x00,0x00,0x00,0x00,0x00,0x00,0x00,0x00,
	0x00,0x00,0x00,0x00,0x00,0x00,0x00,0x00,0x00,0x00,0x00,0x00,0x00,0x00,0x00,0x00,
	0x00,0x00,0x00,0x03,0xe4,0xe4,0xe4,0x6b,0xe8,0xe8,0xe8,0x80,0xe8,0xe8,0xe8,0x80,
	0xe7,0xe7,0xe7,0x80,0xe7,0xe7,0xe7,0x80,0xe6,0xe6,0xe6,0x80,0xe6,0xe6,0xe6,0x80,
	0xe5,0xe5,0xe5,0x80,0xe5,0xe5,0xe5,0x80,0xe4,0xe4,0xe4,0x80,0xe4,0xe4,0xe4,0x80,
	0xe3,0xe3,0xe3,0x80,0xe3,0xe3,0xe3,0x80,0xe2,0xe2,0xe2,0x80,0xe1,0xe1,0xe1,0x80,
	0xe1,0xe1,0xe1,0x80,0xe0,0xe0,0xe0,0x80,0xe0,0xe0,0xe0,0x80,0xdf,0xdf,0xdf,0x80,
	0xdf,0xdf,0xdf,0x80,0xde,0xde,0xde,0x80,0xde,0xde,0xde,0x80,0xdd,0xdd,0xdd,0x80,
	0xdd,0xdd,0xdd,0x80,0xdc,0xdc,0xdc,0x80,0xdc,0xdc,0xdc,0x80,0xdb,0xdb,0xdb,0x80,
	0xdb,0xdb,0xdb,0x80,0xda,0xda,0xda,0x80,0xda,0xda,0xda,0x80,0xd9,0xd9,0xd9,0x80,
	0xd9,0xd9,0xd9,0x80,0xd8,0xd8,0xd8,0x80,0xd8,0xd8,0xd8,0x80,0xd7,0xd7,0xd7,0x80,
	0xd7,0xd7,0xd7,0x80,0xd6,0xd6,0xd6,0x80,0xc2,0xc2,0xc2,0x63,0x00,0x00,0x00,0x15,
	0x00,0x00,0x00,0x0a,0x00,0x00,0x00,0x03,0x00,0x00,0x00,0x00,0x00,0x00,0x00,0x00,
	0x00,0x00,0x00,0x00,0x00,0x00,0x00,0x00,0x00,0x00,0x00,0x00,0x00,0x00,0x00,0x00,
	0x00,0x00,0x00,0x04,0xe7,0xe7,0xe7,0x7a,0xe7,0xe7,0xe7,0x80,0xe7,0xe7,0xe7,0x80,
	0xe6,0xe6,0xe6,0x80,0xe6,0xe6,0xe6,0x80,0xe5,0xe5,0xe5,0x80,0xe5,0xe5,0xe5,0x80,
	0xe4,0xe4,0xe4,0x80,0xe4,0xe4,0xe4,0x80,0xe3,0xe3,0xe3,0x80,0xe2,0xe2,0xe2,0x80,
	0xe2,0xe2,0xe2,0x80,0xe1,0xe1,0xe1,0x80,0xe1,0xe1,0xe1,0x80,0xe0,0xe0,0xe0,0x80,
	0xe0,0xe0,0xe0,0x80,0xdf,0xdf,0xdf,0x80,0xdf,0xdf,0xdf,0x80,0xde,0xde,0xde,0x80,
	0xde,0xde,0xde,0x80,0xdd,0xdd,0xdd,0x80,0xdd,0xdd,0xdd,0x80,0xdc,0xdc,0xdc,0x80,
	0xdc,0xdc,0xdc,0x80,0xdb,0xdb,0xdb,0x80,0xdb,0xdb,0xdb,0x80,0xda,0xda,0xda,0x80,
	0xda,0xda,0xda,0x80,0xd9,0xd9,0xd9,0x80,0xd9,0xd9,0xd9,0x80,0xd8,0xd8,0xd8,0x80,
	0xd8,0xd8,0xd8,0x80,0xd7,0xd7,0xd7,0x80,0xd7,0xd7,0xd7,0x80,0xd6,0xd6,0xd6,0x80,
	0xd6,0xd6,0xd6,0x80,0xd5,0xd5,0xd5,0x80,0xca,0xca,0xca,0x70,0x00,0x00,0x00,0x17,
	0x00,0x00,0x00,0x0b,0x00,0x00,0x00,0x03,0x00,0x00,0x00,0x00,0x00,0x00,0x00,0x00,
	0x00,0x00,0x00,0x00,0x00,0x00,0x00,0x00,0x00,0x00,0x00,0x00,0x00,0x00,0x00,0x00,
	0xa8,0xa8,0xa8,0x0f,0xe7,0xe7,0xe7,0x80,0xe6,0xe6,0xe6,0x80,0xe6,0xe6,0xe6,0x80,
	0xe5,0xe5,0xe5,0x80,0xe4,0xe4,0xe4,0x80,0xe4,0xe4,0xe4,0x80,0xe3,0xe3,0xe3,0x80,
	0xe3,0xe3,0xe3,0x80,0xe2,0xe2,0xe2,0x80,0xe2,0xe2,0xe2,0x80,0xe1,0xe1,0xe1,0x80,
	0xe1,0xe1,0xe1,0x80,0xe0,0xe0,0xe0,0x80,0xe0,0xe0,0xe0,0x80,0xdf,0xdf,0xdf,0x80,
	0xdf,0xdf,0xdf,0x80,0xde,0xde,0xde,0x80,0xde,0xde,0xde,0x80,0xdd,0xdd,0xdd,0x80,
	0xdd,0xdd,0xdd,0x80,0xdc,0xdc,0xdc,0x80,0xdc,0xdc,0xdc,0x80,0xdb,0xdb,0xdb,0x80,
	0xdb,0xdb,0xdb,0x80,0xda,0xda,0xda,0x80,0xda,0xda,0xda,0x80,0xd9,0xd9,0xd9,0x80,
	0xd9,0xd9,0xd9,0x80,0xd8,0xd8,0xd8,0x80,0xd8,0xd8,0xd8,0x80,0xd7,0xd7,0xd7,0x80,
	0xd7,0xd7,0xd7,0x80,0xd6,0xd6,0xd6,0x80,0xd6,0xd6,0xd6,0x80,0xd5,0xd5,0xd5,0x80,
	0xd5,0xd5,0xd5,0x80,0xd4,0xd4,0xd4,0x80,0xd2,0xd2,0xd2,0x7e,0x0c,0x0c,0x0c,0x1a,
	0x00,0x00,0x00,0x0c,0x00,0x00,0x00,0x04,0x00,0x00,0x00,0x00,0x00,0x00,0x00,0x00,
	0x00,0x00,0x00,0x00,0x00,0x00,0x00,0x00,0x00,0x00,0x00,0x00,0x00,0x00,0x00,0x01,
	0xc6,0xc6,0xc6,0x20,0xe5,0xe5,0xe5,0x80,0xe5,0xe5,0xe5,0x80,0xe4,0xe4,0xe4,0x80,
	0xe4,0xe4,0xe4,0x80,0xe3,0xe3,0xe3,0x80,0xe3,0xe3,0xe3,0x80,0xe2,0xe2,0xe2,0x80,
	0xe2,0xe2,0xe2,0x80,0xe1,0xe1,0xe1,0x80,0xe1,0xe1,0xe1,0x80,0xe0,0xe0,0xe0,0x80,
	0xe0,0xe0,0xe0,0x80,0xdf,0xdf,0xdf,0x80,0xdf,0xdf,0xdf,0x80,0xde,0xde,0xde,0x80,
	0xde,0xde,0xde,0x80,0xdd,0xdd,0xdd,0x80,0xdc,0xdc,0xdc,0x80,0xdc,0xdc,0xdc,0x80,
	0xdb,0xdb,0xdb,0x80,0xdb,0xdb,0xdb,0x80,0xda,0xda,0xda,0x80,0xda,0xda,0xda,0x80,
	0xd9,0xd9,0xd9,0x80,0xd9,0xd9,0xd9,0x80,0xd8,0xd8,0xd8,0x80,0xd8,0xd8,0xd8,0x80,
	0xd7,0xd7,0xd7,0x80,0xd7,0xd7,0xd7,0x80,0xd6,0xd6,0xd6,0x80,0xd6,0xd6,0xd6,0x80,
	0xd6,0xd6,0xd6,0x80,0xd5,0xd5,0xd5,0x80,0xd5,0xd5,0xd5,0x80,0xd4,0xd4,0xd4,0x80,
	0xd4,0xd4,0xd4,0x80,0xd3,0xd3,0xd3,0x80,0xd3,0xd3,0xd3,0x80,0x53,0x53,0x53,0x27,
	0x00,0x00,0x00,0x0e,0x00,0x00,0x00,0x05,0x00,0x00,0x00,0x01,0x00,0x00,0x00,0x00,
	0x00,0x00,0x00,0x00,0x00,0x00,0x00,0x00,0x00,0x00,0x00,0x00,0x00,0x00,0x00,0x01,
	0xcf,0xcf,0xcf,0x30,0xe4,0xe4,0xe4,0x80,0xe4,0xe4,0xe4,0x80,0xe3,0xe3,0xe3,0x80,
	0xe3,0xe3,0xe3,0x80,0xe2,0xe2,0xe2,0x80,0xe2,0xe2,0xe2,0x80,0xe1,0xe1,0xe1,0x80,
	0xe1,0xe1,0xe1,0x80,0xe0,0xe0,0xe0,0x80,0xe0,0xe0,0xe0,0x80,0xdf,0xdf,0xdf,0x80,
	0xde,0xde,0xde,0x80,0xde,0xde,0xde,0x80,0xdd,0xdd,0xdd,0x80,0xdd,0xdd,0xdd,0x80,
	0xdc,0xdc,0xdc,0x80,0xdc,0xdc,0xdc,0x80,0xdb,0xdb,0xdb,0x80,0xdb,0xdb,0xdb,0x80,
	0xda,0xda,0xda,0x80,0xda,0xda,0xda,0x80,0xd9,0xd9,0xd9,0x80,0xd9,0xd9,0xd9,0x80,
	0xd8,0xd8,0xd8,0x80,0xd8,0xd8,0xd8,0x80,0xd7,0xd7,0xd7,0x80,0xd7,0xd7,0xd7,0x80,
	0xd6,0xd6,0xd6,0x80,0xd6,0xd6,0xd6,0x80,0xd5,0xd5,0xd5,0x80,0xd5,0xd5,0xd5,0x80,
	0xd5,0xd5,0xd5,0x80,0xd4,0xd4,0xd4,0x80,0xd4,0xd4,0xd4,0x80,0xd3,0xd3,0xd3,0x80,
	0xd3,0xd3,0xd3,0x80,0xd2,0xd2,0xd2,0x80,0xd2,0xd2,0xd2,0x80,0x81,0x81,0x81,0x37,
	0x00,0x00,0x00,0x10,0x00,0x00,0x00,0x06,0x00,0x00,0x00,0x01,0x00,0x00,0x00,0x00,
	0x00,0x00,0x00,0x00,0x00,0x00,0x00,0x00,0x00,0x00,0x00,0x00,0x00,0x00,0x00,0x02,
	0xd6,0xd6,0xd6,0x3f,0xe3,0xe3,0xe3,0x80,0xe3,0xe3,0xe3,0x80,0xe2,0xe2,0xe2,0x80,
	0xe2,0xe2,0xe2,0x80,0xe1,0xe1,0xe1,0x80,0xe0,0xe0,0xe0,0x80,0xe0,0xe0,0xe0,0x80,
	0xdf,0xdf,0xdf,0x80,0xdf,0xdf,0xdf,0x80,0xde,0xde,0xde,0x80,0xde,0xde,0xde,0x80,
	0xdd,0xdd,0xdd,0x80,0xdd,0xdd,0xdd,0x80,0xdc,0xdc,0xdc,0x80,0xdc,0xdc,0xdc,0x80,
	0xdb,0xdb,0xdb,0x80,0xdb,0xdb,0xdb,0x80,0xda,0xda,0xda,0x80,0xda,0xda,0xda,0x80,
	0xd9,0xd9,0xd9,0x80,0xd9,0xd9,0xd9,0x80,0xd8,0xd8,0xd8,0x80,0xd8,0xd8,0xd8,0x80,
	0xd7,0xd7,0xd7,0x80,0xd7,0xd7,0xd7,0x80,0xd6,0xd6,0xd6,0x80,0xd6,0xd6,0xd6,0x80,
	0xd5,0xd5,0xd5,0x80,0xd5,0xd5,0xd5,0x80,0xd4,0xd4,0xd4,0x80,0xd4,0xd4,0xd4,0x80,
	0xd4,0xd4,0xd4,0x80,0xd3,0xd3,0xd3,0x80,0xd3,0xd3,0xd3,0x80,0xd2,0xd2,0xd2,0x80,
	0xd2,0xd2,0xd2,0x80,0xd1,0xd1,0xd1,0x80,0xd1,0xd1,0xd1,0x80,0x9d,0x9d,0x9d,0x46,
	0x00,0x00,0x00,0x12,0x00,0x00,0x00,0x07,0x00,0x00,0x00,0x02,0x00,0x00,0x00,0x00,
	0x00,0x00,0x00,0x00,0x00,0x00,0x00,0x00,0x00,0x00,0x00,0x00,0x00,0x00,0x00,0x02,
	0xd8,0xd8,0xd8,0x50,0xe2,0xe2,0xe2,0x80,0xe1,0xe1,0xe1,0x80,0xe1,0xe1,0xe1,0x80,
	0xe0,0xe0,0xe0,0x80,0xe0,0xe0,0xe0,0x80,0xdf,0xdf,0xdf,0x80,0xdf,0xdf,0xdf,0x80,
	0xde,0xde,0xde,0x80,0xde,0xde,0xde,0x80,0xdd,0xdd,0xdd,0x80,0xdd,0xdd,0xdd,0x80,
	0xdc,0xdc,0xdc,0x80,0xdc,0xdc,0xdc,0x80,0xdb,0xdb,0xdb,0x80,0xdb,0xdb,0xdb,0x80,
	0xda,0xda,0xda,0x80,0xda,0xda,0xda,0x80,0xd9,0xd9,0xd9,0x80,0xd9,0xd9,0xd9,0x80,
	0xd8,0xd8,0xd8,0x80,0xd8,0xd8,0xd8,0x80,0xd7,0xd7,0xd7,0x80,0xd7,0xd7,0xd7,0x80,
	0xd6,0xd6,0xd6,0x80,0xd6,0xd6,0xd6,0x80,0xd5,0xd5,0xd5,0x80,0xd5,0xd5,0xd5,0x80,
	0xd4,0xd4,0xd4,0x80,0xd4,0xd4,0xd4,0x80,0xd3,0xd3,0xd3,0x80,0xd3,0xd3,0xd3,0x80,
	0xd3,0xd3,0xd3,0x80,0xd2,0xd2,0xd2,0x80,0xd2,0xd2,0xd2,0x80,0xd1,0xd1,0xd1,0x80,
	0xd1,0xd1,0xd1,0x80,0xd0,0xd0,0xd0,0x80,0xd0,0xd0,0xd0,0x80,0xae,0xae,0xae,0x54,
	0x00,0x00,0x00,0x14,0x00,0x00,0x00,0x08,0x00,0x00,0x00,0x02,0x00,0x00,0x00,0x00,
	0x00,0x00,0x00,0x00,0x00,0x00,0x00,0x00,0x00,0x00,0x00,0x00,0x00,0x00,0x00,0x03,
	0xda,0xda,0xda,0x5f,0xe1,0xe1,0xe1,0x80,0x9e,0x9e,0x9e,0x80,0x82,0x82,0x82,0x80,
	0x9e,0x9e,0x9e,0x80,0xdf,0xdf,0xdf,0x80,0xde,0xde,0xde,0x80,0xde,0xde,0xde,0x80,
	0xdd,0xdd,0xdd,0x80,0xdd,0xdd,0xdd,0x80,0xdc,0xdc,0xdc,0x80,0xdc,0xdc,0xdc,0x80,
	0xdb,0xdb,0xdb,0x80,0xdb,0xdb,0xdb,0x80,0xda,0xda,0xda,0x80,0xda,0xda,0xda,0x80,
	0xd9,0xd9,0xd9,0x80,0xd9,0xd9,0xd9,0x80,0xd8,0xd8,0xd8,0x80,0xd8,0xd8,0xd8,0x80,
	0xd7,0xd7,0xd7,0x80,0xd7,0xd7,0xd7,0x80,0xd6,0xd6,0xd6,0x80,0xd6,0xd6,0xd6,0x80,
	0xd5,0xd5,0xd5,0x80,0xd5,0xd5,0xd5,0x80,0xd4,0xd4,0xd4,0x80,0xd4,0xd4,0xd4,0x80,
	0xd3,0xd3,0xd3,0x80,0xd3,0xd3,0xd3,0x80,0xd2,0xd2,0xd2,0x80,0xd2,0xd2,0xd2,0x80,
	0xd2,0xd2,0xd2,0x80,0xd1,0xd1,0xd1,0x80,0xd1,0xd1,0xd1,0x80,0x93,0x93,0x93,0x80,
	0x78,0x78,0x78,0x80,0x93,0x93,0x93,0x80,0xcf,0xcf,0xcf,0x80,0xba,0xba,0xba,0x63,
	0x00,0x00,0x00,0x15,0x00,0x00,0x00,0x0a,0x00,0x00,0x00,0x03,0x00,0x00,0x00,0x00,
	0x00,0x00,0x00,0x00,0x00,0x00,0x00,0x00,0x00,0x00,0x00,0x00,0x00,0x00,0x00,0x03,
	0xdd,0xdd,0xdd,0x6e,0xe0,0xe0,0xe0,0x80,0xa0,0xa0,0xa0,0x80,0xb4,0xb4,0xb4,0x80,
	0xc6,0xc6,0xc6,0x80,0xde,0xde,0xde,0x80,0xdd,0xdd,0xdd,0x80,0xdd,0xdd,0xdd,0x80,
	0xdc,0xdc,0xdc,0x80,0xdb,0xdb,0xdb,0x80,0xdb,0xdb,0xdb,0x80,0xda,0xda,0xda,0x80,
	0xda,0xda,0xda,0x80,0xd9,0xd9,0xd9,0x80,0xd9,0xd9,0xd9,0x80,0xd8,0xd8,0xd8,0x80,
	0xd8,0xd8,0xd8,0x80,0xd7,0xd7,0xd7,0x80,0xd7,0xd7,0xd7,0x80,0xd7,0xd7,0xd7,0x80,
	0xd6,0xd6,0xd6,0x80,0xd6,0xd6,0xd6,0x80,0xd5,0xd5,0xd5,0x80,0xd5,0xd5,0xd5,0x80,
	0xd4,0xd4,0xd4,0x80,0xd4,0xd4,0xd4,0x80,0xd3,0xd3,0xd3,0x80,0xd3,0xd3,0xd3,0x80,
	0xd2,0xd2,0xd2,0x80,0xd2,0xd2,0xd2,0x80,0xd2,0xd2,0xd2,0x80,0xd1,0xd1,0xd1,0x80,
	0xd1,0xd1,0xd1,0x80,0xd0,0xd0,0xd0,0x80,0xd0,0xd0,0xd0,0x80,0x96,0x96,0x96,0x80,
	0xab,0xab,0xab,0x80,0xbc,0xbc,0xbc,0x80,0xce,0xce,0xce,0x80,0xc3,0xc3,0xc3,0x70,
	0x00,0x00,0x00,0x17,0x00,0x00,0x00,0x0b,0x00,0x00,0x00,0x03,0x00,0x00,0x00,0x00,
	0x00,0x00,0x00,0x00,0x00,0x00,0x00,0x00,0x00,0x00,0x00,0x00,0x00,0x00,0x00,0x04,
	0xdf,0xdf,0xdf,0x7d,0xe0,0xe0,0xe0,0x80,0xdf,0xdf,0xdf,0x80,0xde,0xde,0xde,0x80,
	0xde,0xde,0xde,0x80,0xdd,0xdd,0xdd,0x80,0xdd,0xdd,0xdd,0x80,0xdc,0xdc,0xdc,0x80,
	0xdc,0xdc,0xdc,0x80,0xdb,0xdb,0xdb,0x80,0xdb,0xdb,0xdb,0x80,0xda,0xda,0xda,0x80,
	0xda,0xda,0xda,0x80,0xd9,0xd9,0xd9,0x80,0xd9,0xd9,0xd9,0x80,0xd8,0xd8,0xd8,0x80,
	0xd8,0xd8,0xd8,0x80,0xd7,0xd7,0xd7,0x80,0xd7,0xd7,0xd7,0x80,0xd6,0xd6,0xd6,0x80,
	0xd6,0xd6,0xd6,0x80,0xd6,0xd6,0xd6,0x80,0xd5,0xd5,0xd5,0x80,0xd5,0xd5,0xd5,0x80,
	0xd4,0xd4,0xd4,0x80,0xd4,0xd4,0xd4,0x80,0xd3,0xd3,0xd3,0x80,0xd3,0xd3,0xd3,0x80,
	0xd2,0xd2,0xd2,0x80,0xd2,0xd2,0xd2,0x80,0xd2,0xd2,0xd2,0x80,0xd0,0xd0,0xd0,0x80,
	0xd0,0xd0,0xd0,0x80,0xcf,0xcf,0xcf,0x80,0xcf,0xcf,0xcf,0x80,0xcf,0xcf,0xcf,0x80,
	0xce,0xce,0xce,0x80,0xce,0xce,0xce,0x80,0xce,0xce,0xce,0x80,0xca,0xca,0xca,0x7e,
	0x00,0x00,0x00,0x19,0x00,0x00,0x00,0x0c,0x00,0x00,0x00,0x04,0x00,0x00,0x00,0x00,
	0x00,0x00,0x00,0x00,0x00,0x00,0x00,0x00,0x00,0x00,0x00,0x00,0x00,0x00,0x00,0x04,
	0xe9,0xe9,0xe9,0x7e,0xe9,0xe9,0xe9,0x80,0xea,0xea,0xea,0x80,0xea,0xea,0xea,0x80,
	0xea,0xea,0xea,0x80,0xe9,0xe9,0xe9,0x80,0xea,0xea,0xea,0x80,0xe9,0xe9,0xe9,0x80,
	0xe9,0xe9,0xe9,0x80,0xe8,0xe8,0xe8,0x80,0xe8,0xe8,0xe8,0x80,0xe8,0xe8,0xe8,0x80,
	0xe7,0xe7,0xe7,0x80,0xe7,0xe7,0xe7,0x80,0xe6,0xe6,0xe6,0x80,0xe5,0xe5,0xe5,0x80,
	0xe5,0xe5,0xe5,0x80,0xe4,0xe4,0xe4,0x80,0xe3,0xe3,0xe3,0x80,0xe2,0xe2,0xe2,0x80,
	0xe1,0xe1,0xe1,0x80,0xe1,0xe1,0xe1,0x80,0xdf,0xdf,0xdf,0x80,0xdf,0xdf,0xdf,0x80,
	0xde,0xde,0xde,0x80,0xdd,0xdd,0xdd,0x80,0xdc,0xdc,0xdc,0x80,0xdb,0xdb,0xdb,0x80,
	0xda,0xda,0xda,0x80,0xd8,0xd8,0xd8,0x80,0xd8,0xd8,0xd8,0x80,0xd6,0xd6,0xd6,0x80,
	0xd6,0xd6,0xd6,0x80,0xd5,0xd5,0xd5,0x80,0xd4,0xd4,0xd4,0x80,0xd3,0xd3,0xd3,0x80,
	0xd3,0xd3,0xd3,0x80,0xd1,0xd1,0xd1,0x80,0xd1,0xd1,0xd1,0x80,0xcb,0xcb,0xcb,0x7e,
	0x00,0x00,0x00,0x1a,0x00,0x00,0x00,0x0d,0x00,0x00,0x00,0x04,0x00,0x00,0x00,0x00,
	0x00,0x00,0x00,0x00,0x00,0x00,0x00,0x00,0x00,0x00,0x00,0x00,0x00,0x00,0x00,0x05,
	0xe7,0xe7,0xe7,0x7f,0xeb,0xeb,0xeb,0x80,0xec,0xec,0xec,0x80,0xec,0xec,0xec,0x80,
	0xec,0xec,0xec,0x80,0xec,0xec,0xec,0x80,0xec,0xec,0xec,0x80,0xeb,0xeb,0xeb,0x80,
	0xeb,0xeb,0xeb,0x80,0xeb,0xeb,0xeb,0x80,0xeb,0xeb,0xeb,0x80,0xea,0xea,0xea,0x80,
	0xea,0xea,0xea,0x80,0xe9,0xe9,0xe9,0x80,0xe8,0xe8,0xe8,0x80,0xe8,0xe8,0xe8,0x80,
	0xe7,0xe7,0xe7,0x80,0xe6,0xe6,0xe6,0x80,0xe5,0xe5,0xe5,0x80,0xe4,0xe4,0xe4,0x80,
	0xe3,0xe3,0xe3,0x80,0xe2,0xe2,0xe2,0x80,0xe1,0xe1,0xe1,0x80,0xe0,0xe0,0xe0,0x80,
	0xdf,0xdf,0xdf,0x80,0xde,0xde,0xde,0x80,0xdd,0xdd,0xdd,0x80,0xdc,0xdc,0xdc,0x80,
	0xdb,0xdb,0xdb,0x80,0xd9,0xd9,0xd9,0x80,0xd8,0xd8,0xd8,0x80,0xd8,0xd8,0xd8,0x80,
	0xd6,0xd6,0xd6,0x80,0xd6,0xd6,0xd6,0x80,0xd4,0xd4,0xd4,0x80,0xd3,0xd3,0xd3,0x80,
	0xd3,0xd3,0xd3,0x80,0xd1,0xd1,0xd1,0x80,0xce,0xce,0xce,0x80,0xa8,0xa8,0xa8,0x7f,
	0x00,0x00,0x00,0x1b,0x00,0x00,0x00,0x0e,0x00,0x00,0x00,0x05,0x00,0x00,0x00,0x00,
	0x00,0x00,0x00,0x00,0x00,0x00,0x00,0x00,0x00,0x00,0x00,0x00,0x00,0x00,0x00,0x05,
	0xd3,0xd3,0xd3,0x80,0xd3,0xd3,0xd3,0x80,0xd2,0xd2,0xd2,0x80,0xd1,0xd1,0xd1,0x80,
	0xd0,0xd0,0xd0,0x80,0xce,0xce,0xce,0x80,0xcc,0xcc,0xcc,0x80,0xca,0xca,0xca,0x80,
	0xc9,0xc9,0xc9,0x80,0xc7,0xc7,0xc7,0x80,0xc6,0xc6,0xc6,0x80,0xc4,0xc4,0xc4,0x80,
	0xc2,0xc2,0xc2,0x80,0xc0,0xc0,0xc0,0x80,0xbe,0xbe,0xbe,0x80,0xbc,0xbc,0xbc,0x80,
	0xb9,0xb9,0xb9,0x80,0xb7,0xb7,0xb7,0x80,0xb5,0xb5,0xb5,0x80,0xb3,0xb3,0xb3,0x80,
	0xb0,0xb0,0xb0,0x80,0xae,0xae,0xae,0x80,0xab,0xab,0xab,0x80,0xa9,0xa9,0xa9,0x80,
	0xa6,0xa6,0xa6,0x80,0xa4,0xa4,0xa4,0x80,0xa2,0xa2,0xa2,0x80,0x9f,0x9f,0x9f,0x80,
	0x9d,0x9d,0x9d,0x80,0x9a,0x9a,0x9a,0x80,0x99,0x99,0x99,0x80,0x97,0x97,0x97,0x80,
	0x94,0x94,0x94,0x80,0x93,0x93,0x93,0x80,0x91,0x91,0x91,0x80,0x90,0x90,0x90,0x80,
	0x8e,0x8e,0x8e,0x80,0x8c,0x8c,0x8c,0x80,0x8a,0x8a,0x8a,0x80,0x89,0x89,0x89,0x80,
	0x00,0x00,0x00,0x1b,0x00,0x00,0x00,0x0e,0x00,0x00,0x00,0x05,0x00,0x00,0x00,0x00,
	0x00,0x00,0x00,0x00,0x00,0x00,0x00,0x00,0x00,0x00,0x00,0x00,0x00,0x00,0x00,0x05,
	0xd1,0xd1,0xd1,0x80,0xd0,0xd0,0xd0,0x80,0xcf,0xcf,0xcf,0x80,0xce,0xce,0xce,0x80,
	0xcd,0xcd,0xcd,0x80,0xcb,0xcb,0xcb,0x80,0xc9,0xc9,0xc9,0x80,0xc7,0xc7,0xc7,0x80,
	0xc6,0xc6,0xc6,0x80,0xd1,0xd1,0xd1,0x80,0x30,0x30,0x30,0x80,0x42,0x42,0x42,0x80,
	0x4a,0x4a,0x4a,0x80,0x53,0x53,0x53,0x80,0x5c,0x5c,0x5c,0x80,0x66,0x66,0x66,0x80,
	0x70,0x70,0x70,0x80,0x79,0x79,0x79,0x80,0x81,0x81,0x81,0x80,0x87,0x87,0x87,0x80,
	0x8c,0x8c,0x8c,0x80,0x8f,0x8f,0x8f,0x80,0x90,0x90,0x90,0x80,0x90,0x90,0x90,0x80,
	0x8f,0x8f,0x8f,0x80,0x8f,0x8f,0x8f,0x80,0x8f,0x8f,0x8f,0x80,0x8d,0x8d,0x8d,0x80,
	0x8c,0x8c,0x8c,0x80,0x8b,0x8b,0x8b,0x80,0x8b,0x8b,0x8b,0x80,0x8a,0x8a,0x8a,0x80,
	0x88,0x88,0x88,0x80,0x88,0x88,0x88,0x80,0x88,0x88,0x88,0x80,0x88,0x88,0x88,0x80,
	0x88,0x88,0x88,0x80,0x88,0x88,0x88,0x80,0x87,0x87,0x87,0x80,0x86,0x86,0x86,0x80,
	0x00,0x00,0x00,0x1c,0x00,0x00,0x00,0x0e,0x00,0x00,0x00,0x05,0x00,0x00,0x00,0x00,
	0x00,0x00,0x00,0x00,0x00,0x00,0x00,0x00,0x00,0x00,0x00,0x00,0x00,0x00,0x00,0x05,
	0xd1,0xd1,0xd1,0x80,0xd0,0xd0,0xd0,0x80,0xcf,0xcf,0xcf,0x80,0xce,0xce,0xce,0x80,
	0xcd,0xcd,0xcd,0x80,0xcb,0xcb,0xcb,0x80,0xc9,0xc9,0xc9,0x80,0xc7,0xc7,0xc7,0x80,
	0xc6,0xc6,0xc6,0x80,0xd1,0xd1,0xd1,0x80,0x3a,0x3a,0x3a,0x80,0x4e,0x4e,0x4e,0x80,
	0x58,0x58,0x58,0x80,0x63,0x63,0x63,0x80,0x6d,0x6d,0x6d,0x80,0x7a,0x7a,0x7a,0x80,
	0x85,0x85,0x85,0x80,0x8f,0x8f,0x8f,0x80,0x98,0x98,0x98,0x80,0x9f,0x9f,0x9f,0x80,
	0xa3,0xa3,0xa3,0x80,0xa5,0xa5,0xa5,0x80,0xa5,0xa5,0xa5,0x80,0xa4,0xa4,0xa4,0x80,
	0xa2,0xa2,0xa2,0x80,0xa1,0xa1,0xa1,0x80,0x9f,0x9f,0x9f,0x80,0x9c,0x9c,0x9c,0x80,
	0x9a,0x9a,0x9a,0x80,0x98,0x98,0x98,0x80,0x97,0x97,0x97,0x80,0x95,0x95,0x95,0x80,
	0x92,0x92,0x92,0x80,0x91,0x91,0x91,0x80,0x8f,0x8f,0x8f,0x80,0x8e,0x8e,0x8e,0x80,
	0x8c,0x8c,0x8c,0x80,0x8b,0x8b,0x8b,0x80,0x89,0x89,0x89,0x80,0x88,0x88,0x88,0x80,
	0x00,0x00,0x00,0x1c,0x00,0x00,0x00,0x0e,0x00,0x00,0x00,0x05,0x00,0x00,0x00,0x00,
	0x00,0x00,0x00,0x00,0x00,0x00,0x00,0x00,0x00,0x00,0x00,0x00,0x00,0x00,0x00,0x05,
	0xd1,0xd1,0xd1,0x80,0xd0,0xd0,0xd0,0x80,0xcf,0xcf,0xcf,0x80,0xce,0xce,0xce,0x80,
	0xcd,0xcd,0xcd,0x80,0xcb,0xcb,0xcb,0x80,0xc9,0xc9,0xc9,0x80,0xc7,0xc7,0xc7,0x80,
	0xc6,0xc6,0xc6,0x80,0xd1,0xd1,0xd1,0x80,0x3a,0x3a,0x3a,0x80,0x4e,0x4e,0x4e,0x80,
	0x59,0x59,0x59,0x80,0x64,0x64,0x64,0x80,0x6d,0x6d,0x6d,0x80,0x7b,0x7b,0x7b,0x80,
	0x85,0x85,0x85,0x80,0x8f,0x8f,0x8f,0x80,0x97,0x97,0x97,0x80,0x9e,0x9e,0x9e,0x80,
	0xa2,0xa2,0xa2,0x80,0xa5,0xa5,0xa5,0x80,0xa5,0xa5,0xa5,0x80,0xa4,0xa4,0xa4,0x80,
	0xa2,0xa2,0xa2,0x80,0xa1,0xa1,0xa1,0x80,0x9f,0x9f,0x9f,0x80,0x9c,0x9c,0x9c,0x80,
	0x9a,0x9a,0x9a,0x80,0x98,0x98,0x98,0x80,0x97,0x97,0x97,0x80,0x95,0x95,0x95,0x80,
	0x92,0x92,0x92,0x80,0x91,0x91,0x91,0x80,0x8f,0x8f,0x8f,0x80,0x8e,0x8e,0x8e,0x80,
	0x8c,0x8c,0x8c,0x80,0x8b,0x8b,0x8b,0x80,0x89,0x89,0x89,0x80,0x88,0x88,0x88,0x80,
	0x00,0x00,0x00,0x1c,0x00,0x00,0x00,0x0e,0x00,0x00,0x00,0x05,0x00,0x00,0x00,0x00,
	0x00,0x00,0x00,0x00,0x00,0x00,0x00,0x00,0x00,0x00,0x00,0x00,0x00,0x00,0x00,0x05,
	0xd1,0xd1,0xd1,0x7f,0xd0,0xd0,0xd0,0x80,0xcf,0xcf,0xcf,0x80,0xce,0xce,0xce,0x80,
	0xcd,0xcd,0xcd,0x80,0xcb,0xcb,0xcb,0x80,0xc9,0xc9,0xc9,0x80,0xc7,0xc7,0xc7,0x80,
	0xc6,0xc6,0xc6,0x80,0xd1,0xd1,0xd1,0x80,0x3a,0x3a,0x3a,0x80,0x4e,0x4e,0x4e,0x80,
	0x58,0x58,0x58,0x80,0x63,0x63,0x63,0x80,0x6c,0x6c,0x6c,0x80,0x79,0x79,0x79,0x80,
	0x84,0x84,0x84,0x80,0x8f,0x8f,0x8f,0x80,0x97,0x97,0x97,0x80,0x9e,0x9e,0x9e,0x80,
	0xa2,0xa2,0xa2,0x80,0xa5,0xa5,0xa5,0x80,0xa5,0xa5,0xa5,0x80,0xa4,0xa4,0xa4,0x80,
	0xa2,0xa2,0xa2,0x80,0xa1,0xa1,0xa1,0x80,0x9f,0x9f,0x9f,0x80,0x9c,0x9c,0x9c,0x80,
	0x9a,0x9a,0x9a,0x80,0x98,0x98,0x98,0x80,0x97,0x97,0x97,0x80,0x95,0x95,0x95,0x80,
	0x92,0x92,0x92,0x80,0x91,0x91,0x91,0x80,0x8f,0x8f,0x8f,0x80,0x8e,0x8e,0x8e,0x80,
	0x8c,0x8c,0x8c,0x80,0x8b,0x8b,0x8b,0x80,0x89,0x89,0x89,0x80,0x87,0x87,0x87,0x7e,
	0x00,0x00,0x00,0x1b,0x00,0x00,0x00,0x0e,0x00,0x00,0x00,0x05,0x00,0x00,0x00,0x00,
	0x00,0x00,0x00,0x00,0x00,0x00,0x00,0x00,0x00,0x00,0x00,0x00,0x00,0x00,0x00,0x04,
	0xcc,0xcc,0xcc,0x68,0xd0,0xd0,0xd0,0x80,0xcf,0xcf,0xcf,0x80,0xce,0xce,0xce,0x80,
	0xcd,0xcd,0xcd,0x80,0xcb,0xcb,0xcb,0x80,0xc9,0xc9,0xc9,0x80,0xc7,0xc7,0xc7,0x80,
	0xc6,0xc6,0xc6,0x80,0xd1,0xd1,0xd1,0x80,0xb3,0xb3,0xb3,0x80,0xb3,0xb3,0xb3,0x80,
	0xb6,0xb6,0xb6,0x80,0xb9,0xb9,0xb9,0x80,0xbd,0xbd,0xbd,0x80,0xc2,0xc2,0xc2,0x80,
	0xc5,0xc5,0xc5,0x80,0xc8,0xc8,0xc8,0x80,0xcb,0xcb,0xcb,0x80,0xce,0xce,0xce,0x80,
	0xce,0xce,0xce,0x80,0xcf,0xcf,0xcf,0x80,0xcc,0xcc,0xcc,0x80,0xca,0xca,0xca,0x80,
	0xc7,0xc7,0xc7,0x80,0xc4,0xc4,0xc4,0x80,0xc1,0xc1,0xc1,0x80,0xbd,0xbd,0xbd,0x80,
	0xba,0xba,0xba,0x80,0xb6,0xb6,0xb6,0x80,0xb4,0xb4,0xb4,0x80,0xb0,0xb0,0xb0,0x80,
	0xab,0xab,0xab,0x80,0xa7,0xa7,0xa7,0x80,0xa2,0xa2,0xa2,0x80,0x9e,0x9e,0x9e,0x80,
	0x99,0x99,0x99,0x80,0x94,0x94,0x94,0x80,0x8f,0x8f,0x8f,0x80,0x84,0x84,0x84,0x6d,
	0x00,0x00,0x00,0x19,0x00,0x00,0x00,0x0c,0x00,0x00,0x00,0x04,0x00,0x00,0x00,0x00,
	0x00,0x00,0x00,0x00,0x00,0x00,0x00,0x00,0x00,0x00,0x00,0x00,0x00,0x00,0x00,0x03,
	0x9f,0x9f,0x9f,0x22,0xca,0xca,0xca,0x71,0xcf,0xcf,0xcf,0x80,0xce,0xce,0xce,0x80,
	0xcd,0xcd,0xcd,0x80,0xcb,0xcb,0xcb,0x80,0xc9,0xc9,0xc9,0x80,0xc7,0xc7,0xc7,0x80,
	0xc6,0xc6,0xc6,0x80,0xc4,0xc4,0xc4,0x80,0xc2,0xc2,0xc2,0x80,0xc0,0xc0,0xc0,0x80,
	0xbe,0xbe,0xbe,0x80,0xbc,0xbc,0xbc,0x80,0xba,0xba,0xba,0x80,0xb8,0xb8,0xb8,0x80,
	0xb5,0xb5,0xb5,0x80,0xb3,0xb3,0xb3,0x80,0xb1,0xb1,0xb1,0x80,0xaf,0xaf,0xaf,0x80,
	0xac,0xac,0xac,0x80,0xaa,0xaa,0xaa,0x80,0xa8,0xa8,0xa8,0x80,0xa5,0xa5,0xa5,0x80,
	0xa3,0xa3,0xa3,0x80,0xa1,0xa1,0xa1,0x80,0x9f,0x9f,0x9f,0x80,0x9c,0x9c,0x9c,0x80,
	0x9a,0x9a,0x9a,0x80,0x98,0x98,0x98,0x80,0x97,0x97,0x97,0x80,0x95,0x95,0x95,0x80,
	0x92,0x92,0x92,0x80,0x91,0x91,0x91,0x80,0x8f,0x8f,0x8f,0x80,0x8e,0x8e,0x8e,0x80,
	0x8c,0x8c,0x8c,0x80,0x8b,0x8b,0x8b,0x80,0x83,0x83,0x83,0x73,0x47,0x47,0x47,0x31,
	0x00,0x00,0x00,0x15,0x00,0x00,0x00,0x0a,0x00,0x00,0x00,0x03,0x00,0x00,0x00,0x00,
	0x00,0x00,0x00,0x00,0x00,0x00,0x00,0x00,0x00,0x00,0x00,0x00,0x00,0x00,0x00,0x02,
	0x00,0x00,0x00,0x06,0x00,0x00,0x00,0x0e,0x00,0x00,0x00,0x15,0x00,0x00,0x00,0x1a,
	0x00,0x00,0x00,0x1b,0x00,0x00,0x00,0x1c,0x00,0x00,0x00,0x1c,0x00,0x00,0x00,0x1c,
	0x00,0x00,0x00,0x1c,0x00,0x00,0x00,0x1c,0x00,0x00,0x00,0x1c,0x00,0x00,0x00,0x1c,
	0x00,0x00,0x00,0x1c,0x00,0x00,0x00,0x1c,0x00,0x00,0x00,0x1c,0x00,0x00,0x00,0x1c,
	0x00,0x00,0x00,0x1c,0x00,0x00,0x00,0x1c,0x00,0x00,0x00,0x1c,0x00,0x00,0x00,0x1c,
	0x00,0x00,0x00,0x1c,0x00,0x00,0x00,0x1c,0x00,0x00,0x00,0x1c,0x00,0x00,0x00,0x1c,
	0x00,0x00,0x00,0x1c,0x00,0x00,0x00,0x1c,0x00,0x00,0x00,0x1c,0x00,0x00,0x00,0x1c,
	0x00,0x00,0x00,0x1c,0x00,0x00,0x00,0x1c,0x00,0x00,0x00,0x1c,0x00,0x00,0x00,0x1c,
	0x00,0x00,0x00,0x1c,0x00,0x00,0x00,0x1c,0x00,0x00,0x00,0x1c,0x00,0x00,0x00,0x1c,
	0x00,0x00,0x00,0x1c,0x00,0x00,0x00,0x1b,0x00,0x00,0x00,0x1a,0x00,0x00,0x00,0x15,
	0x00,0x00,0x00,0x0e,0x00,0x00,0x00,0x06,0x00,0x00,0x00,0x02,0x00,0x00,0x00,0x00,
	0x00,0x00,0x00,0x00,0x00,0x00,0x00,0x00,0x00,0x00,0x00,0x00,0x00,0x00,0x00,0x01,
	0x00,0x00,0x00,0x03,0x00,0x00,0x00,0x06,0x00,0x00,0x00,0x0a,0x00,0x00,0x00,0x0d,
	0x00,0x00,0x00,0x0e,0x00,0x00,0x00,0x0e,0x00,0x00,0x00,0x0e,0x00,0x00,0x00,0x0e,
	0x00,0x00,0x00,0x0e,0x00,0x00,0x00,0x0e,0x00,0x00,0x00,0x0e,0x00,0x00,0x00,0x0e,
	0x00,0x00,0x00,0x0e,0x00,0x00,0x00,0x0e,0x00,0x00,0x00,0x0e,0x00,0x00,0x00,0x0e,
	0x00,0x00,0x00,0x0e,0x00,0x00,0x00,0x0e,0x00,0x00,0x00,0x0e,0x00,0x00,0x00,0x0e,
	0x00,0x00,0x00,0x0e,0x00,0x00,0x00,0x0e,0x00,0x00,0x00,0x0e,0x00,0x00,0x00,0x0e,
	0x00,0x00,0x00,0x0e,0x00,0x00,0x00,0x0e,0x00,0x00,0x00,0x0e,0x00,0x00,0x00,0x0e,
	0x00,0x00,0x00,0x0e,0x00,0x00,0x00,0x0e,0x00,0x00,0x00,0x0e,0x00,0x00,0x00,0x0e,
	0x00,0x00,0x00,0x0e,0x00,0x00,0x00,0x0e,0x00,0x00,0x00,0x0e,0x00,0x00,0x00,0x0e,
	0x00,0x00,0x00,0x0e,0x00,0x00,0x00,0x0e,0x00,0x00,0x00,0x0d,0x00,0x00,0x00,0x0a,
	0x00,0x00,0x00,0x06,0x00,0x00,0x00,0x03,0x00,0x00,0x00,0x01,0x00,0x00,0x00,0x00,
	0x00,0x00,0x00,0x00,0x00,0x00,0x00,0x00,0x00,0x00,0x00,0x00,0x00,0x00,0x00,0x00,
	0x00,0x00,0x00,0x01,0x00,0x00,0x00,0x02,0x00,0x00,0x00,0x03,0x00,0x00,0x00,0x04,
	0x00,0x00,0x00,0x05,0x00,0x00,0x00,0x05,0x00,0x00,0x00,0x05,0x00,0x00,0x00,0x05,
	0x00,0x00,0x00,0x05,0x00,0x00,0x00,0x05,0x00,0x00,0x00,0x05,0x00,0x00,0x00,0x05,
	0x00,0x00,0x00,0x05,0x00,0x00,0x00,0x05,0x00,0x00,0x00,0x05,0x00,0x00,0x00,0x05,
	0x00,0x00,0x00,0x05,0x00,0x00,0x00,0x05,0x00,0x00,0x00,0x05,0x00,0x00,0x00,0x05,
	0x00,0x00,0x00,0x05,0x00,0x00,0x00,0x05,0x00,0x00,0x00,0x05,0x00,0x00,0x00,0x05,
	0x00,0x00,0x00,0x05,0x00,0x00,0x00,0x05,0x00,0x00,0x00,0x05,0x00,0x00,0x00,0x05,
	0x00,0x00,0x00,0x05,0x00,0x00,0x00,0x05,0x00,0x00,0x00,0x05,0x00,0x00,0x00,0x05,
	0x00,0x00,0x00,0x05,0x00,0x00,0x00,0x05,0x00,0x00,0x00,0x05,0x00,0x00,0x00,0x05,
	0x00,0x00,0x00,0x05,0x00,0x00,0x00,0x05,0x00,0x00,0x00,0x04,0x00,0x00,0x00,0x03,
	0x00,0x00,0x00,0x02,0x00,0x00,0x00,0x01,0x00,0x00,0x00,0x00,0x00,0x00,0x00,0x00,
	0x00,0x00,0x00,0x00,0x00,0x00,0x00,0x00,0x00,0x00,0x00,0x00,0x00,0x00,0x00,0x00,
	0x00,0x00,0x00,0x00,0x00,0x00,0x00,0x00,0x00,0x00,0x00,0x00,0x00,0x00,0x00,0x00,
	0x00,0x00,0x00,0x00,0x00,0x00,0x00,0x00,0x00,0x00,0x00,0x00,0x00,0x00,0x00,0x00,
	0x00,0x00,0x00,0x00,0x00,0x00,0x00,0x00,0x00,0x00,0x00,0x00,0x00,0x00,0x00,0x00,
	0x00,0x00,0x00,0x00,0x00,0x00,0x00,0x00,0x00,0x00,0x00,0x00,0x00,0x00,0x00,0x00,
	0x00,0x00,0x00,0x00,0x00,0x00,0x00,0x00,0x00,0x00,0x00,0x00,0x00,0x00,0x00,0x00,
	0x00,0x00,0x00,0x00,0x00,0x00,0x00,0x00,0x00,0x00,0x00,0x00,0x00,0x00,0x00,0x00,
	0x00,0x00,0x00,0x00,0x00,0x00,0x00,0x00,0x00,0x00,0x00,0x00,0x00,0x00,0x00,0x00,
	0x00,0x00,0x00,0x00,0x00,0x00,0x00,0x00,0x00,0x00,0x00,0x00,0x00,0x00,0x00,0x00,
	0x00,0x00,0x00,0x00,0x00,0x00,0x00,0x00,0x00,0x00,0x00,0x00,0x00,0x00,0x00,0x00,
	0x00,0x00,0x00,0x00,0x00,0x00,0x00,0x00,0x00,0x00,0x00,0x00,0x00,0x00,0x00,0x00,
	0x00,0x00,0x00,0x00,0x00,0x00,0x00,0x00,0x00,0x00,0x00,0x00,0x00,0x00,0x00,0x00,
};
static const unsigned char rgba_s_IconCDDA[ 9216 ] __attribute__(   (  aligned( 16 ), section( ".data" )  )   ) = {
	0x00,0x00,0x00,0x00,0x00,0x00,0x00,0x00,0x00,0x00,0x00,0x00,0x00,0x00,0x00,0x00,
	0x00,0x00,0x00,0x00,0x00,0x00,0x00,0x00,0x00,0x00,0x00,0x00,0x00,0x00,0x00,0x00,
	0x00,0x00,0x00,0x00,0x00,0x00,0x00,0x00,0x00,0x00,0x00,0x00,0x00,0x00,0x00,0x00,
	0x00,0x00,0x00,0x00,0x00,0x00,0x00,0x00,0x00,0x00,0x00,0x00,0x00,0x00,0x00,0x00,
	0x00,0x00,0x00,0x00,0x00,0x00,0x00,0x00,0x00,0x00,0x00,0x00,0x00,0x00,0x00,0x00,
	0x00,0x00,0x00,0x00,0x00,0x00,0x00,0x00,0x00,0x00,0x00,0x00,0x00,0x00,0x00,0x00,
	0x00,0x00,0x00,0x00,0x00,0x00,0x00,0x00,0x00,0x00,0x00,0x00,0x00,0x00,0x00,0x00,
	0x00,0x00,0x00,0x00,0x00,0x00,0x00,0x00,0x00,0x00,0x00,0x00,0x00,0x00,0x00,0x00,
	0x00,0x00,0x00,0x00,0x00,0x00,0x00,0x00,0x00,0x00,0x00,0x00,0x00,0x00,0x00,0x00,
	0x00,0x00,0x00,0x00,0x00,0x00,0x00,0x00,0x00,0x00,0x00,0x00,0x00,0x00,0x00,0x00,
	0x00,0x00,0x00,0x00,0x00,0x00,0x00,0x00,0x00,0x00,0x00,0x00,0x00,0x00,0x00,0x00,
	0x00,0x00,0x00,0x00,0x00,0x00,0x00,0x00,0x00,0x00,0x00,0x00,0x00,0x00,0x00,0x00,
	0x00,0x00,0x00,0x00,0x00,0x00,0x00,0x00,0x00,0x00,0x00,0x00,0x00,0x00,0x00,0x00,
	0x00,0x00,0x00,0x00,0x00,0x00,0x00,0x00,0x00,0x00,0x00,0x00,0x00,0x00,0x00,0x00,
	0x00,0x00,0x00,0x00,0x00,0x00,0x00,0x00,0x00,0x00,0x00,0x00,0x00,0x00,0x00,0x00,
	0x00,0x00,0x00,0x00,0x00,0x00,0x00,0x00,0x00,0x00,0x00,0x00,0x00,0x00,0x00,0x00,
	0x00,0x00,0x00,0x00,0x00,0x00,0x00,0x00,0x00,0x00,0x00,0x00,0x00,0x00,0x00,0x00,
	0x00,0x00,0x00,0x00,0x00,0x00,0x00,0x00,0x00,0x00,0x00,0x00,0x00,0x00,0x00,0x00,
	0x00,0x00,0x00,0x00,0x00,0x00,0x00,0x00,0x00,0x00,0x00,0x00,0x00,0x00,0x00,0x00,
	0x00,0x00,0x00,0x00,0x00,0x00,0x00,0x00,0x00,0x00,0x00,0x00,0x00,0x00,0x00,0x00,
	0x00,0x00,0x00,0x00,0x00,0x00,0x00,0x00,0x00,0x00,0x00,0x00,0x00,0x00,0x00,0x00,
	0x00,0x00,0x00,0x00,0x00,0x00,0x00,0x00,0x00,0x00,0x00,0x00,0x00,0x00,0x00,0x00,
	0x00,0x00,0x00,0x00,0x00,0x00,0x00,0x00,0x00,0x00,0x00,0x00,0x00,0x00,0x00,0x00,
	0x00,0x00,0x00,0x00,0x00,0x00,0x00,0x00,0x00,0x00,0x00,0x00,0x00,0x00,0x00,0x00,
	0x00,0x00,0x00,0x00,0x00,0x00,0x00,0x00,0x00,0x00,0x00,0x00,0x00,0x00,0x00,0x00,
	0x00,0x00,0x00,0x00,0x00,0x00,0x00,0x00,0x00,0x00,0x00,0x00,0x00,0x00,0x00,0x00,
	0x00,0x00,0x00,0x00,0x00,0x00,0x00,0x00,0x00,0x00,0x00,0x00,0x00,0x00,0x00,0x00,
	0x00,0x00,0x00,0x00,0x00,0x00,0x00,0x00,0x00,0x00,0x00,0x00,0x00,0x00,0x00,0x00,
	0x00,0x00,0x00,0x00,0x00,0x00,0x00,0x00,0x00,0x00,0x00,0x00,0x00,0x00,0x00,0x00,
	0x00,0x00,0x00,0x00,0x00,0x00,0x00,0x00,0x00,0x00,0x00,0x00,0x00,0x00,0x00,0x00,
	0x00,0x00,0x00,0x00,0x00,0x00,0x00,0x00,0x00,0x00,0x00,0x00,0x00,0x00,0x00,0x00,
	0x00,0x00,0x00,0x00,0x00,0x00,0x00,0x00,0x00,0x00,0x00,0x00,0x00,0x00,0x00,0x00,
	0x00,0x00,0x00,0x00,0x00,0x00,0x00,0x00,0x00,0x00,0x00,0x00,0x00,0x00,0x00,0x00,
	0x00,0x00,0x00,0x00,0x00,0x00,0x00,0x00,0x00,0x00,0x00,0x00,0x00,0x00,0x00,0x00,
	0x00,0x00,0x00,0x00,0x00,0x00,0x00,0x00,0x00,0x00,0x00,0x00,0x00,0x00,0x00,0x00,
	0x00,0x00,0x00,0x00,0x00,0x00,0x00,0x00,0x00,0x00,0x00,0x00,0x00,0x00,0x00,0x00,
	0x00,0x00,0x00,0x00,0x00,0x00,0x00,0x00,0x00,0x00,0x00,0x00,0x00,0x00,0x00,0x00,
	0x00,0x00,0x00,0x00,0x00,0x00,0x00,0x00,0x00,0x00,0x00,0x00,0x00,0x00,0x00,0x00,
	0x00,0x00,0x00,0x00,0x00,0x00,0x00,0x00,0x00,0x00,0x00,0x00,0x00,0x00,0x00,0x00,
	0x00,0x00,0x00,0x00,0x00,0x00,0x00,0x00,0x00,0x00,0x00,0x00,0x00,0x00,0x00,0x00,
	0x00,0x00,0x00,0x00,0x00,0x00,0x00,0x00,0x00,0x00,0x00,0x01,0x00,0x00,0x00,0x01,
	0x00,0x00,0x00,0x02,0x00,0x00,0x00,0x02,0x08,0x0b,0x0a,0x04,0x08,0x0b,0x0a,0x04,
	0x08,0x0b,0x0a,0x04,0x08,0x0b,0x0a,0x04,0x08,0x0b,0x0a,0x04,0x08,0x0b,0x0a,0x04,
	0x00,0x00,0x00,0x03,0x00,0x00,0x00,0x02,0x00,0x00,0x00,0x01,0x00,0x00,0x00,0x01,
	0x00,0x00,0x00,0x00,0x00,0x00,0x00,0x00,0x00,0x00,0x00,0x00,0x00,0x00,0x00,0x00,
	0x00,0x00,0x00,0x00,0x00,0x00,0x00,0x00,0x00,0x00,0x00,0x00,0x00,0x00,0x00,0x00,
	0x00,0x00,0x00,0x00,0x00,0x00,0x00,0x00,0x00,0x00,0x00,0x00,0x00,0x00,0x00,0x00,
	0x00,0x00,0x00,0x00,0x00,0x00,0x00,0x00,0x00,0x00,0x00,0x00,0x00,0x00,0x00,0x00,
	0x00,0x00,0x00,0x00,0x00,0x00,0x00,0x00,0x00,0x00,0x00,0x00,0x00,0x00,0x00,0x00,
	0x00,0x00,0x00,0x00,0x00,0x00,0x00,0x00,0x00,0x00,0x00,0x00,0x00,0x00,0x00,0x00,
	0x00,0x00,0x00,0x00,0x00,0x00,0x00,0x00,0x00,0x00,0x00,0x00,0x00,0x00,0x00,0x00,
	0x00,0x00,0x00,0x00,0x00,0x00,0x00,0x00,0x00,0x00,0x00,0x00,0x00,0x00,0x00,0x01,
	0x00,0x00,0x00,0x01,0x00,0x00,0x00,0x02,0xc7,0xc6,0xc4,0x1e,0xe2,0xdf,0xdf,0x43,
	0xec,0xee,0xeb,0x57,0xef,0xef,0xec,0x64,0xf4,0xf4,0xf0,0x72,0xf6,0xf7,0xf1,0x7a,
	0xf6,0xf7,0xf1,0x7a,0xf4,0xf4,0xf0,0x72,0xef,0xef,0xec,0x64,0xec,0xee,0xeb,0x57,
	0xe2,0xdf,0xdf,0x43,0xc7,0xc6,0xc4,0x1e,0x00,0x03,0x02,0x06,0x08,0x0b,0x0a,0x04,
	0x00,0x00,0x00,0x02,0x00,0x00,0x00,0x01,0x00,0x00,0x00,0x01,0x00,0x00,0x00,0x00,
	0x00,0x00,0x00,0x00,0x00,0x00,0x00,0x00,0x00,0x00,0x00,0x00,0x00,0x00,0x00,0x00,
	0x00,0x00,0x00,0x00,0x00,0x00,0x00,0x00,0x00,0x00,0x00,0x00,0x00,0x00,0x00,0x00,
	0x00,0x00,0x00,0x00,0x00,0x00,0x00,0x00,0x00,0x00,0x00,0x00,0x00,0x00,0x00,0x00,
	0x00,0x00,0x00,0x00,0x00,0x00,0x00,0x00,0x00,0x00,0x00,0x00,0x00,0x00,0x00,0x00,
	0x00,0x00,0x00,0x00,0x00,0x00,0x00,0x00,0x00,0x00,0x00,0x00,0x00,0x00,0x00,0x00,
	0x00,0x00,0x00,0x00,0x00,0x00,0x00,0x00,0x00,0x00,0x00,0x00,0x00,0x00,0x00,0x00,
	0x00,0x00,0x00,0x00,0x00,0x00,0x00,0x01,0x00,0x00,0x00,0x01,0x99,0x98,0x97,0x0c,
	0xe8,0xec,0xe3,0x47,0xf1,0xf0,0xf3,0x6c,0xfa,0xf9,0xf6,0x80,0xf4,0xf3,0xf5,0x7f,
	0xf1,0xf0,0xf3,0x80,0xef,0xef,0xeb,0x80,0xee,0xee,0xe9,0x80,0xec,0xec,0xe7,0x80,
	0xef,0xef,0xeb,0x80,0xf1,0xf0,0xec,0x80,0xf1,0xf0,0xec,0x80,0xf1,0xf0,0xec,0x80,
	0xf3,0xf2,0xef,0x80,0xf3,0xf2,0xef,0x80,0xeb,0xeb,0xe7,0x6c,0xe2,0xdf,0xdf,0x43,
	0xac,0xab,0xa4,0x19,0x00,0x03,0x02,0x06,0x00,0x00,0x00,0x03,0x00,0x00,0x00,0x01,
	0x00,0x00,0x00,0x01,0x00,0x00,0x00,0x00,0x00,0x00,0x00,0x00,0x00,0x00,0x00,0x00,
	0x00,0x00,0x00,0x00,0x00,0x00,0x00,0x00,0x00,0x00,0x00,0x00,0x00,0x00,0x00,0x00,
	0x00,0x00,0x00,0x00,0x00,0x00,0x00,0x00,0x00,0x00,0x00,0x00,0x00,0x00,0x00,0x00,
	0x00,0x00,0x00,0x00,0x00,0x00,0x00,0x00,0x00,0x00,0x00,0x00,0x00,0x00,0x00,0x00,
	0x00,0x00,0x00,0x00,0x00,0x00,0x00,0x00,0x00,0x00,0x00,0x00,0x00,0x00,0x00,0x00,
	0x00,0x00,0x00,0x00,0x00,0x00,0x00,0x00,0x00,0x00,0x00,0x00,0x00,0x00,0x00,0x00,
	0x00,0x00,0x00,0x01,0x08,0x0b,0x0a,0x04,0xeb,0xf0,0xef,0x47,0xf4,0xf3,0xf5,0x7f,
	0xf6,0xfa,0xf9,0x80,0xf4,0xf3,0xf5,0x7f,0xf1,0xf0,0xf3,0x80,0xed,0xea,0xf0,0x80,
	0xed,0xea,0xeb,0x80,0xec,0xe9,0xe9,0x80,0xec,0xec,0xe7,0x80,0xec,0xec,0xe7,0x80,
	0xee,0xee,0xe9,0x80,0xee,0xee,0xe9,0x80,0xee,0xee,0xe9,0x80,0xec,0xec,0xe7,0x80,
	0xea,0xea,0xe5,0x80,0xea,0xea,0xe5,0x80,0xea,0xea,0xe5,0x80,0xee,0xee,0xe9,0x80,
	0xee,0xee,0xe9,0x80,0xd8,0xd8,0xd4,0x53,0x7e,0x7e,0x7c,0x15,0x00,0x03,0x02,0x06,
	0x00,0x00,0x00,0x02,0x00,0x00,0x00,0x01,0x00,0x00,0x00,0x00,0x00,0x00,0x00,0x00,
	0x00,0x00,0x00,0x00,0x00,0x00,0x00,0x00,0x00,0x00,0x00,0x00,0x00,0x00,0x00,0x00,
	0x00,0x00,0x00,0x00,0x00,0x00,0x00,0x00,0x00,0x00,0x00,0x00,0x00,0x00,0x00,0x00,
	0x00,0x00,0x00,0x00,0x00,0x00,0x00,0x00,0x00,0x00,0x00,0x00,0x00,0x00,0x00,0x00,
	0x00,0x00,0x00,0x00,0x00,0x00,0x00,0x00,0x00,0x00,0x00,0x00,0x00,0x00,0x00,0x00,
	0x00,0x00,0x00,0x00,0x00,0x00,0x00,0x00,0x00,0x00,0x00,0x01,0x00,0x00,0x00,0x01,
	0xe0,0xe3,0xde,0x23,0xf6,0xf8,0xf6,0x75,0xf6,0xfa,0xf9,0x80,0xf2,0xf6,0xf6,0x80,
	0xf1,0xf2,0xf4,0x80,0xf1,0xf2,0xf4,0x80,0xf1,0xf0,0xf3,0x80,0xed,0xea,0xf0,0x80,
	0xed,0xea,0xeb,0x80,0xec,0xe9,0xe9,0x80,0xea,0xea,0xe5,0x80,0xec,0xec,0xe7,0x80,
	0xee,0xee,0xe9,0x80,0xee,0xee,0xe9,0x80,0xee,0xee,0xe9,0x80,0xec,0xec,0xe7,0x80,
	0xea,0xea,0xe5,0x80,0xea,0xea,0xe5,0x80,0xe9,0xe9,0xe4,0x80,0xe7,0xe7,0xe2,0x80,
	0xe7,0xe7,0xe2,0x80,0xea,0xea,0xe5,0x80,0xec,0xec,0xe8,0x77,0xb8,0xb7,0xb4,0x3b,
	0x06,0x06,0x06,0x09,0x08,0x0b,0x0a,0x04,0x00,0x00,0x00,0x01,0x00,0x00,0x00,0x01,
	0x00,0x00,0x00,0x00,0x00,0x00,0x00,0x00,0x00,0x00,0x00,0x00,0x00,0x00,0x00,0x00,
	0x00,0x00,0x00,0x00,0x00,0x00,0x00,0x00,0x00,0x00,0x00,0x00,0x00,0x00,0x00,0x00,
	0x00,0x00,0x00,0x00,0x00,0x00,0x00,0x00,0x00,0x00,0x00,0x00,0x00,0x00,0x00,0x00,
	0x00,0x00,0x00,0x00,0x00,0x00,0x00,0x00,0x00,0x00,0x00,0x00,0x00,0x00,0x00,0x00,
	0x00,0x00,0x00,0x00,0x00,0x00,0x00,0x01,0x00,0x00,0x00,0x02,0xeb,0xf0,0xef,0x47,
	0xf6,0xfa,0xf9,0x80,0xf6,0xfa,0xf9,0x80,0xf0,0xf9,0xf6,0x80,0xf2,0xf6,0xf6,0x80,
	0xf1,0xf2,0xf4,0x80,0xf1,0xf2,0xf4,0x80,0xf1,0xf0,0xf3,0x80,0xed,0xea,0xf0,0x80,
	0xed,0xea,0xf0,0x80,0xec,0xe9,0xe9,0x80,0xea,0xea,0xe5,0x80,0xea,0xea,0xe5,0x80,
	0xee,0xee,0xe9,0x80,0xee,0xee,0xe9,0x80,0xec,0xec,0xe7,0x80,0xec,0xec,0xe7,0x80,
	0xea,0xea,0xe5,0x80,0xea,0xea,0xe5,0x80,0xe9,0xe9,0xe4,0x80,0xe7,0xe7,0xe2,0x80,
	0xe7,0xe7,0xe2,0x80,0xe6,0xe5,0xe2,0x80,0xe7,0xe7,0xe2,0x80,0xea,0xea,0xe5,0x80,
	0xd8,0xd8,0xd4,0x53,0x00,0x00,0x00,0x0b,0x00,0x03,0x02,0x06,0x00,0x00,0x00,0x02,
	0x00,0x00,0x00,0x01,0x00,0x00,0x00,0x00,0x00,0x00,0x00,0x00,0x00,0x00,0x00,0x00,
	0x00,0x00,0x00,0x00,0x00,0x00,0x00,0x00,0x00,0x00,0x00,0x00,0x00,0x00,0x00,0x00,
	0x00,0x00,0x00,0x00,0x00,0x00,0x00,0x00,0x00,0x00,0x00,0x00,0x00,0x00,0x00,0x00,
	0x00,0x00,0x00,0x00,0x00,0x00,0x00,0x00,0x00,0x00,0x00,0x00,0x00,0x00,0x00,0x00,
	0x00,0x00,0x00,0x01,0x00,0x00,0x00,0x02,0xec,0xee,0xeb,0x57,0xf6,0xfa,0xf9,0x80,
	0xf0,0xf9,0xf6,0x80,0xf0,0xf9,0xf6,0x80,0xf0,0xf9,0xf6,0x80,0xf2,0xf6,0xf6,0x80,
	0xf2,0xf6,0xf6,0x80,0xf1,0xf2,0xf4,0x80,0xf1,0xf2,0xf4,0x80,0xed,0xea,0xf0,0x80,
	0xed,0xea,0xf0,0x80,0xec,0xe9,0xe9,0x80,0xea,0xe9,0xe6,0x80,0xea,0xea,0xe5,0x80,
	0xee,0xee,0xe9,0x80,0xee,0xee,0xe9,0x80,0xec,0xec,0xe7,0x80,0xea,0xea,0xe5,0x80,
	0xea,0xea,0xe5,0x80,0xe9,0xe9,0xe4,0x80,0xe7,0xe7,0xe2,0x80,0xe7,0xe7,0xe2,0x80,
	0xe6,0xe5,0xe2,0x80,0xe6,0xe5,0xe2,0x80,0xe6,0xe5,0xe2,0x80,0xe7,0xe7,0xe2,0x80,
	0xe9,0xe9,0xe4,0x80,0xd8,0xd7,0xd3,0x65,0x00,0x00,0x00,0x0d,0x00,0x03,0x02,0x06,
	0x00,0x00,0x00,0x02,0x00,0x00,0x00,0x01,0x00,0x00,0x00,0x00,0x00,0x00,0x00,0x00,
	0x00,0x00,0x00,0x00,0x00,0x00,0x00,0x00,0x00,0x00,0x00,0x00,0x00,0x00,0x00,0x00,
	0x00,0x00,0x00,0x00,0x00,0x00,0x00,0x00,0x00,0x00,0x00,0x00,0x00,0x00,0x00,0x00,
	0x00,0x00,0x00,0x00,0x00,0x00,0x00,0x00,0x00,0x00,0x00,0x00,0x00,0x00,0x00,0x01,
	0x00,0x00,0x00,0x02,0xec,0xee,0xeb,0x57,0xf8,0xf8,0xf4,0x80,0xee,0xf8,0xf4,0x80,
	0xee,0xf8,0xf4,0x80,0xf0,0xf9,0xf6,0x80,0xee,0xf8,0xf4,0x80,0xf0,0xf9,0xf6,0x80,
	0xf2,0xf6,0xf6,0x80,0xf1,0xf2,0xf4,0x80,0xf1,0xf2,0xf4,0x80,0xf1,0xf0,0xf3,0x80,
	0xed,0xea,0xf0,0x80,0xec,0xe9,0xe9,0x80,0xea,0xe9,0xe6,0x80,0xea,0xea,0xe5,0x80,
	0xee,0xee,0xe9,0x80,0xee,0xee,0xe9,0x80,0xec,0xec,0xe7,0x80,0xea,0xea,0xe5,0x80,
	0xea,0xea,0xe5,0x80,0xe9,0xe9,0xe4,0x80,0xe7,0xe7,0xe2,0x80,0xe7,0xe7,0xe2,0x80,
	0xe6,0xe5,0xe2,0x80,0xe6,0xe5,0xe2,0x80,0xe6,0xe5,0xe2,0x80,0xd7,0xe3,0xdf,0x80,
	0xe7,0xe7,0xe2,0x80,0xe7,0xe7,0xe2,0x80,0xd8,0xd7,0xd3,0x65,0x00,0x00,0x00,0x0d,
	0x00,0x03,0x02,0x06,0x00,0x00,0x00,0x02,0x00,0x00,0x00,0x01,0x00,0x00,0x00,0x00,
	0x00,0x00,0x00,0x00,0x00,0x00,0x00,0x00,0x00,0x00,0x00,0x00,0x00,0x00,0x00,0x00,
	0x00,0x00,0x00,0x00,0x00,0x00,0x00,0x00,0x00,0x00,0x00,0x00,0x00,0x00,0x00,0x00,
	0x00,0x00,0x00,0x00,0x00,0x00,0x00,0x00,0x00,0x00,0x00,0x00,0x00,0x00,0x00,0x01,
	0xe8,0xec,0xe3,0x47,0xf8,0xf8,0xf4,0x80,0xee,0xf6,0xef,0x80,0xec,0xf5,0xed,0x80,
	0xee,0xf8,0xf4,0x80,0xee,0xf8,0xf4,0x80,0xf0,0xf9,0xf6,0x80,0xf0,0xf9,0xf6,0x80,
	0xf2,0xf6,0xf6,0x80,0xf2,0xf6,0xf6,0x80,0xf1,0xf2,0xf4,0x80,0xf1,0xf0,0xf3,0x80,
	0xed,0xea,0xf0,0x80,0xec,0xe9,0xe9,0x80,0xea,0xe9,0xe6,0x80,0xea,0xea,0xe5,0x80,
	0xee,0xee,0xe9,0x80,0xee,0xee,0xe9,0x80,0xec,0xec,0xe7,0x80,0xea,0xea,0xe5,0x80,
	0xea,0xea,0xe5,0x80,0xe9,0xe9,0xe4,0x80,0xe7,0xe7,0xe2,0x80,0xe6,0xe5,0xe2,0x80,
	0xe6,0xe5,0xe2,0x80,0xe6,0xe5,0xe2,0x80,0xe6,0xe5,0xe2,0x80,0x88,0xe1,0xbe,0x80,
	0xc6,0xe4,0xd5,0x80,0xe7,0xe7,0xe2,0x80,0xe7,0xe7,0xe2,0x80,0xcb,0xca,0xc7,0x5b,
	0x00,0x00,0x00,0x0d,0x00,0x03,0x02,0x06,0x00,0x00,0x00,0x01,0x00,0x00,0x00,0x00,
	0x00,0x00,0x00,0x00,0x00,0x00,0x00,0x00,0x00,0x00,0x00,0x00,0x00,0x00,0x00,0x00,
	0x00,0x00,0x00,0x00,0x00,0x00,0x00,0x00,0x00,0x00,0x00,0x00,0x00,0x00,0x00,0x00,
	0x00,0x00,0x00,0x00,0x00,0x00,0x00,0x00,0x00,0x00,0x00,0x01,0xe0,0xe3,0xde,0x23,
	0xf8,0xf8,0xf4,0x80,0xec,0xf5,0xed,0x80,0xeb,0xf4,0xea,0x80,0xec,0xf5,0xed,0x80,
	0xee,0xf6,0xef,0x80,0xee,0xf8,0xf4,0x80,0xee,0xf8,0xf4,0x80,0xf0,0xf9,0xf6,0x80,
	0xf0,0xf9,0xf6,0x80,0xf2,0xf6,0xf6,0x80,0xf1,0xf2,0xf4,0x80,0xf1,0xf2,0xf4,0x80,
	0xed,0xea,0xf0,0x80,0xec,0xe9,0xe9,0x80,0xea,0xe9,0xe6,0x80,0xea,0xea,0xe5,0x80,
	0xee,0xee,0xe9,0x80,0xee,0xee,0xe9,0x80,0xec,0xec,0xe7,0x80,0xea,0xea,0xe5,0x80,
	0xe9,0xe9,0xe4,0x80,0xe7,0xe7,0xe2,0x80,0xe7,0xe7,0xe2,0x80,0xe6,0xe5,0xe2,0x80,
	0xe6,0xe5,0xe2,0x80,0xe6,0xe5,0xe2,0x80,0xe7,0xe7,0xe2,0x80,0x1c,0xd9,0x94,0x80,
	0x32,0xd9,0x9c,0x80,0xb0,0xe1,0xcc,0x80,0xe7,0xe7,0xe2,0x80,0xe6,0xe5,0xe2,0x80,
	0xb8,0xb7,0xb4,0x3b,0x00,0x00,0x00,0x0b,0x00,0x00,0x00,0x05,0x00,0x00,0x00,0x01,
	0x00,0x00,0x00,0x00,0x00,0x00,0x00,0x00,0x00,0x00,0x00,0x00,0x00,0x00,0x00,0x00,
	0x00,0x00,0x00,0x00,0x00,0x00,0x00,0x00,0x00,0x00,0x00,0x00,0x00,0x00,0x00,0x00,
	0x00,0x00,0x00,0x00,0x00,0x00,0x00,0x01,0x00,0x00,0x00,0x02,0xf6,0xf7,0xf1,0x7a,
	0xee,0xf6,0xef,0x80,0xea,0xf4,0xe6,0x80,0xea,0xf4,0xe6,0x80,0xeb,0xf4,0xea,0x80,
	0xeb,0xf4,0xea,0x80,0xee,0xf6,0xef,0x80,0xee,0xf8,0xf4,0x80,0xf0,0xf9,0xf6,0x80,
	0xee,0xf8,0xf4,0x80,0xf2,0xf6,0xf6,0x80,0xf2,0xf6,0xf6,0x80,0xf1,0xf2,0xf4,0x80,
	0xf1,0xf0,0xf3,0x80,0xec,0xe9,0xe9,0x80,0xe9,0xe9,0xe4,0x80,0xea,0xea,0xe5,0x80,
	0xee,0xee,0xe9,0x80,0xec,0xec,0xe7,0x80,0xea,0xea,0xe5,0x80,0xea,0xea,0xe5,0x80,
	0xe7,0xe7,0xe2,0x80,0xe7,0xe7,0xe2,0x80,0xe6,0xe5,0xe2,0x80,0xe6,0xe5,0xe2,0x80,
	0xe6,0xe5,0xe2,0x80,0xe7,0xe7,0xe2,0x80,0xe6,0xe5,0xe2,0x80,0x00,0xd1,0x87,0x80,
	0x00,0xd1,0x87,0x80,0x32,0xd9,0x9c,0x80,0xe3,0xe2,0xde,0x80,0xe6,0xe5,0xe2,0x80,
	0xe3,0xe2,0xde,0x80,0x5a,0x5a,0x58,0x1f,0x06,0x06,0x06,0x09,0x00,0x00,0x00,0x03,
	0x00,0x00,0x00,0x01,0x00,0x00,0x00,0x00,0x00,0x00,0x00,0x00,0x00,0x00,0x00,0x00,
	0x00,0x00,0x00,0x00,0x00,0x00,0x00,0x00,0x00,0x00,0x00,0x00,0x00,0x00,0x00,0x00,
	0x00,0x00,0x00,0x00,0x00,0x00,0x00,0x01,0xe8,0xec,0xe3,0x47,0xf5,0xf5,0xee,0x80,
	0xeb,0xf5,0xe3,0x80,0xeb,0xf5,0xe3,0x80,0xeb,0xf5,0xe3,0x80,0xea,0xf4,0xe6,0x80,
	0xeb,0xf4,0xea,0x80,0xeb,0xf4,0xea,0x80,0xee,0xf6,0xef,0x80,0xee,0xf8,0xf4,0x80,
	0xf0,0xf9,0xf6,0x80,0xf0,0xf9,0xf6,0x80,0xf2,0xf6,0xf6,0x80,0xf1,0xf2,0xf4,0x80,
	0xf1,0xf0,0xf3,0x80,0xed,0xea,0xeb,0x80,0xea,0xe9,0xe6,0x80,0xea,0xea,0xe5,0x80,
	0xee,0xee,0xe9,0x80,0xec,0xec,0xe7,0x80,0xea,0xea,0xe5,0x80,0xea,0xea,0xe5,0x80,
	0xe7,0xe7,0xe2,0x80,0xe7,0xe7,0xe2,0x80,0xe6,0xe5,0xe2,0x80,0xe6,0xe5,0xe2,0x80,
	0xe6,0xe5,0xe2,0x80,0xe6,0xe5,0xe2,0x80,0xe6,0xe5,0xe2,0x80,0x00,0xd1,0x87,0x80,
	0x00,0xd1,0x87,0x80,0x00,0xd1,0x87,0x80,0x5a,0xd6,0xa9,0x80,0xe3,0xe2,0xde,0x80,
	0xe3,0xe2,0xde,0x80,0xcb,0xca,0xc7,0x5b,0x00,0x00,0x00,0x10,0x00,0x03,0x02,0x06,
	0x00,0x00,0x00,0x01,0x00,0x00,0x00,0x00,0x00,0x00,0x00,0x00,0x00,0x00,0x00,0x00,
	0x00,0x00,0x00,0x00,0x00,0x00,0x00,0x00,0x00,0x00,0x00,0x00,0x00,0x00,0x00,0x00,
	0x00,0x00,0x00,0x01,0x99,0x98,0x97,0x0c,0xf3,0xf6,0xe6,0x7f,0xf3,0xf6,0xe6,0x7f,
	0xee,0xf5,0xdd,0x80,0xec,0xf5,0xe0,0x80,0xec,0xf5,0xe0,0x80,0xeb,0xf5,0xe3,0x80,
	0xea,0xf4,0xe6,0x80,0xeb,0xf4,0xea,0x80,0xec,0xf5,0xed,0x80,0xee,0xf6,0xef,0x80,
	0xee,0xf8,0xf4,0x80,0xf0,0xf9,0xf6,0x80,0xf2,0xf6,0xf6,0x80,0xf4,0xf3,0xf5,0x7f,
	0xf1,0xf2,0xf4,0x80,0xed,0xea,0xeb,0x80,0xea,0xe9,0xe6,0x80,0xea,0xea,0xe5,0x80,
	0xee,0xee,0xe9,0x80,0xec,0xec,0xe7,0x80,0xea,0xea,0xe5,0x80,0xe7,0xe7,0xe2,0x80,
	0xe7,0xe7,0xe2,0x80,0xe6,0xe5,0xe2,0x80,0xe6,0xe5,0xe2,0x80,0xe6,0xe5,0xe2,0x80,
	0xe6,0xe5,0xe2,0x80,0xe6,0xe5,0xe2,0x80,0xe6,0xe5,0xe2,0x80,0x00,0xd1,0x87,0x80,
	0x00,0xd1,0x87,0x80,0x00,0xd1,0x87,0x80,0x01,0xcb,0x85,0x80,0x4a,0xcf,0xa0,0x80,
	0xe1,0xe1,0xdc,0x80,0xe3,0xe2,0xde,0x80,0x6f,0x6f,0x6a,0x2d,0x00,0x00,0x00,0x0b,
	0x08,0x0b,0x0a,0x04,0x00,0x00,0x00,0x01,0x00,0x00,0x00,0x00,0x00,0x00,0x00,0x00,
	0x00,0x00,0x00,0x00,0x00,0x00,0x00,0x00,0x00,0x00,0x00,0x00,0x00,0x00,0x00,0x00,
	0x00,0x00,0x00,0x01,0xe5,0xe7,0xd0,0x43,0xf3,0xf6,0xe6,0x7f,0xee,0xf3,0xd5,0x80,
	0xee,0xf5,0xdd,0x80,0xee,0xf5,0xdd,0x80,0xec,0xf5,0xe0,0x80,0xeb,0xf5,0xe3,0x80,
	0xeb,0xf5,0xe3,0x80,0xea,0xf4,0xe6,0x80,0xeb,0xf4,0xea,0x80,0xec,0xf5,0xed,0x80,
	0xee,0xf6,0xef,0x80,0xee,0xf8,0xf4,0x80,0xee,0xf8,0xf4,0x80,0xf2,0xf6,0xf6,0x80,
	0xf1,0xf2,0xf4,0x80,0xf3,0xf2,0xef,0x80,0xf3,0xf2,0xef,0x80,0xf8,0xf8,0xf4,0x80,
	0xfa,0xf9,0xf6,0x80,0xf7,0xf6,0xf2,0x80,0xf1,0xf0,0xec,0x80,0xe7,0xe7,0xe2,0x80,
	0xe7,0xe7,0xe2,0x80,0xe6,0xe5,0xe2,0x80,0xe7,0xe7,0xe2,0x80,0xe7,0xe7,0xe2,0x80,
	0xe6,0xe5,0xe2,0x80,0xe6,0xe5,0xe2,0x80,0xe5,0xe4,0xe0,0x80,0x01,0xcb,0x85,0x80,
	0x00,0xdf,0xb5,0x80,0x01,0xcb,0x85,0x80,0x01,0xcb,0x85,0x80,0x01,0xcb,0x85,0x80,
	0x4a,0xcf,0xa0,0x80,0xe1,0xe1,0xdc,0x80,0xcb,0xca,0xc7,0x5b,0x00,0x00,0x00,0x10,
	0x00,0x03,0x02,0x06,0x00,0x00,0x00,0x01,0x00,0x00,0x00,0x00,0x00,0x00,0x00,0x00,
	0x00,0x00,0x00,0x00,0x00,0x00,0x00,0x00,0x00,0x00,0x00,0x00,0x00,0x00,0x00,0x00,
	0x00,0x00,0x00,0x02,0xec,0xec,0xd9,0x6e,0xee,0xf3,0xd5,0x80,0xeb,0xf1,0xca,0x80,
	0xeb,0xf1,0xca,0x80,0xee,0xf3,0xd5,0x80,0xee,0xf5,0xdd,0x80,0xec,0xf5,0xe0,0x80,
	0xea,0xf4,0xe1,0x80,0xea,0xf4,0xe1,0x80,0xea,0xf4,0xe6,0x80,0xeb,0xf4,0xea,0x80,
	0xec,0xf5,0xed,0x80,0xee,0xf8,0xf4,0x80,0xee,0xf8,0xf4,0x80,0xf2,0xf6,0xf6,0x80,
	0xfc,0xfb,0xf7,0x80,0xff,0xfe,0xfa,0x80,0xff,0xfe,0xfa,0x80,0xff,0xfe,0xfa,0x80,
	0xff,0xfe,0xfa,0x80,0xff,0xfe,0xfa,0x80,0xfe,0xfd,0xf9,0x80,0xfa,0xf9,0xf6,0x80,
	0xec,0xec,0xe7,0x80,0xe7,0xe7,0xe2,0x80,0xe7,0xe7,0xe2,0x80,0xe6,0xe5,0xe2,0x80,
	0xe6,0xe5,0xe2,0x80,0xe5,0xe4,0xe0,0x80,0xe3,0xe2,0xde,0x80,0x01,0xcb,0x85,0x80,
	0x00,0xdf,0xb5,0x80,0xa1,0xb5,0xac,0x80,0x2e,0xc5,0x97,0x80,0x00,0xc4,0x83,0x80,
	0x00,0xc4,0x83,0x80,0x4a,0xcf,0xa0,0x80,0xde,0xde,0xda,0x7b,0x06,0x06,0x06,0x17,
	0x00,0x00,0x00,0x0b,0x00,0x00,0x00,0x03,0x00,0x00,0x00,0x00,0x00,0x00,0x00,0x00,
	0x00,0x00,0x00,0x00,0x00,0x00,0x00,0x00,0x00,0x00,0x00,0x00,0x00,0x00,0x00,0x01,
	0xac,0xab,0xa4,0x19,0xf1,0xef,0xde,0x80,0xed,0xec,0xc6,0x80,0xed,0xec,0xc6,0x80,
	0xed,0xec,0xc6,0x80,0xeb,0xf1,0xca,0x80,0xeb,0xf1,0xca,0x80,0xe5,0xf0,0xd0,0x80,
	0xe7,0xf1,0xd9,0x80,0xea,0xf4,0xe1,0x80,0xea,0xf4,0xe1,0x80,0xea,0xf4,0xe6,0x80,
	0xeb,0xf4,0xea,0x80,0xec,0xf5,0xed,0x80,0xf2,0xf6,0xf6,0x80,0xff,0xfe,0xfa,0x80,
	0xff,0xfe,0xfa,0x80,0xff,0xfe,0xfa,0x80,0xff,0xfe,0xfa,0x80,0xff,0xfe,0xfa,0x80,
	0xff,0xfe,0xfa,0x80,0xfe,0xfd,0xf9,0x80,0xfe,0xfd,0xf9,0x80,0xfe,0xfd,0xf9,0x80,
	0xfe,0xfd,0xf9,0x80,0xf1,0xf0,0xec,0x80,0xe6,0xe5,0xe2,0x80,0xe6,0xe5,0xe2,0x80,
	0xe5,0xe4,0xe0,0x80,0xe3,0xe2,0xde,0x80,0xe3,0xe2,0xde,0x80,0x01,0xcb,0x85,0x80,
	0x00,0xdf,0xb5,0x80,0xaa,0xbc,0xb3,0x80,0xb9,0xb7,0xb2,0x80,0x6f,0xba,0xa1,0x80,
	0x08,0xc2,0x84,0x80,0x00,0xbf,0x81,0x80,0x4a,0xcf,0xa0,0x80,0x9c,0x9b,0x98,0x3a,
	0x00,0x00,0x00,0x0d,0x00,0x00,0x00,0x05,0x00,0x00,0x00,0x01,0x00,0x00,0x00,0x00,
	0x00,0x00,0x00,0x00,0x00,0x00,0x00,0x00,0x00,0x00,0x00,0x00,0x00,0x00,0x00,0x01,
	0xde,0xd9,0xca,0x41,0xf1,0xef,0xde,0x80,0xea,0xe6,0xc6,0x80,0xed,0xec,0xc6,0x80,
	0xed,0xec,0xc6,0x80,0xed,0xec,0xc6,0x80,0xe7,0xed,0xc6,0x80,0xe7,0xed,0xc6,0x80,
	0xe7,0xed,0xc6,0x80,0xe5,0xf0,0xd0,0x80,0xe7,0xf1,0xd9,0x80,0xea,0xf4,0xe1,0x80,
	0xea,0xf4,0xe6,0x80,0xec,0xf5,0xed,0x80,0xff,0xfe,0xfa,0x80,0xff,0xfe,0xfa,0x80,
	0xff,0xfe,0xfa,0x80,0xff,0xfe,0xfa,0x80,0xff,0xfe,0xfa,0x80,0xfe,0xfd,0xf9,0x80,
	0xfe,0xfd,0xf9,0x80,0xfe,0xfd,0xf9,0x80,0xfe,0xfd,0xf9,0x80,0xfc,0xfb,0xf7,0x80,
	0xfc,0xfb,0xf7,0x80,0xfc,0xfb,0xf7,0x80,0xea,0xea,0xe5,0x80,0xe5,0xe4,0xe0,0x80,
	0xe3,0xe2,0xde,0x80,0xe1,0xe1,0xdc,0x80,0xe3,0xe2,0xde,0x80,0x00,0xc4,0x83,0x80,
	0x00,0xcd,0x95,0x80,0x6f,0xba,0xa1,0x80,0xca,0xc9,0xc5,0x80,0xc5,0xc4,0xc0,0x80,
	0x9b,0xbe,0xb1,0x80,0x16,0xbe,0x87,0x80,0x00,0xbf,0x81,0x80,0x61,0xbb,0x9d,0x6a,
	0x00,0x00,0x00,0x12,0x00,0x00,0x00,0x08,0x00,0x00,0x00,0x02,0x00,0x00,0x00,0x00,
	0x00,0x00,0x00,0x00,0x00,0x00,0x00,0x00,0x00,0x00,0x00,0x00,0x00,0x00,0x00,0x02,
	0xe2,0xde,0xd3,0x5b,0xe6,0xe6,0xd5,0x80,0xe8,0xe2,0xc8,0x80,0xe8,0xe2,0xc8,0x80,
	0xea,0xe6,0xc6,0x80,0xea,0xe6,0xc6,0x80,0xed,0xec,0xc6,0x80,0xed,0xec,0xc6,0x80,
	0xe7,0xed,0xc6,0x80,0xe7,0xed,0xc6,0x80,0xe7,0xed,0xc6,0x80,0xe5,0xf0,0xd0,0x80,
	0xe7,0xf1,0xd9,0x80,0xfc,0xfb,0xf7,0x80,0xff,0xfe,0xfa,0x80,0xff,0xfe,0xfa,0x80,
	0xff,0xfe,0xfa,0x80,0xff,0xfe,0xfa,0x80,0xf8,0xf8,0xf4,0x80,0xf7,0xf6,0xf2,0x80,
	0xf7,0xf6,0xf2,0x80,0xf8,0xf8,0xf4,0x80,0xfc,0xfb,0xf7,0x80,0xfc,0xfb,0xf7,0x80,
	0xfe,0xfd,0xf9,0x80,0xfc,0xfb,0xf7,0x80,0xfa,0xf9,0xf6,0x80,0xe3,0xe2,0xde,0x80,
	0xe3,0xe2,0xde,0x80,0xe1,0xe1,0xdc,0x80,0xe3,0xe2,0xde,0x80,0x00,0xc4,0x83,0x80,
	0x00,0xc4,0x83,0x80,0x16,0xbe,0x87,0x80,0xcf,0xce,0xca,0x80,0xdd,0xdc,0xd8,0x80,
	0xcb,0xca,0xc6,0x80,0xaa,0xbc,0xb3,0x80,0x16,0xbe,0x87,0x80,0x01,0xb9,0x7f,0x80,
	0x24,0x3d,0x34,0x24,0x00,0x00,0x00,0x0b,0x08,0x0b,0x0a,0x04,0x00,0x00,0x00,0x00,
	0x00,0x00,0x00,0x00,0x00,0x00,0x00,0x00,0x00,0x00,0x00,0x00,0x00,0x00,0x00,0x03,
	0xe2,0xde,0xd7,0x66,0xe2,0xde,0xd5,0x80,0xe2,0xdc,0xcb,0x80,0xe2,0xdc,0xcb,0x80,
	0xe5,0xe0,0xc8,0x80,0xe5,0xe0,0xc8,0x80,0xe8,0xe2,0xc8,0x80,0xea,0xe6,0xc6,0x80,
	0xea,0xe6,0xc6,0x80,0xe7,0xed,0xc6,0x80,0xe7,0xed,0xc6,0x80,0xe7,0xed,0xc6,0x80,
	0xe5,0xf0,0xd0,0x80,0xff,0xfe,0xfa,0x80,0xff,0xfe,0xfa,0x80,0xff,0xfe,0xfa,0x80,
	0xff,0xfe,0xfa,0x80,0xec,0xec,0xe8,0x77,0xb0,0xb1,0xb0,0x4f,0x30,0x31,0x30,0x28,
	0x24,0x3d,0x34,0x24,0xaf,0xb1,0xac,0x47,0xec,0xec,0xe8,0x77,0xfc,0xfb,0xf7,0x80,
	0xfc,0xfb,0xf7,0x80,0xfc,0xfb,0xf7,0x80,0xfc,0xfb,0xf7,0x80,0xec,0xec,0xe7,0x80,
	0xe3,0xe2,0xde,0x80,0xe3,0xe2,0xde,0x80,0xe3,0xe2,0xde,0x80,0x00,0xbf,0x81,0x80,
	0x00,0xbf,0x81,0x80,0x00,0xbf,0x81,0x80,0x61,0xc6,0xa4,0x80,0xe1,0xe1,0xdc,0x80,
	0xdd,0xdc,0xd8,0x80,0xcc,0xcb,0xc7,0x80,0x9b,0xbe,0xb1,0x80,0x01,0xb5,0x7e,0x80,
	0x00,0x92,0x6b,0x59,0x00,0x00,0x00,0x10,0x00,0x00,0x00,0x05,0x00,0x00,0x00,0x00,
	0x00,0x00,0x00,0x00,0x00,0x00,0x00,0x00,0x00,0x00,0x00,0x00,0x08,0x0b,0x0a,0x04,
	0xe2,0xe1,0xdd,0x72,0xdd,0xdc,0xd8,0x80,0xda,0xd7,0xd1,0x80,0xda,0xd7,0xd1,0x80,
	0xdf,0xd9,0xce,0x80,0xdf,0xd9,0xce,0x80,0xe2,0xdc,0xcb,0x80,0xe2,0xdc,0xcb,0x80,
	0xe5,0xe0,0xc8,0x80,0xe8,0xe2,0xc8,0x80,0xea,0xe6,0xc6,0x80,0xea,0xe6,0xc6,0x80,
	0xf1,0xef,0xde,0x80,0xff,0xfe,0xfa,0x80,0xff,0xfe,0xfa,0x80,0xff,0xfe,0xfa,0x80,
	0xf8,0xf8,0xf4,0x80,0xb0,0xb1,0xb0,0x4f,0x02,0x03,0x03,0x1e,0x06,0x06,0x06,0x17,
	0x00,0x00,0x00,0x12,0x00,0x00,0x00,0x12,0xb9,0xb9,0xb6,0x40,0xf7,0xf6,0xf2,0x80,
	0xfc,0xfb,0xf7,0x80,0xfc,0xfb,0xf7,0x80,0xfa,0xf9,0xf6,0x80,0xf1,0xf0,0xec,0x80,
	0xe3,0xe2,0xde,0x80,0xe3,0xe2,0xde,0x80,0xe1,0xe1,0xdc,0x80,0x00,0xbf,0x81,0x80,
	0x00,0xbf,0x81,0x80,0x01,0xb9,0x7f,0x80,0x01,0xb9,0x7f,0x80,0x8a,0xcb,0xb4,0x80,
	0xe1,0xe1,0xdc,0x80,0xdd,0xdc,0xd8,0x80,0xd6,0xd5,0xd1,0x80,0x63,0xb7,0x9b,0x7e,
	0x02,0xb0,0x7d,0x80,0x00,0x2d,0x21,0x1c,0x00,0x00,0x00,0x08,0x00,0x00,0x00,0x00,
	0x00,0x00,0x00,0x00,0x00,0x00,0x00,0x00,0x00,0x00,0x00,0x00,0x08,0x0b,0x0a,0x04,
	0xde,0xde,0xda,0x7b,0xda,0xd7,0xd1,0x80,0xd6,0xd5,0xd1,0x80,0xd6,0xd5,0xd1,0x80,
	0xd6,0xd5,0xd1,0x80,0xda,0xd7,0xd1,0x80,0xda,0xd7,0xd1,0x80,0xda,0xd7,0xd1,0x80,
	0xdf,0xd9,0xce,0x80,0xe2,0xdc,0xcb,0x80,0xe2,0xdc,0xcb,0x80,0xe5,0xe0,0xc8,0x80,
	0xf5,0xf5,0xee,0x80,0xff,0xfe,0xfa,0x80,0xfe,0xfd,0xf9,0x80,0xfe,0xfd,0xf9,0x80,
	0xf5,0xf5,0xee,0x80,0x30,0x31,0x30,0x28,0x06,0x06,0x06,0x17,0x00,0x00,0x00,0x0d,
	0x00,0x00,0x00,0x08,0x00,0x00,0x00,0x08,0x29,0x4c,0x45,0x0f,0xf7,0xf6,0xf2,0x80,
	0xfc,0xfb,0xf7,0x80,0xfa,0xf9,0xf6,0x80,0xfa,0xf9,0xf6,0x80,0xf3,0xf2,0xef,0x80,
	0xe1,0xe1,0xdc,0x80,0xe1,0xe1,0xdc,0x80,0xe1,0xe1,0xdc,0x80,0x01,0xb9,0x7f,0x80,
	0x01,0xb9,0x7f,0x80,0x01,0xb9,0x7f,0x80,0x01,0xb5,0x7e,0x80,0x01,0xb5,0x7e,0x80,
	0x7f,0xc2,0xae,0x80,0xdd,0xdc,0xd8,0x80,0xe1,0xe1,0xdc,0x80,0xd4,0xd4,0xcf,0x7f,
	0x00,0xac,0x7a,0x79,0x00,0x7c,0x60,0x40,0x06,0x06,0x06,0x09,0x00,0x00,0x00,0x00,
	0x00,0x00,0x00,0x00,0x00,0x00,0x00,0x00,0x00,0x00,0x00,0x00,0x08,0x0b,0x0a,0x04,
	0xde,0xde,0xda,0x7b,0xd6,0xd5,0xd1,0x80,0xd6,0xd5,0xd1,0x80,0xd6,0xd5,0xd1,0x80,
	0xd6,0xd5,0xd1,0x80,0xd6,0xd5,0xd1,0x80,0xd4,0xd4,0xcf,0x7f,0xd6,0xd5,0xd1,0x80,
	0xd4,0xd4,0xcf,0x7f,0xd8,0xd5,0xcc,0x80,0xd8,0xd5,0xcc,0x80,0xd8,0xd5,0xcc,0x80,
	0xf5,0xf5,0xee,0x80,0xfe,0xfd,0xf9,0x80,0xfe,0xfd,0xf9,0x80,0xfe,0xfd,0xf9,0x80,
	0xf5,0xf5,0xee,0x80,0x24,0x3d,0x34,0x24,0x00,0x00,0x00,0x12,0x00,0x00,0x00,0x08,
	0x00,0x00,0x00,0x02,0x00,0x00,0x00,0x02,0x06,0x06,0x06,0x09,0xf7,0xf6,0xf2,0x80,
	0xfa,0xf9,0xf6,0x80,0xfa,0xf9,0xf6,0x80,0xfa,0xf9,0xf6,0x80,0xf3,0xf2,0xef,0x80,
	0xe1,0xe1,0xdc,0x80,0xe1,0xe1,0xdc,0x80,0xe1,0xe1,0xdc,0x80,0x01,0xb9,0x7f,0x80,
	0x00,0xc1,0x92,0x80,0x2e,0xb7,0x90,0x80,0x01,0xb5,0x7e,0x80,0x01,0xb5,0x7e,0x80,
	0x02,0xb0,0x7d,0x80,0x6f,0xba,0xa1,0x80,0xda,0xd7,0xd1,0x80,0xde,0xde,0xda,0x7b,
	0x00,0x92,0x6b,0x59,0x00,0x88,0x66,0x4c,0x00,0x00,0x00,0x0b,0x00,0x00,0x00,0x00,
	0x00,0x00,0x00,0x00,0x00,0x00,0x00,0x00,0x00,0x00,0x00,0x00,0x08,0x0b,0x0a,0x04,
	0xdb,0xda,0xd5,0x74,0xd4,0xd4,0xcf,0x7f,0xd4,0xd4,0xcf,0x7f,0xd4,0xd4,0xcf,0x7f,
	0xd1,0xd0,0xcc,0x80,0xd1,0xd0,0xcc,0x80,0xd1,0xd0,0xcc,0x80,0xcf,0xce,0xca,0x80,
	0xcf,0xce,0xca,0x80,0xcf,0xce,0xca,0x80,0xcf,0xce,0xca,0x80,0xcf,0xce,0xca,0x80,
	0xe7,0xe7,0xe2,0x80,0xfe,0xfd,0xf9,0x80,0xfe,0xfd,0xf9,0x80,0xfe,0xfd,0xf9,0x80,
	0xf7,0xf6,0xf2,0x80,0xaf,0xb1,0xac,0x47,0x00,0x00,0x00,0x12,0x00,0x00,0x00,0x08,
	0x00,0x00,0x00,0x02,0x00,0x00,0x00,0x02,0xda,0xda,0xd7,0x31,0xf8,0xf8,0xf4,0x80,
	0xfa,0xf9,0xf6,0x80,0xfa,0xf9,0xf6,0x80,0xfa,0xf9,0xf6,0x80,0xf1,0xf0,0xec,0x80,
	0xdd,0xdc,0xd8,0x80,0xe1,0xe1,0xdc,0x80,0xe1,0xe1,0xdc,0x80,0x01,0xb5,0x7e,0x80,
	0x00,0xd0,0xb4,0x80,0xb9,0xb7,0xb2,0x80,0x63,0xb7,0x9b,0x7e,0x02,0xb0,0x7d,0x80,
	0x02,0xb0,0x7d,0x80,0x02,0xb0,0x7d,0x80,0x6f,0xba,0xa1,0x80,0xd1,0xd0,0xcc,0x7a,
	0x00,0x72,0x58,0x4b,0x00,0x8b,0x67,0x54,0x00,0x00,0x00,0x0b,0x00,0x00,0x00,0x00,
	0x00,0x00,0x00,0x00,0x00,0x00,0x00,0x00,0x00,0x00,0x00,0x00,0x08,0x0b,0x0a,0x04,
	0xd8,0xd7,0xd3,0x65,0xd1,0xd0,0xcc,0x80,0xcd,0xcc,0xc8,0x80,0xcd,0xcc,0xc8,0x80,
	0xcd,0xcc,0xc8,0x80,0xcd,0xcc,0xc8,0x80,0xcd,0xcc,0xc8,0x80,0xcc,0xcb,0xc7,0x80,
	0xcc,0xcb,0xc7,0x80,0xcd,0xcc,0xc8,0x80,0xcc,0xcb,0xc7,0x80,0xcd,0xcc,0xc8,0x80,
	0xdd,0xdc,0xd8,0x80,0xfe,0xfd,0xf9,0x80,0xfe,0xfd,0xf9,0x80,0xfc,0xfb,0xf7,0x80,
	0xfc,0xfb,0xf7,0x80,0xec,0xec,0xe8,0x77,0xb9,0xb9,0xb6,0x40,0x50,0x4f,0x50,0x13,
	0x99,0x98,0x97,0x0c,0xd9,0xd8,0xda,0x32,0xf6,0xf8,0xf6,0x75,0xfc,0xfb,0xf7,0x80,
	0xfa,0xf9,0xf6,0x80,0xfa,0xf9,0xf6,0x80,0xfa,0xf9,0xf6,0x80,0xe9,0xe9,0xe4,0x80,
	0xe2,0xde,0xd5,0x80,0xe2,0xde,0xd5,0x80,0xe2,0xde,0xd5,0x80,0x02,0xb0,0x7d,0x80,
	0x00,0xd0,0xb4,0x80,0xb9,0xb7,0xb2,0x80,0xbf,0xbe,0xba,0x80,0xa1,0xb5,0xac,0x80,
	0x3b,0xad,0x8e,0x80,0x01,0xa9,0x7a,0x80,0x01,0xa9,0x7a,0x80,0x7b,0xb2,0xa0,0x7d,
	0x00,0x64,0x4d,0x42,0x00,0x88,0x66,0x4c,0x00,0x00,0x00,0x0b,0x00,0x00,0x00,0x00,
	0x00,0x00,0x00,0x00,0x00,0x00,0x00,0x00,0x00,0x00,0x00,0x00,0x08,0x0b,0x0a,0x04,
	0xcb,0xca,0xc7,0x5b,0xcf,0xce,0xca,0x80,0xcd,0xcc,0xc8,0x80,0xcd,0xcc,0xc8,0x80,
	0xcc,0xcb,0xc7,0x80,0xcd,0xcc,0xc8,0x80,0xcd,0xcc,0xc8,0x80,0xcc,0xcb,0xc7,0x80,
	0xcd,0xcc,0xc8,0x80,0xcd,0xcc,0xc8,0x80,0xcd,0xcc,0xc8,0x80,0xcd,0xcc,0xc8,0x80,
	0xcc,0xcb,0xc7,0x80,0xf8,0xf8,0xf4,0x80,0xfc,0xfb,0xf7,0x80,0xfc,0xfb,0xf7,0x80,
	0xfc,0xfb,0xf7,0x80,0xfc,0xfb,0xf7,0x80,0xf8,0xf8,0xf4,0x80,0xf8,0xf8,0xf4,0x80,
	0xfa,0xf9,0xf6,0x80,0xfa,0xf9,0xf6,0x80,0xfc,0xfb,0xf7,0x80,0xfa,0xf9,0xf6,0x80,
	0xfa,0xf9,0xf6,0x80,0xfa,0xf9,0xf6,0x80,0xfa,0xf9,0xf6,0x80,0xe5,0xe1,0xcd,0x80,
	0xe5,0xdf,0xcf,0x80,0xe5,0xdf,0xcf,0x80,0xe2,0xde,0xd5,0x80,0x02,0xb0,0x7d,0x80,
	0x00,0xd0,0xb4,0x80,0xb9,0xb7,0xb2,0x80,0xcd,0xcc,0xc8,0x80,0xd1,0xd0,0xcc,0x80,
	0xc2,0xc1,0xbd,0x80,0x7b,0xb2,0xa0,0x7d,0x12,0xa7,0x81,0x80,0x01,0xa9,0x7a,0x80,
	0x00,0x8b,0x67,0x54,0x00,0x7c,0x60,0x40,0x00,0x00,0x00,0x0b,0x00,0x00,0x00,0x00,
	0x00,0x00,0x00,0x00,0x00,0x00,0x00,0x00,0x00,0x00,0x00,0x00,0x00,0x00,0x00,0x03,
	0xc1,0xc0,0xbc,0x47,0xcf,0xce,0xca,0x80,0xcd,0xcc,0xc8,0x80,0xcc,0xcb,0xc7,0x80,
	0xcd,0xcc,0xc8,0x80,0xcd,0xcc,0xc8,0x80,0xcd,0xcc,0xc8,0x80,0xcd,0xcc,0xc8,0x80,
	0xcd,0xcc,0xc8,0x80,0xcc,0xcb,0xc7,0x80,0xcc,0xcb,0xc7,0x80,0xcb,0xca,0xc6,0x80,
	0xca,0xc9,0xc5,0x80,0xd4,0xd4,0xcf,0x7f,0xfc,0xfb,0xf7,0x80,0xfc,0xfb,0xf7,0x80,
	0xfc,0xfb,0xf7,0x80,0xfc,0xfb,0xf7,0x80,0xfc,0xfb,0xf7,0x80,0xfa,0xf9,0xf6,0x80,
	0xfa,0xf9,0xf6,0x80,0xfa,0xf9,0xf6,0x80,0xfa,0xf9,0xf6,0x80,0xfa,0xf9,0xf6,0x80,
	0xfa,0xf9,0xf6,0x80,0xfa,0xf9,0xf6,0x80,0xe6,0xe6,0xd5,0x80,0xdc,0xe1,0xc2,0x80,
	0xe2,0xe2,0xc5,0x80,0xe5,0xe0,0xc8,0x80,0xe5,0xe1,0xcd,0x80,0x01,0xa9,0x7a,0x80,
	0x00,0xd0,0xb4,0x80,0xb9,0xb7,0xb2,0x80,0xd4,0xcf,0xc4,0x80,0xe2,0xde,0xd5,0x80,
	0xdd,0xda,0xd3,0x80,0xd8,0xd5,0xcc,0x80,0xaa,0xbc,0xb3,0x80,0x19,0xa1,0x7f,0x7e,
	0x00,0xa0,0x77,0x80,0x00,0x5a,0x43,0x2e,0x00,0x00,0x00,0x0b,0x00,0x00,0x00,0x00,
	0x00,0x00,0x00,0x00,0x00,0x00,0x00,0x00,0x00,0x00,0x00,0x00,0x00,0x00,0x00,0x03,
	0xac,0xab,0xa4,0x19,0xd1,0xd0,0xcc,0x80,0xcd,0xcc,0xc8,0x80,0xcd,0xcc,0xc8,0x80,
	0xcd,0xcc,0xc8,0x80,0xcd,0xcc,0xc8,0x80,0xcd,0xcc,0xc8,0x80,0xcc,0xcb,0xc7,0x80,
	0xcb,0xca,0xc6,0x80,0xcb,0xca,0xc6,0x80,0xca,0xc9,0xc5,0x80,0xc9,0xc8,0xc4,0x80,
	0xc8,0xc7,0xc3,0x80,0xc6,0xc5,0xc1,0x80,0xdd,0xda,0xd3,0x80,0xfc,0xfb,0xf7,0x80,
	0xfc,0xfb,0xf7,0x80,0xfc,0xfb,0xf7,0x80,0xfa,0xf9,0xf6,0x80,0xfa,0xf9,0xf6,0x80,
	0xfa,0xf9,0xf6,0x80,0xfa,0xf9,0xf6,0x80,0xfa,0xf9,0xf6,0x80,0xfa,0xf9,0xf6,0x80,
	0xf8,0xf8,0xf4,0x80,0xe7,0xe7,0xe2,0x80,0xc6,0xda,0xc1,0x80,0xd4,0xdf,0xc0,0x80,
	0xd4,0xdf,0xc0,0x80,0xdc,0xe1,0xc2,0x80,0xe2,0xe2,0xc5,0x80,0x01,0xa9,0x7a,0x80,
	0x00,0xd0,0xb4,0x80,0xbe,0xbc,0xa5,0x80,0xd7,0xd1,0xbc,0x80,0xe5,0xdf,0xcf,0x80,
	0xe5,0xdf,0xcf,0x80,0xe2,0xde,0xd5,0x80,0xdd,0xda,0xd3,0x80,0x74,0x90,0x82,0x4f,
	0x00,0x9c,0x74,0x7a,0x00,0x5a,0x43,0x2e,0x00,0x00,0x00,0x0b,0x00,0x00,0x00,0x00,
	0x00,0x00,0x00,0x00,0x00,0x00,0x00,0x00,0x00,0x00,0x00,0x00,0x00,0x00,0x00,0x01,
	0x00,0x03,0x02,0x06,0xcf,0xce,0xca,0x70,0xcd,0xcc,0xc8,0x80,0xcd,0xcc,0xc8,0x80,
	0xcc,0xcb,0xc7,0x80,0xcc,0xcb,0xc7,0x80,0xcb,0xca,0xc6,0x80,0xcb,0xca,0xc6,0x80,
	0xca,0xc9,0xc5,0x80,0xc9,0xc8,0xc4,0x80,0xc8,0xc7,0xc3,0x80,0xc7,0xc6,0xc2,0x80,
	0xc6,0xc5,0xc1,0x80,0xc5,0xc4,0xc0,0x80,0xc2,0xc1,0xbd,0x80,0xd6,0xd5,0xd1,0x80,
	0xf7,0xf6,0xf2,0x80,0xfa,0xf9,0xf6,0x80,0xfa,0xf9,0xf6,0x80,0xfa,0xf9,0xf6,0x80,
	0xfa,0xf9,0xf6,0x80,0xfa,0xf9,0xf6,0x80,0xfa,0xf9,0xf6,0x80,0xf8,0xf8,0xf4,0x80,
	0xd7,0xe3,0xdf,0x80,0xbd,0xd7,0xd2,0x80,0xc1,0xd7,0xc6,0x80,0xc6,0xda,0xc1,0x80,
	0xcd,0xdc,0xbf,0x80,0xd4,0xdf,0xc0,0x80,0xdc,0xe1,0xc2,0x80,0x01,0xa9,0x7a,0x80,
	0x00,0xd0,0xb4,0x80,0xbe,0xbc,0xa5,0x80,0xd7,0xd1,0xbc,0x80,0xe5,0xe0,0xc8,0x80,
	0xe5,0xe1,0xcd,0x80,0xe5,0xdf,0xcf,0x80,0xdf,0xd9,0xce,0x80,0x10,0x1b,0x18,0x26,
	0x00,0x72,0x58,0x4b,0x00,0x8b,0x67,0x54,0x00,0x00,0x00,0x0b,0x00,0x00,0x00,0x00,
	0x00,0x00,0x00,0x00,0x00,0x00,0x00,0x00,0x00,0x00,0x00,0x00,0x00,0x00,0x00,0x01,
	0x08,0x0b,0x0a,0x04,0xc1,0xc0,0xbc,0x47,0xcc,0xcb,0xc7,0x80,0xcb,0xca,0xc6,0x80,
	0xcb,0xca,0xc6,0x80,0xca,0xc9,0xc5,0x80,0xca,0xc9,0xc5,0x80,0xc9,0xc8,0xc4,0x80,
	0xc8,0xc7,0xc3,0x80,0xc7,0xc6,0xc2,0x80,0xc6,0xc5,0xc1,0x80,0xc5,0xc4,0xc0,0x80,
	0xc2,0xc1,0xbd,0x80,0xc2,0xc1,0xbd,0x80,0xc7,0xc6,0xc2,0x80,0xcd,0xcc,0xc8,0x80,
	0xcd,0xcc,0xc8,0x80,0xdd,0xdc,0xd8,0x80,0xe6,0xe5,0xe2,0x80,0xea,0xea,0xe5,0x80,
	0xec,0xe9,0xe9,0x80,0xe6,0xe5,0xe2,0x80,0xdd,0xd7,0xe2,0x80,0xc6,0xc7,0xd8,0x80,
	0xbe,0xcc,0xd5,0x80,0xbd,0xd6,0xd5,0x80,0xbe,0xd6,0xcc,0x80,0xc1,0xd7,0xc6,0x80,
	0xc6,0xda,0xc1,0x80,0xcd,0xdc,0xbf,0x80,0xd4,0xdf,0xc0,0x80,0x00,0xa0,0x77,0x80,
	0x00,0xc9,0xb2,0x80,0xbe,0xbc,0xa5,0x80,0xd0,0xd3,0xb4,0x80,0xe2,0xe2,0xc5,0x80,
	0xe5,0xe0,0xc8,0x80,0xe5,0xe1,0xcd,0x80,0xc6,0xc1,0xb1,0x65,0x02,0x03,0x03,0x1e,
	0x00,0x2d,0x21,0x1c,0x00,0x91,0x71,0x6d,0x06,0x06,0x06,0x09,0x00,0x00,0x00,0x00,
	0x00,0x00,0x00,0x00,0x00,0x00,0x00,0x00,0x00,0x00,0x00,0x00,0x00,0x00,0x00,0x00,
	0x00,0x00,0x00,0x02,0x7e,0x7e,0x7c,0x15,0xcc,0xcb,0xc7,0x80,0xca,0xc9,0xc5,0x80,
	0xca,0xc9,0xc5,0x80,0xc9,0xc8,0xc4,0x80,0xc9,0xc8,0xc4,0x80,0xc8,0xc7,0xc3,0x80,
	0xc6,0xc5,0xc1,0x80,0xc6,0xc5,0xc1,0x80,0xc5,0xc4,0xc0,0x80,0xc2,0xc1,0xbd,0x80,
	0xc2,0xc1,0xbd,0x80,0xc5,0xc4,0xc0,0x80,0xcb,0xca,0xc6,0x80,0xcc,0xcb,0xc7,0x80,
	0xcc,0xcb,0xc7,0x80,0xca,0xc9,0xc5,0x80,0xc9,0xc8,0xc4,0x80,0xc6,0xc5,0xc1,0x80,
	0xc8,0xc4,0xc7,0x80,0xc8,0xc0,0xd2,0x80,0xc8,0xc0,0xd2,0x80,0xc5,0xc2,0xd4,0x80,
	0xc1,0xc7,0xd4,0x80,0xbc,0xd1,0xd6,0x80,0xbd,0xd7,0xd2,0x80,0xbe,0xd6,0xcc,0x80,
	0xc1,0xd7,0xc6,0x80,0xc6,0xda,0xc1,0x80,0xcd,0xdc,0xbf,0x80,0x00,0xa0,0x77,0x80,
	0x00,0xc9,0xb2,0x80,0xb1,0xba,0x9f,0x80,0xd0,0xd3,0xb4,0x80,0xe2,0xe2,0xc5,0x80,
	0xe2,0xe2,0xc5,0x80,0xe2,0xdc,0xcb,0x80,0x7c,0x7a,0x6d,0x3a,0x00,0x00,0x00,0x18,
	0x00,0x00,0x00,0x10,0x00,0x91,0x71,0x6d,0x06,0x06,0x06,0x09,0x00,0x00,0x00,0x00,
	0x00,0x00,0x00,0x00,0x00,0x00,0x00,0x00,0x00,0x00,0x00,0x00,0x00,0x00,0x00,0x00,
	0x00,0x00,0x00,0x01,0x00,0x03,0x02,0x06,0xb5,0xb4,0xb1,0x57,0xc9,0xc8,0xc4,0x80,
	0xc9,0xc8,0xc4,0x80,0xc7,0xc6,0xc2,0x80,0xc6,0xc5,0xc1,0x80,0xc6,0xc5,0xc1,0x80,
	0xc5,0xc4,0xc0,0x80,0xc5,0xc4,0xc0,0x80,0xc2,0xc1,0xbd,0x80,0xc2,0xc1,0xbd,0x80,
	0xc5,0xc4,0xc0,0x80,0xc9,0xc8,0xc4,0x80,0xcd,0xcc,0xc8,0x80,0xcc,0xcb,0xc7,0x80,
	0xcb,0xca,0xc6,0x80,0xca,0xc9,0xc5,0x80,0xc8,0xc7,0xc3,0x80,0xc6,0xc5,0xc1,0x80,
	0xc8,0xc4,0xc7,0x80,0xc9,0xc2,0xcd,0x80,0xc8,0xc0,0xd2,0x80,0xc5,0xc2,0xd4,0x80,
	0xc1,0xc7,0xd4,0x80,0xbd,0xce,0xd5,0x80,0xbd,0xd6,0xd5,0x80,0xbd,0xd7,0xd2,0x80,
	0xbe,0xd6,0xcc,0x80,0xc1,0xd7,0xc6,0x80,0xc6,0xda,0xc1,0x80,0x00,0xa0,0x77,0x80,
	0x00,0xc9,0xb2,0x80,0xb1,0xba,0x9f,0x80,0xd0,0xd3,0xb4,0x80,0xdc,0xe1,0xc2,0x80,
	0xdc,0xe1,0xc2,0x80,0xc2,0xc6,0xb4,0x6d,0x02,0x03,0x03,0x1e,0x00,0x00,0x00,0x12,
	0x00,0x00,0x00,0x0b,0x00,0x91,0x71,0x6d,0x00,0x00,0x00,0x08,0x00,0x00,0x00,0x00,
	0x00,0x00,0x00,0x00,0x00,0x00,0x00,0x00,0x00,0x00,0x00,0x00,0x00,0x00,0x00,0x00,
	0x00,0x00,0x00,0x01,0x00,0x00,0x00,0x03,0x29,0x4c,0x45,0x0f,0xc9,0xc8,0xc4,0x7e,
	0xc7,0xc6,0xc2,0x80,0xc6,0xc5,0xc1,0x80,0xc6,0xc5,0xc1,0x80,0xc5,0xc4,0xc0,0x80,
	0xc5,0xc4,0xc0,0x80,0xc2,0xc1,0xbd,0x80,0xc2,0xc1,0xbd,0x80,0xc2,0xc1,0xbd,0x80,
	0xc8,0xc7,0xc3,0x80,0xcc,0xcb,0xc7,0x80,0xcc,0xcb,0xc7,0x80,0xcb,0xca,0xc6,0x80,
	0xca,0xc9,0xc5,0x80,0xc9,0xc8,0xc4,0x80,0xc8,0xc7,0xc3,0x80,0xc7,0xc6,0xc2,0x80,
	0xc7,0xc6,0xc2,0x80,0xc9,0xc2,0xcd,0x80,0xc8,0xc0,0xd2,0x80,0xc8,0xc0,0xd2,0x80,
	0xc5,0xc2,0xd4,0x80,0xbe,0xcc,0xd5,0x80,0xbc,0xd1,0xd6,0x80,0xbd,0xd6,0xd5,0x80,
	0xbd,0xd7,0xd2,0x80,0xbe,0xd6,0xcc,0x80,0xc1,0xd7,0xc6,0x80,0x00,0xa0,0x77,0x80,
	0x00,0xc1,0xa9,0x80,0xb1,0xba,0x9f,0x80,0xc0,0xcd,0xb3,0x80,0xd4,0xdf,0xc0,0x80,
	0xd7,0xda,0xc6,0x80,0x6f,0x6f,0x6a,0x2d,0x06,0x06,0x06,0x17,0x00,0x00,0x00,0x0b,
	0x00,0x00,0x00,0x08,0x00,0x7e,0x66,0x63,0x00,0x00,0x00,0x08,0x00,0x00,0x00,0x00,
	0x00,0x00,0x00,0x00,0x00,0x00,0x00,0x00,0x00,0x00,0x00,0x00,0x00,0x00,0x00,0x00,
	0x00,0x00,0x00,0x00,0x00,0x00,0x00,0x01,0x00,0x03,0x02,0x06,0x9c,0x9b,0x98,0x3a,
	0xc6,0xc5,0xc1,0x80,0xc5,0xc4,0xc0,0x80,0xc5,0xc4,0xc0,0x80,0xc5,0xc4,0xc0,0x80,
	0xc2,0xc1,0xbd,0x80,0xc2,0xc1,0xbd,0x80,0xc2,0xc1,0xbd,0x80,0xc7,0xc6,0xc2,0x80,
	0xca,0xc9,0xc5,0x80,0xcd,0xcc,0xc8,0x80,0xcc,0xcb,0xc7,0x80,0xcb,0xca,0xc6,0x80,
	0xca,0xc9,0xc5,0x80,0xc9,0xc8,0xc4,0x80,0xc8,0xc7,0xc3,0x80,0xc7,0xc6,0xc2,0x80,
	0xc7,0xc6,0xc2,0x80,0xc8,0xc4,0xc7,0x80,0xc9,0xc2,0xcd,0x80,0xc8,0xc0,0xd2,0x80,
	0xc5,0xc2,0xd4,0x80,0xc1,0xc7,0xd4,0x80,0xbf,0xd1,0xd5,0x80,0xbd,0xd6,0xd5,0x80,
	0xbd,0xd7,0xd2,0x80,0xbe,0xd6,0xcc,0x80,0xc1,0xd7,0xc6,0x80,0x03,0x93,0x74,0x80,
	0x00,0xb7,0x9f,0x80,0xa4,0xb2,0xa0,0x80,0xc0,0xcd,0xb3,0x80,0xcd,0xdc,0xbf,0x80,
	0xaa,0xab,0xa3,0x57,0x00,0x00,0x00,0x1a,0x00,0x00,0x00,0x10,0x00,0x00,0x00,0x08,
	0x00,0x03,0x02,0x06,0x00,0x92,0x6b,0x59,0x00,0x00,0x00,0x08,0x00,0x00,0x00,0x00,
	0x00,0x00,0x00,0x00,0x00,0x00,0x00,0x00,0x00,0x00,0x00,0x00,0x00,0x00,0x00,0x00,
	0x00,0x00,0x00,0x00,0x00,0x00,0x00,0x01,0x00,0x00,0x00,0x02,0x06,0x06,0x06,0x09,
	0xb5,0xb4,0xb1,0x57,0xc5,0xc4,0xc0,0x80,0xc5,0xc4,0xc0,0x80,0xc2,0xc1,0xbd,0x80,
	0xc2,0xc1,0xbd,0x80,0xc2,0xc1,0xbd,0x80,0xc6,0xc5,0xc1,0x80,0xca,0xc9,0xc5,0x80,
	0xcc,0xcb,0xc7,0x80,0xcc,0xcb,0xc7,0x80,0xcb,0xca,0xc6,0x80,0xcb,0xca,0xc6,0x80,
	0xca,0xc9,0xc5,0x80,0xc9,0xc8,0xc4,0x80,0xc7,0xc6,0xc2,0x80,0xc7,0xc6,0xc2,0x80,
	0xc7,0xc6,0xc2,0x80,0xc8,0xc4,0xc7,0x80,0xc9,0xc2,0xcd,0x80,0xc8,0xc0,0xd2,0x80,
	0xc5,0xc2,0xd4,0x80,0xc1,0xc7,0xd4,0x80,0xbe,0xcc,0xd5,0x80,0xbf,0xd1,0xd5,0x80,
	0xbd,0xd6,0xd5,0x80,0xbd,0xd7,0xd2,0x80,0xbe,0xd6,0xcc,0x80,0x03,0x93,0x74,0x80,
	0x00,0xb0,0x98,0x80,0xa4,0xb2,0xa0,0x80,0xc0,0xcd,0xb3,0x80,0xc2,0xc6,0xb4,0x6d,
	0x02,0x03,0x03,0x1e,0x06,0x06,0x06,0x17,0x00,0x00,0x00,0x0b,0x08,0x0b,0x0a,0x04,
	0x00,0x7b,0x63,0x1c,0x00,0x7c,0x60,0x40,0x00,0x03,0x02,0x06,0x00,0x00,0x00,0x00,
	0x00,0x00,0x00,0x00,0x00,0x00,0x00,0x00,0x00,0x00,0x00,0x00,0x00,0x00,0x00,0x00,
	0x00,0x00,0x00,0x00,0x00,0x00,0x00,0x00,0x00,0x00,0x00,0x01,0x08,0x0b,0x0a,0x04,
	0x00,0x00,0x00,0x0b,0xb7,0xb7,0xb3,0x65,0xc2,0xc1,0xbd,0x80,0xc2,0xc1,0xbd,0x80,
	0xc2,0xc1,0xbd,0x80,0xc6,0xc5,0xc1,0x80,0xc9,0xc8,0xc4,0x80,0xcb,0xca,0xc6,0x80,
	0xcc,0xcb,0xc7,0x80,0xcc,0xcb,0xc7,0x80,0xcb,0xca,0xc6,0x80,0xca,0xc9,0xc5,0x80,
	0xc9,0xc8,0xc4,0x80,0xc8,0xc7,0xc3,0x80,0xc7,0xc6,0xc2,0x80,0xc7,0xc6,0xc2,0x80,
	0xc7,0xc6,0xc2,0x80,0xc8,0xc4,0xc7,0x80,0xc8,0xc4,0xc7,0x80,0xc9,0xc2,0xcd,0x80,
	0xc8,0xc0,0xd2,0x80,0xb7,0xc4,0xcd,0x80,0x67,0xc3,0xad,0x80,0x2e,0xb7,0x90,0x80,
	0x12,0xa7,0x81,0x80,0x0b,0x9b,0x7a,0x80,0x19,0xa1,0x7f,0x7e,0x03,0x93,0x74,0x80,
	0x00,0xa2,0x88,0x80,0xa4,0xb2,0xa0,0x80,0xb9,0xbc,0xb4,0x73,0x02,0x03,0x03,0x1e,
	0x06,0x06,0x06,0x17,0x00,0x00,0x00,0x0d,0x00,0x00,0x00,0x05,0x00,0x00,0x00,0x02,
	0x00,0x7c,0x60,0x40,0x00,0x67,0x55,0x15,0x00,0x03,0x02,0x06,0x00,0x00,0x00,0x00,
	0x00,0x00,0x00,0x00,0x00,0x00,0x00,0x00,0x00,0x00,0x00,0x00,0x00,0x00,0x00,0x00,
	0x00,0x00,0x00,0x00,0x00,0x00,0x00,0x00,0x00,0x00,0x00,0x00,0x00,0x00,0x00,0x01,
	0x00,0x03,0x02,0x06,0x00,0x00,0x00,0x0d,0xb7,0xb7,0xb3,0x65,0xc2,0xc1,0xbd,0x80,
	0xc5,0xc4,0xc0,0x80,0xc8,0xc7,0xc3,0x80,0xca,0xc9,0xc5,0x80,0xcd,0xcc,0xc8,0x80,
	0xcc,0xcb,0xc7,0x80,0xcb,0xca,0xc6,0x80,0xcb,0xca,0xc6,0x80,0xca,0xc9,0xc5,0x80,
	0xc9,0xc8,0xc4,0x80,0xc8,0xc7,0xc3,0x80,0xc7,0xc6,0xc2,0x80,0xc7,0xc6,0xc2,0x80,
	0xc7,0xc6,0xc2,0x80,0xc8,0xc7,0xc3,0x80,0xc8,0xc4,0xc7,0x80,0xc9,0xc2,0xcd,0x80,
	0x88,0xc6,0xb9,0x80,0x46,0xe5,0xb0,0x80,0x46,0xe5,0xb0,0x80,0x2e,0xc5,0x97,0x80,
	0x19,0xae,0x87,0x80,0x0b,0x9b,0x7a,0x80,0x03,0x93,0x74,0x80,0x01,0x8d,0x71,0x80,
	0x03,0x93,0x74,0x80,0x9c,0xa3,0x9e,0x75,0x30,0x31,0x30,0x28,0x00,0x00,0x00,0x18,
	0x00,0x00,0x00,0x0d,0x00,0x03,0x02,0x06,0x00,0x00,0x00,0x02,0x08,0x0b,0x0a,0x04,
	0x00,0x88,0x66,0x4c,0x00,0x00,0x00,0x08,0x00,0x00,0x00,0x05,0x00,0x00,0x00,0x00,
	0x00,0x00,0x00,0x00,0x00,0x00,0x00,0x00,0x00,0x00,0x00,0x00,0x00,0x00,0x00,0x00,
	0x00,0x00,0x00,0x00,0x00,0x00,0x00,0x00,0x00,0x00,0x00,0x00,0x00,0x00,0x00,0x01,
	0x00,0x00,0x00,0x02,0x00,0x03,0x02,0x06,0x00,0x00,0x00,0x0d,0xb5,0xb4,0xb1,0x57,
	0xc7,0xc6,0xc2,0x80,0xc9,0xc8,0xc4,0x80,0xcc,0xcb,0xc7,0x80,0xcc,0xcb,0xc7,0x80,
	0xcc,0xcb,0xc7,0x80,0xcb,0xca,0xc6,0x80,0xca,0xc9,0xc5,0x80,0xca,0xc9,0xc5,0x80,
	0xc9,0xc8,0xc4,0x80,0xc8,0xc7,0xc3,0x80,0xc7,0xc6,0xc2,0x80,0xc7,0xc6,0xc2,0x80,
	0xc7,0xc6,0xc2,0x80,0xc8,0xc7,0xc3,0x80,0xc8,0xc4,0xc7,0x80,0x7f,0xc2,0xae,0x80,
	0x4e,0xf0,0xb8,0x80,0x5b,0xff,0xc3,0x80,0x4e,0xf0,0xb8,0x80,0x32,0xce,0x9f,0x80,
	0x19,0xae,0x87,0x80,0x0b,0x9b,0x7a,0x80,0x03,0x93,0x74,0x80,0x01,0x8d,0x71,0x80,
	0x01,0x8d,0x71,0x80,0x10,0x1b,0x18,0x26,0x00,0x00,0x00,0x1a,0x00,0x00,0x00,0x10,
	0x00,0x00,0x00,0x08,0x00,0x00,0x00,0x02,0x00,0x00,0x00,0x01,0x29,0x4c,0x45,0x0f,
	0x00,0x67,0x55,0x15,0x00,0x03,0x02,0x06,0x00,0x00,0x00,0x03,0x00,0x00,0x00,0x00,
	0x00,0x00,0x00,0x00,0x00,0x00,0x00,0x00,0x00,0x00,0x00,0x00,0x00,0x00,0x00,0x00,
	0x00,0x00,0x00,0x00,0x00,0x00,0x00,0x00,0x00,0x00,0x00,0x00,0x00,0x00,0x00,0x00,
	0x00,0x00,0x00,0x01,0x00,0x00,0x00,0x02,0x00,0x03,0x02,0x06,0x00,0x00,0x00,0x0d,
	0x9c,0x9b,0x98,0x3a,0xc9,0xc8,0xc4,0x7e,0xcc,0xcb,0xc7,0x80,0xcc,0xcb,0xc7,0x80,
	0xcb,0xca,0xc6,0x80,0xcb,0xca,0xc6,0x80,0xca,0xc9,0xc5,0x80,0xc9,0xc8,0xc4,0x80,
	0xc9,0xc8,0xc4,0x80,0xc8,0xc7,0xc3,0x80,0xc6,0xc5,0xc1,0x80,0xc6,0xc5,0xc1,0x80,
	0xc7,0xc6,0xc2,0x80,0xc8,0xc7,0xc3,0x80,0x9b,0xbe,0xb1,0x80,0x2e,0xc5,0x97,0x80,
	0x46,0xe5,0xb0,0x80,0x4e,0xf0,0xb8,0x80,0x46,0xe5,0xb0,0x80,0x2e,0xc5,0x97,0x80,
	0x12,0xa7,0x81,0x80,0x03,0x93,0x74,0x80,0x01,0x8d,0x71,0x80,0x01,0x88,0x6f,0x80,
	0x00,0x7e,0x66,0x63,0x02,0x03,0x03,0x1e,0x00,0x00,0x00,0x12,0x06,0x06,0x06,0x09,
	0x00,0x00,0x00,0x02,0x00,0x00,0x00,0x01,0x00,0x00,0x00,0x00,0x00,0x00,0x00,0x01,
	0x00,0x00,0x00,0x02,0x08,0x0b,0x0a,0x04,0x00,0x00,0x00,0x02,0x00,0x00,0x00,0x00,
	0x00,0x00,0x00,0x00,0x00,0x00,0x00,0x00,0x00,0x00,0x00,0x00,0x00,0x00,0x00,0x00,
	0x00,0x00,0x00,0x00,0x00,0x00,0x00,0x00,0x00,0x00,0x00,0x00,0x00,0x00,0x00,0x00,
	0x00,0x00,0x00,0x00,0x00,0x00,0x00,0x01,0x00,0x00,0x00,0x02,0x00,0x03,0x02,0x06,
	0x00,0x00,0x00,0x0b,0x5a,0x5a,0x58,0x1f,0xb5,0xb4,0xb1,0x57,0xcc,0xcb,0xc7,0x80,
	0xcb,0xca,0xc6,0x80,0xcb,0xca,0xc6,0x80,0xca,0xc9,0xc5,0x80,0xc9,0xc8,0xc4,0x80,
	0xc8,0xc7,0xc3,0x80,0xc7,0xc6,0xc2,0x80,0xc6,0xc5,0xc1,0x80,0xc6,0xc5,0xc1,0x80,
	0xc7,0xc6,0xc2,0x80,0xc8,0xc7,0xc3,0x80,0x3b,0xad,0x8e,0x80,0x19,0xae,0x87,0x80,
	0x2e,0xc5,0x97,0x80,0x32,0xce,0x9f,0x80,0x2e,0xc5,0x97,0x80,0x19,0xae,0x87,0x80,
	0x0b,0x9b,0x7a,0x80,0x03,0x93,0x74,0x80,0x01,0x8d,0x71,0x80,0x01,0x88,0x6f,0x80,
	0x00,0x72,0x58,0x4b,0x00,0x00,0x00,0x18,0x00,0x00,0x00,0x0b,0x08,0x0b,0x0a,0x04,
	0x00,0x00,0x00,0x01,0x00,0x00,0x00,0x00,0x00,0x00,0x00,0x00,0x00,0x00,0x00,0x01,
	0x00,0x00,0x00,0x01,0x00,0x00,0x00,0x01,0x00,0x00,0x00,0x01,0x00,0x00,0x00,0x00,
	0x00,0x00,0x00,0x00,0x00,0x00,0x00,0x00,0x00,0x00,0x00,0x00,0x00,0x00,0x00,0x00,
	0x00,0x00,0x00,0x00,0x00,0x00,0x00,0x00,0x00,0x00,0x00,0x00,0x00,0x00,0x00,0x00,
	0x00,0x00,0x00,0x00,0x00,0x00,0x00,0x00,0x00,0x00,0x00,0x01,0x00,0x00,0x00,0x01,
	0x00,0x00,0x00,0x05,0x06,0x06,0x06,0x09,0x00,0x00,0x00,0x10,0x6f,0x6f,0x6a,0x2d,
	0xaa,0xab,0xa3,0x57,0xc3,0xc2,0xbe,0x78,0xca,0xc9,0xc5,0x80,0xc9,0xc8,0xc4,0x80,
	0xc8,0xc7,0xc3,0x80,0xc7,0xc6,0xc2,0x80,0xc6,0xc5,0xc1,0x80,0xc7,0xc6,0xc2,0x80,
	0xc7,0xc6,0xc2,0x80,0xc8,0xc7,0xc3,0x80,0x0b,0x9b,0x7a,0x80,0x0b,0x9b,0x7a,0x80,
	0x12,0xa7,0x81,0x80,0x19,0xae,0x87,0x80,0x12,0xa7,0x81,0x80,0x0b,0x9b,0x7a,0x80,
	0x03,0x93,0x74,0x80,0x01,0x88,0x6f,0x80,0x01,0x88,0x6f,0x80,0x00,0x80,0x6a,0x77,
	0x10,0x1b,0x18,0x26,0x00,0x00,0x00,0x12,0x00,0x00,0x00,0x08,0x00,0x00,0x00,0x02,
	0x00,0x00,0x00,0x00,0x00,0x00,0x00,0x00,0x00,0x00,0x00,0x00,0x00,0x00,0x00,0x00,
	0x00,0x00,0x00,0x01,0x00,0x00,0x00,0x01,0x00,0x00,0x00,0x00,0x00,0x00,0x00,0x00,
	0x00,0x00,0x00,0x00,0x00,0x00,0x00,0x00,0x00,0x00,0x00,0x00,0x00,0x00,0x00,0x00,
	0x00,0x00,0x00,0x00,0x00,0x00,0x00,0x00,0x00,0x00,0x00,0x00,0x00,0x00,0x00,0x00,
	0x00,0x00,0x00,0x00,0x00,0x00,0x00,0x00,0x00,0x00,0x00,0x00,0x00,0x00,0x00,0x00,
	0x00,0x00,0x00,0x01,0x00,0x00,0x00,0x03,0x00,0x03,0x02,0x06,0x00,0x00,0x00,0x0b,
	0x00,0x00,0x00,0x10,0x06,0x06,0x06,0x17,0x89,0x88,0x85,0x3a,0xaa,0xab,0xa3,0x57,
	0xb7,0xb7,0xb3,0x65,0xb9,0xbc,0xb4,0x73,0xc3,0xc2,0xbe,0x78,0xc6,0xc5,0xc1,0x7b,
	0xc6,0xc5,0xc1,0x7b,0xc3,0xc2,0xbe,0x78,0x0d,0x94,0x77,0x7f,0x03,0x93,0x74,0x80,
	0x03,0x93,0x74,0x80,0x0d,0x94,0x77,0x7f,0x03,0x93,0x74,0x80,0x01,0x8d,0x71,0x80,
	0x01,0x88,0x6f,0x80,0x01,0x88,0x6f,0x80,0x00,0x83,0x6c,0x7d,0x00,0x43,0x38,0x36,
	0x00,0x00,0x00,0x18,0x00,0x00,0x00,0x0d,0x00,0x00,0x00,0x05,0x00,0x00,0x00,0x01,
	0x00,0x00,0x00,0x00,0x00,0x00,0x00,0x00,0x00,0x00,0x00,0x00,0x00,0x00,0x00,0x00,
	0x00,0x00,0x00,0x00,0x00,0x00,0x00,0x00,0x00,0x00,0x00,0x00,0x00,0x00,0x00,0x00,
	0x00,0x00,0x00,0x00,0x00,0x00,0x00,0x00,0x00,0x00,0x00,0x00,0x00,0x00,0x00,0x00,
	0x00,0x00,0x00,0x00,0x00,0x00,0x00,0x00,0x00,0x00,0x00,0x00,0x00,0x00,0x00,0x00,
	0x00,0x00,0x00,0x00,0x00,0x00,0x00,0x00,0x00,0x00,0x00,0x00,0x00,0x00,0x00,0x00,
	0x00,0x00,0x00,0x00,0x00,0x00,0x00,0x01,0x00,0x00,0x00,0x01,0x08,0x0b,0x0a,0x04,
	0x00,0x03,0x02,0x06,0x00,0x00,0x00,0x0b,0x00,0x00,0x00,0x0d,0x00,0x00,0x00,0x12,
	0x06,0x06,0x06,0x17,0x00,0x00,0x00,0x18,0x00,0x00,0x00,0x18,0x00,0x00,0x00,0x1a,
	0x00,0x00,0x00,0x1a,0x00,0x00,0x00,0x1a,0x00,0x72,0x58,0x4b,0x01,0x8d,0x71,0x80,
	0x01,0x88,0x6f,0x80,0x01,0x88,0x6f,0x80,0x01,0x88,0x6f,0x80,0x01,0x88,0x6f,0x80,
	0x01,0x88,0x6f,0x80,0x00,0x7c,0x67,0x6f,0x00,0x43,0x38,0x36,0x00,0x00,0x00,0x1a,
	0x00,0x00,0x00,0x10,0x00,0x00,0x00,0x08,0x00,0x00,0x00,0x02,0x00,0x00,0x00,0x01,
	0x00,0x00,0x00,0x00,0x00,0x00,0x00,0x00,0x00,0x00,0x00,0x00,0x00,0x00,0x00,0x00,
	0x00,0x00,0x00,0x00,0x00,0x00,0x00,0x00,0x00,0x00,0x00,0x00,0x00,0x00,0x00,0x00,
	0x00,0x00,0x00,0x00,0x00,0x00,0x00,0x00,0x00,0x00,0x00,0x00,0x00,0x00,0x00,0x00,
	0x00,0x00,0x00,0x00,0x00,0x00,0x00,0x00,0x00,0x00,0x00,0x00,0x00,0x00,0x00,0x00,
	0x00,0x00,0x00,0x00,0x00,0x00,0x00,0x00,0x00,0x00,0x00,0x00,0x00,0x00,0x00,0x00,
	0x00,0x00,0x00,0x00,0x00,0x00,0x00,0x00,0x00,0x00,0x00,0x00,0x00,0x00,0x00,0x01,
	0x00,0x00,0x00,0x01,0x00,0x00,0x00,0x03,0x00,0x00,0x00,0x05,0x00,0x00,0x00,0x08,
	0x06,0x06,0x06,0x09,0x00,0x00,0x00,0x0b,0x00,0x00,0x00,0x0b,0x00,0x00,0x00,0x0d,
	0x00,0x00,0x00,0x0d,0x00,0x00,0x00,0x0d,0x00,0x00,0x00,0x10,0x00,0x7c,0x60,0x40,
	0x00,0x7c,0x67,0x6f,0x00,0x83,0x6c,0x7d,0x00,0x80,0x6a,0x77,0x00,0x7e,0x66,0x63,
	0x00,0x64,0x4d,0x42,0x02,0x03,0x03,0x1e,0x06,0x06,0x06,0x17,0x00,0x00,0x00,0x10,
	0x06,0x06,0x06,0x09,0x08,0x0b,0x0a,0x04,0x00,0x00,0x00,0x01,0x00,0x00,0x00,0x00,
	0x00,0x00,0x00,0x00,0x00,0x00,0x00,0x00,0x00,0x00,0x00,0x00,0x00,0x00,0x00,0x00,
	0x00,0x00,0x00,0x00,0x00,0x00,0x00,0x00,0x00,0x00,0x00,0x00,0x00,0x00,0x00,0x00,
	0x00,0x00,0x00,0x00,0x00,0x00,0x00,0x00,0x00,0x00,0x00,0x00,0x00,0x00,0x00,0x00,
	0x00,0x00,0x00,0x00,0x00,0x00,0x00,0x00,0x00,0x00,0x00,0x00,0x00,0x00,0x00,0x00,
	0x00,0x00,0x00,0x00,0x00,0x00,0x00,0x00,0x00,0x00,0x00,0x00,0x00,0x00,0x00,0x00,
	0x00,0x00,0x00,0x00,0x00,0x00,0x00,0x00,0x00,0x00,0x00,0x00,0x00,0x00,0x00,0x00,
	0x00,0x00,0x00,0x00,0x00,0x00,0x00,0x00,0x00,0x00,0x00,0x01,0x00,0x00,0x00,0x01,
	0x00,0x00,0x00,0x02,0x00,0x00,0x00,0x03,0x08,0x0b,0x0a,0x04,0x08,0x0b,0x0a,0x04,
	0x08,0x0b,0x0a,0x04,0x00,0x00,0x00,0x05,0x00,0x00,0x00,0x08,0x00,0x00,0x00,0x0b,
	0x00,0x00,0x00,0x12,0x06,0x06,0x06,0x17,0x00,0x00,0x00,0x18,0x00,0x00,0x00,0x18,
	0x06,0x06,0x06,0x17,0x00,0x00,0x00,0x12,0x00,0x00,0x00,0x0b,0x00,0x00,0x00,0x08,
	0x00,0x00,0x00,0x03,0x00,0x00,0x00,0x01,0x00,0x00,0x00,0x00,0x00,0x00,0x00,0x00,
	0x00,0x00,0x00,0x00,0x00,0x00,0x00,0x00,0x00,0x00,0x00,0x00,0x00,0x00,0x00,0x00,
	0x00,0x00,0x00,0x00,0x00,0x00,0x00,0x00,0x00,0x00,0x00,0x00,0x00,0x00,0x00,0x00,
	0x00,0x00,0x00,0x00,0x00,0x00,0x00,0x00,0x00,0x00,0x00,0x00,0x00,0x00,0x00,0x00,
	0x00,0x00,0x00,0x00,0x00,0x00,0x00,0x00,0x00,0x00,0x00,0x00,0x00,0x00,0x00,0x00,
	0x00,0x00,0x00,0x00,0x00,0x00,0x00,0x00,0x00,0x00,0x00,0x00,0x00,0x00,0x00,0x00,
	0x00,0x00,0x00,0x00,0x00,0x00,0x00,0x00,0x00,0x00,0x00,0x00,0x00,0x00,0x00,0x00,
	0x00,0x00,0x00,0x00,0x00,0x00,0x00,0x00,0x00,0x00,0x00,0x00,0x00,0x00,0x00,0x00,
	0x00,0x00,0x00,0x00,0x00,0x00,0x00,0x00,0x00,0x00,0x00,0x00,0x00,0x00,0x00,0x00,
	0x00,0x00,0x00,0x00,0x00,0x00,0x00,0x00,0x00,0x00,0x00,0x00,0x00,0x00,0x00,0x00,
	0x00,0x00,0x00,0x00,0x00,0x00,0x00,0x00,0x00,0x00,0x00,0x01,0x00,0x00,0x00,0x01,
	0x00,0x00,0x00,0x01,0x00,0x00,0x00,0x00,0x00,0x00,0x00,0x00,0x00,0x00,0x00,0x00,
	0x00,0x00,0x00,0x00,0x00,0x00,0x00,0x00,0x00,0x00,0x00,0x00,0x00,0x00,0x00,0x00,
	0x00,0x00,0x00,0x00,0x00,0x00,0x00,0x00,0x00,0x00,0x00,0x00,0x00,0x00,0x00,0x00,
	0x00,0x00,0x00,0x00,0x00,0x00,0x00,0x00,0x00,0x00,0x00,0x00,0x00,0x00,0x00,0x00,
};
static const unsigned char rgba_s_IconHost[ 9216 ] __attribute__(   (  aligned( 16 ), section( ".data" )  )   ) = {
	0x00,0x00,0x00,0x00,0x00,0x00,0x00,0x00,0x00,0x00,0x00,0x00,0x00,0x00,0x00,0x00,
	0x00,0x00,0x00,0x00,0x00,0x00,0x00,0x00,0x00,0x00,0x00,0x00,0x00,0x00,0x00,0x00,
	0x00,0x00,0x00,0x00,0x00,0x00,0x00,0x00,0x00,0x00,0x00,0x00,0x00,0x00,0x00,0x00,
	0x00,0x00,0x00,0x00,0x00,0x00,0x00,0x00,0x00,0x00,0x00,0x00,0x00,0x00,0x00,0x00,
	0x00,0x00,0x00,0x00,0x00,0x00,0x00,0x00,0x00,0x00,0x00,0x00,0x00,0x00,0x00,0x00,
	0x00,0x00,0x00,0x00,0x00,0x00,0x00,0x00,0x00,0x00,0x00,0x00,0x00,0x00,0x00,0x00,
	0x00,0x00,0x00,0x00,0x00,0x00,0x00,0x00,0x00,0x00,0x00,0x00,0x00,0x00,0x00,0x00,
	0x00,0x00,0x00,0x00,0x00,0x00,0x00,0x00,0x00,0x00,0x00,0x00,0x00,0x00,0x00,0x00,
	0x00,0x00,0x00,0x00,0x00,0x00,0x00,0x00,0x00,0x00,0x00,0x00,0x00,0x00,0x00,0x00,
	0x00,0x00,0x00,0x00,0x00,0x00,0x00,0x00,0x00,0x00,0x00,0x00,0x00,0x00,0x00,0x00,
	0x00,0x00,0x00,0x00,0x00,0x00,0x00,0x00,0x00,0x00,0x00,0x00,0x00,0x00,0x00,0x00,
	0x00,0x00,0x00,0x00,0x00,0x00,0x00,0x00,0x00,0x00,0x00,0x00,0x00,0x00,0x00,0x00,
	0x00,0x00,0x00,0x00,0x00,0x00,0x00,0x00,0x00,0x00,0x00,0x00,0x00,0x00,0x00,0x00,
	0x00,0x00,0x00,0x00,0x00,0x00,0x00,0x00,0x00,0x00,0x00,0x00,0x00,0x00,0x00,0x00,
	0x00,0x00,0x00,0x00,0x00,0x00,0x00,0x00,0x00,0x00,0x00,0x00,0x00,0x00,0x00,0x00,
	0x00,0x00,0x00,0x00,0x00,0x00,0x00,0x00,0x00,0x00,0x00,0x00,0x00,0x00,0x00,0x00,
	0x00,0x00,0x00,0x00,0x00,0x00,0x00,0x00,0x00,0x00,0x00,0x00,0x00,0x00,0x00,0x00,
	0x00,0x00,0x00,0x00,0x00,0x00,0x00,0x00,0x00,0x00,0x00,0x00,0x00,0x00,0x00,0x00,
	0x00,0x00,0x00,0x00,0x00,0x00,0x00,0x00,0x00,0x00,0x00,0x00,0x00,0x00,0x00,0x00,
	0x00,0x00,0x00,0x00,0x00,0x00,0x00,0x00,0x00,0x00,0x00,0x00,0x00,0x00,0x00,0x00,
	0x00,0x00,0x00,0x00,0x00,0x00,0x00,0x00,0x00,0x00,0x00,0x00,0x00,0x00,0x00,0x00,
	0x00,0x00,0x00,0x00,0x00,0x00,0x00,0x00,0x00,0x00,0x00,0x00,0x00,0x00,0x00,0x00,
	0x00,0x00,0x00,0x00,0x00,0x00,0x00,0x00,0x00,0x00,0x00,0x00,0x00,0x00,0x00,0x00,
	0x00,0x00,0x00,0x00,0x00,0x00,0x00,0x00,0x00,0x00,0x00,0x00,0x00,0x00,0x00,0x00,
	0x00,0x00,0x00,0x00,0x00,0x00,0x00,0x00,0x00,0x00,0x00,0x00,0x00,0x00,0x00,0x00,
	0x00,0x00,0x00,0x00,0x00,0x00,0x00,0x00,0x00,0x00,0x00,0x00,0x00,0x00,0x00,0x00,
	0x00,0x00,0x00,0x00,0x00,0x00,0x00,0x00,0x00,0x00,0x00,0x00,0x00,0x00,0x00,0x00,
	0x00,0x00,0x00,0x00,0x00,0x00,0x00,0x00,0x00,0x00,0x00,0x00,0x00,0x00,0x00,0x00,
	0x00,0x00,0x00,0x00,0x00,0x00,0x00,0x00,0x00,0x00,0x00,0x00,0x00,0x00,0x00,0x00,
	0x00,0x00,0x00,0x00,0x00,0x00,0x00,0x00,0x00,0x00,0x00,0x00,0x00,0x00,0x00,0x00,
	0x00,0x00,0x00,0x00,0x00,0x00,0x00,0x00,0x00,0x00,0x00,0x00,0x00,0x00,0x00,0x00,
	0x00,0x00,0x00,0x00,0x00,0x00,0x00,0x00,0x00,0x00,0x00,0x00,0x00,0x00,0x00,0x00,
	0x00,0x00,0x00,0x00,0x00,0x00,0x00,0x00,0x00,0x00,0x00,0x00,0x00,0x00,0x00,0x00,
	0x00,0x00,0x00,0x00,0x00,0x00,0x00,0x00,0x00,0x00,0x00,0x00,0x00,0x00,0x00,0x00,
	0x00,0x00,0x00,0x00,0x00,0x00,0x00,0x00,0x00,0x00,0x00,0x00,0x00,0x00,0x00,0x00,
	0x00,0x00,0x00,0x00,0x00,0x00,0x00,0x00,0x00,0x00,0x00,0x00,0x00,0x00,0x00,0x00,
	0x00,0x00,0x00,0x00,0x00,0x00,0x00,0x00,0x00,0x00,0x00,0x00,0x00,0x00,0x00,0x00,
	0x00,0x00,0x00,0x00,0x00,0x00,0x00,0x00,0x00,0x00,0x00,0x00,0x00,0x00,0x00,0x00,
	0x00,0x00,0x00,0x00,0x00,0x00,0x00,0x00,0x00,0x00,0x00,0x00,0x00,0x00,0x00,0x00,
	0x00,0x00,0x00,0x00,0x00,0x00,0x00,0x00,0x00,0x00,0x00,0x00,0x00,0x00,0x00,0x00,
	0x00,0x00,0x00,0x00,0x00,0x00,0x00,0x00,0x00,0x00,0x00,0x00,0x00,0x00,0x00,0x00,
	0x00,0x00,0x00,0x00,0x00,0x00,0x00,0x00,0x00,0x00,0x00,0x00,0x00,0x00,0x00,0x00,
	0x00,0x00,0x00,0x00,0x00,0x00,0x00,0x00,0x00,0x00,0x00,0x00,0x00,0x00,0x00,0x00,
	0x00,0x00,0x00,0x00,0x00,0x00,0x00,0x00,0x00,0x00,0x00,0x00,0x00,0x00,0x00,0x00,
	0x00,0x00,0x00,0x00,0x00,0x00,0x00,0x00,0x00,0x00,0x00,0x00,0x00,0x00,0x00,0x00,
	0x00,0x00,0x00,0x00,0x00,0x00,0x00,0x00,0x00,0x00,0x00,0x00,0x00,0x00,0x00,0x00,
	0x00,0x00,0x00,0x00,0x00,0x00,0x00,0x00,0x00,0x00,0x00,0x00,0x00,0x00,0x00,0x00,
	0x00,0x00,0x00,0x00,0x00,0x00,0x00,0x00,0x00,0x00,0x00,0x00,0x00,0x00,0x00,0x00,
	0x00,0x00,0x00,0x00,0x00,0x00,0x00,0x00,0x00,0x00,0x00,0x00,0x00,0x00,0x00,0x00,
	0x00,0x00,0x00,0x00,0x00,0x00,0x00,0x00,0x00,0x00,0x00,0x00,0x00,0x00,0x00,0x00,
	0x00,0x00,0x00,0x00,0x00,0x00,0x00,0x00,0x00,0x00,0x00,0x00,0x00,0x00,0x00,0x00,
	0x00,0x00,0x00,0x00,0x00,0x00,0x00,0x00,0x00,0x00,0x00,0x00,0x00,0x00,0x00,0x00,
	0x00,0x00,0x00,0x00,0x00,0x00,0x00,0x00,0x00,0x00,0x00,0x00,0x00,0x00,0x00,0x00,
	0x00,0x00,0x00,0x00,0x00,0x00,0x00,0x00,0x00,0x00,0x00,0x00,0x00,0x00,0x00,0x00,
	0x00,0x00,0x00,0x00,0x00,0x00,0x00,0x00,0x00,0x00,0x00,0x00,0x00,0x00,0x00,0x00,
	0x00,0x00,0x00,0x00,0x00,0x00,0x00,0x00,0x00,0x00,0x00,0x00,0x00,0x00,0x00,0x00,
	0x00,0x00,0x00,0x00,0x00,0x00,0x00,0x00,0x00,0x00,0x00,0x00,0x00,0x00,0x00,0x00,
	0x00,0x00,0x00,0x00,0x00,0x00,0x00,0x00,0x00,0x00,0x00,0x00,0x00,0x00,0x00,0x00,
	0x00,0x00,0x00,0x00,0x00,0x00,0x00,0x00,0x00,0x00,0x00,0x00,0x00,0x00,0x00,0x00,
	0x00,0x00,0x00,0x00,0x00,0x00,0x00,0x00,0x00,0x00,0x00,0x00,0x00,0x00,0x00,0x00,
	0x00,0x00,0x00,0x00,0x00,0x00,0x00,0x00,0x00,0x00,0x00,0x00,0x00,0x00,0x00,0x00,
	0x00,0x00,0x00,0x00,0x00,0x00,0x00,0x00,0x00,0x00,0x00,0x00,0x00,0x00,0x00,0x00,
	0x00,0x00,0x00,0x00,0x00,0x00,0x00,0x00,0x00,0x00,0x00,0x00,0x00,0x00,0x00,0x00,
	0x00,0x00,0x00,0x00,0x00,0x00,0x00,0x00,0x00,0x00,0x00,0x00,0x00,0x00,0x00,0x00,
	0x00,0x00,0x00,0x00,0x00,0x00,0x00,0x00,0x00,0x00,0x00,0x00,0x00,0x00,0x00,0x00,
	0x00,0x00,0x00,0x00,0x00,0x00,0x00,0x00,0x00,0x00,0x00,0x00,0x00,0x00,0x00,0x00,
	0x00,0x00,0x00,0x00,0x00,0x00,0x00,0x00,0x00,0x00,0x00,0x00,0x00,0x00,0x00,0x00,
	0x00,0x00,0x00,0x00,0x00,0x00,0x00,0x00,0x00,0x00,0x00,0x00,0x00,0x00,0x00,0x00,
	0x00,0x00,0x00,0x00,0x00,0x00,0x00,0x00,0x00,0x00,0x00,0x00,0x00,0x00,0x00,0x00,
	0x00,0x00,0x00,0x00,0x00,0x00,0x00,0x00,0x00,0x00,0x00,0x00,0x00,0x00,0x00,0x00,
	0x00,0x00,0x00,0x00,0x00,0x00,0x00,0x00,0x00,0x00,0x00,0x00,0x00,0x00,0x00,0x00,
	0x00,0x00,0x00,0x00,0x00,0x00,0x00,0x00,0x00,0x00,0x00,0x00,0x00,0x00,0x00,0x00,
	0x00,0x00,0x00,0x00,0x00,0x00,0x00,0x00,0x00,0x00,0x00,0x00,0x00,0x00,0x00,0x00,
	0x00,0x00,0x00,0x00,0x00,0x00,0x00,0x00,0x00,0x00,0x00,0x00,0x00,0x00,0x00,0x01,
	0x00,0x00,0x00,0x01,0x00,0x00,0x00,0x03,0x00,0x00,0x00,0x04,0x00,0x00,0x00,0x05,
	0x00,0x00,0x00,0x05,0x00,0x00,0x00,0x05,0x00,0x00,0x00,0x05,0x00,0x00,0x00,0x05,
	0x00,0x00,0x00,0x05,0x00,0x00,0x00,0x05,0x00,0x00,0x00,0x05,0x00,0x00,0x00,0x05,
	0x00,0x00,0x00,0x05,0x00,0x00,0x00,0x05,0x00,0x00,0x00,0x05,0x00,0x00,0x00,0x05,
	0x00,0x00,0x00,0x05,0x00,0x00,0x00,0x05,0x00,0x00,0x00,0x05,0x00,0x00,0x00,0x05,
	0x00,0x00,0x00,0x05,0x00,0x00,0x00,0x05,0x00,0x00,0x00,0x05,0x00,0x00,0x00,0x05,
	0x00,0x00,0x00,0x05,0x00,0x00,0x00,0x05,0x00,0x00,0x00,0x05,0x00,0x00,0x00,0x05,
	0x00,0x00,0x00,0x05,0x00,0x00,0x00,0x05,0x00,0x00,0x00,0x05,0x00,0x00,0x00,0x04,
	0x00,0x00,0x00,0x03,0x00,0x00,0x00,0x01,0x00,0x00,0x00,0x01,0x00,0x00,0x00,0x00,
	0x00,0x00,0x00,0x00,0x00,0x00,0x00,0x00,0x00,0x00,0x00,0x00,0x00,0x00,0x00,0x00,
	0x00,0x00,0x00,0x00,0x00,0x00,0x00,0x00,0x00,0x00,0x00,0x00,0x00,0x00,0x00,0x00,
	0x00,0x00,0x00,0x00,0x00,0x00,0x00,0x00,0x00,0x00,0x00,0x01,0x2e,0x2e,0x2f,0x05,
	0x50,0x51,0x53,0x4b,0x50,0x51,0x53,0x77,0x4e,0x4f,0x51,0x80,0x4d,0x4e,0x50,0x80,
	0x4d,0x4e,0x50,0x80,0x4d,0x4e,0x50,0x80,0x4d,0x4e,0x50,0x80,0x4d,0x4e,0x50,0x80,
	0x4d,0x4e,0x50,0x80,0x4c,0x4d,0x4f,0x80,0x4c,0x4d,0x4f,0x80,0x4c,0x4d,0x4f,0x80,
	0x4c,0x4d,0x4f,0x80,0x4c,0x4d,0x4f,0x80,0x4c,0x4d,0x4f,0x80,0x4b,0x4c,0x4e,0x80,
	0x4b,0x4c,0x4e,0x80,0x4b,0x4c,0x4e,0x80,0x4b,0x4c,0x4e,0x80,0x4b,0x4c,0x4e,0x80,
	0x4b,0x4c,0x4e,0x80,0x4a,0x4b,0x4d,0x80,0x4a,0x4b,0x4d,0x80,0x4a,0x4b,0x4d,0x80,
	0x4a,0x4b,0x4d,0x80,0x4a,0x4b,0x4d,0x80,0x4a,0x4b,0x4d,0x80,0x49,0x4a,0x4b,0x80,
	0x49,0x4a,0x4b,0x80,0x49,0x4a,0x4b,0x80,0x45,0x46,0x48,0x78,0x3a,0x3b,0x3c,0x4e,
	0x0f,0x0f,0x0f,0x0b,0x00,0x00,0x00,0x05,0x00,0x00,0x00,0x02,0x00,0x00,0x00,0x01,
	0x00,0x00,0x00,0x00,0x00,0x00,0x00,0x00,0x00,0x00,0x00,0x00,0x00,0x00,0x00,0x00,
	0x00,0x00,0x00,0x00,0x00,0x00,0x00,0x00,0x00,0x00,0x00,0x00,0x00,0x00,0x00,0x00,
	0x00,0x00,0x00,0x00,0x00,0x00,0x00,0x00,0x00,0x00,0x00,0x01,0x4a,0x4b,0x4d,0x4a,
	0x4a,0x4b,0x4d,0x80,0x3e,0x3f,0x40,0x80,0x38,0x39,0x3a,0x80,0x37,0x38,0x39,0x80,
	0x37,0x38,0x39,0x80,0x37,0x38,0x39,0x80,0x37,0x38,0x39,0x80,0x36,0x37,0x38,0x80,
	0x36,0x37,0x38,0x80,0x36,0x37,0x38,0x80,0x36,0x37,0x38,0x80,0x36,0x37,0x38,0x80,
	0x36,0x37,0x38,0x80,0x35,0x35,0x37,0x80,0x35,0x35,0x37,0x80,0x35,0x35,0x37,0x80,
	0x35,0x35,0x37,0x80,0x35,0x35,0x37,0x80,0x35,0x35,0x37,0x80,0x33,0x34,0x35,0x80,
	0x33,0x34,0x35,0x80,0x33,0x34,0x35,0x80,0x33,0x34,0x35,0x80,0x33,0x34,0x35,0x80,
	0x33,0x34,0x35,0x80,0x32,0x33,0x34,0x80,0x32,0x33,0x34,0x80,0x32,0x33,0x34,0x80,
	0x32,0x33,0x34,0x80,0x32,0x33,0x34,0x80,0x33,0x34,0x35,0x80,0x35,0x35,0x37,0x80,
	0x27,0x28,0x29,0x4d,0x00,0x00,0x00,0x0b,0x00,0x00,0x00,0x05,0x00,0x00,0x00,0x01,
	0x00,0x00,0x00,0x00,0x00,0x00,0x00,0x00,0x00,0x00,0x00,0x00,0x00,0x00,0x00,0x00,
	0x00,0x00,0x00,0x00,0x00,0x00,0x00,0x00,0x00,0x00,0x00,0x00,0x00,0x00,0x00,0x00,
	0x00,0x00,0x00,0x00,0x00,0x00,0x00,0x00,0x00,0x00,0x00,0x03,0x45,0x46,0x48,0x77,
	0x3e,0x3f,0x40,0x80,0x37,0x38,0x39,0x80,0x37,0x38,0x39,0x80,0x37,0x38,0x39,0x80,
	0x36,0x37,0x38,0x80,0x36,0x37,0x38,0x80,0x36,0x37,0x38,0x80,0x36,0x37,0x38,0x80,
	0x36,0x37,0x38,0x80,0x36,0x37,0x38,0x80,0x36,0x37,0x38,0x80,0x35,0x35,0x37,0x80,
	0x35,0x35,0x37,0x80,0x35,0x35,0x37,0x80,0x35,0x35,0x37,0x80,0x35,0x35,0x37,0x80,
	0x35,0x35,0x37,0x80,0x33,0x34,0x35,0x80,0x33,0x34,0x35,0x80,0x33,0x34,0x35,0x80,
	0x33,0x34,0x35,0x80,0x33,0x34,0x35,0x80,0x32,0x33,0x34,0x80,0x32,0x33,0x34,0x80,
	0x32,0x33,0x34,0x80,0x32,0x33,0x34,0x80,0x32,0x33,0x34,0x80,0x32,0x33,0x34,0x80,
	0x31,0x32,0x33,0x80,0x31,0x32,0x33,0x80,0x31,0x32,0x33,0x80,0x32,0x33,0x34,0x80,
	0x23,0x24,0x25,0x79,0x00,0x00,0x00,0x12,0x00,0x00,0x00,0x08,0x00,0x00,0x00,0x03,
	0x00,0x00,0x00,0x00,0x00,0x00,0x00,0x00,0x00,0x00,0x00,0x00,0x00,0x00,0x00,0x00,
	0x00,0x00,0x00,0x00,0x00,0x00,0x00,0x00,0x00,0x00,0x00,0x00,0x00,0x00,0x00,0x00,
	0x00,0x00,0x00,0x00,0x00,0x00,0x00,0x00,0x00,0x00,0x00,0x04,0x43,0x44,0x45,0x80,
	0x38,0x39,0x3a,0x80,0x37,0x38,0x39,0x80,0x36,0x37,0x38,0x80,0x36,0x37,0x38,0x80,
	0x36,0x37,0x38,0x80,0x36,0x37,0x38,0x80,0x35,0x35,0x37,0x80,0x31,0x32,0x33,0x80,
	0x2e,0x2e,0x2f,0x80,0x30,0x31,0x32,0x80,0x33,0x34,0x35,0x80,0x35,0x35,0x37,0x80,
	0x35,0x35,0x37,0x80,0x35,0x35,0x37,0x80,0x35,0x35,0x37,0x80,0x33,0x34,0x35,0x80,
	0x33,0x34,0x35,0x80,0x33,0x34,0x35,0x80,0x33,0x34,0x35,0x80,0x33,0x34,0x35,0x80,
	0x32,0x33,0x34,0x80,0x31,0x32,0x33,0x80,0x2e,0x2e,0x2f,0x80,0x2a,0x2b,0x2c,0x80,
	0x2e,0x2e,0x2f,0x80,0x31,0x32,0x33,0x80,0x31,0x32,0x33,0x80,0x31,0x32,0x33,0x80,
	0x31,0x32,0x33,0x80,0x31,0x32,0x33,0x80,0x31,0x32,0x33,0x80,0x30,0x31,0x32,0x80,
	0x20,0x20,0x21,0x80,0x00,0x00,0x00,0x18,0x00,0x00,0x00,0x0c,0x00,0x00,0x00,0x04,
	0x00,0x00,0x00,0x00,0x00,0x00,0x00,0x00,0x00,0x00,0x00,0x00,0x00,0x00,0x00,0x00,
	0x00,0x00,0x00,0x00,0x00,0x00,0x00,0x00,0x00,0x00,0x00,0x00,0x00,0x00,0x00,0x00,
	0x00,0x00,0x00,0x00,0x00,0x00,0x00,0x00,0x00,0x00,0x00,0x05,0x43,0x44,0x45,0x80,
	0x36,0x37,0x38,0x80,0x36,0x37,0x38,0x80,0x36,0x37,0x38,0x80,0x36,0x37,0x38,0x80,
	0x36,0x37,0x38,0x80,0x36,0x37,0x38,0x80,0x30,0x31,0x32,0x80,0x6c,0x6d,0x70,0x80,
	0x99,0x9b,0x9f,0x80,0x4e,0x4f,0x51,0x80,0x30,0x31,0x32,0x80,0x35,0x35,0x37,0x80,
	0x33,0x34,0x35,0x80,0x33,0x34,0x35,0x80,0x33,0x34,0x35,0x80,0x33,0x34,0x35,0x80,
	0x33,0x34,0x35,0x80,0x33,0x34,0x35,0x80,0x32,0x33,0x34,0x80,0x32,0x33,0x34,0x80,
	0x32,0x33,0x34,0x80,0x2e,0x2e,0x2f,0x80,0x6a,0x6c,0x6f,0x80,0x99,0x9b,0x9f,0x80,
	0x4d,0x4e,0x50,0x80,0x2c,0x2d,0x2e,0x80,0x31,0x32,0x33,0x80,0x31,0x32,0x33,0x80,
	0x31,0x32,0x33,0x80,0x30,0x31,0x32,0x80,0x30,0x31,0x32,0x80,0x30,0x31,0x32,0x80,
	0x20,0x20,0x21,0x80,0x00,0x00,0x00,0x1b,0x00,0x00,0x00,0x0d,0x00,0x00,0x00,0x04,
	0x00,0x00,0x00,0x00,0x00,0x00,0x00,0x00,0x00,0x00,0x00,0x00,0x00,0x00,0x00,0x00,
	0x00,0x00,0x00,0x00,0x00,0x00,0x00,0x00,0x00,0x00,0x00,0x00,0x00,0x00,0x00,0x00,
	0x00,0x00,0x00,0x00,0x00,0x00,0x00,0x00,0x00,0x00,0x00,0x05,0x42,0x42,0x44,0x80,
	0x36,0x37,0x38,0x80,0x36,0x37,0x38,0x80,0x36,0x37,0x38,0x80,0x36,0x37,0x38,0x80,
	0x35,0x35,0x37,0x80,0x35,0x35,0x37,0x80,0x2c,0x2d,0x2e,0x80,0x7e,0x80,0x83,0x80,
	0x63,0x65,0x67,0x80,0x61,0x62,0x65,0x80,0x2b,0x2c,0x2d,0x80,0x33,0x34,0x35,0x80,
	0x33,0x34,0x35,0x80,0x33,0x34,0x35,0x80,0x33,0x34,0x35,0x80,0x33,0x34,0x35,0x80,
	0x32,0x33,0x34,0x80,0x32,0x33,0x34,0x80,0x32,0x33,0x34,0x80,0x32,0x33,0x34,0x80,
	0x32,0x33,0x34,0x80,0x29,0x2a,0x2b,0x80,0x7e,0x80,0x83,0x80,0x63,0x65,0x67,0x80,
	0x61,0x62,0x65,0x80,0x29,0x2a,0x2b,0x80,0x30,0x31,0x32,0x80,0x30,0x31,0x32,0x80,
	0x30,0x31,0x32,0x80,0x30,0x31,0x32,0x80,0x30,0x31,0x32,0x80,0x2f,0x2f,0x31,0x80,
	0x1e,0x1f,0x20,0x80,0x00,0x00,0x00,0x1b,0x00,0x00,0x00,0x0e,0x00,0x00,0x00,0x05,
	0x00,0x00,0x00,0x00,0x00,0x00,0x00,0x00,0x00,0x00,0x00,0x00,0x00,0x00,0x00,0x00,
	0x00,0x00,0x00,0x00,0x00,0x00,0x00,0x00,0x00,0x00,0x00,0x00,0x00,0x00,0x00,0x00,
	0x00,0x00,0x00,0x00,0x00,0x00,0x00,0x00,0x00,0x00,0x00,0x05,0x42,0x42,0x44,0x80,
	0x36,0x37,0x38,0x80,0x36,0x37,0x38,0x80,0x35,0x35,0x37,0x80,0x35,0x35,0x37,0x80,
	0x35,0x35,0x37,0x80,0x35,0x35,0x37,0x80,0x30,0x31,0x32,0x80,0x4a,0x4b,0x4d,0x80,
	0x61,0x62,0x65,0x80,0x4a,0x4b,0x4d,0x80,0x2f,0x2f,0x31,0x80,0x33,0x34,0x35,0x80,
	0x33,0x34,0x35,0x80,0x32,0x33,0x34,0x80,0x32,0x33,0x34,0x80,0x32,0x33,0x34,0x80,
	0x32,0x33,0x34,0x80,0x32,0x33,0x34,0x80,0x32,0x33,0x34,0x80,0x31,0x32,0x33,0x80,
	0x31,0x32,0x33,0x80,0x2c,0x2d,0x2e,0x80,0x47,0x48,0x4a,0x80,0x61,0x62,0x65,0x80,
	0x47,0x48,0x4a,0x80,0x2b,0x2c,0x2d,0x80,0x30,0x31,0x32,0x80,0x30,0x31,0x32,0x80,
	0x30,0x31,0x32,0x80,0x2f,0x2f,0x31,0x80,0x2f,0x2f,0x31,0x80,0x2f,0x2f,0x31,0x80,
	0x1e,0x1f,0x20,0x80,0x00,0x00,0x00,0x1c,0x00,0x00,0x00,0x0e,0x00,0x00,0x00,0x05,
	0x00,0x00,0x00,0x00,0x00,0x00,0x00,0x00,0x00,0x00,0x00,0x00,0x00,0x00,0x00,0x00,
	0x00,0x00,0x00,0x00,0x00,0x00,0x00,0x00,0x00,0x00,0x00,0x00,0x00,0x00,0x00,0x00,
	0x00,0x00,0x00,0x00,0x00,0x00,0x00,0x00,0x00,0x00,0x00,0x05,0x40,0x41,0x43,0x80,
	0x35,0x35,0x37,0x80,0x35,0x35,0x37,0x80,0x35,0x35,0x37,0x80,0x35,0x35,0x37,0x80,
	0x35,0x35,0x37,0x80,0x33,0x34,0x35,0x80,0x32,0x33,0x34,0x80,0x2f,0x2f,0x31,0x80,
	0x2b,0x2c,0x2d,0x80,0x2f,0x2f,0x31,0x80,0x32,0x33,0x34,0x80,0x32,0x33,0x34,0x80,
	0x32,0x33,0x34,0x80,0x32,0x33,0x34,0x80,0x32,0x33,0x34,0x80,0x32,0x33,0x34,0x80,
	0x31,0x32,0x33,0x80,0x31,0x32,0x33,0x80,0x31,0x32,0x33,0x80,0x31,0x32,0x33,0x80,
	0x31,0x32,0x33,0x80,0x30,0x31,0x32,0x80,0x2b,0x2c,0x2d,0x80,0x28,0x28,0x29,0x80,
	0x2b,0x2c,0x2d,0x80,0x2f,0x2f,0x31,0x80,0x30,0x31,0x32,0x80,0x2f,0x2f,0x31,0x80,
	0x2f,0x2f,0x31,0x80,0x2f,0x2f,0x31,0x80,0x2f,0x2f,0x31,0x80,0x2f,0x2f,0x31,0x80,
	0x1e,0x1f,0x20,0x80,0x00,0x00,0x00,0x1c,0x00,0x00,0x00,0x0e,0x00,0x00,0x00,0x05,
	0x00,0x00,0x00,0x00,0x00,0x00,0x00,0x00,0x00,0x00,0x00,0x00,0x00,0x00,0x00,0x00,
	0x00,0x00,0x00,0x00,0x00,0x00,0x00,0x00,0x00,0x00,0x00,0x00,0x00,0x00,0x00,0x00,
	0x00,0x00,0x00,0x00,0x00,0x00,0x00,0x00,0x00,0x00,0x00,0x05,0x40,0x41,0x43,0x80,
	0x35,0x35,0x37,0x80,0x35,0x35,0x37,0x80,0x31,0x32,0x33,0x80,0x2e,0x2e,0x2f,0x80,
	0x2e,0x2e,0x2f,0x80,0x2e,0x2e,0x2f,0x80,0x2e,0x2e,0x2f,0x80,0x2e,0x2e,0x2f,0x80,
	0x2e,0x2e,0x2f,0x80,0x2c,0x2d,0x2e,0x80,0x2c,0x2d,0x2e,0x80,0x2c,0x2d,0x2e,0x80,
	0x2c,0x2d,0x2e,0x80,0x2c,0x2d,0x2e,0x80,0x2b,0x2c,0x2d,0x80,0x2b,0x2c,0x2d,0x80,
	0x2b,0x2c,0x2d,0x80,0x2b,0x2c,0x2d,0x80,0x2b,0x2c,0x2d,0x80,0x2a,0x2b,0x2c,0x80,
	0x2a,0x2b,0x2c,0x80,0x2a,0x2b,0x2c,0x80,0x2a,0x2b,0x2c,0x80,0x2a,0x2b,0x2c,0x80,
	0x2a,0x2b,0x2c,0x80,0x29,0x2a,0x2b,0x80,0x29,0x2a,0x2b,0x80,0x29,0x2a,0x2b,0x80,
	0x29,0x2a,0x2b,0x80,0x2b,0x2c,0x2d,0x80,0x2e,0x2e,0x2f,0x80,0x2e,0x2e,0x2f,0x80,
	0x1e,0x1f,0x20,0x80,0x00,0x00,0x00,0x1c,0x00,0x00,0x00,0x0e,0x00,0x00,0x00,0x05,
	0x00,0x00,0x00,0x00,0x00,0x00,0x00,0x00,0x00,0x00,0x00,0x00,0x00,0x00,0x00,0x00,
	0x00,0x00,0x00,0x00,0x00,0x00,0x00,0x00,0x00,0x00,0x00,0x00,0x00,0x00,0x00,0x00,
	0x00,0x00,0x00,0x00,0x00,0x00,0x00,0x00,0x00,0x00,0x00,0x05,0x40,0x41,0x43,0x80,
	0x35,0x35,0x37,0x80,0x33,0x34,0x35,0x80,0x2e,0x2e,0x2f,0x80,0x62,0x64,0x66,0x80,
	0x5f,0x60,0x62,0x80,0x5f,0x60,0x62,0x80,0x5f,0x60,0x62,0x80,0x5f,0x60,0x62,0x80,
	0x5f,0x60,0x62,0x80,0x5f,0x60,0x62,0x80,0x5f,0x60,0x62,0x80,0x5f,0x60,0x62,0x80,
	0x5f,0x60,0x62,0x80,0x5f,0x60,0x62,0x80,0x60,0x61,0x64,0x80,0x5e,0x5f,0x61,0x80,
	0x5e,0x5f,0x61,0x80,0x5e,0x5f,0x61,0x80,0x5c,0x5e,0x60,0x80,0x5b,0x5d,0x5f,0x80,
	0x5a,0x5b,0x5e,0x80,0x59,0x5a,0x5c,0x80,0x58,0x59,0x5b,0x80,0x54,0x55,0x57,0x80,
	0x57,0x58,0x5a,0x80,0x57,0x58,0x5a,0x80,0x58,0x59,0x5b,0x80,0x55,0x57,0x59,0x80,
	0x57,0x58,0x5a,0x80,0x28,0x28,0x29,0x80,0x2e,0x2e,0x2f,0x80,0x2e,0x2e,0x2f,0x80,
	0x1d,0x1e,0x1e,0x80,0x00,0x00,0x00,0x1c,0x00,0x00,0x00,0x0e,0x00,0x00,0x00,0x05,
	0x00,0x00,0x00,0x00,0x00,0x00,0x00,0x00,0x00,0x00,0x00,0x00,0x00,0x00,0x00,0x00,
	0x00,0x00,0x00,0x00,0x00,0x00,0x00,0x00,0x00,0x00,0x00,0x00,0x00,0x00,0x00,0x00,
	0x00,0x00,0x00,0x00,0x00,0x00,0x00,0x00,0x00,0x00,0x00,0x05,0x3f,0x40,0x42,0x80,
	0x33,0x34,0x35,0x80,0x33,0x34,0x35,0x80,0x2e,0x2e,0x2f,0x80,0x65,0x66,0x68,0x80,
	0x42,0x42,0x44,0x80,0x43,0x44,0x45,0x80,0x44,0x45,0x46,0x80,0x44,0x45,0x46,0x80,
	0x44,0x45,0x46,0x80,0x44,0x45,0x46,0x80,0x44,0x45,0x46,0x80,0x44,0x45,0x46,0x80,
	0x45,0x46,0x48,0x80,0x46,0x47,0x49,0x80,0x47,0x48,0x4a,0x80,0x45,0x46,0x48,0x80,
	0x42,0x42,0x44,0x80,0x42,0x42,0x44,0x80,0x42,0x42,0x44,0x80,0x42,0x42,0x44,0x80,
	0x42,0x42,0x44,0x80,0x42,0x42,0x44,0x80,0x42,0x42,0x44,0x80,0x42,0x42,0x44,0x80,
	0x42,0x42,0x44,0x80,0x42,0x42,0x44,0x80,0x45,0x46,0x48,0x80,0x49,0x4a,0x4b,0x80,
	0x49,0x4a,0x4b,0x80,0x28,0x28,0x29,0x80,0x2c,0x2d,0x2e,0x80,0x2c,0x2d,0x2e,0x80,
	0x1d,0x1e,0x1e,0x80,0x00,0x00,0x00,0x1c,0x00,0x00,0x00,0x0e,0x00,0x00,0x00,0x05,
	0x00,0x00,0x00,0x00,0x00,0x00,0x00,0x00,0x00,0x00,0x00,0x00,0x00,0x00,0x00,0x00,
	0x00,0x00,0x00,0x00,0x00,0x00,0x00,0x00,0x00,0x00,0x00,0x00,0x00,0x00,0x00,0x00,
	0x00,0x00,0x00,0x00,0x00,0x00,0x00,0x00,0x00,0x00,0x00,0x05,0x3f,0x40,0x42,0x80,
	0x33,0x34,0x35,0x80,0x33,0x34,0x35,0x80,0x2c,0x2d,0x2e,0x80,0x69,0x6b,0x6d,0x80,
	0x44,0x45,0x46,0x80,0x85,0x87,0x8a,0x80,0x88,0x8a,0x8d,0x80,0x89,0x8b,0x8e,0x80,
	0x89,0x8b,0x8e,0x80,0x88,0x8a,0x8d,0x80,0x88,0x8a,0x8d,0x80,0x4d,0x57,0x51,0x80,
	0x1b,0x28,0x1d,0x80,0x1b,0x2a,0x1e,0x80,0x1b,0x2a,0x1e,0x80,0x1b,0x2a,0x1e,0x80,
	0x1b,0x2a,0x1e,0x80,0x1b,0x2a,0x1e,0x80,0x1b,0x2a,0x1e,0x80,0x1b,0x2a,0x1d,0x80,
	0x4b,0x54,0x4f,0x80,0x84,0x86,0x89,0x80,0x84,0x86,0x89,0x80,0x84,0x86,0x89,0x80,
	0x84,0x86,0x89,0x80,0x84,0x86,0x89,0x80,0x70,0x72,0x75,0x80,0x42,0x42,0x44,0x80,
	0x40,0x41,0x43,0x80,0x27,0x27,0x28,0x80,0x2c,0x2d,0x2e,0x80,0x2c,0x2d,0x2e,0x80,
	0x1d,0x1e,0x1e,0x80,0x00,0x00,0x00,0x1c,0x00,0x00,0x00,0x0e,0x00,0x00,0x00,0x05,
	0x00,0x00,0x00,0x00,0x00,0x00,0x00,0x00,0x00,0x00,0x00,0x00,0x00,0x00,0x00,0x00,
	0x00,0x00,0x00,0x00,0x00,0x00,0x00,0x00,0x00,0x00,0x00,0x00,0x00,0x00,0x00,0x00,
	0x00,0x00,0x00,0x00,0x00,0x00,0x00,0x00,0x00,0x00,0x00,0x05,0x3f,0x40,0x42,0x80,
	0x32,0x33,0x34,0x80,0x32,0x33,0x34,0x80,0x2c,0x2d,0x2e,0x80,0x6a,0x6c,0x6f,0x80,
	0x46,0x47,0x49,0x80,0x71,0x73,0x76,0x80,0x6a,0x6c,0x6f,0x80,0x6a,0x6c,0x6f,0x80,
	0x6a,0x6c,0x6f,0x80,0x68,0x6b,0x6c,0x80,0x65,0x78,0x6b,0x80,0x36,0x48,0x3a,0x80,
	0x1c,0x2d,0x20,0x80,0x1c,0x2d,0x20,0x80,0x1c,0x2d,0x20,0x80,0x1c,0x2d,0x20,0x80,
	0x1c,0x2d,0x20,0x80,0x1c,0x2d,0x20,0x80,0x1c,0x2d,0x20,0x80,0x1c,0x2d,0x20,0x80,
	0x35,0x47,0x39,0x80,0x61,0x73,0x67,0x80,0x66,0x68,0x6a,0x80,0x67,0x68,0x6b,0x80,
	0x67,0x68,0x6b,0x80,0x67,0x68,0x6b,0x80,0x5a,0x5b,0x5e,0x80,0x42,0x42,0x44,0x80,
	0x40,0x41,0x43,0x80,0x27,0x27,0x28,0x80,0x2b,0x2c,0x2d,0x80,0x2b,0x2c,0x2d,0x80,
	0x1c,0x1c,0x1d,0x80,0x00,0x00,0x00,0x1c,0x00,0x00,0x00,0x0e,0x00,0x00,0x00,0x05,
	0x00,0x00,0x00,0x00,0x00,0x00,0x00,0x00,0x00,0x00,0x00,0x00,0x00,0x00,0x00,0x00,
	0x00,0x00,0x00,0x00,0x00,0x00,0x00,0x00,0x00,0x00,0x00,0x00,0x00,0x00,0x00,0x00,
	0x00,0x00,0x00,0x00,0x00,0x00,0x00,0x00,0x00,0x00,0x00,0x05,0x3e,0x3f,0x40,0x80,
	0x32,0x33,0x34,0x80,0x32,0x33,0x34,0x80,0x2c,0x2d,0x2e,0x80,0x6c,0x6d,0x70,0x80,
	0x49,0x4a,0x4b,0x80,0x73,0x74,0x77,0x80,0x6a,0x6c,0x6f,0x80,0x6a,0x6c,0x6f,0x80,
	0x6a,0x6c,0x6f,0x80,0x39,0x3c,0x3c,0x80,0x1c,0x2d,0x20,0x80,0x1c,0x2d,0x20,0x80,
	0x1c,0x2d,0x20,0x80,0x1c,0x2d,0x20,0x80,0x1c,0x2d,0x20,0x80,0x1c,0x2d,0x20,0x80,
	0x1c,0x2d,0x20,0x80,0x1c,0x2d,0x20,0x80,0x1c,0x2d,0x20,0x80,0x1c,0x2d,0x20,0x80,
	0x1c,0x2d,0x20,0x80,0x1c,0x2d,0x20,0x80,0x38,0x3b,0x3a,0x80,0x67,0x68,0x6b,0x80,
	0x67,0x68,0x6b,0x80,0x67,0x68,0x6b,0x80,0x5a,0x5b,0x5e,0x80,0x42,0x42,0x44,0x80,
	0x40,0x41,0x43,0x80,0x27,0x27,0x28,0x80,0x2b,0x2c,0x2d,0x80,0x2b,0x2c,0x2d,0x80,
	0x1c,0x1c,0x1d,0x80,0x00,0x00,0x00,0x1c,0x00,0x00,0x00,0x0e,0x00,0x00,0x00,0x05,
	0x00,0x00,0x00,0x00,0x00,0x00,0x00,0x00,0x00,0x00,0x00,0x00,0x00,0x00,0x00,0x00,
	0x00,0x00,0x00,0x00,0x00,0x00,0x00,0x00,0x00,0x00,0x00,0x00,0x00,0x00,0x00,0x00,
	0x00,0x00,0x00,0x00,0x00,0x00,0x00,0x00,0x00,0x00,0x00,0x05,0x3e,0x3f,0x40,0x80,
	0x32,0x33,0x34,0x80,0x31,0x32,0x33,0x80,0x2b,0x2c,0x2d,0x80,0x6c,0x6d,0x70,0x80,
	0x49,0x4a,0x4b,0x80,0x73,0x74,0x77,0x80,0x6a,0x6c,0x6f,0x80,0x6a,0x6c,0x6f,0x80,
	0x69,0x6b,0x6d,0x80,0x39,0x47,0x3d,0x80,0x1c,0x2d,0x20,0x80,0x1c,0x2d,0x20,0x80,
	0x1c,0x2d,0x20,0x80,0x1c,0x2d,0x20,0x80,0x1c,0x2d,0x20,0x80,0x1c,0x2d,0x20,0x80,
	0x1c,0x2d,0x20,0x80,0x1c,0x2d,0x20,0x80,0x1c,0x2d,0x20,0x80,0x1c,0x2d,0x20,0x80,
	0x1c,0x2d,0x20,0x80,0x1c,0x2d,0x20,0x80,0x37,0x45,0x3c,0x80,0x67,0x68,0x6b,0x80,
	0x67,0x68,0x6b,0x80,0x69,0x6b,0x6d,0x80,0x5c,0x5e,0x60,0x80,0x49,0x4a,0x4b,0x80,
	0x46,0x47,0x49,0x80,0x27,0x27,0x28,0x80,0x2b,0x2c,0x2d,0x80,0x2a,0x2b,0x2c,0x80,
	0x1c,0x1c,0x1d,0x80,0x00,0x00,0x00,0x1c,0x00,0x00,0x00,0x0e,0x00,0x00,0x00,0x05,
	0x00,0x00,0x00,0x00,0x00,0x00,0x00,0x00,0x00,0x00,0x00,0x00,0x00,0x00,0x00,0x00,
	0x00,0x00,0x00,0x00,0x00,0x00,0x00,0x00,0x00,0x00,0x00,0x00,0x00,0x00,0x00,0x00,
	0x00,0x00,0x00,0x00,0x00,0x00,0x00,0x00,0x00,0x00,0x00,0x05,0x3d,0x3e,0x3f,0x80,
	0x31,0x32,0x33,0x80,0x31,0x32,0x33,0x80,0x2b,0x2c,0x2d,0x80,0x69,0x6b,0x6d,0x80,
	0x47,0x48,0x4a,0x80,0x71,0x73,0x76,0x80,0x21,0x21,0x22,0x80,0x1a,0x1a,0x1b,0x80,
	0x1b,0x1b,0x1c,0x80,0x20,0x32,0x22,0x80,0x1e,0x2f,0x21,0x80,0x21,0x34,0x24,0x80,
	0x25,0x3b,0x29,0x80,0x25,0x3b,0x29,0x80,0x25,0x3b,0x29,0x80,0x25,0x3b,0x29,0x80,
	0x25,0x3b,0x29,0x80,0x25,0x3b,0x29,0x80,0x25,0x3b,0x29,0x80,0x25,0x3b,0x29,0x80,
	0x21,0x34,0x24,0x80,0x1e,0x2f,0x21,0x80,0x20,0x32,0x22,0x80,0x1b,0x1b,0x1c,0x80,
	0x1a,0x1a,0x1b,0x80,0x23,0x24,0x24,0x80,0x5f,0x60,0x62,0x80,0x4d,0x4e,0x50,0x80,
	0x4c,0x4d,0x4f,0x80,0x25,0x26,0x27,0x80,0x2a,0x2b,0x2c,0x80,0x2a,0x2b,0x2c,0x80,
	0x1c,0x1c,0x1d,0x80,0x00,0x00,0x00,0x1c,0x00,0x00,0x00,0x0e,0x00,0x00,0x00,0x05,
	0x00,0x00,0x00,0x00,0x00,0x00,0x00,0x00,0x00,0x00,0x00,0x00,0x00,0x00,0x00,0x00,
	0x00,0x00,0x00,0x00,0x00,0x00,0x00,0x00,0x00,0x00,0x00,0x00,0x00,0x00,0x00,0x00,
	0x00,0x00,0x00,0x00,0x00,0x00,0x00,0x00,0x00,0x00,0x00,0x05,0x3d,0x3e,0x3f,0x80,
	0x31,0x32,0x33,0x80,0x30,0x31,0x32,0x80,0x2a,0x2b,0x2c,0x80,0x68,0x6a,0x6c,0x80,
	0x45,0x46,0x48,0x80,0x70,0x72,0x75,0x80,0x12,0x12,0x12,0x80,0x15,0x15,0x16,0x80,
	0x16,0x17,0x17,0x80,0x1d,0x2c,0x20,0x80,0x21,0x33,0x24,0x80,0x2c,0x44,0x2f,0x80,
	0x33,0x52,0x39,0x80,0x36,0x55,0x3c,0x80,0x36,0x55,0x3c,0x80,0x36,0x55,0x3c,0x80,
	0x36,0x55,0x3c,0x80,0x36,0x55,0x3c,0x80,0x36,0x55,0x3c,0x80,0x33,0x52,0x39,0x80,
	0x2c,0x44,0x2f,0x80,0x21,0x33,0x24,0x80,0x1d,0x2c,0x20,0x80,0x16,0x17,0x17,0x80,
	0x15,0x15,0x16,0x80,0x13,0x13,0x13,0x80,0x5e,0x5f,0x61,0x80,0x4d,0x4e,0x50,0x80,
	0x4c,0x4d,0x4f,0x80,0x25,0x26,0x27,0x80,0x2a,0x2b,0x2c,0x80,0x29,0x2a,0x2b,0x80,
	0x1b,0x1b,0x1c,0x80,0x00,0x00,0x00,0x1c,0x00,0x00,0x00,0x0e,0x00,0x00,0x00,0x05,
	0x00,0x00,0x00,0x00,0x00,0x00,0x00,0x00,0x00,0x00,0x00,0x00,0x00,0x00,0x00,0x00,
	0x00,0x00,0x00,0x00,0x00,0x00,0x00,0x00,0x00,0x00,0x00,0x00,0x00,0x00,0x00,0x00,
	0x00,0x00,0x00,0x00,0x00,0x00,0x00,0x00,0x00,0x00,0x00,0x05,0x3c,0x3c,0x3e,0x80,
	0x30,0x31,0x32,0x80,0x30,0x31,0x32,0x80,0x2a,0x2b,0x2c,0x80,0x66,0x67,0x6a,0x80,
	0x43,0x44,0x45,0x80,0x6f,0x71,0x73,0x80,0x13,0x13,0x13,0x80,0x15,0x15,0x16,0x80,
	0x19,0x19,0x1a,0x80,0x1c,0x1c,0x1d,0x80,0x23,0x24,0x24,0x80,0x2b,0x2c,0x2d,0x80,
	0x32,0x33,0x34,0x80,0x35,0x35,0x37,0x80,0x35,0x35,0x37,0x80,0x35,0x35,0x37,0x80,
	0x35,0x35,0x37,0x80,0x35,0x35,0x37,0x80,0x35,0x35,0x37,0x80,0x32,0x33,0x34,0x80,
	0x2b,0x2c,0x2d,0x80,0x23,0x24,0x24,0x80,0x1c,0x1c,0x1d,0x80,0x17,0x18,0x18,0x80,
	0x15,0x15,0x16,0x80,0x13,0x13,0x13,0x80,0x5c,0x5e,0x60,0x80,0x4a,0x4b,0x4d,0x80,
	0x4b,0x4c,0x4e,0x80,0x24,0x25,0x26,0x80,0x29,0x2a,0x2b,0x80,0x29,0x2a,0x2b,0x80,
	0x1b,0x1b,0x1c,0x80,0x00,0x00,0x00,0x1c,0x00,0x00,0x00,0x0e,0x00,0x00,0x00,0x05,
	0x00,0x00,0x00,0x00,0x00,0x00,0x00,0x00,0x00,0x00,0x00,0x00,0x00,0x00,0x00,0x00,
	0x00,0x00,0x00,0x00,0x00,0x00,0x00,0x00,0x00,0x00,0x00,0x00,0x00,0x00,0x00,0x00,
	0x00,0x00,0x00,0x00,0x00,0x00,0x00,0x00,0x00,0x00,0x00,0x05,0x3c,0x3c,0x3e,0x80,
	0x30,0x31,0x32,0x80,0x30,0x31,0x32,0x80,0x29,0x2a,0x2b,0x80,0x62,0x64,0x66,0x80,
	0x42,0x42,0x44,0x80,0x6f,0x71,0x73,0x80,0x13,0x13,0x13,0x80,0x15,0x15,0x16,0x80,
	0x1a,0x1a,0x1b,0x80,0x24,0x25,0x26,0x80,0x2e,0x2e,0x2f,0x80,0x24,0x25,0x26,0x80,
	0x33,0x34,0x35,0x80,0x23,0x24,0x24,0x80,0x35,0x35,0x37,0x80,0x23,0x24,0x24,0x80,
	0x35,0x35,0x37,0x80,0x23,0x24,0x24,0x80,0x35,0x35,0x37,0x80,0x23,0x24,0x24,0x80,
	0x32,0x33,0x34,0x80,0x23,0x24,0x24,0x80,0x24,0x25,0x26,0x80,0x1a,0x1a,0x1b,0x80,
	0x15,0x15,0x16,0x80,0x13,0x13,0x13,0x80,0x5b,0x5d,0x5f,0x80,0x46,0x47,0x49,0x80,
	0x47,0x48,0x4a,0x80,0x24,0x25,0x26,0x80,0x29,0x2a,0x2b,0x80,0x29,0x2a,0x2b,0x80,
	0x1a,0x1a,0x1b,0x80,0x00,0x00,0x00,0x1c,0x00,0x00,0x00,0x0e,0x00,0x00,0x00,0x05,
	0x00,0x00,0x00,0x00,0x00,0x00,0x00,0x00,0x00,0x00,0x00,0x00,0x00,0x00,0x00,0x00,
	0x00,0x00,0x00,0x00,0x00,0x00,0x00,0x00,0x00,0x00,0x00,0x00,0x00,0x00,0x00,0x00,
	0x00,0x00,0x00,0x00,0x00,0x00,0x00,0x00,0x00,0x00,0x00,0x05,0x3c,0x3c,0x3e,0x80,
	0x2f,0x2f,0x31,0x80,0x2f,0x2f,0x31,0x80,0x29,0x2a,0x2b,0x80,0x61,0x62,0x65,0x80,
	0x42,0x42,0x44,0x80,0x6f,0x71,0x73,0x80,0x16,0x17,0x17,0x80,0x1b,0x1b,0x1c,0x80,
	0x21,0x21,0x22,0x80,0x2b,0x2c,0x2d,0x80,0x32,0x33,0x34,0x80,0x32,0x33,0x34,0x80,
	0x35,0x35,0x37,0x80,0x35,0x35,0x37,0x80,0x35,0x35,0x37,0x80,0x35,0x35,0x37,0x80,
	0x35,0x35,0x37,0x80,0x35,0x35,0x37,0x80,0x35,0x35,0x37,0x80,0x35,0x35,0x37,0x80,
	0x35,0x35,0x37,0x80,0x32,0x33,0x34,0x80,0x2b,0x2c,0x2d,0x80,0x21,0x21,0x22,0x80,
	0x1b,0x1b,0x1c,0x80,0x16,0x17,0x17,0x80,0x5a,0x5b,0x5e,0x80,0x45,0x46,0x48,0x80,
	0x46,0x47,0x49,0x80,0x23,0x24,0x24,0x80,0x28,0x28,0x29,0x80,0x28,0x28,0x29,0x80,
	0x1a,0x1a,0x1b,0x80,0x00,0x00,0x00,0x1c,0x00,0x00,0x00,0x0e,0x00,0x00,0x00,0x05,
	0x00,0x00,0x00,0x00,0x00,0x00,0x00,0x00,0x00,0x00,0x00,0x00,0x00,0x00,0x00,0x00,
	0x00,0x00,0x00,0x00,0x00,0x00,0x00,0x00,0x00,0x00,0x00,0x00,0x00,0x00,0x00,0x00,
	0x00,0x00,0x00,0x00,0x00,0x00,0x00,0x00,0x00,0x00,0x00,0x05,0x3a,0x3b,0x3d,0x80,
	0x2f,0x2f,0x31,0x80,0x2f,0x2f,0x31,0x80,0x28,0x28,0x29,0x80,0x60,0x61,0x64,0x80,
	0x42,0x42,0x44,0x80,0x6f,0x71,0x73,0x80,0x1e,0x1f,0x20,0x80,0x28,0x28,0x29,0x80,
	0x2c,0x2d,0x2e,0x80,0x31,0x32,0x33,0x80,0x33,0x34,0x35,0x80,0xeb,0xb1,0x78,0x80,
	0x35,0x35,0x37,0x80,0xeb,0xb1,0x78,0x80,0x35,0x35,0x37,0x80,0xeb,0xb1,0x78,0x80,
	0x35,0x35,0x37,0x80,0xeb,0xb1,0x78,0x80,0x35,0x35,0x37,0x80,0xeb,0xb1,0x78,0x80,
	0x35,0x35,0x37,0x80,0xeb,0xb1,0x78,0x80,0x31,0x32,0x33,0x80,0x2c,0x2d,0x2e,0x80,
	0x28,0x28,0x29,0x80,0x1e,0x1f,0x20,0x80,0x5b,0x5d,0x5f,0x80,0x45,0x46,0x48,0x80,
	0x46,0x47,0x49,0x80,0x23,0x24,0x24,0x80,0x28,0x28,0x29,0x80,0x28,0x28,0x29,0x80,
	0x1a,0x1a,0x1b,0x80,0x00,0x00,0x00,0x1c,0x00,0x00,0x00,0x0e,0x00,0x00,0x00,0x05,
	0x00,0x00,0x00,0x00,0x00,0x00,0x00,0x00,0x00,0x00,0x00,0x00,0x00,0x00,0x00,0x00,
	0x00,0x00,0x00,0x00,0x00,0x00,0x00,0x00,0x00,0x00,0x00,0x00,0x00,0x00,0x00,0x00,
	0x00,0x00,0x00,0x00,0x00,0x00,0x00,0x00,0x00,0x00,0x00,0x05,0x3a,0x3b,0x3d,0x80,
	0x2e,0x2e,0x2f,0x80,0x2e,0x2e,0x2f,0x80,0x28,0x28,0x29,0x80,0x60,0x61,0x64,0x80,
	0x42,0x42,0x44,0x80,0x6f,0x71,0x73,0x80,0x23,0x24,0x24,0x80,0x2f,0x2f,0x31,0x80,
	0x33,0x34,0x35,0x80,0x35,0x35,0x37,0x80,0x35,0x35,0x37,0x80,0xff,0xf3,0xc4,0x80,
	0x35,0x35,0x37,0x80,0xff,0xf3,0xc4,0x80,0x35,0x35,0x37,0x80,0xff,0xf3,0xc4,0x80,
	0x35,0x35,0x37,0x80,0xff,0xf3,0xc4,0x80,0x35,0x35,0x37,0x80,0xff,0xf3,0xc4,0x80,
	0x35,0x35,0x37,0x80,0xff,0xf3,0xc4,0x80,0x35,0x35,0x37,0x80,0x32,0x33,0x34,0x80,
	0x2e,0x2e,0x2f,0x80,0x23,0x24,0x24,0x80,0x5b,0x5d,0x5f,0x80,0x46,0x47,0x49,0x80,
	0x46,0x47,0x49,0x80,0x23,0x24,0x24,0x80,0x27,0x27,0x28,0x80,0x27,0x27,0x28,0x80,
	0x1a,0x1a,0x1b,0x80,0x00,0x00,0x00,0x1c,0x00,0x00,0x00,0x0e,0x00,0x00,0x00,0x05,
	0x00,0x00,0x00,0x00,0x00,0x00,0x00,0x00,0x00,0x00,0x00,0x00,0x00,0x00,0x00,0x00,
	0x00,0x00,0x00,0x00,0x00,0x00,0x00,0x00,0x00,0x00,0x00,0x00,0x00,0x00,0x00,0x00,
	0x00,0x00,0x00,0x00,0x00,0x00,0x00,0x00,0x00,0x00,0x00,0x05,0x39,0x3a,0x3c,0x80,
	0x2e,0x2e,0x2f,0x80,0x2e,0x2e,0x2f,0x80,0x28,0x28,0x29,0x80,0x5e,0x5f,0x61,0x80,
	0x42,0x42,0x44,0x80,0x6f,0x71,0x73,0x80,0x23,0x24,0x24,0x80,0x30,0x31,0x32,0x80,
	0x33,0x34,0x35,0x80,0x35,0x35,0x37,0x80,0x35,0x35,0x37,0x80,0xff,0xfa,0xce,0x80,
	0x35,0x35,0x37,0x80,0xff,0xfa,0xce,0x80,0x35,0x35,0x37,0x80,0xff,0xfa,0xce,0x80,
	0x35,0x35,0x37,0x80,0xff,0xfa,0xce,0x80,0x35,0x35,0x37,0x80,0xff,0xfa,0xce,0x80,
	0x35,0x35,0x37,0x80,0xff,0xfa,0xce,0x80,0x35,0x35,0x37,0x80,0x32,0x33,0x34,0x80,
	0x2f,0x2f,0x31,0x80,0x24,0x25,0x26,0x80,0x5b,0x5d,0x5f,0x80,0x47,0x48,0x4a,0x80,
	0x46,0x47,0x49,0x80,0x22,0x22,0x23,0x80,0x27,0x27,0x28,0x80,0x27,0x27,0x28,0x80,
	0x1a,0x1a,0x1b,0x80,0x00,0x00,0x00,0x1c,0x00,0x00,0x00,0x0e,0x00,0x00,0x00,0x05,
	0x00,0x00,0x00,0x00,0x00,0x00,0x00,0x00,0x00,0x00,0x00,0x00,0x00,0x00,0x00,0x00,
	0x00,0x00,0x00,0x00,0x00,0x00,0x00,0x00,0x00,0x00,0x00,0x00,0x00,0x00,0x00,0x00,
	0x00,0x00,0x00,0x00,0x00,0x00,0x00,0x00,0x00,0x00,0x00,0x05,0x39,0x3a,0x3c,0x80,
	0x2c,0x2d,0x2e,0x80,0x2c,0x2d,0x2e,0x80,0x27,0x27,0x28,0x80,0x5c,0x5e,0x60,0x80,
	0x42,0x42,0x44,0x80,0x6f,0x71,0x73,0x80,0x23,0x24,0x24,0x80,0x2f,0x2f,0x31,0x80,
	0x33,0x34,0x35,0x80,0x35,0x35,0x37,0x80,0x35,0x35,0x37,0x80,0xff,0xd1,0xa2,0x80,
	0x35,0x35,0x37,0x80,0xff,0xd1,0xa2,0x80,0x35,0x35,0x37,0x80,0xff,0xd1,0xa2,0x80,
	0x35,0x35,0x37,0x80,0xff,0xd1,0xa2,0x80,0x35,0x35,0x37,0x80,0xff,0xd1,0xa2,0x80,
	0x35,0x35,0x37,0x80,0xff,0xd1,0xa2,0x80,0x35,0x35,0x37,0x80,0x32,0x33,0x34,0x80,
	0x2f,0x2f,0x31,0x80,0x24,0x25,0x26,0x80,0x5b,0x5d,0x5f,0x80,0x47,0x48,0x4a,0x80,
	0x47,0x48,0x4a,0x80,0x22,0x22,0x23,0x80,0x27,0x27,0x28,0x80,0x25,0x26,0x27,0x80,
	0x19,0x19,0x1a,0x80,0x00,0x00,0x00,0x1c,0x00,0x00,0x00,0x0e,0x00,0x00,0x00,0x05,
	0x00,0x00,0x00,0x00,0x00,0x00,0x00,0x00,0x00,0x00,0x00,0x00,0x00,0x00,0x00,0x00,
	0x00,0x00,0x00,0x00,0x00,0x00,0x00,0x00,0x00,0x00,0x00,0x00,0x00,0x00,0x00,0x00,
	0x00,0x00,0x00,0x00,0x00,0x00,0x00,0x00,0x00,0x00,0x00,0x05,0x38,0x39,0x3a,0x80,
	0x2c,0x2d,0x2e,0x80,0x2c,0x2d,0x2e,0x80,0x27,0x27,0x28,0x80,0x5b,0x5d,0x5f,0x80,
	0x42,0x42,0x44,0x80,0x6f,0x71,0x73,0x80,0x23,0x24,0x24,0x80,0x2e,0x2e,0x2f,0x80,
	0x31,0x32,0x33,0x80,0x32,0x33,0x34,0x80,0x33,0x34,0x35,0x80,0xd3,0x9e,0x6d,0x80,
	0x33,0x34,0x35,0x80,0xd3,0x9e,0x6d,0x80,0x33,0x34,0x35,0x80,0xd3,0x9e,0x6d,0x80,
	0x33,0x34,0x35,0x80,0xd3,0x9e,0x6d,0x80,0x33,0x34,0x35,0x80,0xd3,0x9e,0x6d,0x80,
	0x33,0x34,0x35,0x80,0xd3,0x9e,0x6d,0x80,0x33,0x34,0x35,0x80,0x31,0x32,0x33,0x80,
	0x2e,0x2e,0x2f,0x80,0x23,0x24,0x24,0x80,0x5b,0x5d,0x5f,0x80,0x47,0x48,0x4a,0x80,
	0x47,0x48,0x4a,0x80,0x21,0x21,0x22,0x80,0x25,0x26,0x27,0x80,0x25,0x26,0x27,0x80,
	0x19,0x19,0x1a,0x80,0x00,0x00,0x00,0x1c,0x00,0x00,0x00,0x0e,0x00,0x00,0x00,0x05,
	0x00,0x00,0x00,0x00,0x00,0x00,0x00,0x00,0x00,0x00,0x00,0x00,0x00,0x00,0x00,0x00,
	0x00,0x00,0x00,0x00,0x00,0x00,0x00,0x00,0x00,0x00,0x00,0x00,0x00,0x00,0x00,0x00,
	0x00,0x00,0x00,0x00,0x00,0x00,0x00,0x00,0x00,0x00,0x00,0x05,0x38,0x39,0x3a,0x80,
	0x2c,0x2d,0x2e,0x80,0x2b,0x2c,0x2d,0x80,0x27,0x27,0x28,0x80,0x59,0x5a,0x5c,0x80,
	0x42,0x42,0x44,0x80,0x6f,0x71,0x73,0x80,0x22,0x22,0x23,0x80,0x2e,0x2e,0x2f,0x80,
	0x2e,0x2e,0x2f,0x80,0x2f,0x2f,0x31,0x80,0x2f,0x2f,0x31,0x80,0x63,0x4e,0x39,0x80,
	0x2f,0x2f,0x31,0x80,0x63,0x4e,0x39,0x80,0x2f,0x2f,0x31,0x80,0x63,0x4e,0x39,0x80,
	0x2f,0x2f,0x31,0x80,0x63,0x4e,0x39,0x80,0x2f,0x2f,0x31,0x80,0x63,0x4e,0x39,0x80,
	0x2f,0x2f,0x31,0x80,0x63,0x4e,0x3a,0x80,0x2f,0x2f,0x31,0x80,0x2f,0x2f,0x31,0x80,
	0x2e,0x2e,0x2f,0x80,0x22,0x22,0x23,0x80,0x5a,0x5b,0x5e,0x80,0x46,0x47,0x49,0x80,
	0x46,0x47,0x49,0x80,0x21,0x21,0x22,0x80,0x25,0x26,0x27,0x80,0x25,0x26,0x27,0x80,
	0x17,0x18,0x18,0x80,0x00,0x00,0x00,0x1c,0x00,0x00,0x00,0x0e,0x00,0x00,0x00,0x05,
	0x00,0x00,0x00,0x00,0x00,0x00,0x00,0x00,0x00,0x00,0x00,0x00,0x00,0x00,0x00,0x00,
	0x00,0x00,0x00,0x00,0x00,0x00,0x00,0x00,0x00,0x00,0x00,0x00,0x00,0x00,0x00,0x00,
	0x00,0x00,0x00,0x00,0x00,0x00,0x00,0x00,0x00,0x00,0x00,0x05,0x37,0x38,0x39,0x80,
	0x2b,0x2c,0x2d,0x80,0x2b,0x2c,0x2d,0x80,0x27,0x27,0x28,0x80,0x57,0x58,0x5a,0x80,
	0x42,0x42,0x44,0x80,0x6f,0x71,0x73,0x80,0x69,0x6b,0x6d,0x80,0x8f,0x91,0x94,0x80,
	0x8f,0x91,0x94,0x80,0x8f,0x91,0x94,0x80,0x8f,0x91,0x94,0x80,0x8f,0x91,0x94,0x80,
	0x8f,0x91,0x94,0x80,0x8f,0x91,0x94,0x80,0x8f,0x91,0x94,0x80,0x8f,0x91,0x94,0x80,
	0x8f,0x91,0x94,0x80,0x8f,0x91,0x94,0x80,0x8f,0x91,0x94,0x80,0x8f,0x91,0x94,0x80,
	0x8f,0x91,0x94,0x80,0x8f,0x91,0x94,0x80,0x8f,0x91,0x94,0x80,0x8f,0x91,0x94,0x80,
	0x8f,0x91,0x94,0x80,0x69,0x6b,0x6d,0x80,0x5a,0x5b,0x5e,0x80,0x44,0x45,0x46,0x80,
	0x45,0x46,0x48,0x80,0x21,0x21,0x22,0x80,0x24,0x25,0x26,0x80,0x24,0x25,0x26,0x80,
	0x17,0x18,0x18,0x80,0x00,0x00,0x00,0x1c,0x00,0x00,0x00,0x0e,0x00,0x00,0x00,0x05,
	0x00,0x00,0x00,0x00,0x00,0x00,0x00,0x00,0x00,0x00,0x00,0x00,0x00,0x00,0x00,0x00,
	0x00,0x00,0x00,0x00,0x00,0x00,0x00,0x00,0x00,0x00,0x00,0x00,0x00,0x00,0x00,0x00,
	0x00,0x00,0x00,0x00,0x00,0x00,0x00,0x00,0x00,0x00,0x00,0x05,0x37,0x38,0x39,0x80,
	0x2b,0x2c,0x2d,0x80,0x2a,0x2b,0x2c,0x80,0x25,0x26,0x27,0x80,0x54,0x55,0x57,0x80,
	0x43,0x44,0x45,0x80,0x5a,0x5b,0x5e,0x80,0x4c,0x4d,0x4f,0x80,0x4c,0x4d,0x4f,0x80,
	0x4d,0x4e,0x50,0x80,0x4d,0x4e,0x50,0x80,0x4d,0x4e,0x50,0x80,0x4c,0x4d,0x4f,0x80,
	0x4c,0x4d,0x4f,0x80,0x4c,0x4d,0x4f,0x80,0x4b,0x4c,0x4e,0x80,0x4c,0x4d,0x4f,0x80,
	0x4c,0x4d,0x4f,0x80,0x4d,0x4e,0x50,0x80,0x4d,0x4e,0x50,0x80,0x4e,0x4f,0x51,0x80,
	0x4e,0x4f,0x51,0x80,0x4c,0x4d,0x4f,0x80,0x4b,0x4c,0x4e,0x80,0x4b,0x4c,0x4e,0x80,
	0x4b,0x4c,0x4e,0x80,0x4b,0x4c,0x4e,0x80,0x4d,0x4e,0x50,0x80,0x43,0x44,0x45,0x80,
	0x44,0x45,0x46,0x80,0x20,0x20,0x21,0x80,0x24,0x25,0x26,0x80,0x24,0x25,0x26,0x80,
	0x17,0x18,0x18,0x80,0x00,0x00,0x00,0x1c,0x00,0x00,0x00,0x0e,0x00,0x00,0x00,0x05,
	0x00,0x00,0x00,0x00,0x00,0x00,0x00,0x00,0x00,0x00,0x00,0x00,0x00,0x00,0x00,0x00,
	0x00,0x00,0x00,0x00,0x00,0x00,0x00,0x00,0x00,0x00,0x00,0x00,0x00,0x00,0x00,0x00,
	0x00,0x00,0x00,0x00,0x00,0x00,0x00,0x00,0x00,0x00,0x00,0x05,0x36,0x37,0x38,0x80,
	0x2a,0x2b,0x2c,0x80,0x2a,0x2b,0x2c,0x80,0x25,0x26,0x27,0x80,0x52,0x53,0x55,0x80,
	0x45,0x46,0x48,0x80,0x45,0x46,0x48,0x80,0x45,0x46,0x48,0x80,0x46,0x47,0x49,0x80,
	0x46,0x47,0x49,0x80,0x46,0x47,0x49,0x80,0x45,0x46,0x48,0x80,0x44,0x45,0x46,0x80,
	0x43,0x44,0x45,0x80,0x42,0x42,0x44,0x80,0x42,0x42,0x44,0x80,0x43,0x44,0x45,0x80,
	0x45,0x46,0x48,0x80,0x47,0x48,0x4a,0x80,0x4a,0x4b,0x4d,0x80,0x4b,0x4c,0x4e,0x80,
	0x47,0x48,0x4a,0x80,0x42,0x42,0x44,0x80,0x42,0x42,0x44,0x80,0x42,0x42,0x44,0x80,
	0x42,0x42,0x44,0x80,0x42,0x42,0x44,0x80,0x42,0x42,0x44,0x80,0x42,0x42,0x44,0x80,
	0x43,0x44,0x45,0x80,0x20,0x20,0x21,0x80,0x24,0x25,0x26,0x80,0x23,0x24,0x24,0x80,
	0x17,0x18,0x18,0x80,0x00,0x00,0x00,0x1c,0x00,0x00,0x00,0x0e,0x00,0x00,0x00,0x05,
	0x00,0x00,0x00,0x00,0x00,0x00,0x00,0x00,0x00,0x00,0x00,0x00,0x00,0x00,0x00,0x00,
	0x00,0x00,0x00,0x00,0x00,0x00,0x00,0x00,0x00,0x00,0x00,0x00,0x00,0x00,0x00,0x00,
	0x00,0x00,0x00,0x00,0x00,0x00,0x00,0x00,0x00,0x00,0x00,0x05,0x36,0x37,0x38,0x80,
	0x2a,0x2b,0x2c,0x80,0x2a,0x2b,0x2c,0x80,0x24,0x25,0x26,0x80,0x5a,0x5b,0x5e,0x80,
	0x68,0x6a,0x6c,0x80,0x69,0x6b,0x6d,0x80,0x69,0x6b,0x6d,0x80,0x69,0x6b,0x6d,0x80,
	0x69,0x6b,0x6d,0x80,0x68,0x6a,0x6c,0x80,0x67,0x68,0x6b,0x80,0x66,0x67,0x6a,0x80,
	0x66,0x67,0x6a,0x80,0x65,0x66,0x68,0x80,0x66,0x67,0x6a,0x80,0x66,0x67,0x6a,0x80,
	0x68,0x6a,0x6c,0x80,0x6a,0x6c,0x6f,0x80,0x6c,0x6d,0x70,0x80,0x6a,0x6c,0x6f,0x80,
	0x66,0x67,0x6a,0x80,0x65,0x66,0x68,0x80,0x65,0x66,0x68,0x80,0x65,0x66,0x68,0x80,
	0x65,0x66,0x68,0x80,0x65,0x66,0x68,0x80,0x65,0x66,0x68,0x80,0x65,0x66,0x68,0x80,
	0x59,0x5a,0x5c,0x80,0x1e,0x1f,0x20,0x80,0x23,0x24,0x24,0x80,0x23,0x24,0x24,0x80,
	0x17,0x18,0x18,0x80,0x00,0x00,0x00,0x1c,0x00,0x00,0x00,0x0e,0x00,0x00,0x00,0x05,
	0x00,0x00,0x00,0x00,0x00,0x00,0x00,0x00,0x00,0x00,0x00,0x00,0x00,0x00,0x00,0x00,
	0x00,0x00,0x00,0x00,0x00,0x00,0x00,0x00,0x00,0x00,0x00,0x00,0x00,0x00,0x00,0x00,
	0x00,0x00,0x00,0x00,0x00,0x00,0x00,0x00,0x00,0x00,0x00,0x05,0x33,0x34,0x35,0x80,
	0x29,0x2a,0x2b,0x80,0x29,0x2a,0x2b,0x80,0x27,0x27,0x28,0x80,0x24,0x25,0x26,0x80,
	0x23,0x24,0x24,0x80,0x23,0x24,0x24,0x80,0x23,0x24,0x24,0x80,0x23,0x24,0x24,0x80,
	0x23,0x24,0x24,0x80,0x23,0x24,0x24,0x80,0x22,0x22,0x23,0x80,0x22,0x22,0x23,0x80,
	0x22,0x22,0x23,0x80,0x22,0x22,0x23,0x80,0x22,0x22,0x23,0x80,0x21,0x21,0x22,0x80,
	0x21,0x21,0x22,0x80,0x21,0x21,0x22,0x80,0x21,0x21,0x22,0x80,0x21,0x21,0x22,0x80,
	0x21,0x21,0x22,0x80,0x20,0x20,0x21,0x80,0x20,0x20,0x21,0x80,0x20,0x20,0x21,0x80,
	0x20,0x20,0x21,0x80,0x20,0x20,0x21,0x80,0x20,0x20,0x21,0x80,0x1e,0x1f,0x20,0x80,
	0x1e,0x1f,0x20,0x80,0x21,0x21,0x22,0x80,0x23,0x24,0x24,0x80,0x22,0x22,0x23,0x80,
	0x16,0x17,0x17,0x80,0x00,0x00,0x00,0x1b,0x00,0x00,0x00,0x0e,0x00,0x00,0x00,0x05,
	0x00,0x00,0x00,0x00,0x00,0x00,0x00,0x00,0x00,0x00,0x00,0x00,0x00,0x00,0x00,0x00,
	0x00,0x00,0x00,0x00,0x00,0x00,0x00,0x00,0x00,0x00,0x00,0x00,0x00,0x00,0x00,0x00,
	0x00,0x00,0x00,0x00,0x00,0x00,0x00,0x00,0x00,0x00,0x00,0x05,0x30,0x31,0x32,0x78,
	0x28,0x28,0x29,0x80,0x29,0x2a,0x2b,0x80,0x28,0x28,0x29,0x80,0x28,0x28,0x29,0x80,
	0x28,0x28,0x29,0x80,0x28,0x28,0x29,0x80,0x28,0x28,0x29,0x80,0x27,0x27,0x28,0x80,
	0x27,0x27,0x28,0x80,0x27,0x27,0x28,0x80,0x27,0x27,0x28,0x80,0x27,0x27,0x28,0x80,
	0x27,0x27,0x28,0x80,0x25,0x26,0x27,0x80,0x25,0x26,0x27,0x80,0x25,0x26,0x27,0x80,
	0x25,0x26,0x27,0x80,0x25,0x26,0x27,0x80,0x24,0x25,0x26,0x80,0x24,0x25,0x26,0x80,
	0x24,0x25,0x26,0x80,0x24,0x25,0x26,0x80,0x24,0x25,0x26,0x80,0x24,0x25,0x26,0x80,
	0x23,0x24,0x24,0x80,0x23,0x24,0x24,0x80,0x23,0x24,0x24,0x80,0x23,0x24,0x24,0x80,
	0x23,0x24,0x24,0x80,0x23,0x24,0x24,0x80,0x23,0x24,0x24,0x80,0x1d,0x1e,0x1e,0x80,
	0x14,0x14,0x15,0x79,0x00,0x00,0x00,0x1b,0x00,0x00,0x00,0x0d,0x00,0x00,0x00,0x04,
	0x00,0x00,0x00,0x00,0x00,0x00,0x00,0x00,0x00,0x00,0x00,0x00,0x00,0x00,0x00,0x00,
	0x00,0x00,0x00,0x00,0x00,0x00,0x00,0x00,0x00,0x00,0x00,0x00,0x00,0x00,0x00,0x00,
	0x00,0x00,0x00,0x00,0x00,0x00,0x00,0x00,0x00,0x00,0x00,0x04,0x24,0x24,0x25,0x4d,
	0x22,0x22,0x23,0x80,0x25,0x26,0x27,0x80,0x28,0x28,0x29,0x80,0x28,0x28,0x29,0x80,
	0x28,0x28,0x29,0x80,0x27,0x27,0x28,0x80,0x27,0x27,0x28,0x80,0x27,0x27,0x28,0x80,
	0x27,0x27,0x28,0x80,0x27,0x27,0x28,0x80,0x25,0x26,0x27,0x80,0x25,0x26,0x27,0x80,
	0x25,0x26,0x27,0x80,0x25,0x26,0x27,0x80,0x25,0x26,0x27,0x80,0x25,0x26,0x27,0x80,
	0x24,0x25,0x26,0x80,0x24,0x25,0x26,0x80,0x24,0x25,0x26,0x80,0x24,0x25,0x26,0x80,
	0x24,0x25,0x26,0x80,0x24,0x25,0x26,0x80,0x23,0x24,0x24,0x80,0x23,0x24,0x24,0x80,
	0x23,0x24,0x24,0x80,0x23,0x24,0x24,0x80,0x23,0x24,0x24,0x80,0x23,0x24,0x24,0x80,
	0x23,0x24,0x24,0x80,0x21,0x21,0x22,0x80,0x1d,0x1e,0x1e,0x80,0x14,0x14,0x15,0x80,
	0x0d,0x0e,0x0e,0x54,0x00,0x00,0x00,0x18,0x00,0x00,0x00,0x0c,0x00,0x00,0x00,0x04,
	0x00,0x00,0x00,0x00,0x00,0x00,0x00,0x00,0x00,0x00,0x00,0x00,0x00,0x00,0x00,0x00,
	0x00,0x00,0x00,0x00,0x00,0x00,0x00,0x00,0x00,0x00,0x00,0x00,0x00,0x00,0x00,0x00,
	0x00,0x00,0x00,0x00,0x00,0x00,0x00,0x00,0x00,0x00,0x00,0x03,0x09,0x09,0x0a,0x0b,
	0x17,0x17,0x18,0x51,0x14,0x14,0x15,0x79,0x13,0x13,0x13,0x80,0x12,0x12,0x12,0x80,
	0x12,0x12,0x12,0x80,0x12,0x12,0x12,0x80,0x12,0x12,0x12,0x80,0x12,0x12,0x12,0x80,
	0x12,0x12,0x12,0x80,0x12,0x12,0x12,0x80,0x12,0x12,0x12,0x80,0x12,0x12,0x12,0x80,
	0x12,0x12,0x12,0x80,0x12,0x12,0x12,0x80,0x10,0x11,0x11,0x80,0x10,0x11,0x11,0x80,
	0x10,0x11,0x11,0x80,0x10,0x11,0x11,0x80,0x10,0x11,0x11,0x80,0x10,0x11,0x11,0x80,
	0x10,0x11,0x11,0x80,0x10,0x11,0x11,0x80,0x10,0x11,0x11,0x80,0x10,0x11,0x11,0x80,
	0x10,0x11,0x11,0x80,0x10,0x11,0x11,0x80,0x0f,0x0f,0x10,0x80,0x0f,0x0f,0x10,0x80,
	0x0f,0x0f,0x10,0x80,0x0f,0x0f,0x10,0x80,0x0e,0x0e,0x0f,0x7a,0x0c,0x0c,0x0d,0x57,
	0x02,0x02,0x02,0x1e,0x00,0x00,0x00,0x12,0x00,0x00,0x00,0x08,0x00,0x00,0x00,0x03,
	0x00,0x00,0x00,0x00,0x00,0x00,0x00,0x00,0x00,0x00,0x00,0x00,0x00,0x00,0x00,0x00,
	0x00,0x00,0x00,0x00,0x00,0x00,0x00,0x00,0x00,0x00,0x00,0x00,0x00,0x00,0x00,0x00,
	0x00,0x00,0x00,0x00,0x00,0x00,0x00,0x00,0x00,0x00,0x00,0x01,0x00,0x00,0x00,0x05,
	0x00,0x00,0x00,0x0b,0x00,0x00,0x00,0x12,0x00,0x00,0x00,0x18,0x00,0x00,0x00,0x1b,
	0x00,0x00,0x00,0x1b,0x00,0x00,0x00,0x1c,0x00,0x00,0x00,0x1c,0x00,0x00,0x00,0x1c,
	0x00,0x00,0x00,0x1c,0x00,0x00,0x00,0x1c,0x00,0x00,0x00,0x1c,0x00,0x00,0x00,0x1c,
	0x00,0x00,0x00,0x1c,0x00,0x00,0x00,0x1c,0x00,0x00,0x00,0x1c,0x00,0x00,0x00,0x1c,
	0x00,0x00,0x00,0x1c,0x00,0x00,0x00,0x1c,0x00,0x00,0x00,0x1c,0x00,0x00,0x00,0x1c,
	0x00,0x00,0x00,0x1c,0x00,0x00,0x00,0x1c,0x00,0x00,0x00,0x1c,0x00,0x00,0x00,0x1c,
	0x00,0x00,0x00,0x1c,0x00,0x00,0x00,0x1c,0x00,0x00,0x00,0x1c,0x00,0x00,0x00,0x1c,
	0x00,0x00,0x00,0x1c,0x00,0x00,0x00,0x1b,0x00,0x00,0x00,0x1b,0x00,0x00,0x00,0x18,
	0x00,0x00,0x00,0x12,0x00,0x00,0x00,0x0b,0x00,0x00,0x00,0x05,0x00,0x00,0x00,0x01,
	0x00,0x00,0x00,0x00,0x00,0x00,0x00,0x00,0x00,0x00,0x00,0x00,0x00,0x00,0x00,0x00,
	0x00,0x00,0x00,0x00,0x00,0x00,0x00,0x00,0x00,0x00,0x00,0x00,0x00,0x00,0x00,0x00,
	0x00,0x00,0x00,0x00,0x00,0x00,0x00,0x00,0x00,0x00,0x00,0x01,0x00,0x00,0x00,0x02,
	0x00,0x00,0x00,0x05,0x00,0x00,0x00,0x09,0x00,0x00,0x00,0x0c,0x00,0x00,0x00,0x0d,
	0x00,0x00,0x00,0x0e,0x00,0x00,0x00,0x0e,0x00,0x00,0x00,0x0e,0x00,0x00,0x00,0x0e,
	0x00,0x00,0x00,0x0e,0x00,0x00,0x00,0x0e,0x00,0x00,0x00,0x0e,0x00,0x00,0x00,0x0e,
	0x00,0x00,0x00,0x0e,0x00,0x00,0x00,0x0e,0x00,0x00,0x00,0x0e,0x00,0x00,0x00,0x0e,
	0x00,0x00,0x00,0x0e,0x00,0x00,0x00,0x0e,0x00,0x00,0x00,0x0e,0x00,0x00,0x00,0x0e,
	0x00,0x00,0x00,0x0e,0x00,0x00,0x00,0x0e,0x00,0x00,0x00,0x0e,0x00,0x00,0x00,0x0e,
	0x00,0x00,0x00,0x0e,0x00,0x00,0x00,0x0e,0x00,0x00,0x00,0x0e,0x00,0x00,0x00,0x0e,
	0x00,0x00,0x00,0x0e,0x00,0x00,0x00,0x0e,0x00,0x00,0x00,0x0d,0x00,0x00,0x00,0x0c,
	0x00,0x00,0x00,0x08,0x00,0x00,0x00,0x05,0x00,0x00,0x00,0x02,0x00,0x00,0x00,0x01,
	0x00,0x00,0x00,0x00,0x00,0x00,0x00,0x00,0x00,0x00,0x00,0x00,0x00,0x00,0x00,0x00,
	0x00,0x00,0x00,0x00,0x00,0x00,0x00,0x00,0x00,0x00,0x00,0x00,0x00,0x00,0x00,0x00,
	0x00,0x00,0x00,0x00,0x00,0x00,0x00,0x00,0x00,0x00,0x00,0x00,0x00,0x00,0x00,0x01,
	0x00,0x00,0x00,0x01,0x00,0x00,0x00,0x03,0x00,0x00,0x00,0x04,0x00,0x00,0x00,0x05,
	0x00,0x00,0x00,0x05,0x00,0x00,0x00,0x05,0x00,0x00,0x00,0x05,0x00,0x00,0x00,0x05,
	0x00,0x00,0x00,0x05,0x00,0x00,0x00,0x05,0x00,0x00,0x00,0x05,0x00,0x00,0x00,0x05,
	0x00,0x00,0x00,0x05,0x00,0x00,0x00,0x05,0x00,0x00,0x00,0x05,0x00,0x00,0x00,0x05,
	0x00,0x00,0x00,0x05,0x00,0x00,0x00,0x05,0x00,0x00,0x00,0x05,0x00,0x00,0x00,0x05,
	0x00,0x00,0x00,0x05,0x00,0x00,0x00,0x05,0x00,0x00,0x00,0x05,0x00,0x00,0x00,0x05,
	0x00,0x00,0x00,0x05,0x00,0x00,0x00,0x05,0x00,0x00,0x00,0x05,0x00,0x00,0x00,0x05,
	0x00,0x00,0x00,0x05,0x00,0x00,0x00,0x05,0x00,0x00,0x00,0x05,0x00,0x00,0x00,0x04,
	0x00,0x00,0x00,0x03,0x00,0x00,0x00,0x01,0x00,0x00,0x00,0x01,0x00,0x00,0x00,0x00,
	0x00,0x00,0x00,0x00,0x00,0x00,0x00,0x00,0x00,0x00,0x00,0x00,0x00,0x00,0x00,0x00,
	0x00,0x00,0x00,0x00,0x00,0x00,0x00,0x00,0x00,0x00,0x00,0x00,0x00,0x00,0x00,0x00,
	0x00,0x00,0x00,0x00,0x00,0x00,0x00,0x00,0x00,0x00,0x00,0x00,0x00,0x00,0x00,0x00,
	0x00,0x00,0x00,0x00,0x00,0x00,0x00,0x00,0x00,0x00,0x00,0x00,0x00,0x00,0x00,0x00,
	0x00,0x00,0x00,0x00,0x00,0x00,0x00,0x00,0x00,0x00,0x00,0x00,0x00,0x00,0x00,0x00,
	0x00,0x00,0x00,0x00,0x00,0x00,0x00,0x00,0x00,0x00,0x00,0x00,0x00,0x00,0x00,0x00,
	0x00,0x00,0x00,0x00,0x00,0x00,0x00,0x00,0x00,0x00,0x00,0x00,0x00,0x00,0x00,0x00,
	0x00,0x00,0x00,0x00,0x00,0x00,0x00,0x00,0x00,0x00,0x00,0x00,0x00,0x00,0x00,0x00,
	0x00,0x00,0x00,0x00,0x00,0x00,0x00,0x00,0x00,0x00,0x00,0x00,0x00,0x00,0x00,0x00,
	0x00,0x00,0x00,0x00,0x00,0x00,0x00,0x00,0x00,0x00,0x00,0x00,0x00,0x00,0x00,0x00,
	0x00,0x00,0x00,0x00,0x00,0x00,0x00,0x00,0x00,0x00,0x00,0x00,0x00,0x00,0x00,0x00,
	0x00,0x00,0x00,0x00,0x00,0x00,0x00,0x00,0x00,0x00,0x00,0x00,0x00,0x00,0x00,0x00,
	0x00,0x00,0x00,0x00,0x00,0x00,0x00,0x00,0x00,0x00,0x00,0x00,0x00,0x00,0x00,0x00,
	0x00,0x00,0x00,0x00,0x00,0x00,0x00,0x00,0x00,0x00,0x00,0x00,0x00,0x00,0x00,0x00,
	0x00,0x00,0x00,0x00,0x00,0x00,0x00,0x00,0x00,0x00,0x00,0x00,0x00,0x00,0x00,0x00,
	0x00,0x00,0x00,0x00,0x00,0x00,0x00,0x00,0x00,0x00,0x00,0x00,0x00,0x00,0x00,0x00,
	0x00,0x00,0x00,0x00,0x00,0x00,0x00,0x00,0x00,0x00,0x00,0x00,0x00,0x00,0x00,0x00,
	0x00,0x00,0x00,0x00,0x00,0x00,0x00,0x00,0x00,0x00,0x00,0x00,0x00,0x00,0x00,0x00,
	0x00,0x00,0x00,0x00,0x00,0x00,0x00,0x00,0x00,0x00,0x00,0x00,0x00,0x00,0x00,0x00,
	0x00,0x00,0x00,0x00,0x00,0x00,0x00,0x00,0x00,0x00,0x00,0x00,0x00,0x00,0x00,0x00,
	0x00,0x00,0x00,0x00,0x00,0x00,0x00,0x00,0x00,0x00,0x00,0x00,0x00,0x00,0x00,0x00,
	0x00,0x00,0x00,0x00,0x00,0x00,0x00,0x00,0x00,0x00,0x00,0x00,0x00,0x00,0x00,0x00,
	0x00,0x00,0x00,0x00,0x00,0x00,0x00,0x00,0x00,0x00,0x00,0x00,0x00,0x00,0x00,0x00,
	0x00,0x00,0x00,0x00,0x00,0x00,0x00,0x00,0x00,0x00,0x00,0x00,0x00,0x00,0x00,0x00,
	0x00,0x00,0x00,0x00,0x00,0x00,0x00,0x00,0x00,0x00,0x00,0x00,0x00,0x00,0x00,0x00,
	0x00,0x00,0x00,0x00,0x00,0x00,0x00,0x00,0x00,0x00,0x00,0x00,0x00,0x00,0x00,0x00,
	0x00,0x00,0x00,0x00,0x00,0x00,0x00,0x00,0x00,0x00,0x00,0x00,0x00,0x00,0x00,0x00,
	0x00,0x00,0x00,0x00,0x00,0x00,0x00,0x00,0x00,0x00,0x00,0x00,0x00,0x00,0x00,0x00,
	0x00,0x00,0x00,0x00,0x00,0x00,0x00,0x00,0x00,0x00,0x00,0x00,0x00,0x00,0x00,0x00,
	0x00,0x00,0x00,0x00,0x00,0x00,0x00,0x00,0x00,0x00,0x00,0x00,0x00,0x00,0x00,0x00,
	0x00,0x00,0x00,0x00,0x00,0x00,0x00,0x00,0x00,0x00,0x00,0x00,0x00,0x00,0x00,0x00,
	0x00,0x00,0x00,0x00,0x00,0x00,0x00,0x00,0x00,0x00,0x00,0x00,0x00,0x00,0x00,0x00,
	0x00,0x00,0x00,0x00,0x00,0x00,0x00,0x00,0x00,0x00,0x00,0x00,0x00,0x00,0x00,0x00,
	0x00,0x00,0x00,0x00,0x00,0x00,0x00,0x00,0x00,0x00,0x00,0x00,0x00,0x00,0x00,0x00,
	0x00,0x00,0x00,0x00,0x00,0x00,0x00,0x00,0x00,0x00,0x00,0x00,0x00,0x00,0x00,0x00,
	0x00,0x00,0x00,0x00,0x00,0x00,0x00,0x00,0x00,0x00,0x00,0x00,0x00,0x00,0x00,0x00,
	0x00,0x00,0x00,0x00,0x00,0x00,0x00,0x00,0x00,0x00,0x00,0x00,0x00,0x00,0x00,0x00,
	0x00,0x00,0x00,0x00,0x00,0x00,0x00,0x00,0x00,0x00,0x00,0x00,0x00,0x00,0x00,0x00,
	0x00,0x00,0x00,0x00,0x00,0x00,0x00,0x00,0x00,0x00,0x00,0x00,0x00,0x00,0x00,0x00,
	0x00,0x00,0x00,0x00,0x00,0x00,0x00,0x00,0x00,0x00,0x00,0x00,0x00,0x00,0x00,0x00,
	0x00,0x00,0x00,0x00,0x00,0x00,0x00,0x00,0x00,0x00,0x00,0x00,0x00,0x00,0x00,0x00,
	0x00,0x00,0x00,0x00,0x00,0x00,0x00,0x00,0x00,0x00,0x00,0x00,0x00,0x00,0x00,0x00,
	0x00,0x00,0x00,0x00,0x00,0x00,0x00,0x00,0x00,0x00,0x00,0x00,0x00,0x00,0x00,0x00,
	0x00,0x00,0x00,0x00,0x00,0x00,0x00,0x00,0x00,0x00,0x00,0x00,0x00,0x00,0x00,0x00,
	0x00,0x00,0x00,0x00,0x00,0x00,0x00,0x00,0x00,0x00,0x00,0x00,0x00,0x00,0x00,0x00,
	0x00,0x00,0x00,0x00,0x00,0x00,0x00,0x00,0x00,0x00,0x00,0x00,0x00,0x00,0x00,0x00,
	0x00,0x00,0x00,0x00,0x00,0x00,0x00,0x00,0x00,0x00,0x00,0x00,0x00,0x00,0x00,0x00,
	0x00,0x00,0x00,0x00,0x00,0x00,0x00,0x00,0x00,0x00,0x00,0x00,0x00,0x00,0x00,0x00,
	0x00,0x00,0x00,0x00,0x00,0x00,0x00,0x00,0x00,0x00,0x00,0x00,0x00,0x00,0x00,0x00,
};
static const unsigned char rgba_s_IconDVD[ 9216 ] __attribute__(   (  aligned( 16 ), section( ".data" )  )   ) = {
	0x00,0x00,0x00,0x00,0x00,0x00,0x00,0x00,0x00,0x00,0x00,0x00,0x00,0x00,0x00,0x00,
	0x00,0x00,0x00,0x00,0x00,0x00,0x00,0x00,0x00,0x00,0x00,0x00,0x00,0x00,0x00,0x00,
	0x00,0x00,0x00,0x00,0x00,0x00,0x00,0x00,0x00,0x00,0x00,0x00,0x00,0x00,0x00,0x00,
	0x00,0x00,0x00,0x00,0x00,0x00,0x00,0x00,0x00,0x00,0x00,0x00,0x00,0x00,0x00,0x00,
	0x00,0x00,0x00,0x00,0x00,0x00,0x00,0x00,0x00,0x00,0x00,0x00,0x00,0x00,0x00,0x00,
	0x00,0x00,0x00,0x00,0x00,0x00,0x00,0x00,0x00,0x00,0x00,0x00,0x00,0x00,0x00,0x00,
	0x00,0x00,0x00,0x00,0x00,0x00,0x00,0x00,0x00,0x00,0x00,0x00,0x00,0x00,0x00,0x00,
	0x00,0x00,0x00,0x00,0x00,0x00,0x00,0x00,0x00,0x00,0x00,0x00,0x00,0x00,0x00,0x00,
	0x00,0x00,0x00,0x00,0x00,0x00,0x00,0x00,0x00,0x00,0x00,0x00,0x00,0x00,0x00,0x00,
	0x00,0x00,0x00,0x00,0x00,0x00,0x00,0x00,0x00,0x00,0x00,0x00,0x00,0x00,0x00,0x00,
	0x00,0x00,0x00,0x00,0x00,0x00,0x00,0x00,0x00,0x00,0x00,0x00,0x00,0x00,0x00,0x00,
	0x00,0x00,0x00,0x00,0x00,0x00,0x00,0x00,0x00,0x00,0x00,0x00,0x00,0x00,0x00,0x00,
	0x00,0x00,0x00,0x00,0x00,0x00,0x00,0x00,0x00,0x00,0x00,0x00,0x00,0x00,0x00,0x00,
	0x00,0x00,0x00,0x00,0x00,0x00,0x00,0x00,0x00,0x00,0x00,0x00,0x00,0x00,0x00,0x00,
	0x00,0x00,0x00,0x00,0x00,0x00,0x00,0x00,0x00,0x00,0x00,0x00,0x00,0x00,0x00,0x00,
	0x00,0x00,0x00,0x00,0x00,0x00,0x00,0x00,0x00,0x00,0x00,0x00,0x00,0x00,0x00,0x00,
	0x00,0x00,0x00,0x00,0x00,0x00,0x00,0x00,0x00,0x00,0x00,0x00,0x00,0x00,0x00,0x00,
	0x00,0x00,0x00,0x00,0x00,0x00,0x00,0x00,0x00,0x00,0x00,0x00,0x00,0x00,0x00,0x00,
	0x00,0x00,0x00,0x00,0x00,0x00,0x00,0x00,0x00,0x00,0x00,0x00,0x00,0x00,0x00,0x00,
	0x00,0x00,0x00,0x00,0x00,0x00,0x00,0x00,0x00,0x00,0x00,0x00,0x00,0x00,0x00,0x00,
	0x00,0x00,0x00,0x00,0x00,0x00,0x00,0x00,0x00,0x00,0x00,0x00,0x00,0x00,0x00,0x00,
	0x00,0x00,0x00,0x00,0x00,0x00,0x00,0x00,0x00,0x00,0x00,0x00,0x00,0x00,0x00,0x00,
	0x00,0x00,0x00,0x00,0x00,0x00,0x00,0x00,0x00,0x00,0x00,0x00,0x00,0x00,0x00,0x00,
	0x00,0x00,0x00,0x00,0x00,0x00,0x00,0x00,0x00,0x00,0x00,0x00,0x00,0x00,0x00,0x00,
	0x00,0x00,0x00,0x00,0x00,0x00,0x00,0x00,0x00,0x00,0x00,0x00,0x00,0x00,0x00,0x00,
	0x00,0x00,0x00,0x00,0x00,0x00,0x00,0x00,0x00,0x00,0x00,0x00,0x00,0x00,0x00,0x00,
	0x00,0x00,0x00,0x00,0x00,0x00,0x00,0x00,0x00,0x00,0x00,0x00,0x00,0x00,0x00,0x00,
	0x00,0x00,0x00,0x00,0x00,0x00,0x00,0x00,0x00,0x00,0x00,0x00,0x00,0x00,0x00,0x00,
	0x00,0x00,0x00,0x00,0x00,0x00,0x00,0x00,0x00,0x00,0x00,0x00,0x00,0x00,0x00,0x00,
	0x00,0x00,0x00,0x00,0x00,0x00,0x00,0x00,0x00,0x00,0x00,0x00,0x00,0x00,0x00,0x00,
	0x00,0x00,0x00,0x00,0x00,0x00,0x00,0x00,0x00,0x00,0x00,0x00,0x00,0x00,0x00,0x00,
	0x00,0x00,0x00,0x00,0x00,0x00,0x00,0x00,0x00,0x00,0x00,0x00,0x00,0x00,0x00,0x00,
	0x00,0x00,0x00,0x00,0x00,0x00,0x00,0x00,0x00,0x00,0x00,0x00,0x00,0x00,0x00,0x00,
	0x00,0x00,0x00,0x00,0x00,0x00,0x00,0x00,0x00,0x00,0x00,0x00,0x00,0x00,0x00,0x00,
	0x00,0x00,0x00,0x00,0x00,0x00,0x00,0x00,0x00,0x00,0x00,0x00,0x00,0x00,0x00,0x00,
	0x00,0x00,0x00,0x00,0x00,0x00,0x00,0x00,0x00,0x00,0x00,0x00,0x00,0x00,0x00,0x00,
	0x00,0x00,0x00,0x00,0x00,0x00,0x00,0x00,0x00,0x00,0x00,0x00,0x00,0x00,0x00,0x00,
	0x00,0x00,0x00,0x00,0x00,0x00,0x00,0x00,0x00,0x00,0x00,0x00,0x00,0x00,0x00,0x00,
	0x00,0x00,0x00,0x00,0x00,0x00,0x00,0x00,0x00,0x00,0x00,0x00,0x00,0x00,0x00,0x00,
	0x00,0x00,0x00,0x00,0x00,0x00,0x00,0x00,0x00,0x00,0x00,0x00,0x00,0x00,0x00,0x00,
	0x00,0x00,0x00,0x00,0x00,0x00,0x00,0x00,0x0f,0x0f,0x0f,0x01,0x0f,0x0f,0x0f,0x01,
	0x00,0x00,0x00,0x02,0x00,0x00,0x00,0x02,0x00,0x00,0x00,0x03,0x00,0x00,0x00,0x04,
	0x00,0x00,0x00,0x04,0x00,0x00,0x00,0x04,0x00,0x00,0x00,0x04,0x00,0x00,0x00,0x03,
	0x00,0x00,0x00,0x03,0x00,0x00,0x00,0x02,0x0f,0x0f,0x0f,0x01,0x0f,0x0f,0x0f,0x01,
	0x00,0x00,0x00,0x00,0x00,0x00,0x00,0x00,0x00,0x00,0x00,0x00,0x00,0x00,0x00,0x00,
	0x00,0x00,0x00,0x00,0x00,0x00,0x00,0x00,0x00,0x00,0x00,0x00,0x00,0x00,0x00,0x00,
	0x00,0x00,0x00,0x00,0x00,0x00,0x00,0x00,0x00,0x00,0x00,0x00,0x00,0x00,0x00,0x00,
	0x00,0x00,0x00,0x00,0x00,0x00,0x00,0x00,0x00,0x00,0x00,0x00,0x00,0x00,0x00,0x00,
	0x00,0x00,0x00,0x00,0x00,0x00,0x00,0x00,0x00,0x00,0x00,0x00,0x00,0x00,0x00,0x00,
	0x00,0x00,0x00,0x00,0x00,0x00,0x00,0x00,0x00,0x00,0x00,0x00,0x00,0x00,0x00,0x00,
	0x00,0x00,0x00,0x00,0x00,0x00,0x00,0x00,0x00,0x00,0x00,0x00,0x00,0x00,0x00,0x00,
	0x00,0x00,0x00,0x00,0x00,0x00,0x00,0x00,0x00,0x00,0x00,0x00,0x0f,0x0f,0x0f,0x01,
	0x0f,0x0f,0x0f,0x01,0x00,0x00,0x00,0x02,0xc7,0xc6,0xc4,0x1e,0xe3,0xe0,0xd8,0x41,
	0xeb,0xe9,0xe9,0x58,0xf0,0xef,0xed,0x63,0xf3,0xf3,0xf0,0x71,0xf7,0xf8,0xf6,0x79,
	0xf7,0xf8,0xf6,0x79,0xf4,0xf4,0xf0,0x73,0xee,0xee,0xea,0x66,0xeb,0xe9,0xe9,0x58,
	0xe3,0xe0,0xd8,0x41,0xc7,0xc6,0xc4,0x1e,0x00,0x00,0x00,0x07,0x00,0x00,0x00,0x04,
	0x00,0x00,0x00,0x02,0x0f,0x0f,0x0f,0x01,0x0f,0x0f,0x0f,0x01,0x00,0x00,0x00,0x00,
	0x00,0x00,0x00,0x00,0x00,0x00,0x00,0x00,0x00,0x00,0x00,0x00,0x00,0x00,0x00,0x00,
	0x00,0x00,0x00,0x00,0x00,0x00,0x00,0x00,0x00,0x00,0x00,0x00,0x00,0x00,0x00,0x00,
	0x00,0x00,0x00,0x00,0x00,0x00,0x00,0x00,0x00,0x00,0x00,0x00,0x00,0x00,0x00,0x00,
	0x00,0x00,0x00,0x00,0x00,0x00,0x00,0x00,0x00,0x00,0x00,0x00,0x00,0x00,0x00,0x00,
	0x00,0x00,0x00,0x00,0x00,0x00,0x00,0x00,0x00,0x00,0x00,0x00,0x00,0x00,0x00,0x00,
	0x00,0x00,0x00,0x00,0x00,0x00,0x00,0x00,0x00,0x00,0x00,0x00,0x00,0x00,0x00,0x00,
	0x00,0x00,0x00,0x00,0x0f,0x0f,0x0f,0x01,0x0f,0x0f,0x0f,0x01,0x98,0x98,0x95,0x0e,
	0xea,0xee,0xee,0x46,0xf1,0xf0,0xf3,0x6c,0xf5,0xf9,0xf8,0x80,0xf5,0xf4,0xf5,0x80,
	0xf2,0xf0,0xf2,0x80,0xf1,0xf1,0xec,0x80,0xef,0xee,0xea,0x80,0xed,0xec,0xe8,0x80,
	0xef,0xee,0xea,0x80,0xf1,0xf1,0xec,0x80,0xf1,0xf1,0xec,0x80,0xf1,0xf1,0xec,0x80,
	0xf1,0xf1,0xec,0x80,0xf1,0xf1,0xec,0x80,0xeb,0xeb,0xe7,0x6c,0xe4,0xe7,0xdd,0x48,
	0xaa,0xa9,0xa3,0x1a,0x00,0x00,0x00,0x07,0x00,0x00,0x00,0x03,0x00,0x00,0x00,0x02,
	0x0f,0x0f,0x0f,0x01,0x00,0x00,0x00,0x00,0x00,0x00,0x00,0x00,0x00,0x00,0x00,0x00,
	0x00,0x00,0x00,0x00,0x00,0x00,0x00,0x00,0x00,0x00,0x00,0x00,0x00,0x00,0x00,0x00,
	0x00,0x00,0x00,0x00,0x00,0x00,0x00,0x00,0x00,0x00,0x00,0x00,0x00,0x00,0x00,0x00,
	0x00,0x00,0x00,0x00,0x00,0x00,0x00,0x00,0x00,0x00,0x00,0x00,0x00,0x00,0x00,0x00,
	0x00,0x00,0x00,0x00,0x00,0x00,0x00,0x00,0x00,0x00,0x00,0x00,0x00,0x00,0x00,0x00,
	0x00,0x00,0x00,0x00,0x00,0x00,0x00,0x00,0x00,0x00,0x00,0x00,0x00,0x00,0x00,0x00,
	0x0f,0x0f,0x0f,0x01,0x00,0x00,0x00,0x02,0xea,0xee,0xee,0x46,0xf7,0xf8,0xf6,0x79,
	0xf5,0xf9,0xf8,0x80,0xf5,0xf4,0xf5,0x80,0xf0,0xef,0xf4,0x80,0xee,0xea,0xf0,0x80,
	0xec,0xe9,0xeb,0x80,0xec,0xe9,0xeb,0x80,0xed,0xec,0xe8,0x80,0xed,0xec,0xe8,0x80,
	0xee,0xed,0xe9,0x80,0xee,0xed,0xe9,0x80,0xee,0xed,0xe9,0x80,0xed,0xec,0xe8,0x80,
	0xeb,0xeb,0xe7,0x80,0xea,0xea,0xe6,0x80,0xeb,0xeb,0xe7,0x80,0xef,0xee,0xea,0x80,
	0xef,0xee,0xea,0x80,0xda,0xda,0xd7,0x50,0x98,0x98,0x95,0x0e,0x00,0x00,0x00,0x07,
	0x00,0x00,0x00,0x02,0x0f,0x0f,0x0f,0x01,0x00,0x00,0x00,0x00,0x00,0x00,0x00,0x00,
	0x00,0x00,0x00,0x00,0x00,0x00,0x00,0x00,0x00,0x00,0x00,0x00,0x00,0x00,0x00,0x00,
	0x00,0x00,0x00,0x00,0x00,0x00,0x00,0x00,0x00,0x00,0x00,0x00,0x00,0x00,0x00,0x00,
	0x00,0x00,0x00,0x00,0x00,0x00,0x00,0x00,0x00,0x00,0x00,0x00,0x00,0x00,0x00,0x00,
	0x00,0x00,0x00,0x00,0x00,0x00,0x00,0x00,0x00,0x00,0x00,0x00,0x00,0x00,0x00,0x00,
	0x00,0x00,0x00,0x00,0x00,0x00,0x00,0x00,0x0f,0x0f,0x0f,0x01,0x0f,0x0f,0x0f,0x01,
	0xe0,0xe3,0xde,0x23,0xf7,0xf8,0xf6,0x79,0xfa,0xfb,0xf8,0x80,0xf5,0xf9,0xf8,0x80,
	0xf1,0xf2,0xf4,0x80,0xf1,0xf2,0xf4,0x80,0xf0,0xef,0xf4,0x80,0xee,0xea,0xf0,0x80,
	0xec,0xe9,0xeb,0x80,0xeb,0xeb,0xe7,0x80,0xeb,0xeb,0xe7,0x80,0xed,0xec,0xe8,0x80,
	0xee,0xed,0xe9,0x80,0xee,0xed,0xe9,0x80,0xee,0xed,0xe9,0x80,0xed,0xec,0xe8,0x80,
	0xea,0xea,0xe6,0x80,0xea,0xea,0xe6,0x80,0xe9,0xe9,0xe5,0x80,0xe8,0xe8,0xe3,0x80,
	0xe8,0xe8,0xe3,0x80,0xea,0xea,0xe6,0x80,0xec,0xec,0xe8,0x78,0xb8,0xb7,0xb4,0x3b,
	0x00,0x00,0x00,0x09,0x00,0x00,0x00,0x04,0x00,0x00,0x00,0x02,0x0f,0x0f,0x0f,0x01,
	0x00,0x00,0x00,0x00,0x00,0x00,0x00,0x00,0x00,0x00,0x00,0x00,0x00,0x00,0x00,0x00,
	0x00,0x00,0x00,0x00,0x00,0x00,0x00,0x00,0x00,0x00,0x00,0x00,0x00,0x00,0x00,0x00,
	0x00,0x00,0x00,0x00,0x00,0x00,0x00,0x00,0x00,0x00,0x00,0x00,0x00,0x00,0x00,0x00,
	0x00,0x00,0x00,0x00,0x00,0x00,0x00,0x00,0x00,0x00,0x00,0x00,0x00,0x00,0x00,0x00,
	0x00,0x00,0x00,0x00,0x0f,0x0f,0x0f,0x01,0x00,0x00,0x00,0x02,0xea,0xee,0xee,0x46,
	0xfa,0xfb,0xf8,0x80,0xf5,0xf9,0xf8,0x80,0xf1,0xf7,0xf6,0x80,0xf1,0xf7,0xf6,0x80,
	0xf1,0xf2,0xf4,0x80,0xf1,0xf2,0xf4,0x80,0xf0,0xef,0xf4,0x80,0xee,0xea,0xf0,0x80,
	0xec,0xe9,0xeb,0x80,0xec,0xe9,0xeb,0x80,0xeb,0xeb,0xe7,0x80,0xeb,0xeb,0xe7,0x80,
	0xee,0xed,0xe9,0x80,0xee,0xed,0xe9,0x80,0xed,0xec,0xe8,0x80,0xed,0xec,0xe8,0x80,
	0xea,0xea,0xe6,0x80,0xea,0xea,0xe6,0x80,0xe9,0xe9,0xe5,0x80,0xe7,0xe6,0xe2,0x80,
	0xe7,0xe6,0xe2,0x80,0xe7,0xe6,0xe2,0x80,0xe8,0xe8,0xe3,0x80,0xea,0xea,0xe6,0x80,
	0xd6,0xd5,0xd1,0x55,0x00,0x00,0x00,0x0c,0x00,0x00,0x00,0x05,0x00,0x00,0x00,0x02,
	0x0f,0x0f,0x0f,0x01,0x00,0x00,0x00,0x00,0x00,0x00,0x00,0x00,0x00,0x00,0x00,0x00,
	0x00,0x00,0x00,0x00,0x00,0x00,0x00,0x00,0x00,0x00,0x00,0x00,0x00,0x00,0x00,0x00,
	0x00,0x00,0x00,0x00,0x00,0x00,0x00,0x00,0x00,0x00,0x00,0x00,0x00,0x00,0x00,0x00,
	0x00,0x00,0x00,0x00,0x00,0x00,0x00,0x00,0x00,0x00,0x00,0x00,0x00,0x00,0x00,0x00,
	0x0f,0x0f,0x0f,0x01,0x00,0x00,0x00,0x02,0xed,0xf3,0xec,0x56,0xf5,0xf9,0xf8,0x80,
	0xf5,0xf9,0xf8,0x80,0xef,0xf9,0xf5,0x80,0xef,0xf9,0xf5,0x80,0xf1,0xf7,0xf6,0x80,
	0xf1,0xf7,0xf6,0x80,0xf1,0xf2,0xf4,0x80,0xf1,0xf2,0xf4,0x80,0xee,0xea,0xf0,0x80,
	0xee,0xea,0xf0,0x80,0xec,0xe9,0xeb,0x80,0xeb,0xeb,0xe7,0x80,0xeb,0xeb,0xe7,0x80,
	0xee,0xed,0xe9,0x80,0xee,0xed,0xe9,0x80,0xed,0xec,0xe8,0x80,0xeb,0xeb,0xe7,0x80,
	0xea,0xea,0xe6,0x80,0xe9,0xe9,0xe5,0x80,0xe8,0xe8,0xe3,0x80,0xe7,0xe6,0xe2,0x80,
	0xe7,0xe6,0xe2,0x80,0xe7,0xe6,0xe2,0x80,0xe7,0xe6,0xe2,0x80,0xe7,0xe6,0xe2,0x80,
	0xe8,0xe8,0xe3,0x80,0xdc,0xda,0xd5,0x64,0x00,0x00,0x00,0x0d,0x00,0x00,0x00,0x07,
	0x00,0x00,0x00,0x02,0x0f,0x0f,0x0f,0x01,0x00,0x00,0x00,0x00,0x00,0x00,0x00,0x00,
	0x00,0x00,0x00,0x00,0x00,0x00,0x00,0x00,0x00,0x00,0x00,0x00,0x00,0x00,0x00,0x00,
	0x00,0x00,0x00,0x00,0x00,0x00,0x00,0x00,0x00,0x00,0x00,0x00,0x00,0x00,0x00,0x00,
	0x00,0x00,0x00,0x00,0x00,0x00,0x00,0x00,0x00,0x00,0x00,0x00,0x0f,0x0f,0x0f,0x01,
	0x00,0x00,0x00,0x02,0xed,0xf3,0xec,0x56,0xf6,0xf9,0xf4,0x80,0xef,0xf9,0xf5,0x80,
	0xef,0xf9,0xf5,0x80,0xef,0xf9,0xf5,0x80,0xef,0xf9,0xf5,0x80,0xef,0xf9,0xf5,0x80,
	0xf1,0xf7,0xf6,0x80,0xf1,0xf2,0xf4,0x80,0xf1,0xf2,0xf4,0x80,0xf0,0xef,0xf4,0x80,
	0xee,0xea,0xf0,0x80,0xec,0xe9,0xeb,0x80,0xea,0xea,0xe6,0x80,0xeb,0xeb,0xe7,0x80,
	0xee,0xed,0xe9,0x80,0xee,0xed,0xe9,0x80,0xed,0xec,0xe8,0x80,0xeb,0xeb,0xe7,0x80,
	0xea,0xea,0xe6,0x80,0xe9,0xe9,0xe5,0x80,0xe7,0xe6,0xe2,0x80,0xe7,0xe6,0xe2,0x80,
	0xe7,0xe6,0xe2,0x80,0xe5,0xe4,0xe0,0x80,0xe7,0xe6,0xe2,0x80,0xe7,0xe6,0xe2,0x80,
	0xe8,0xe8,0xe3,0x80,0xe8,0xe8,0xe3,0x80,0xdc,0xda,0xd5,0x64,0x00,0x00,0x00,0x0d,
	0x00,0x00,0x00,0x07,0x00,0x00,0x00,0x02,0x0f,0x0f,0x0f,0x01,0x00,0x00,0x00,0x00,
	0x00,0x00,0x00,0x00,0x00,0x00,0x00,0x00,0x00,0x00,0x00,0x00,0x00,0x00,0x00,0x00,
	0x00,0x00,0x00,0x00,0x00,0x00,0x00,0x00,0x00,0x00,0x00,0x00,0x00,0x00,0x00,0x00,
	0x00,0x00,0x00,0x00,0x00,0x00,0x00,0x00,0x00,0x00,0x00,0x00,0x00,0x00,0x00,0x02,
	0xe4,0xe7,0xdd,0x48,0xf6,0xf9,0xf4,0x80,0xee,0xf6,0xee,0x80,0xee,0xf6,0xee,0x80,
	0xef,0xf9,0xf5,0x80,0xef,0xf9,0xf5,0x80,0xef,0xf9,0xf5,0x80,0xef,0xf9,0xf5,0x80,
	0xf1,0xf7,0xf6,0x80,0xf1,0xf7,0xf6,0x80,0xf1,0xf2,0xf4,0x80,0xf2,0xf0,0xf2,0x80,
	0xee,0xea,0xf0,0x80,0xec,0xe9,0xeb,0x80,0xea,0xea,0xe6,0x80,0xeb,0xeb,0xe7,0x80,
	0xee,0xed,0xe9,0x80,0xee,0xed,0xe9,0x80,0xed,0xec,0xe8,0x80,0xea,0xea,0xe6,0x80,
	0xea,0xea,0xe6,0x80,0xe9,0xe9,0xe5,0x80,0xe7,0xe6,0xe2,0x80,0xe7,0xe6,0xe2,0x80,
	0xe7,0xe6,0xe2,0x80,0xe7,0xe6,0xe2,0x80,0xe7,0xe6,0xe2,0x80,0xe7,0xe6,0xe2,0x80,
	0xe7,0xe6,0xe2,0x80,0xe7,0xe6,0xe2,0x80,0xe7,0xe6,0xe2,0x80,0xd4,0xd2,0xcc,0x5c,
	0x00,0x00,0x00,0x0d,0x00,0x00,0x00,0x05,0x00,0x00,0x00,0x02,0x00,0x00,0x00,0x00,
	0x00,0x00,0x00,0x00,0x00,0x00,0x00,0x00,0x00,0x00,0x00,0x00,0x00,0x00,0x00,0x00,
	0x00,0x00,0x00,0x00,0x00,0x00,0x00,0x00,0x00,0x00,0x00,0x00,0x00,0x00,0x00,0x00,
	0x00,0x00,0x00,0x00,0x00,0x00,0x00,0x00,0x0f,0x0f,0x0f,0x01,0xe0,0xe3,0xde,0x23,
	0xf6,0xf9,0xf4,0x80,0xee,0xf6,0xee,0x80,0xeb,0xf4,0xeb,0x80,0xeb,0xf4,0xeb,0x80,
	0xee,0xf6,0xee,0x80,0xef,0xf9,0xf5,0x80,0xef,0xf9,0xf5,0x80,0xef,0xf9,0xf5,0x80,
	0xf1,0xf7,0xf6,0x80,0xf1,0xf7,0xf6,0x80,0xf1,0xf2,0xf4,0x80,0xf1,0xf2,0xf4,0x80,
	0xee,0xea,0xf0,0x80,0xec,0xe9,0xeb,0x80,0xea,0xea,0xe6,0x80,0xeb,0xeb,0xe7,0x80,
	0xee,0xed,0xe9,0x80,0xee,0xed,0xe9,0x80,0xed,0xec,0xe8,0x80,0xea,0xea,0xe6,0x80,
	0xe9,0xe9,0xe5,0x80,0xe8,0xe8,0xe3,0x80,0xe7,0xe6,0xe2,0x80,0xe7,0xe6,0xe2,0x80,
	0xe7,0xe6,0xe2,0x80,0xe7,0xe6,0xe2,0x80,0xe7,0xe6,0xe2,0x80,0xe7,0xe6,0xe2,0x80,
	0xe7,0xe6,0xe2,0x80,0xe5,0xe4,0xe0,0x80,0xe7,0xe6,0xe2,0x80,0xe5,0xe4,0xe0,0x80,
	0xb8,0xb7,0xb4,0x3b,0x00,0x00,0x00,0x0c,0x00,0x00,0x00,0x05,0x0f,0x0f,0x0f,0x01,
	0x00,0x00,0x00,0x00,0x00,0x00,0x00,0x00,0x00,0x00,0x00,0x00,0x00,0x00,0x00,0x00,
	0x00,0x00,0x00,0x00,0x00,0x00,0x00,0x00,0x00,0x00,0x00,0x00,0x00,0x00,0x00,0x00,
	0x00,0x00,0x00,0x00,0x0f,0x0f,0x0f,0x01,0x00,0x00,0x00,0x02,0xf4,0xf7,0xee,0x79,
	0xee,0xf6,0xee,0x80,0xeb,0xf5,0xe6,0x80,0xeb,0xf5,0xe6,0x80,0xeb,0xf4,0xeb,0x80,
	0xeb,0xf4,0xeb,0x80,0xee,0xf6,0xee,0x80,0xef,0xf9,0xf5,0x80,0xef,0xf9,0xf5,0x80,
	0xef,0xf9,0xf5,0x80,0xf1,0xf7,0xf6,0x80,0xf1,0xf7,0xf6,0x80,0xf1,0xf2,0xf4,0x80,
	0xf2,0xf0,0xf2,0x80,0xec,0xe9,0xeb,0x80,0xe9,0xe9,0xe5,0x80,0xeb,0xeb,0xe7,0x80,
	0xee,0xed,0xe9,0x80,0xed,0xec,0xe8,0x80,0xeb,0xeb,0xe7,0x80,0xea,0xea,0xe6,0x80,
	0xe8,0xe8,0xe3,0x80,0xe7,0xe6,0xe2,0x80,0xe7,0xe6,0xe2,0x80,0xe5,0xe4,0xe0,0x80,
	0xe7,0xe6,0xe2,0x80,0xe7,0xe6,0xe2,0x80,0xe7,0xe6,0xe2,0x80,0xe7,0xe6,0xe2,0x80,
	0xe5,0xe4,0xe0,0x80,0xe5,0xe4,0xe0,0x80,0xe5,0xe4,0xe0,0x80,0xe5,0xe4,0xe0,0x80,
	0xe5,0xe4,0xe0,0x80,0x5a,0x5a,0x58,0x1f,0x00,0x00,0x00,0x09,0x00,0x00,0x00,0x03,
	0x0f,0x0f,0x0f,0x01,0x00,0x00,0x00,0x00,0x00,0x00,0x00,0x00,0x00,0x00,0x00,0x00,
	0x00,0x00,0x00,0x00,0x00,0x00,0x00,0x00,0x00,0x00,0x00,0x00,0x00,0x00,0x00,0x00,
	0x00,0x00,0x00,0x00,0x0f,0x0f,0x0f,0x01,0xe4,0xe7,0xdd,0x48,0xf6,0xf6,0xf1,0x80,
	0xeb,0xf5,0xe3,0x80,0xeb,0xf5,0xe3,0x80,0xeb,0xf5,0xe3,0x80,0xeb,0xf5,0xe6,0x80,
	0xeb,0xf4,0xeb,0x80,0xeb,0xf4,0xeb,0x80,0xee,0xf6,0xee,0x80,0xef,0xf9,0xf5,0x80,
	0xef,0xf9,0xf5,0x80,0xf1,0xf7,0xf6,0x80,0xf1,0xf7,0xf6,0x80,0xf1,0xf2,0xf4,0x80,
	0xf2,0xf0,0xf2,0x80,0xec,0xe9,0xeb,0x80,0xea,0xea,0xe6,0x80,0xea,0xea,0xe6,0x80,
	0xee,0xed,0xe9,0x80,0xed,0xec,0xe8,0x80,0xeb,0xeb,0xe7,0x80,0xea,0xea,0xe6,0x80,
	0xe8,0xe8,0xe3,0x80,0xe7,0xe6,0xe2,0x80,0xe7,0xe6,0xe2,0x80,0xe7,0xe6,0xe2,0x80,
	0xe7,0xe6,0xe2,0x80,0xe7,0xe6,0xe2,0x80,0xe7,0xe6,0xe2,0x80,0xe5,0xe4,0xe0,0x80,
	0xe5,0xe4,0xe0,0x80,0xe5,0xe4,0xe0,0x80,0xe5,0xe4,0xe0,0x80,0xe5,0xe4,0xe0,0x80,
	0xe5,0xe4,0xe0,0x80,0xd4,0xd2,0xcc,0x5c,0x00,0x00,0x00,0x11,0x00,0x00,0x00,0x07,
	0x00,0x00,0x00,0x02,0x00,0x00,0x00,0x00,0x00,0x00,0x00,0x00,0x00,0x00,0x00,0x00,
	0x00,0x00,0x00,0x00,0x00,0x00,0x00,0x00,0x00,0x00,0x00,0x00,0x00,0x00,0x00,0x00,
	0x00,0x00,0x00,0x00,0x98,0x98,0x95,0x0e,0xcd,0x89,0xed,0x7e,0xaf,0x07,0xff,0x80,
	0xab,0x00,0xfe,0x80,0xab,0x00,0xfe,0x80,0xab,0x00,0xfe,0x80,0xab,0x00,0xfe,0x80,
	0xab,0x00,0xfe,0x80,0xa7,0x00,0xfd,0x80,0xa7,0x00,0xfd,0x80,0xa7,0x00,0xfd,0x80,
	0xa7,0x00,0xfd,0x80,0xa3,0x00,0xfb,0x80,0xa3,0x00,0xfb,0x80,0xa3,0x00,0xfb,0x80,
	0xa0,0x00,0xfa,0x80,0xa5,0x12,0xf8,0x80,0xe0,0xc2,0xe6,0x80,0xea,0xea,0xe6,0x80,
	0xee,0xed,0xe9,0x80,0xed,0xec,0xe8,0x80,0xea,0xea,0xe6,0x80,0xe8,0xe8,0xe3,0x80,
	0xe7,0xe6,0xe2,0x80,0xac,0x33,0xf3,0x80,0x93,0x00,0xf6,0x80,0x93,0x00,0xf6,0x80,
	0x91,0x00,0xf4,0x80,0x91,0x00,0xf4,0x80,0x8e,0x00,0xf3,0x80,0x8e,0x00,0xf3,0x80,
	0x8b,0x00,0xf2,0x80,0x8b,0x00,0xf2,0x80,0x8b,0x17,0xed,0x80,0x99,0x24,0xec,0x80,
	0xa5,0x4f,0xe6,0x80,0xc2,0x88,0xec,0x80,0x7b,0x6e,0x83,0x2e,0x00,0x00,0x00,0x0c,
	0x00,0x00,0x00,0x05,0x0f,0x0f,0x0f,0x01,0x00,0x00,0x00,0x00,0x00,0x00,0x00,0x00,
	0x00,0x00,0x00,0x00,0x00,0x00,0x00,0x00,0x00,0x00,0x00,0x00,0x00,0x00,0x00,0x00,
	0x0f,0x0f,0x0f,0x01,0xe3,0xe0,0xd8,0x41,0xb6,0x1f,0xfa,0x80,0xab,0x00,0xfe,0x80,
	0xab,0x00,0xfe,0x80,0xab,0x00,0xfe,0x80,0xa7,0x00,0xfd,0x80,0xa7,0x00,0xfd,0x80,
	0xa7,0x00,0xfd,0x80,0xa7,0x00,0xfd,0x80,0xa7,0x00,0xfd,0x80,0xa3,0x00,0xfb,0x80,
	0xa3,0x00,0xfb,0x80,0xa3,0x00,0xfb,0x80,0xa0,0x00,0xfa,0x80,0xa0,0x00,0xfa,0x80,
	0xa0,0x00,0xfa,0x80,0x9c,0x00,0xf9,0x80,0xc7,0x78,0xef,0x80,0xf9,0xf8,0xf4,0x80,
	0xf9,0xf8,0xf4,0x80,0xf6,0xf6,0xf1,0x80,0xf1,0xf1,0xec,0x80,0xe8,0xe8,0xe3,0x80,
	0xb3,0x5a,0xeb,0x80,0x91,0x00,0xf4,0x80,0x91,0x00,0xf4,0x80,0x91,0x00,0xf4,0x80,
	0x8e,0x00,0xf3,0x80,0x8e,0x00,0xf3,0x80,0x8b,0x00,0xf2,0x80,0x8b,0x00,0xf2,0x80,
	0x86,0x00,0xf1,0x80,0x86,0x00,0xf1,0x80,0x86,0x00,0xf1,0x80,0x83,0x01,0xef,0x80,
	0x83,0x01,0xef,0x80,0x7f,0x00,0xee,0x80,0x81,0x0b,0xea,0x7f,0x65,0x00,0xc1,0x41,
	0x00,0x00,0x00,0x0c,0x00,0x00,0x00,0x05,0x00,0x00,0x00,0x02,0x00,0x00,0x00,0x00,
	0x00,0x00,0x00,0x00,0x00,0x00,0x00,0x00,0x00,0x00,0x00,0x00,0x00,0x00,0x00,0x00,
	0x00,0x00,0x00,0x02,0xea,0xea,0xd7,0x6e,0xe9,0xe8,0xc6,0x80,0xe2,0xe8,0xc1,0x80,
	0xdd,0xe4,0xc4,0x80,0xdd,0xe4,0xc4,0x80,0xdb,0xe4,0xcd,0x80,0xda,0xd9,0xd4,0x80,
	0xd4,0xc8,0xd5,0x80,0xbb,0x69,0xed,0x80,0xa3,0x00,0xfb,0x80,0xa3,0x00,0xfb,0x80,
	0xa0,0x00,0xfa,0x80,0xa0,0x00,0xfa,0x80,0xa5,0x12,0xf8,0x80,0xa5,0x12,0xf8,0x80,
	0x9c,0x00,0xf9,0x80,0x98,0x00,0xf7,0x80,0xac,0x33,0xf3,0x80,0xfe,0xfd,0xf9,0x80,
	0xfe,0xfd,0xf9,0x80,0xfe,0xfd,0xf9,0x80,0xfe,0xfd,0xf9,0x80,0xd1,0xac,0xed,0x80,
	0x91,0x00,0xf4,0x80,0x8e,0x00,0xf3,0x80,0x8e,0x00,0xf3,0x80,0xa5,0x4f,0xe6,0x80,
	0xda,0xd9,0xd4,0x80,0xda,0xd9,0xd4,0x80,0xd6,0xd5,0xd1,0x80,0xd6,0xd5,0xd1,0x80,
	0xd6,0xd5,0xd1,0x80,0xd4,0xc8,0xd5,0x80,0xbe,0x9e,0xd8,0x80,0x8b,0x17,0xed,0x80,
	0x7f,0x00,0xee,0x80,0x7c,0x00,0xed,0x80,0x7c,0x00,0xed,0x80,0x77,0x00,0xeb,0x80,
	0x65,0x00,0xc1,0x41,0x00,0x00,0x00,0x09,0x00,0x00,0x00,0x04,0x0f,0x0f,0x0f,0x01,
	0x00,0x00,0x00,0x00,0x00,0x00,0x00,0x00,0x00,0x00,0x00,0x00,0x0f,0x0f,0x0f,0x01,
	0xaa,0xa9,0xa3,0x1a,0xe0,0xc2,0xe6,0x80,0xbd,0x51,0xe7,0x80,0xbd,0x51,0xe7,0x80,
	0xbd,0x51,0xe7,0x80,0xcb,0x9d,0xce,0x80,0xdd,0xe4,0xc4,0x80,0xdd,0xe4,0xc4,0x80,
	0xdb,0xe4,0xcd,0x80,0xdb,0xe4,0xcd,0x80,0xbb,0x69,0xed,0x80,0xa0,0x00,0xfa,0x80,
	0x9c,0x00,0xf9,0x80,0x9c,0x00,0xf9,0x80,0xac,0x33,0xf3,0x80,0xac,0x33,0xf3,0x80,
	0x98,0x00,0xf7,0x80,0x98,0x00,0xf7,0x80,0x98,0x00,0xf7,0x80,0xf1,0xdf,0xf8,0x80,
	0xfe,0xfd,0xf9,0x80,0xfe,0xfd,0xf9,0x80,0xf1,0xdf,0xf8,0x80,0x8e,0x00,0xf3,0x80,
	0x8e,0x00,0xf3,0x80,0x8b,0x00,0xf2,0x80,0x97,0x35,0xeb,0x80,0xd6,0xd5,0xd1,0x80,
	0xb5,0x7b,0xe0,0x80,0xa5,0x4f,0xe6,0x80,0xa5,0x4f,0xe6,0x80,0xb5,0x83,0xe2,0x80,
	0xd6,0xd5,0xd1,0x80,0xd6,0xd5,0xd1,0x80,0xd6,0xd5,0xd1,0x80,0xd3,0xd2,0xce,0x7e,
	0x9a,0x4b,0xe0,0x80,0x77,0x00,0xeb,0x80,0x77,0x00,0xeb,0x80,0x77,0x00,0xeb,0x80,
	0x75,0x00,0xe6,0x79,0x00,0x00,0x00,0x11,0x00,0x00,0x00,0x07,0x00,0x00,0x00,0x02,
	0x00,0x00,0x00,0x00,0x00,0x00,0x00,0x00,0x00,0x00,0x00,0x00,0x0f,0x0f,0x0f,0x01,
	0xe3,0xe0,0xd8,0x41,0xc7,0x78,0xef,0x80,0xa7,0x00,0xfd,0x80,0xa7,0x00,0xfd,0x80,
	0xa3,0x00,0xfb,0x80,0xac,0x33,0xf3,0x80,0xe2,0xe8,0xc1,0x80,0xe2,0xe8,0xc1,0x80,
	0xe2,0xe8,0xc1,0x80,0xdd,0xe4,0xc4,0x80,0xdb,0xe4,0xcd,0x80,0x9c,0x00,0xf9,0x80,
	0x9c,0x00,0xf9,0x80,0x98,0x00,0xf7,0x80,0x9e,0x17,0xf3,0x80,0xc7,0x78,0xef,0x80,
	0x93,0x00,0xf6,0x80,0x93,0x00,0xf6,0x80,0x93,0x00,0xf6,0x80,0xc2,0x88,0xec,0x80,
	0xfe,0xfd,0xf9,0x80,0xfe,0xfd,0xf9,0x80,0x9f,0x26,0xf3,0x80,0x8b,0x00,0xf2,0x80,
	0x8b,0x00,0xf2,0x80,0x8b,0x00,0xf2,0x80,0xda,0xd9,0xd4,0x80,0xb5,0x7b,0xe0,0x80,
	0x83,0x01,0xef,0x80,0x83,0x01,0xef,0x80,0x7f,0x00,0xee,0x80,0xa5,0x4f,0xe6,0x80,
	0xde,0xdd,0xd9,0x7f,0xde,0xdd,0xd9,0x7f,0xda,0xd9,0xd4,0x80,0xda,0xd9,0xd4,0x80,
	0xc9,0xc2,0xcf,0x80,0x77,0x00,0xeb,0x80,0x72,0x00,0xe9,0x80,0x72,0x00,0xe9,0x80,
	0x72,0x00,0xe9,0x80,0x00,0x00,0x00,0x18,0x00,0x00,0x00,0x0c,0x00,0x00,0x00,0x03,
	0x00,0x00,0x00,0x00,0x00,0x00,0x00,0x00,0x00,0x00,0x00,0x00,0x00,0x00,0x00,0x02,
	0xd4,0xd2,0xcc,0x5c,0xbd,0x51,0xe7,0x80,0xa3,0x00,0xfb,0x80,0xa3,0x00,0xfb,0x80,
	0xa3,0x00,0xfb,0x80,0xc9,0x83,0xd9,0x80,0xe9,0xe8,0xc6,0x80,0xea,0xeb,0xc5,0x80,
	0xea,0xeb,0xc5,0x80,0xe2,0xe8,0xc1,0x80,0xcb,0xc6,0xc7,0x80,0x98,0x00,0xf7,0x80,
	0x98,0x00,0xf7,0x80,0x98,0x00,0xf7,0x80,0x9e,0x17,0xf3,0x80,0xea,0xe2,0xeb,0x80,
	0x9e,0x17,0xf3,0x80,0x91,0x00,0xf4,0x80,0x8e,0x00,0xf3,0x80,0xab,0x40,0xec,0x80,
	0xf4,0xf3,0xf0,0x80,0xbb,0x69,0xed,0x80,0x8b,0x00,0xf2,0x80,0x86,0x00,0xf1,0x80,
	0x86,0x00,0xf1,0x80,0xd1,0xac,0xed,0x80,0xee,0xed,0xe9,0x80,0x91,0x26,0xea,0x80,
	0x7f,0x00,0xee,0x80,0x7f,0x00,0xee,0x80,0x7c,0x00,0xed,0x80,0xbf,0xa6,0xdd,0x80,
	0xe2,0xe1,0xdd,0x80,0xe2,0xe1,0xdd,0x80,0xe2,0xe1,0xdd,0x80,0xde,0xdd,0xd9,0x7f,
	0xbe,0x9e,0xd8,0x80,0x72,0x00,0xe9,0x80,0x72,0x00,0xe9,0x80,0x6d,0x00,0xe7,0x80,
	0x6d,0x00,0xdb,0x71,0x00,0x00,0x00,0x1b,0x00,0x00,0x00,0x0c,0x00,0x00,0x00,0x04,
	0x00,0x00,0x00,0x00,0x00,0x00,0x00,0x00,0x00,0x00,0x00,0x00,0x00,0x00,0x00,0x03,
	0xdc,0xda,0xd5,0x64,0xa5,0x12,0xf8,0x80,0xa0,0x00,0xfa,0x80,0xa0,0x00,0xfa,0x80,
	0xa0,0x00,0xfa,0x80,0xcf,0xae,0xd0,0x80,0xe3,0xdd,0xc8,0x80,0xe9,0xe8,0xc6,0x80,
	0xe9,0xe8,0xc6,0x80,0xe9,0xe8,0xc6,0x80,0xab,0x40,0xec,0x80,0x98,0x00,0xf7,0x80,
	0x93,0x00,0xf6,0x80,0x93,0x00,0xf6,0x80,0xbb,0x69,0xed,0x80,0xf1,0xf1,0xec,0x80,
	0xb3,0x5a,0xeb,0x80,0x8e,0x00,0xf3,0x80,0x8b,0x00,0xf2,0x80,0x84,0x01,0xe9,0x78,
	0x6d,0x0a,0xbd,0x5b,0x86,0x00,0xf1,0x80,0x86,0x00,0xf1,0x80,0x83,0x01,0xef,0x80,
	0xc2,0x88,0xec,0x80,0xee,0xed,0xe9,0x80,0xea,0xe2,0xeb,0x80,0x7f,0x00,0xee,0x80,
	0x7c,0x00,0xed,0x80,0x7c,0x00,0xed,0x80,0x77,0x00,0xeb,0x80,0xd4,0xc8,0xd5,0x80,
	0xe2,0xe1,0xdd,0x80,0xe2,0xe1,0xdd,0x80,0xe2,0xe1,0xdd,0x80,0xe2,0xe1,0xdd,0x80,
	0x83,0x22,0xe8,0x80,0x6d,0x00,0xe7,0x80,0x6d,0x00,0xe7,0x80,0x6a,0x01,0xe6,0x80,
	0x42,0x04,0xa4,0x4a,0x00,0x00,0x00,0x1b,0x00,0x00,0x00,0x0c,0x00,0x00,0x00,0x03,
	0x00,0x00,0x00,0x00,0x00,0x00,0x00,0x00,0x00,0x00,0x00,0x00,0x00,0x00,0x00,0x03,
	0xd5,0xbb,0xe0,0x74,0xa0,0x00,0xfa,0x80,0xa0,0x00,0xfa,0x80,0x9c,0x00,0xf9,0x80,
	0x9e,0x17,0xf3,0x80,0xd7,0xd3,0xc6,0x80,0xe3,0xdd,0xc8,0x80,0xe3,0xdd,0xc8,0x80,
	0xcf,0xae,0xd0,0x80,0xab,0x40,0xec,0x80,0x93,0x00,0xf6,0x80,0x91,0x00,0xf4,0x80,
	0x91,0x00,0xf4,0x80,0x9f,0x26,0xf3,0x80,0xef,0xee,0xea,0x80,0xf4,0xf3,0xf0,0x80,
	0xd1,0xac,0xed,0x80,0x8b,0x00,0xf2,0x80,0x86,0x00,0xf1,0x80,0x86,0x00,0xf1,0x80,
	0x86,0x00,0xf1,0x80,0x83,0x01,0xef,0x80,0x83,0x01,0xef,0x80,0xad,0x69,0xe8,0x80,
	0xed,0xec,0xe8,0x80,0xf4,0xf3,0xf0,0x80,0xd1,0xac,0xed,0x80,0x7c,0x00,0xed,0x80,
	0x77,0x00,0xeb,0x80,0x77,0x00,0xeb,0x80,0x8f,0x38,0xdf,0x80,0xda,0xd9,0xd4,0x80,
	0xe2,0xe1,0xdd,0x80,0xe2,0xe1,0xdd,0x80,0xbf,0xa6,0xdd,0x80,0x86,0x2c,0xe8,0x80,
	0x6d,0x00,0xe7,0x80,0x6a,0x01,0xe6,0x80,0x6a,0x01,0xe6,0x80,0x85,0x38,0xd9,0x80,
	0x05,0x05,0x05,0x27,0x0a,0x0a,0x0a,0x16,0x00,0x00,0x00,0x09,0x00,0x00,0x00,0x02,
	0x00,0x00,0x00,0x00,0x00,0x00,0x00,0x00,0x00,0x00,0x00,0x00,0x00,0x00,0x00,0x04,
	0xc2,0x88,0xec,0x80,0x9c,0x00,0xf9,0x80,0x9c,0x00,0xf9,0x80,0x98,0x00,0xf7,0x80,
	0x9e,0x17,0xf3,0x80,0xb3,0x5a,0xeb,0x80,0xab,0x40,0xec,0x80,0x9f,0x1f,0xf0,0x80,
	0x93,0x00,0xf6,0x80,0x91,0x00,0xf4,0x80,0x91,0x00,0xf4,0x80,0x8e,0x00,0xf3,0x80,
	0xab,0x40,0xec,0x80,0xea,0xe2,0xeb,0x80,0xf4,0xf3,0xf0,0x80,0xf9,0xf8,0xf4,0x80,
	0xea,0xea,0xe6,0x80,0x84,0x01,0xe9,0x78,0x83,0x01,0xef,0x80,0x83,0x01,0xef,0x80,
	0x7f,0x00,0xee,0x80,0x7f,0x00,0xee,0x80,0x77,0x01,0xdc,0x67,0xe7,0xe6,0xe2,0x80,
	0xf4,0xf3,0xf0,0x80,0xf9,0xf8,0xf4,0x80,0xb5,0x77,0xed,0x80,0x77,0x00,0xeb,0x80,
	0x77,0x00,0xeb,0x80,0x72,0x00,0xe9,0x80,0x83,0x22,0xe8,0x80,0x9b,0x53,0xe7,0x80,
	0x93,0x3f,0xe5,0x80,0x7c,0x1b,0xe6,0x80,0x6d,0x00,0xe7,0x80,0x6a,0x01,0xe6,0x80,
	0x6a,0x01,0xe6,0x80,0x67,0x00,0xe5,0x80,0x8e,0x4e,0xda,0x80,0xd0,0xcf,0xcb,0x7f,
	0x04,0x04,0x04,0x1f,0x00,0x00,0x00,0x11,0x00,0x00,0x00,0x07,0x0f,0x0f,0x0f,0x01,
	0x00,0x00,0x00,0x00,0x00,0x00,0x00,0x00,0x00,0x00,0x00,0x00,0x00,0x00,0x00,0x05,
	0xab,0x40,0xec,0x80,0x98,0x00,0xf7,0x80,0x98,0x00,0xf7,0x80,0x98,0x00,0xf7,0x80,
	0x98,0x00,0xf7,0x80,0x93,0x00,0xf6,0x80,0x93,0x00,0xf6,0x80,0x91,0x00,0xf4,0x80,
	0x91,0x00,0xf4,0x80,0x8e,0x00,0xf3,0x80,0x9e,0x37,0xe4,0x80,0xb0,0x84,0xcc,0x80,
	0xe2,0xe1,0xdd,0x80,0xf1,0xf1,0xec,0x80,0xf9,0xf8,0xf4,0x80,0xfa,0xfb,0xf8,0x80,
	0xed,0xec,0xe8,0x80,0x6d,0x0a,0xbd,0x5b,0x7f,0x00,0xee,0x80,0x7f,0x00,0xee,0x80,
	0x7f,0x00,0xee,0x80,0x6d,0x00,0xdb,0x71,0x05,0x05,0x05,0x27,0xed,0xec,0xe8,0x80,
	0xf6,0xf6,0xf1,0x80,0xf9,0xf8,0xf4,0x80,0x83,0x22,0xe8,0x80,0x72,0x00,0xe9,0x80,
	0x72,0x00,0xe9,0x80,0x72,0x00,0xe9,0x80,0x6d,0x00,0xe7,0x80,0x6d,0x00,0xe7,0x80,
	0x6a,0x01,0xe6,0x80,0x6a,0x01,0xe6,0x80,0x67,0x00,0xe5,0x80,0x6a,0x01,0xe6,0x80,
	0x84,0x43,0xda,0x80,0xb4,0x93,0xd3,0x80,0xd3,0xd2,0xce,0x7e,0xd3,0xd2,0xce,0x7e,
	0x04,0x04,0x04,0x1f,0x00,0x00,0x00,0x0d,0x00,0x00,0x00,0x05,0x0f,0x0f,0x0f,0x01,
	0x00,0x00,0x00,0x00,0x00,0x00,0x00,0x00,0x00,0x00,0x00,0x00,0x00,0x00,0x00,0x05,
	0xaf,0x52,0xe6,0x7b,0x98,0x00,0xf7,0x80,0x93,0x00,0xf6,0x80,0x93,0x00,0xf6,0x80,
	0x9e,0x17,0xf3,0x80,0x99,0x24,0xec,0x80,0xa5,0x4f,0xe6,0x80,0xa2,0x5c,0xdd,0x80,
	0xb0,0x84,0xcc,0x80,0xb2,0xac,0xc1,0x80,0xc1,0xbf,0xbc,0x80,0xc1,0xbf,0xbc,0x80,
	0xde,0xdd,0xd9,0x7f,0xf9,0xf8,0xf4,0x80,0xfe,0xfd,0xf9,0x80,0xfe,0xfd,0xf9,0x80,
	0xf1,0xf1,0xec,0x80,0x8e,0x69,0xad,0x59,0x7c,0x00,0xed,0x80,0x7c,0x00,0xed,0x80,
	0x75,0x00,0xe6,0x79,0x27,0x0c,0x41,0x33,0x99,0x99,0x97,0x43,0xf4,0xf3,0xf0,0x80,
	0xf9,0xf8,0xf4,0x80,0xf5,0xf4,0xf5,0x80,0x9b,0x53,0xe7,0x80,0x6d,0x00,0xe7,0x80,
	0x6d,0x00,0xe7,0x80,0x6d,0x00,0xe7,0x80,0x79,0x13,0xe7,0x80,0x7f,0x2a,0xdd,0x80,
	0x8e,0x4e,0xda,0x80,0x9e,0x6c,0xd9,0x80,0xb4,0x93,0xd3,0x80,0xc9,0xc2,0xcf,0x80,
	0xd0,0xcf,0xcb,0x7f,0xd3,0xd2,0xce,0x7e,0xd6,0xd5,0xd1,0x80,0xd3,0xd2,0xce,0x7e,
	0x00,0x00,0x00,0x1b,0x00,0x00,0x00,0x0d,0x00,0x00,0x00,0x05,0x00,0x00,0x00,0x00,
	0x00,0x00,0x00,0x00,0x00,0x00,0x00,0x00,0x00,0x00,0x00,0x00,0x00,0x00,0x00,0x05,
	0xc9,0xc8,0xc4,0x68,0xc3,0xc2,0xbe,0x80,0xbe,0xbe,0xba,0x80,0xbc,0xbc,0xb8,0x80,
	0xbe,0xbe,0xba,0x80,0xbe,0xbe,0xba,0x80,0xbe,0xbe,0xba,0x80,0xbe,0xbe,0xba,0x80,
	0xbe,0xbe,0xba,0x80,0xc1,0xbf,0xbc,0x80,0xc3,0xc2,0xbe,0x80,0xc7,0xc6,0xc2,0x80,
	0xda,0xd9,0xd4,0x80,0xfe,0xfd,0xf9,0x80,0xfe,0xfd,0xf9,0x80,0xfe,0xfd,0xf9,0x80,
	0xf9,0xf8,0xf4,0x80,0xde,0xdd,0xd9,0x7f,0x77,0x00,0xeb,0x80,0x77,0x00,0xeb,0x80,
	0x27,0x0c,0x41,0x33,0x99,0x99,0x97,0x43,0xec,0xec,0xe8,0x78,0xfa,0xfb,0xf8,0x80,
	0xfa,0xfb,0xf8,0x80,0xf6,0xf6,0xf1,0x80,0xee,0xed,0xe9,0x80,0xda,0xd9,0xd4,0x80,
	0xcd,0xcc,0xc7,0x80,0xcd,0xcc,0xc7,0x80,0xcd,0xcc,0xc7,0x80,0xd0,0xcf,0xcb,0x7f,
	0xd0,0xcf,0xcb,0x7f,0xd0,0xcf,0xcb,0x7f,0xd0,0xcf,0xcb,0x7f,0xd3,0xd2,0xce,0x7e,
	0xd6,0xd5,0xd1,0x80,0xda,0xd9,0xd4,0x80,0xde,0xdd,0xd9,0x7f,0xd5,0xd4,0xd0,0x74,
	0x00,0x00,0x00,0x1b,0x00,0x00,0x00,0x0d,0x00,0x00,0x00,0x04,0x00,0x00,0x00,0x00,
	0x00,0x00,0x00,0x00,0x00,0x00,0x00,0x00,0x00,0x00,0x00,0x00,0x00,0x00,0x00,0x04,
	0xbd,0xbc,0xb8,0x61,0xc5,0xc4,0xc0,0x7e,0xc1,0xbf,0xbc,0x80,0xc1,0xbf,0xbc,0x80,
	0xc1,0xbf,0xbc,0x80,0xc3,0xc2,0xbe,0x80,0xc3,0xc2,0xbe,0x80,0xc3,0xc2,0xbe,0x80,
	0xc7,0xc6,0xc2,0x80,0xc8,0xc7,0xc4,0x80,0xca,0xc9,0xc5,0x80,0xcb,0xca,0xc6,0x80,
	0xcd,0xcc,0xc7,0x80,0xf9,0xf8,0xf4,0x80,0xfe,0xfd,0xf9,0x80,0xfe,0xfd,0xf9,0x80,
	0xfa,0xfb,0xf8,0x80,0xf4,0xf3,0xf0,0x80,0xad,0x69,0xe8,0x80,0xb5,0x83,0xe2,0x80,
	0xeb,0xeb,0xe7,0x80,0xf4,0xf3,0xf0,0x80,0xfa,0xfb,0xf8,0x80,0xfa,0xfb,0xf8,0x80,
	0xf9,0xf8,0xf4,0x80,0xf6,0xf6,0xf1,0x80,0xf1,0xf1,0xec,0x80,0xd7,0xd3,0xc6,0x80,
	0xd7,0xd3,0xc6,0x80,0xd7,0xd3,0xc6,0x80,0xd7,0xd3,0xc6,0x80,0xd7,0xd3,0xc6,0x80,
	0xd7,0xd3,0xc6,0x80,0xd6,0xd5,0xd1,0x80,0xd6,0xd5,0xd1,0x80,0xda,0xd9,0xd4,0x80,
	0xda,0xd9,0xd4,0x80,0xde,0xdd,0xd9,0x7f,0xde,0xdd,0xd9,0x7f,0xcc,0xcc,0xc8,0x6c,
	0x00,0x00,0x00,0x1b,0x00,0x00,0x00,0x0d,0x00,0x00,0x00,0x04,0x00,0x00,0x00,0x00,
	0x00,0x00,0x00,0x00,0x00,0x00,0x00,0x00,0x00,0x00,0x00,0x00,0x00,0x00,0x00,0x03,
	0xc0,0xbf,0xbc,0x45,0xcd,0xcc,0xc7,0x80,0xc8,0xc7,0xc4,0x80,0xc8,0xc7,0xc4,0x80,
	0xc8,0xc7,0xc4,0x80,0xcb,0xc6,0xc7,0x80,0xbf,0xb4,0xc6,0x80,0xb4,0x93,0xd3,0x80,
	0xa2,0x5c,0xdd,0x80,0xa9,0x76,0xdb,0x80,0xa2,0x5c,0xdd,0x80,0x8f,0x38,0xdf,0x80,
	0x9a,0x4b,0xe0,0x80,0x93,0x3f,0xe5,0x80,0x8b,0x17,0xed,0x80,0x97,0x35,0xeb,0x80,
	0x97,0x35,0xeb,0x80,0x79,0x13,0xe7,0x80,0x72,0x00,0xe9,0x80,0x79,0x13,0xe7,0x80,
	0x8a,0x38,0xe9,0x80,0x86,0x2c,0xe8,0x80,0x86,0x2c,0xe8,0x80,0x71,0x08,0xe6,0x80,
	0x79,0x13,0xe7,0x80,0x8a,0x38,0xe9,0x80,0x8e,0x4e,0xda,0x80,0x8e,0x4e,0xda,0x80,
	0x84,0x43,0xda,0x80,0x8e,0x4e,0xda,0x80,0x96,0x5f,0xd3,0x80,0xb4,0x93,0xd3,0x80,
	0xcf,0xae,0xd0,0x80,0xd4,0xc8,0xd5,0x80,0xe1,0xdd,0xd4,0x80,0xe1,0xdd,0xd4,0x80,
	0xe1,0xdd,0xd4,0x80,0xe1,0xdd,0xd4,0x80,0xe1,0xdd,0xd4,0x80,0xbd,0xbc,0xb8,0x61,
	0x00,0x00,0x00,0x18,0x00,0x00,0x00,0x0c,0x00,0x00,0x00,0x03,0x00,0x00,0x00,0x00,
	0x00,0x00,0x00,0x00,0x00,0x00,0x00,0x00,0x00,0x00,0x00,0x00,0x00,0x00,0x00,0x04,
	0xaa,0xa9,0xa3,0x1a,0xc9,0xc2,0xcf,0x80,0xb4,0x83,0xd7,0x80,0xa2,0x5c,0xdd,0x80,
	0x97,0x35,0xeb,0x80,0x8b,0x17,0xed,0x80,0x7f,0x00,0xee,0x80,0x83,0x01,0xef,0x80,
	0x93,0x3f,0xe5,0x80,0x7c,0x00,0xed,0x80,0x7c,0x00,0xed,0x80,0x8f,0x38,0xdf,0x80,
	0x77,0x00,0xeb,0x80,0x77,0x00,0xeb,0x80,0x86,0x2c,0xe8,0x80,0x72,0x00,0xe9,0x80,
	0x72,0x00,0xe9,0x80,0x83,0x22,0xe8,0x80,0x9b,0x53,0xe7,0x80,0x93,0x3f,0xe5,0x80,
	0x6d,0x00,0xe7,0x80,0x6a,0x01,0xe6,0x80,0x6a,0x01,0xe6,0x80,0x8a,0x38,0xe9,0x80,
	0x8a,0x38,0xe9,0x80,0x67,0x00,0xe5,0x80,0x61,0x00,0xe3,0x80,0x61,0x00,0xe3,0x80,
	0x6d,0x1f,0xdd,0x80,0x96,0x5f,0xd3,0x80,0x84,0x43,0xda,0x80,0x5b,0x01,0xe0,0x80,
	0x5b,0x01,0xe0,0x80,0x5b,0x01,0xe0,0x80,0x6d,0x1f,0xdd,0x80,0x84,0x43,0xda,0x80,
	0x9e,0x6c,0xd9,0x80,0xbe,0x9e,0xd8,0x80,0xe1,0xdd,0xd4,0x80,0x92,0x8f,0x8c,0x45,
	0x0a,0x0a,0x0a,0x16,0x00,0x00,0x00,0x0c,0x00,0x00,0x00,0x03,0x00,0x00,0x00,0x00,
	0x00,0x00,0x00,0x00,0x00,0x00,0x00,0x00,0x00,0x00,0x00,0x00,0x00,0x00,0x00,0x02,
	0x82,0x00,0xe8,0x57,0x86,0x00,0xf1,0x80,0x83,0x01,0xef,0x80,0x83,0x01,0xef,0x80,
	0x7f,0x00,0xee,0x80,0x7f,0x00,0xee,0x80,0x7f,0x00,0xee,0x80,0x81,0x0b,0xea,0x7f,
	0xc3,0xc2,0xbe,0x80,0x8f,0x38,0xdf,0x80,0xb0,0x84,0xcc,0x80,0xb0,0xa1,0xbe,0x80,
	0x72,0x00,0xe9,0x80,0x85,0x38,0xd9,0x80,0xb7,0xb6,0xb2,0x80,0x71,0x08,0xe6,0x80,
	0x6d,0x00,0xe7,0x80,0xea,0xe2,0xeb,0x80,0xbe,0x97,0xe7,0x80,0xbe,0x97,0xe7,0x80,
	0xd1,0xac,0xed,0x80,0x67,0x00,0xe5,0x80,0x7c,0x1b,0xe6,0x80,0xeb,0xeb,0xe7,0x80,
	0xbf,0xa6,0xdd,0x80,0x6a,0x27,0xda,0x80,0x61,0x00,0xe3,0x80,0x9c,0x83,0xcc,0x80,
	0xbe,0xbe,0xba,0x80,0x87,0x5d,0xcf,0x80,0xb0,0xa1,0xbe,0x80,0xbf,0xb4,0xc6,0x80,
	0x5b,0x01,0xe0,0x80,0x55,0x01,0xde,0x80,0x55,0x01,0xde,0x80,0x55,0x01,0xde,0x80,
	0x55,0x01,0xde,0x80,0x52,0x00,0xdd,0x80,0x60,0x0d,0xde,0x80,0x42,0x04,0xa4,0x4a,
	0x0a,0x0a,0x0a,0x16,0x00,0x00,0x00,0x09,0x00,0x00,0x00,0x02,0x00,0x00,0x00,0x00,
	0x00,0x00,0x00,0x00,0x00,0x00,0x00,0x00,0x00,0x00,0x00,0x00,0x00,0x00,0x00,0x03,
	0x77,0x01,0xdc,0x67,0x83,0x01,0xef,0x80,0x7f,0x00,0xee,0x80,0x7f,0x00,0xee,0x80,
	0x7c,0x00,0xed,0x80,0x7c,0x00,0xed,0x80,0x7c,0x00,0xed,0x80,0x77,0x00,0xeb,0x80,
	0x8f,0x38,0xdf,0x80,0xbc,0xbc,0xb8,0x80,0xba,0xb9,0xb6,0x80,0x72,0x00,0xe9,0x80,
	0x72,0x00,0xe9,0x80,0x85,0x38,0xd9,0x80,0xba,0xb9,0xb6,0x80,0x71,0x08,0xe6,0x80,
	0x6a,0x01,0xe6,0x80,0xd0,0xcf,0xcb,0x7f,0xa2,0x5c,0xdd,0x80,0xa9,0x76,0xdb,0x80,
	0xde,0xdd,0xd9,0x7f,0x61,0x00,0xe3,0x80,0x72,0x1a,0xe0,0x80,0xb8,0xbc,0xc9,0x80,
	0x9c,0x83,0xcc,0x80,0x6d,0x1f,0xdd,0x80,0x5b,0x01,0xe0,0x80,0xb2,0xac,0xc1,0x80,
	0xbc,0xbc,0xb8,0x80,0x60,0x0d,0xde,0x80,0xa1,0x8a,0xc1,0x80,0xcb,0xd2,0xb5,0x80,
	0x55,0x01,0xde,0x80,0x55,0x01,0xde,0x80,0x55,0x01,0xde,0x80,0x52,0x00,0xdd,0x80,
	0x52,0x00,0xdd,0x80,0x52,0x00,0xdd,0x80,0x52,0x00,0xdd,0x80,0x42,0x04,0xa4,0x4a,
	0x00,0x00,0x00,0x11,0x00,0x00,0x00,0x09,0x00,0x00,0x00,0x02,0x00,0x00,0x00,0x00,
	0x00,0x00,0x00,0x00,0x00,0x00,0x00,0x00,0x00,0x00,0x00,0x00,0x00,0x00,0x00,0x03,
	0x00,0x00,0x00,0x0c,0x65,0x27,0x9a,0x36,0x96,0x5f,0xd3,0x80,0x8f,0x38,0xdf,0x80,
	0x7c,0x1b,0xe6,0x80,0x77,0x00,0xeb,0x80,0x77,0x00,0xeb,0x80,0x77,0x00,0xeb,0x80,
	0x72,0x00,0xe9,0x80,0x96,0x5f,0xd3,0x80,0x7f,0x2a,0xdd,0x80,0x6d,0x00,0xe7,0x80,
	0x6d,0x00,0xe7,0x80,0x71,0x08,0xe6,0x80,0x96,0x5f,0xd3,0x80,0x6a,0x01,0xe6,0x80,
	0x67,0x00,0xe5,0x80,0x8e,0x4e,0xda,0x80,0x91,0x6d,0xcc,0x80,0x96,0x5f,0xd3,0x80,
	0x61,0x00,0xe3,0x80,0x61,0x00,0xe3,0x80,0x61,0x00,0xe3,0x80,0x96,0x5f,0xd3,0x80,
	0x84,0x43,0xda,0x80,0x5b,0x01,0xe0,0x80,0x5b,0x01,0xe0,0x80,0x5b,0x01,0xe0,0x80,
	0x87,0x5d,0xcf,0x80,0x91,0x6d,0xcc,0x80,0x91,0x6d,0xcc,0x80,0x55,0x01,0xde,0x80,
	0x55,0x01,0xde,0x80,0x52,0x00,0xdd,0x80,0x55,0x01,0xde,0x80,0x6a,0x27,0xda,0x80,
	0x7a,0x4a,0xd1,0x80,0x9c,0x83,0xcc,0x80,0x66,0x56,0x75,0x46,0x04,0x04,0x04,0x1f,
	0x00,0x00,0x00,0x11,0x00,0x00,0x00,0x07,0x00,0x00,0x00,0x02,0x00,0x00,0x00,0x00,
	0x00,0x00,0x00,0x00,0x00,0x00,0x00,0x00,0x00,0x00,0x00,0x00,0x00,0x00,0x00,0x03,
	0x00,0x00,0x00,0x09,0x00,0x00,0x00,0x11,0xa8,0xa9,0xa2,0x57,0xba,0xb9,0xb6,0x80,
	0xba,0xb9,0xb6,0x80,0xb0,0xa1,0xbe,0x80,0xa1,0x8a,0xc1,0x80,0x9e,0x75,0xc6,0x80,
	0x96,0x5f,0xd3,0x80,0x85,0x38,0xd9,0x80,0x7f,0x2a,0xdd,0x80,0x85,0x38,0xd9,0x80,
	0x7f,0x2a,0xdd,0x80,0x72,0x1a,0xe0,0x80,0x6a,0x01,0xe6,0x80,0x72,0x1a,0xe0,0x80,
	0x69,0x17,0xde,0x80,0x61,0x00,0xe3,0x80,0x61,0x00,0xe3,0x80,0x61,0x00,0xe3,0x80,
	0x61,0x00,0xe3,0x80,0x60,0x0d,0xde,0x80,0x60,0x0d,0xde,0x80,0x5b,0x01,0xe0,0x80,
	0x60,0x0d,0xde,0x80,0x69,0x17,0xde,0x80,0x6a,0x27,0xda,0x80,0x6a,0x27,0xda,0x80,
	0x6a,0x27,0xda,0x80,0x7a,0x4a,0xd1,0x80,0x7a,0x4a,0xd1,0x80,0x87,0x5d,0xcf,0x80,
	0xa1,0x8a,0xc1,0x80,0xb0,0xa1,0xbe,0x80,0xbc,0xbc,0xb8,0x80,0xcb,0xd2,0xb5,0x80,
	0xcb,0xd2,0xb5,0x80,0xb7,0xba,0xb3,0x6b,0x05,0x05,0x05,0x27,0x00,0x00,0x00,0x18,
	0x00,0x00,0x00,0x0c,0x00,0x00,0x00,0x03,0x0f,0x0f,0x0f,0x01,0x00,0x00,0x00,0x00,
	0x00,0x00,0x00,0x00,0x00,0x00,0x00,0x00,0x00,0x00,0x00,0x00,0x0f,0x0f,0x0f,0x01,
	0x00,0x00,0x00,0x04,0x00,0x00,0x00,0x09,0x0a,0x0a,0x0a,0x16,0xbc,0xbc,0xb8,0x80,
	0xbc,0xbc,0xb8,0x80,0xba,0xb9,0xb6,0x80,0xba,0xb9,0xb6,0x80,0xba,0xb9,0xb6,0x80,
	0xba,0xb9,0xb6,0x80,0xba,0xb9,0xb6,0x80,0xb7,0xb6,0xb2,0x80,0xb7,0xb6,0xb2,0x80,
	0xba,0xb9,0xb6,0x80,0xbe,0xbe,0xba,0x80,0xc1,0xbf,0xbc,0x80,0xbc,0xbc,0xb8,0x80,
	0xbc,0xbc,0xb8,0x80,0xbe,0xbe,0xba,0x80,0xbe,0xbe,0xba,0x80,0xbc,0xbc,0xb8,0x80,
	0xba,0xb9,0xb6,0x80,0xbc,0xb7,0xbd,0x80,0xbf,0xb4,0xc6,0x80,0xbf,0xb4,0xc6,0x80,
	0xb8,0xbc,0xc9,0x80,0xb8,0xbc,0xc9,0x80,0xb2,0xc7,0xc9,0x80,0xb2,0xc7,0xc9,0x80,
	0xb6,0xce,0xc5,0x80,0xb6,0xce,0xc5,0x80,0xba,0xcd,0xba,0x80,0xba,0xcd,0xba,0x80,
	0xbe,0xce,0xb2,0x80,0xbe,0xce,0xb2,0x80,0xcb,0xd2,0xb5,0x80,0xcb,0xd2,0xb5,0x80,
	0xcb,0xd4,0xbc,0x80,0x50,0x51,0x47,0x34,0x00,0x00,0x00,0x1b,0x00,0x00,0x00,0x11,
	0x00,0x00,0x00,0x07,0x00,0x00,0x00,0x02,0x0f,0x0f,0x0f,0x01,0x00,0x00,0x00,0x00,
	0x00,0x00,0x00,0x00,0x00,0x00,0x00,0x00,0x00,0x00,0x00,0x00,0x00,0x00,0x00,0x00,
	0x0f,0x0f,0x0f,0x01,0x00,0x00,0x00,0x02,0x00,0x00,0x00,0x09,0x91,0x90,0x8d,0x38,
	0xc3,0xc2,0xbe,0x80,0xc1,0xbf,0xbc,0x80,0xbe,0xbe,0xba,0x80,0xbc,0xbc,0xb8,0x80,
	0xbc,0xbc,0xb8,0x80,0xba,0xb9,0xb6,0x80,0xba,0xb9,0xb6,0x80,0xbe,0xbe,0xba,0x80,
	0xc1,0xbf,0xbc,0x80,0xc3,0xc2,0xbe,0x80,0xc3,0xc2,0xbe,0x80,0xc1,0xbf,0xbc,0x80,
	0xbe,0xbe,0xba,0x80,0xbe,0xbe,0xba,0x80,0xbe,0xbe,0xba,0x80,0xbc,0xbc,0xb8,0x80,
	0xbc,0xbc,0xb8,0x80,0xbc,0xb7,0xbd,0x80,0xbf,0xb4,0xc6,0x80,0xbf,0xb4,0xc6,0x80,
	0xb8,0xbc,0xc9,0x80,0xb8,0xbc,0xc9,0x80,0xb2,0xc7,0xc9,0x80,0xb2,0xc7,0xc9,0x80,
	0xb6,0xce,0xc5,0x80,0xb6,0xce,0xc5,0x80,0xb6,0xce,0xc5,0x80,0xba,0xcd,0xba,0x80,
	0xc0,0xd2,0xbc,0x80,0xc0,0xd2,0xbc,0x80,0xcb,0xd4,0xbc,0x80,0xcb,0xd7,0xc0,0x80,
	0xa8,0xa9,0xa2,0x57,0x04,0x04,0x04,0x1f,0x00,0x00,0x00,0x11,0x00,0x00,0x00,0x09,
	0x00,0x00,0x00,0x02,0x0f,0x0f,0x0f,0x01,0x00,0x00,0x00,0x00,0x00,0x00,0x00,0x00,
	0x00,0x00,0x00,0x00,0x00,0x00,0x00,0x00,0x00,0x00,0x00,0x00,0x00,0x00,0x00,0x00,
	0x00,0x00,0x00,0x00,0x0f,0x0f,0x0f,0x01,0x00,0x00,0x00,0x03,0x00,0x00,0x00,0x09,
	0xb4,0xb3,0xaf,0x59,0xc3,0xc2,0xbe,0x80,0xc3,0xc2,0xbe,0x80,0xc1,0xbf,0xbc,0x80,
	0xbe,0xbe,0xba,0x80,0xc1,0xbf,0xbc,0x80,0xc3,0xc2,0xbe,0x80,0xc7,0xc6,0xc2,0x80,
	0xc8,0xc7,0xc4,0x80,0xc8,0xc7,0xc4,0x80,0xc7,0xc6,0xc2,0x80,0xc7,0xc6,0xc2,0x80,
	0xc7,0xc6,0xc2,0x80,0xc5,0xc4,0xc0,0x7e,0xc3,0xc2,0xbe,0x80,0xc3,0xc2,0xbe,0x80,
	0xc3,0xc2,0xbe,0x80,0xc3,0xc2,0xbe,0x80,0xc3,0xbf,0xcd,0x80,0xc3,0xbf,0xcd,0x80,
	0xc3,0xbf,0xcd,0x80,0xc3,0xbf,0xcd,0x80,0xc0,0xcb,0xd1,0x80,0xbb,0xd2,0xd1,0x80,
	0xbb,0xd2,0xd1,0x80,0xbb,0xd2,0xd1,0x80,0xc0,0xd4,0xcc,0x80,0xc2,0xd3,0xc4,0x80,
	0xc0,0xd2,0xbc,0x80,0xc2,0xd3,0xc4,0x80,0xcb,0xd7,0xc0,0x80,0xb7,0xba,0xb3,0x6b,
	0x04,0x04,0x04,0x1f,0x0a,0x0a,0x0a,0x16,0x00,0x00,0x00,0x0c,0x00,0x00,0x00,0x04,
	0x0f,0x0f,0x0f,0x01,0x00,0x00,0x00,0x00,0x00,0x00,0x00,0x00,0x00,0x00,0x00,0x00,
	0x00,0x00,0x00,0x00,0x00,0x00,0x00,0x00,0x00,0x00,0x00,0x00,0x00,0x00,0x00,0x00,
	0x00,0x00,0x00,0x00,0x00,0x00,0x00,0x00,0x0f,0x0f,0x0f,0x01,0x00,0x00,0x00,0x05,
	0x00,0x00,0x00,0x0c,0xbd,0xbc,0xb8,0x61,0xc3,0xc2,0xbe,0x80,0xc1,0xbf,0xbc,0x80,
	0xc3,0xc2,0xbe,0x80,0xc7,0xc6,0xc2,0x80,0xc8,0xc7,0xc4,0x80,0xcb,0xca,0xc6,0x80,
	0xcd,0xcc,0xc7,0x80,0xcd,0xcc,0xc7,0x80,0xcb,0xca,0xc6,0x80,0xca,0xc9,0xc5,0x80,
	0xc8,0xc7,0xc4,0x80,0xc8,0xc7,0xc4,0x80,0xc7,0xc6,0xc2,0x80,0xc7,0xc6,0xc2,0x80,
	0xc7,0xc6,0xc2,0x80,0xc8,0xc7,0xc4,0x80,0xca,0xc5,0xcb,0x80,0xc9,0xc2,0xcf,0x80,
	0xc9,0xc2,0xcf,0x80,0xc5,0xc8,0xcf,0x80,0xc0,0xcb,0xd1,0x80,0xc2,0xcf,0xd1,0x80,
	0xc0,0xd5,0xd3,0x80,0xc0,0xd5,0xd3,0x80,0xbb,0xd2,0xd1,0x80,0xc0,0xd4,0xcc,0x80,
	0xc2,0xd3,0xc4,0x80,0xc2,0xd3,0xc4,0x80,0xc2,0xc3,0xbd,0x77,0x04,0x04,0x04,0x1f,
	0x00,0x00,0x00,0x18,0x00,0x00,0x00,0x0d,0x00,0x00,0x00,0x05,0x00,0x00,0x00,0x02,
	0x00,0x00,0x00,0x00,0x00,0x00,0x00,0x00,0x00,0x00,0x00,0x00,0x00,0x00,0x00,0x00,
	0x00,0x00,0x00,0x00,0x00,0x00,0x00,0x00,0x00,0x00,0x00,0x00,0x00,0x00,0x00,0x00,
	0x00,0x00,0x00,0x00,0x00,0x00,0x00,0x00,0x00,0x00,0x00,0x00,0x00,0x00,0x00,0x02,
	0x00,0x00,0x00,0x05,0x00,0x00,0x00,0x0d,0xbd,0xbc,0xb8,0x61,0xc3,0xc2,0xbe,0x80,
	0xc5,0xc4,0xc0,0x7e,0xc8,0xc7,0xc4,0x80,0xca,0xc9,0xc5,0x80,0xcd,0xcc,0xc7,0x80,
	0xcd,0xcc,0xc7,0x80,0xcb,0xca,0xc6,0x80,0xcb,0xca,0xc6,0x80,0xca,0xc9,0xc5,0x80,
	0xc8,0xc7,0xc4,0x80,0xc8,0xc7,0xc4,0x80,0xc7,0xc6,0xc2,0x80,0xc7,0xc6,0xc2,0x80,
	0xc7,0xc6,0xc2,0x80,0xc8,0xc7,0xc4,0x80,0xca,0xc5,0xcb,0x80,0xc9,0xc2,0xcf,0x80,
	0xc9,0xc2,0xcf,0x80,0xc5,0xc8,0xcf,0x80,0xc5,0xc8,0xcf,0x80,0xc0,0xcb,0xd1,0x80,
	0xc0,0xd5,0xd3,0x80,0xc0,0xd5,0xd3,0x80,0xc0,0xd5,0xd3,0x80,0xc0,0xd4,0xcc,0x80,
	0xc0,0xd4,0xcc,0x80,0xbd,0xbf,0xbb,0x73,0x2f,0x2f,0x2e,0x26,0x00,0x00,0x00,0x18,
	0x00,0x00,0x00,0x0d,0x00,0x00,0x00,0x07,0x00,0x00,0x00,0x02,0x0f,0x0f,0x0f,0x01,
	0x00,0x00,0x00,0x00,0x00,0x00,0x00,0x00,0x00,0x00,0x00,0x00,0x00,0x00,0x00,0x00,
	0x00,0x00,0x00,0x00,0x00,0x00,0x00,0x00,0x00,0x00,0x00,0x00,0x00,0x00,0x00,0x00,
	0x00,0x00,0x00,0x00,0x00,0x00,0x00,0x00,0x00,0x00,0x00,0x00,0x0f,0x0f,0x0f,0x01,
	0x00,0x00,0x00,0x02,0x00,0x00,0x00,0x07,0x00,0x00,0x00,0x0d,0xb4,0xb3,0xaf,0x59,
	0xc7,0xc6,0xc2,0x80,0xc8,0xc7,0xc4,0x80,0xcd,0xcc,0xc7,0x80,0xcd,0xcc,0xc7,0x80,
	0xcd,0xcc,0xc7,0x80,0xcb,0xca,0xc6,0x80,0xca,0xc9,0xc5,0x80,0xca,0xc9,0xc5,0x80,
	0xc8,0xc7,0xc4,0x80,0xc8,0xc7,0xc4,0x80,0xc7,0xc6,0xc2,0x80,0xc7,0xc6,0xc2,0x80,
	0xc7,0xc6,0xc2,0x80,0xc8,0xc7,0xc4,0x80,0xcb,0xc6,0xc7,0x80,0xca,0xc5,0xcb,0x80,
	0xc9,0xc2,0xcf,0x80,0xc9,0xc2,0xcf,0x80,0xc5,0xc8,0xcf,0x80,0xc0,0xcb,0xd1,0x80,
	0xc2,0xcf,0xd1,0x80,0xc0,0xd5,0xd3,0x80,0xc0,0xd5,0xd3,0x80,0xc0,0xd4,0xcc,0x80,
	0xb7,0xba,0xb3,0x6b,0x04,0x04,0x04,0x1f,0x00,0x00,0x00,0x18,0x00,0x00,0x00,0x0d,
	0x00,0x00,0x00,0x07,0x00,0x00,0x00,0x02,0x0f,0x0f,0x0f,0x01,0x00,0x00,0x00,0x00,
	0x00,0x00,0x00,0x00,0x00,0x00,0x00,0x00,0x00,0x00,0x00,0x00,0x00,0x00,0x00,0x00,
	0x00,0x00,0x00,0x00,0x00,0x00,0x00,0x00,0x00,0x00,0x00,0x00,0x00,0x00,0x00,0x00,
	0x00,0x00,0x00,0x00,0x00,0x00,0x00,0x00,0x00,0x00,0x00,0x00,0x00,0x00,0x00,0x00,
	0x0f,0x0f,0x0f,0x01,0x00,0x00,0x00,0x02,0x00,0x00,0x00,0x07,0x00,0x00,0x00,0x0d,
	0x99,0x99,0x97,0x43,0xc8,0xc7,0xc4,0x80,0xcd,0xcc,0xc7,0x80,0xcd,0xcc,0xc7,0x80,
	0xcb,0xca,0xc6,0x80,0xcb,0xca,0xc6,0x80,0xca,0xc9,0xc5,0x80,0xc8,0xc7,0xc4,0x80,
	0xc8,0xc7,0xc4,0x80,0xc8,0xc7,0xc4,0x80,0xc7,0xc6,0xc2,0x80,0xc7,0xc6,0xc2,0x80,
	0xc7,0xc6,0xc2,0x80,0xc8,0xc7,0xc4,0x80,0xcb,0xc6,0xc7,0x80,0xca,0xc5,0xcb,0x80,
	0xca,0xc5,0xcb,0x80,0xc9,0xc2,0xcf,0x80,0xc5,0xc8,0xcf,0x80,0xc5,0xc8,0xcf,0x80,
	0xc2,0xcf,0xd1,0x80,0xc2,0xcf,0xd1,0x80,0xc2,0xcf,0xd1,0x80,0x9a,0xa2,0xa0,0x54,
	0x04,0x04,0x04,0x1f,0x0a,0x0a,0x0a,0x16,0x00,0x00,0x00,0x0d,0x00,0x00,0x00,0x07,
	0x00,0x00,0x00,0x02,0x0f,0x0f,0x0f,0x01,0x00,0x00,0x00,0x00,0x00,0x00,0x00,0x00,
	0x00,0x00,0x00,0x00,0x00,0x00,0x00,0x00,0x00,0x00,0x00,0x00,0x00,0x00,0x00,0x00,
	0x00,0x00,0x00,0x00,0x00,0x00,0x00,0x00,0x00,0x00,0x00,0x00,0x00,0x00,0x00,0x00,
	0x00,0x00,0x00,0x00,0x00,0x00,0x00,0x00,0x00,0x00,0x00,0x00,0x00,0x00,0x00,0x00,
	0x00,0x00,0x00,0x00,0x0f,0x0f,0x0f,0x01,0x00,0x00,0x00,0x02,0x00,0x00,0x00,0x05,
	0x00,0x00,0x00,0x0c,0x5a,0x5a,0x58,0x1f,0xb4,0xb3,0xaf,0x59,0xcd,0xcc,0xc7,0x80,
	0xcb,0xca,0xc6,0x80,0xcb,0xca,0xc6,0x80,0xca,0xc9,0xc5,0x80,0xc8,0xc7,0xc4,0x80,
	0xc8,0xc7,0xc4,0x80,0xc7,0xc6,0xc2,0x80,0xc7,0xc6,0xc2,0x80,0xc7,0xc6,0xc2,0x80,
	0xc7,0xc6,0xc2,0x80,0xc8,0xc7,0xc4,0x80,0xca,0xc9,0xc5,0x80,0xcb,0xc6,0xc7,0x80,
	0xca,0xc5,0xcb,0x80,0xca,0xc5,0xcb,0x80,0xc5,0xc8,0xcf,0x80,0xc5,0xc8,0xcf,0x80,
	0xc5,0xc8,0xcf,0x80,0xb7,0xba,0xb3,0x6b,0x72,0x73,0x71,0x39,0x00,0x00,0x00,0x1b,
	0x0a,0x0a,0x0a,0x16,0x00,0x00,0x00,0x0d,0x00,0x00,0x00,0x07,0x00,0x00,0x00,0x02,
	0x0f,0x0f,0x0f,0x01,0x00,0x00,0x00,0x00,0x00,0x00,0x00,0x00,0x00,0x00,0x00,0x00,
	0x00,0x00,0x00,0x00,0x00,0x00,0x00,0x00,0x00,0x00,0x00,0x00,0x00,0x00,0x00,0x00,
	0x00,0x00,0x00,0x00,0x00,0x00,0x00,0x00,0x00,0x00,0x00,0x00,0x00,0x00,0x00,0x00,
	0x00,0x00,0x00,0x00,0x00,0x00,0x00,0x00,0x00,0x00,0x00,0x00,0x00,0x00,0x00,0x00,
	0x00,0x00,0x00,0x00,0x00,0x00,0x00,0x00,0x0f,0x0f,0x0f,0x01,0x00,0x00,0x00,0x02,
	0x00,0x00,0x00,0x05,0x00,0x00,0x00,0x09,0x00,0x00,0x00,0x11,0x7b,0x6e,0x83,0x2e,
	0xa8,0xa9,0xa2,0x57,0xc2,0xc3,0xbd,0x77,0xca,0xc9,0xc5,0x80,0xc8,0xc7,0xc4,0x80,
	0xc8,0xc7,0xc4,0x80,0xc7,0xc6,0xc2,0x80,0xc7,0xc6,0xc2,0x80,0xc7,0xc6,0xc2,0x80,
	0xc7,0xc6,0xc2,0x80,0xc8,0xc7,0xc4,0x80,0xca,0xc9,0xc5,0x80,0xcb,0xc6,0xc7,0x80,
	0xcb,0xc6,0xc7,0x80,0xca,0xc5,0xcb,0x80,0xc7,0xc5,0xc8,0x7c,0xac,0xab,0xac,0x5f,
	0x72,0x73,0x71,0x39,0x00,0x00,0x00,0x1b,0x00,0x00,0x00,0x18,0x00,0x00,0x00,0x11,
	0x00,0x00,0x00,0x0c,0x00,0x00,0x00,0x05,0x00,0x00,0x00,0x02,0x0f,0x0f,0x0f,0x01,
	0x00,0x00,0x00,0x00,0x00,0x00,0x00,0x00,0x00,0x00,0x00,0x00,0x00,0x00,0x00,0x00,
	0x00,0x00,0x00,0x00,0x00,0x00,0x00,0x00,0x00,0x00,0x00,0x00,0x00,0x00,0x00,0x00,
	0x00,0x00,0x00,0x00,0x00,0x00,0x00,0x00,0x00,0x00,0x00,0x00,0x00,0x00,0x00,0x00,
	0x00,0x00,0x00,0x00,0x00,0x00,0x00,0x00,0x00,0x00,0x00,0x00,0x00,0x00,0x00,0x00,
	0x00,0x00,0x00,0x00,0x00,0x00,0x00,0x00,0x00,0x00,0x00,0x00,0x00,0x00,0x00,0x00,
	0x0f,0x0f,0x0f,0x01,0x00,0x00,0x00,0x03,0x00,0x00,0x00,0x07,0x00,0x00,0x00,0x0c,
	0x00,0x00,0x00,0x11,0x0a,0x0a,0x0a,0x16,0x91,0x90,0x8d,0x38,0xa8,0xa9,0xa2,0x57,
	0xb7,0xba,0xb3,0x6b,0xbd,0xbf,0xbb,0x73,0xc2,0xc3,0xbd,0x77,0xc5,0xc4,0xc0,0x7e,
	0xc5,0xc4,0xc0,0x7e,0xc2,0xc3,0xbd,0x77,0xbd,0xbf,0xbb,0x73,0xb7,0xba,0xb3,0x6b,
	0xac,0xab,0xac,0x5f,0x92,0x8f,0x8c,0x45,0x2f,0x2f,0x2e,0x26,0x00,0x00,0x00,0x1b,
	0x0a,0x0a,0x0a,0x16,0x00,0x00,0x00,0x11,0x00,0x00,0x00,0x0c,0x00,0x00,0x00,0x07,
	0x00,0x00,0x00,0x03,0x00,0x00,0x00,0x02,0x0f,0x0f,0x0f,0x01,0x00,0x00,0x00,0x00,
	0x00,0x00,0x00,0x00,0x00,0x00,0x00,0x00,0x00,0x00,0x00,0x00,0x00,0x00,0x00,0x00,
	0x00,0x00,0x00,0x00,0x00,0x00,0x00,0x00,0x00,0x00,0x00,0x00,0x00,0x00,0x00,0x00,
	0x00,0x00,0x00,0x00,0x00,0x00,0x00,0x00,0x00,0x00,0x00,0x00,0x00,0x00,0x00,0x00,
	0x00,0x00,0x00,0x00,0x00,0x00,0x00,0x00,0x00,0x00,0x00,0x00,0x00,0x00,0x00,0x00,
	0x00,0x00,0x00,0x00,0x00,0x00,0x00,0x00,0x00,0x00,0x00,0x00,0x00,0x00,0x00,0x00,
	0x00,0x00,0x00,0x00,0x0f,0x0f,0x0f,0x01,0x00,0x00,0x00,0x02,0x00,0x00,0x00,0x03,
	0x00,0x00,0x00,0x07,0x00,0x00,0x00,0x09,0x00,0x00,0x00,0x0d,0x00,0x00,0x00,0x11,
	0x0a,0x0a,0x0a,0x16,0x00,0x00,0x00,0x18,0x00,0x00,0x00,0x18,0x00,0x00,0x00,0x1b,
	0x00,0x00,0x00,0x1b,0x00,0x00,0x00,0x1b,0x00,0x00,0x00,0x1b,0x00,0x00,0x00,0x18,
	0x00,0x00,0x00,0x18,0x0a,0x0a,0x0a,0x16,0x00,0x00,0x00,0x11,0x00,0x00,0x00,0x0d,
	0x00,0x00,0x00,0x0c,0x00,0x00,0x00,0x07,0x00,0x00,0x00,0x04,0x00,0x00,0x00,0x02,
	0x0f,0x0f,0x0f,0x01,0x00,0x00,0x00,0x00,0x00,0x00,0x00,0x00,0x00,0x00,0x00,0x00,
	0x00,0x00,0x00,0x00,0x00,0x00,0x00,0x00,0x00,0x00,0x00,0x00,0x00,0x00,0x00,0x00,
	0x00,0x00,0x00,0x00,0x00,0x00,0x00,0x00,0x00,0x00,0x00,0x00,0x00,0x00,0x00,0x00,
	0x00,0x00,0x00,0x00,0x00,0x00,0x00,0x00,0x00,0x00,0x00,0x00,0x00,0x00,0x00,0x00,
	0x00,0x00,0x00,0x00,0x00,0x00,0x00,0x00,0x00,0x00,0x00,0x00,0x00,0x00,0x00,0x00,
	0x00,0x00,0x00,0x00,0x00,0x00,0x00,0x00,0x00,0x00,0x00,0x00,0x00,0x00,0x00,0x00,
	0x00,0x00,0x00,0x00,0x00,0x00,0x00,0x00,0x00,0x00,0x00,0x00,0x0f,0x0f,0x0f,0x01,
	0x00,0x00,0x00,0x02,0x00,0x00,0x00,0x03,0x00,0x00,0x00,0x05,0x00,0x00,0x00,0x07,
	0x00,0x00,0x00,0x09,0x00,0x00,0x00,0x0c,0x00,0x00,0x00,0x0c,0x00,0x00,0x00,0x0d,
	0x00,0x00,0x00,0x0d,0x00,0x00,0x00,0x0d,0x00,0x00,0x00,0x0d,0x00,0x00,0x00,0x0c,
	0x00,0x00,0x00,0x0c,0x00,0x00,0x00,0x09,0x00,0x00,0x00,0x07,0x00,0x00,0x00,0x05,
	0x00,0x00,0x00,0x03,0x00,0x00,0x00,0x02,0x0f,0x0f,0x0f,0x01,0x00,0x00,0x00,0x00,
	0x00,0x00,0x00,0x00,0x00,0x00,0x00,0x00,0x00,0x00,0x00,0x00,0x00,0x00,0x00,0x00,
	0x00,0x00,0x00,0x00,0x00,0x00,0x00,0x00,0x00,0x00,0x00,0x00,0x00,0x00,0x00,0x00,
	0x00,0x00,0x00,0x00,0x00,0x00,0x00,0x00,0x00,0x00,0x00,0x00,0x00,0x00,0x00,0x00,
	0x00,0x00,0x00,0x00,0x00,0x00,0x00,0x00,0x00,0x00,0x00,0x00,0x00,0x00,0x00,0x00,
	0x00,0x00,0x00,0x00,0x00,0x00,0x00,0x00,0x00,0x00,0x00,0x00,0x00,0x00,0x00,0x00,
	0x00,0x00,0x00,0x00,0x00,0x00,0x00,0x00,0x00,0x00,0x00,0x00,0x00,0x00,0x00,0x00,
	0x00,0x00,0x00,0x00,0x00,0x00,0x00,0x00,0x00,0x00,0x00,0x00,0x00,0x00,0x00,0x00,
	0x00,0x00,0x00,0x00,0x00,0x00,0x00,0x00,0x0f,0x0f,0x0f,0x01,0x00,0x00,0x00,0x02,
	0x00,0x00,0x00,0x02,0x00,0x00,0x00,0x03,0x00,0x00,0x00,0x03,0x00,0x00,0x00,0x04,
	0x00,0x00,0x00,0x04,0x00,0x00,0x00,0x04,0x00,0x00,0x00,0x04,0x00,0x00,0x00,0x04,
	0x00,0x00,0x00,0x03,0x00,0x00,0x00,0x02,0x00,0x00,0x00,0x02,0x0f,0x0f,0x0f,0x01,
	0x0f,0x0f,0x0f,0x01,0x00,0x00,0x00,0x00,0x00,0x00,0x00,0x00,0x00,0x00,0x00,0x00,
	0x00,0x00,0x00,0x00,0x00,0x00,0x00,0x00,0x00,0x00,0x00,0x00,0x00,0x00,0x00,0x00,
	0x00,0x00,0x00,0x00,0x00,0x00,0x00,0x00,0x00,0x00,0x00,0x00,0x00,0x00,0x00,0x00,
	0x00,0x00,0x00,0x00,0x00,0x00,0x00,0x00,0x00,0x00,0x00,0x00,0x00,0x00,0x00,0x00,
	0x00,0x00,0x00,0x00,0x00,0x00,0x00,0x00,0x00,0x00,0x00,0x00,0x00,0x00,0x00,0x00,
	0x00,0x00,0x00,0x00,0x00,0x00,0x00,0x00,0x00,0x00,0x00,0x00,0x00,0x00,0x00,0x00,
	0x00,0x00,0x00,0x00,0x00,0x00,0x00,0x00,0x00,0x00,0x00,0x00,0x00,0x00,0x00,0x00,
	0x00,0x00,0x00,0x00,0x00,0x00,0x00,0x00,0x00,0x00,0x00,0x00,0x00,0x00,0x00,0x00,
	0x00,0x00,0x00,0x00,0x00,0x00,0x00,0x00,0x00,0x00,0x00,0x00,0x00,0x00,0x00,0x00,
	0x00,0x00,0x00,0x00,0x00,0x00,0x00,0x00,0x00,0x00,0x00,0x00,0x00,0x00,0x00,0x00,
	0x00,0x00,0x00,0x00,0x00,0x00,0x00,0x00,0x00,0x00,0x00,0x00,0x00,0x00,0x00,0x00,
	0x00,0x00,0x00,0x00,0x00,0x00,0x00,0x00,0x00,0x00,0x00,0x00,0x00,0x00,0x00,0x00,
	0x00,0x00,0x00,0x00,0x00,0x00,0x00,0x00,0x00,0x00,0x00,0x00,0x00,0x00,0x00,0x00,
	0x00,0x00,0x00,0x00,0x00,0x00,0x00,0x00,0x00,0x00,0x00,0x00,0x00,0x00,0x00,0x00,
	0x00,0x00,0x00,0x00,0x00,0x00,0x00,0x00,0x00,0x00,0x00,0x00,0x00,0x00,0x00,0x00,
	0x00,0x00,0x00,0x00,0x00,0x00,0x00,0x00,0x00,0x00,0x00,0x00,0x00,0x00,0x00,0x00,
};
static const unsigned char rgba_s_IconSMB[ 9216 ] __attribute__(   (  aligned( 16 ), section( ".data" )  )   ) = {
	0x00,0x00,0x00,0x00,0x00,0x00,0x00,0x00,0x00,0x00,0x00,0x00,0x00,0x00,0x00,0x00,
	0x00,0x00,0x00,0x00,0x00,0x00,0x00,0x00,0x00,0x00,0x00,0x00,0x00,0x00,0x00,0x00,
	0x00,0x00,0x00,0x00,0x00,0x00,0x00,0x00,0x00,0x00,0x00,0x00,0x00,0x00,0x00,0x00,
	0x00,0x00,0x00,0x00,0x00,0x00,0x00,0x00,0x00,0x00,0x00,0x00,0x00,0x00,0x00,0x00,
	0x00,0x00,0x00,0x00,0x00,0x00,0x00,0x00,0x00,0x00,0x00,0x00,0x00,0x00,0x00,0x00,
	0x00,0x00,0x00,0x00,0x00,0x00,0x00,0x00,0x00,0x00,0x00,0x00,0x00,0x00,0x00,0x00,
	0x00,0x00,0x00,0x00,0x00,0x00,0x00,0x00,0x00,0x00,0x00,0x00,0x00,0x00,0x00,0x00,
	0x00,0x00,0x00,0x00,0x00,0x00,0x00,0x00,0x00,0x00,0x00,0x00,0x00,0x00,0x00,0x00,
	0x00,0x00,0x00,0x00,0x00,0x00,0x00,0x00,0x00,0x00,0x00,0x00,0x00,0x00,0x00,0x00,
	0x00,0x00,0x00,0x00,0x00,0x00,0x00,0x00,0x00,0x00,0x00,0x00,0x00,0x00,0x00,0x00,
	0x00,0x00,0x00,0x00,0x00,0x00,0x00,0x00,0x00,0x00,0x00,0x00,0x00,0x00,0x00,0x00,
	0x00,0x00,0x00,0x00,0x00,0x00,0x00,0x00,0x00,0x00,0x00,0x00,0x00,0x00,0x00,0x00,
	0x00,0x00,0x00,0x00,0x00,0x00,0x00,0x00,0x00,0x00,0x00,0x00,0x00,0x00,0x00,0x00,
	0x00,0x00,0x00,0x00,0x00,0x00,0x00,0x00,0x00,0x00,0x00,0x00,0x00,0x00,0x00,0x00,
	0x00,0x00,0x00,0x00,0x00,0x00,0x00,0x00,0x00,0x00,0x00,0x00,0x00,0x00,0x00,0x00,
	0x00,0x00,0x00,0x00,0x00,0x00,0x00,0x00,0x00,0x00,0x00,0x00,0x00,0x00,0x00,0x00,
	0x00,0x00,0x00,0x00,0x00,0x00,0x00,0x00,0x00,0x00,0x00,0x00,0x00,0x00,0x00,0x00,
	0x00,0x00,0x00,0x00,0x00,0x00,0x00,0x00,0x00,0x00,0x00,0x00,0x00,0x00,0x00,0x00,
	0x00,0x00,0x00,0x00,0x00,0x00,0x00,0x00,0x00,0x00,0x00,0x00,0x00,0x00,0x00,0x00,
	0x00,0x00,0x00,0x00,0x00,0x00,0x00,0x00,0x00,0x00,0x00,0x00,0x00,0x00,0x00,0x00,
	0x00,0x00,0x00,0x00,0x00,0x00,0x00,0x00,0x00,0x00,0x00,0x00,0x00,0x00,0x00,0x00,
	0x00,0x00,0x00,0x00,0x00,0x00,0x00,0x00,0x00,0x00,0x00,0x00,0x00,0x00,0x00,0x00,
	0x00,0x00,0x00,0x00,0x00,0x00,0x00,0x00,0x00,0x00,0x00,0x00,0x00,0x00,0x00,0x00,
	0x00,0x00,0x00,0x00,0x00,0x00,0x00,0x00,0x00,0x00,0x00,0x00,0x00,0x00,0x00,0x00,
	0x00,0x00,0x00,0x00,0x00,0x00,0x00,0x00,0x00,0x00,0x00,0x00,0x00,0x00,0x00,0x00,
	0x00,0x00,0x00,0x00,0x00,0x00,0x00,0x00,0x00,0x00,0x00,0x00,0x00,0x00,0x00,0x00,
	0x00,0x00,0x00,0x00,0x00,0x00,0x00,0x00,0x00,0x00,0x00,0x00,0x00,0x00,0x00,0x00,
	0x00,0x00,0x00,0x00,0x00,0x00,0x00,0x00,0x00,0x00,0x00,0x00,0x00,0x00,0x00,0x00,
	0x00,0x00,0x00,0x00,0x00,0x00,0x00,0x00,0x00,0x00,0x00,0x00,0x00,0x00,0x00,0x00,
	0x00,0x00,0x00,0x00,0x00,0x00,0x00,0x00,0x00,0x00,0x00,0x00,0x00,0x00,0x00,0x00,
	0x00,0x00,0x00,0x00,0x00,0x00,0x00,0x00,0x00,0x00,0x00,0x00,0x00,0x00,0x00,0x00,
	0x00,0x00,0x00,0x00,0x00,0x00,0x00,0x00,0x00,0x00,0x00,0x00,0x00,0x00,0x00,0x00,
	0x00,0x00,0x00,0x00,0x00,0x00,0x00,0x00,0x00,0x00,0x00,0x00,0x00,0x00,0x00,0x00,
	0x00,0x00,0x00,0x00,0x00,0x00,0x00,0x00,0x00,0x00,0x00,0x00,0x00,0x00,0x00,0x00,
	0x00,0x00,0x00,0x00,0x00,0x00,0x00,0x00,0x00,0x00,0x00,0x00,0x00,0x00,0x00,0x00,
	0x00,0x00,0x00,0x00,0x00,0x00,0x00,0x00,0x00,0x00,0x00,0x00,0x00,0x00,0x00,0x00,
	0x00,0x00,0x00,0x00,0x00,0x00,0x00,0x00,0x00,0x00,0x00,0x00,0x00,0x00,0x00,0x00,
	0x00,0x00,0x00,0x00,0x00,0x00,0x00,0x00,0x00,0x00,0x00,0x00,0x00,0x00,0x00,0x00,
	0x00,0x00,0x00,0x00,0x00,0x00,0x00,0x00,0x00,0x00,0x00,0x00,0x00,0x00,0x00,0x00,
	0x00,0x00,0x00,0x00,0x00,0x00,0x00,0x00,0x00,0x00,0x00,0x00,0x00,0x00,0x00,0x00,
	0x00,0x00,0x00,0x00,0x00,0x00,0x00,0x00,0x00,0x00,0x00,0x00,0x00,0x00,0x00,0x00,
	0x00,0x00,0x00,0x00,0x00,0x00,0x00,0x00,0x00,0x00,0x00,0x00,0x00,0x00,0x00,0x00,
	0x00,0x00,0x00,0x00,0x00,0x00,0x00,0x00,0x00,0x00,0x00,0x00,0x00,0x00,0x00,0x00,
	0x00,0x00,0x00,0x00,0x00,0x00,0x00,0x00,0x00,0x00,0x00,0x00,0x00,0x00,0x00,0x00,
	0x00,0x00,0x00,0x00,0x00,0x00,0x00,0x00,0x00,0x00,0x00,0x00,0x00,0x00,0x00,0x00,
	0x00,0x00,0x00,0x00,0x00,0x00,0x00,0x00,0x00,0x00,0x00,0x00,0x00,0x00,0x00,0x00,
	0x00,0x00,0x00,0x00,0x00,0x00,0x00,0x00,0x00,0x00,0x00,0x00,0x00,0x00,0x00,0x00,
	0x00,0x00,0x00,0x00,0x00,0x00,0x00,0x00,0x00,0x00,0x00,0x00,0x00,0x00,0x00,0x00,
	0x00,0x00,0x00,0x00,0x00,0x00,0x00,0x00,0x00,0x00,0x00,0x00,0x00,0x00,0x00,0x00,
	0x00,0x00,0x00,0x00,0x00,0x00,0x00,0x00,0x00,0x00,0x00,0x00,0x00,0x00,0x00,0x00,
	0x00,0x00,0x00,0x00,0x00,0x00,0x00,0x00,0x00,0x00,0x00,0x00,0x00,0x00,0x00,0x00,
	0x00,0x00,0x00,0x00,0x00,0x00,0x00,0x00,0x00,0x00,0x00,0x00,0x00,0x00,0x00,0x00,
	0x00,0x00,0x00,0x00,0x00,0x00,0x00,0x00,0x00,0x00,0x00,0x00,0x00,0x00,0x00,0x00,
	0x00,0x00,0x00,0x00,0x00,0x00,0x00,0x00,0x00,0x00,0x00,0x00,0x00,0x00,0x00,0x00,
	0x00,0x00,0x00,0x00,0x00,0x00,0x00,0x00,0x00,0x00,0x00,0x00,0x00,0x00,0x00,0x00,
	0x00,0x00,0x00,0x00,0x00,0x00,0x00,0x00,0x00,0x00,0x00,0x00,0x00,0x00,0x00,0x00,
	0x00,0x00,0x00,0x00,0x00,0x00,0x00,0x00,0x00,0x00,0x00,0x00,0x00,0x00,0x00,0x00,
	0x00,0x00,0x00,0x00,0x00,0x00,0x00,0x00,0x00,0x00,0x00,0x00,0x00,0x00,0x00,0x00,
	0x00,0x00,0x00,0x00,0x00,0x00,0x00,0x00,0x00,0x00,0x00,0x00,0x00,0x00,0x00,0x00,
	0x00,0x00,0x00,0x00,0x00,0x00,0x00,0x00,0x00,0x00,0x00,0x00,0x00,0x00,0x00,0x00,
	0x00,0x00,0x00,0x00,0x00,0x00,0x00,0x00,0x00,0x00,0x00,0x00,0x00,0x00,0x00,0x00,
	0x00,0x00,0x00,0x00,0x00,0x00,0x00,0x00,0x00,0x00,0x00,0x00,0x00,0x00,0x00,0x00,
	0x00,0x00,0x00,0x00,0x00,0x00,0x00,0x00,0x00,0x00,0x00,0x00,0x00,0x00,0x00,0x00,
	0x00,0x00,0x00,0x00,0x00,0x00,0x00,0x00,0x00,0x00,0x00,0x00,0x00,0x00,0x00,0x00,
	0x00,0x00,0x00,0x00,0x00,0x00,0x00,0x00,0x00,0x00,0x00,0x00,0x00,0x00,0x00,0x00,
	0x00,0x00,0x00,0x00,0x00,0x00,0x00,0x00,0x00,0x00,0x00,0x00,0x00,0x00,0x00,0x00,
	0x00,0x00,0x00,0x00,0x00,0x00,0x00,0x00,0x00,0x00,0x00,0x00,0x00,0x00,0x00,0x00,
	0x00,0x00,0x00,0x00,0x00,0x00,0x00,0x00,0x00,0x00,0x00,0x00,0x00,0x00,0x00,0x00,
	0x00,0x00,0x00,0x00,0x00,0x00,0x00,0x00,0x00,0x00,0x00,0x00,0x00,0x00,0x00,0x00,
	0x00,0x00,0x00,0x00,0x00,0x00,0x00,0x00,0x00,0x00,0x00,0x00,0x00,0x00,0x00,0x00,
	0x00,0x00,0x00,0x00,0x00,0x00,0x00,0x00,0x00,0x00,0x00,0x00,0x00,0x00,0x00,0x00,
	0x00,0x00,0x00,0x00,0x00,0x00,0x00,0x00,0x00,0x00,0x00,0x00,0x00,0x00,0x00,0x00,
	0x00,0x00,0x00,0x00,0x00,0x00,0x00,0x00,0x00,0x00,0x00,0x00,0x00,0x00,0x00,0x00,
	0x00,0x00,0x00,0x00,0x00,0x00,0x00,0x00,0x00,0x00,0x00,0x00,0x00,0x00,0x00,0x01,
	0x00,0x00,0x00,0x01,0x00,0x00,0x00,0x03,0x00,0x00,0x00,0x04,0x00,0x00,0x00,0x05,
	0x00,0x00,0x00,0x05,0x00,0x00,0x00,0x05,0x00,0x00,0x00,0x05,0x00,0x00,0x00,0x05,
	0x00,0x00,0x00,0x05,0x00,0x00,0x00,0x05,0x00,0x00,0x00,0x05,0x00,0x00,0x00,0x05,
	0x00,0x00,0x00,0x05,0x00,0x00,0x00,0x05,0x00,0x00,0x00,0x05,0x00,0x00,0x00,0x05,
	0x00,0x00,0x00,0x05,0x00,0x00,0x00,0x05,0x00,0x00,0x00,0x05,0x00,0x00,0x00,0x05,
	0x00,0x00,0x00,0x05,0x00,0x00,0x00,0x05,0x00,0x00,0x00,0x05,0x00,0x00,0x00,0x05,
	0x00,0x00,0x00,0x05,0x00,0x00,0x00,0x05,0x00,0x00,0x00,0x05,0x00,0x00,0x00,0x05,
	0x00,0x00,0x00,0x05,0x00,0x00,0x00,0x05,0x00,0x00,0x00,0x05,0x00,0x00,0x00,0x04,
	0x00,0x00,0x00,0x03,0x00,0x00,0x00,0x01,0x00,0x00,0x00,0x01,0x00,0x00,0x00,0x00,
	0x00,0x00,0x00,0x00,0x00,0x00,0x00,0x00,0x00,0x00,0x00,0x00,0x00,0x00,0x00,0x00,
	0x00,0x00,0x00,0x00,0x00,0x00,0x00,0x00,0x00,0x00,0x00,0x00,0x00,0x00,0x00,0x00,
	0x00,0x00,0x00,0x00,0x00,0x00,0x00,0x00,0x00,0x00,0x00,0x01,0x2e,0x2e,0x2f,0x05,
	0x50,0x51,0x53,0x4b,0x50,0x51,0x53,0x77,0x4e,0x4f,0x51,0x80,0x4d,0x4e,0x50,0x80,
	0x4d,0x4e,0x50,0x80,0x4d,0x4e,0x50,0x80,0x4d,0x4e,0x50,0x80,0x4d,0x4e,0x50,0x80,
	0x4d,0x4e,0x50,0x80,0x4c,0x4d,0x4f,0x80,0x4c,0x4d,0x4f,0x80,0x4c,0x4d,0x4f,0x80,
	0x4c,0x4d,0x4f,0x80,0x4c,0x4d,0x4f,0x80,0x4c,0x4d,0x4f,0x80,0x4b,0x4c,0x4e,0x80,
	0x4b,0x4c,0x4e,0x80,0x4b,0x4c,0x4e,0x80,0x4b,0x4c,0x4e,0x80,0x4b,0x4c,0x4e,0x80,
	0x4b,0x4c,0x4e,0x80,0x4a,0x4b,0x4d,0x80,0x4a,0x4b,0x4d,0x80,0x4a,0x4b,0x4d,0x80,
	0x4a,0x4b,0x4d,0x80,0x4a,0x4b,0x4d,0x80,0x4a,0x4b,0x4d,0x80,0x49,0x4a,0x4b,0x80,
	0x49,0x4a,0x4b,0x80,0x49,0x4a,0x4b,0x80,0x45,0x46,0x48,0x78,0x3a,0x3b,0x3c,0x4e,
	0x0f,0x0f,0x0f,0x0b,0x00,0x00,0x00,0x05,0x00,0x00,0x00,0x02,0x00,0x00,0x00,0x01,
	0x00,0x00,0x00,0x00,0x00,0x00,0x00,0x00,0x00,0x00,0x00,0x00,0x00,0x00,0x00,0x00,
	0x00,0x00,0x00,0x00,0x00,0x00,0x00,0x00,0x00,0x00,0x00,0x00,0x00,0x00,0x00,0x00,
	0x00,0x00,0x00,0x00,0x00,0x00,0x00,0x00,0x00,0x00,0x00,0x01,0x4a,0x4b,0x4d,0x4a,
	0x4a,0x4b,0x4d,0x80,0x3e,0x3f,0x40,0x80,0x38,0x39,0x3a,0x80,0x37,0x38,0x39,0x80,
	0x37,0x38,0x39,0x80,0x37,0x38,0x39,0x80,0x37,0x38,0x39,0x80,0x36,0x37,0x38,0x80,
	0x36,0x37,0x38,0x80,0x36,0x37,0x38,0x80,0x36,0x37,0x38,0x80,0x36,0x37,0x38,0x80,
	0x36,0x37,0x38,0x80,0x35,0x35,0x37,0x80,0x35,0x35,0x37,0x80,0x35,0x35,0x37,0x80,
	0x35,0x35,0x37,0x80,0x35,0x35,0x37,0x80,0x35,0x35,0x37,0x80,0x33,0x34,0x35,0x80,
	0x33,0x34,0x35,0x80,0x33,0x34,0x35,0x80,0x33,0x34,0x35,0x80,0x33,0x34,0x35,0x80,
	0x33,0x34,0x35,0x80,0x32,0x33,0x34,0x80,0x32,0x33,0x34,0x80,0x32,0x33,0x34,0x80,
	0x32,0x33,0x34,0x80,0x32,0x33,0x34,0x80,0x33,0x34,0x35,0x80,0x35,0x35,0x37,0x80,
	0x27,0x28,0x29,0x4d,0x00,0x00,0x00,0x0b,0x00,0x00,0x00,0x05,0x00,0x00,0x00,0x01,
	0x00,0x00,0x00,0x00,0x00,0x00,0x00,0x00,0x00,0x00,0x00,0x00,0x00,0x00,0x00,0x00,
	0x00,0x00,0x00,0x00,0x00,0x00,0x00,0x00,0x00,0x00,0x00,0x00,0x00,0x00,0x00,0x00,
	0x00,0x00,0x00,0x00,0x00,0x00,0x00,0x00,0x00,0x00,0x00,0x03,0x45,0x46,0x48,0x77,
	0x3e,0x3f,0x40,0x80,0x37,0x38,0x39,0x80,0x37,0x38,0x39,0x80,0x37,0x38,0x39,0x80,
	0x36,0x37,0x38,0x80,0x36,0x37,0x38,0x80,0x36,0x37,0x38,0x80,0x36,0x37,0x38,0x80,
	0x36,0x37,0x38,0x80,0x36,0x37,0x38,0x80,0x36,0x37,0x38,0x80,0x35,0x35,0x37,0x80,
	0x35,0x35,0x37,0x80,0x35,0x35,0x37,0x80,0x35,0x35,0x37,0x80,0x35,0x35,0x37,0x80,
	0x35,0x35,0x37,0x80,0x33,0x34,0x35,0x80,0x33,0x34,0x35,0x80,0x33,0x34,0x35,0x80,
	0x33,0x34,0x35,0x80,0x33,0x34,0x35,0x80,0x32,0x33,0x34,0x80,0x32,0x33,0x34,0x80,
	0x32,0x33,0x34,0x80,0x32,0x33,0x34,0x80,0x32,0x33,0x34,0x80,0x32,0x33,0x34,0x80,
	0x31,0x32,0x33,0x80,0x31,0x32,0x33,0x80,0x31,0x32,0x33,0x80,0x32,0x33,0x34,0x80,
	0x23,0x24,0x25,0x79,0x00,0x00,0x00,0x12,0x00,0x00,0x00,0x08,0x00,0x00,0x00,0x03,
	0x00,0x00,0x00,0x00,0x00,0x00,0x00,0x00,0x00,0x00,0x00,0x00,0x00,0x00,0x00,0x00,
	0x00,0x00,0x00,0x00,0x00,0x00,0x00,0x00,0x00,0x00,0x00,0x00,0x00,0x00,0x00,0x00,
	0x00,0x00,0x00,0x00,0x00,0x00,0x00,0x00,0x00,0x00,0x00,0x04,0x43,0x44,0x45,0x80,
	0x38,0x39,0x3a,0x80,0x37,0x38,0x39,0x80,0x36,0x37,0x38,0x80,0x36,0x37,0x38,0x80,
	0x36,0x37,0x38,0x80,0x36,0x37,0x38,0x80,0x35,0x35,0x37,0x80,0x31,0x32,0x33,0x80,
	0x2e,0x2e,0x2f,0x80,0x30,0x31,0x32,0x80,0x33,0x34,0x35,0x80,0x35,0x35,0x37,0x80,
	0x35,0x35,0x37,0x80,0x35,0x35,0x37,0x80,0x35,0x35,0x37,0x80,0x33,0x34,0x35,0x80,
	0x33,0x34,0x35,0x80,0x33,0x34,0x35,0x80,0x33,0x34,0x35,0x80,0x33,0x34,0x35,0x80,
	0x32,0x33,0x34,0x80,0x31,0x32,0x33,0x80,0x2e,0x2e,0x2f,0x80,0x2a,0x2b,0x2c,0x80,
	0x2e,0x2e,0x2f,0x80,0x31,0x32,0x33,0x80,0x31,0x32,0x33,0x80,0x31,0x32,0x33,0x80,
	0x31,0x32,0x33,0x80,0x31,0x32,0x33,0x80,0x31,0x32,0x33,0x80,0x30,0x31,0x32,0x80,
	0x20,0x20,0x21,0x80,0x00,0x00,0x00,0x18,0x00,0x00,0x00,0x0c,0x00,0x00,0x00,0x04,
	0x00,0x00,0x00,0x00,0x00,0x00,0x00,0x00,0x00,0x00,0x00,0x00,0x00,0x00,0x00,0x00,
	0x00,0x00,0x00,0x00,0x00,0x00,0x00,0x00,0x00,0x00,0x00,0x00,0x00,0x00,0x00,0x00,
	0x00,0x00,0x00,0x00,0x00,0x00,0x00,0x00,0x00,0x00,0x00,0x05,0x43,0x44,0x45,0x80,
	0x36,0x37,0x38,0x80,0x36,0x37,0x38,0x80,0x36,0x37,0x38,0x80,0x36,0x37,0x38,0x80,
	0x36,0x37,0x38,0x80,0x36,0x37,0x38,0x80,0x30,0x31,0x32,0x80,0x6c,0x6d,0x70,0x80,
	0x99,0x9b,0x9f,0x80,0x4e,0x4f,0x51,0x80,0x30,0x31,0x32,0x80,0x35,0x35,0x37,0x80,
	0x33,0x34,0x35,0x80,0x33,0x34,0x35,0x80,0x33,0x34,0x35,0x80,0x33,0x34,0x35,0x80,
	0x33,0x34,0x35,0x80,0x33,0x34,0x35,0x80,0x32,0x33,0x34,0x80,0x32,0x33,0x34,0x80,
	0x32,0x33,0x34,0x80,0x2e,0x2e,0x2f,0x80,0x6a,0x6c,0x6f,0x80,0x99,0x9b,0x9f,0x80,
	0x4d,0x4e,0x50,0x80,0x2c,0x2d,0x2e,0x80,0x31,0x32,0x33,0x80,0x31,0x32,0x33,0x80,
	0x31,0x32,0x33,0x80,0x30,0x31,0x32,0x80,0x30,0x31,0x32,0x80,0x30,0x31,0x32,0x80,
	0x20,0x20,0x21,0x80,0x00,0x00,0x00,0x1b,0x00,0x00,0x00,0x0d,0x00,0x00,0x00,0x04,
	0x00,0x00,0x00,0x00,0x00,0x00,0x00,0x00,0x00,0x00,0x00,0x00,0x00,0x00,0x00,0x00,
	0x00,0x00,0x00,0x00,0x00,0x00,0x00,0x00,0x00,0x00,0x00,0x00,0x00,0x00,0x00,0x00,
	0x00,0x00,0x00,0x00,0x00,0x00,0x00,0x00,0x00,0x00,0x00,0x05,0x42,0x42,0x44,0x80,
	0x36,0x37,0x38,0x80,0x36,0x37,0x38,0x80,0x36,0x37,0x38,0x80,0x36,0x37,0x38,0x80,
	0x35,0x35,0x37,0x80,0x35,0x35,0x37,0x80,0x2c,0x2d,0x2e,0x80,0x7e,0x80,0x83,0x80,
	0x63,0x65,0x67,0x80,0x61,0x62,0x65,0x80,0x2b,0x2c,0x2d,0x80,0x33,0x34,0x35,0x80,
	0x33,0x34,0x35,0x80,0x33,0x34,0x35,0x80,0x33,0x34,0x35,0x80,0x33,0x34,0x35,0x80,
	0x32,0x33,0x34,0x80,0x32,0x33,0x34,0x80,0x32,0x33,0x34,0x80,0x32,0x33,0x34,0x80,
	0x32,0x33,0x34,0x80,0x29,0x2a,0x2b,0x80,0x7e,0x80,0x83,0x80,0x63,0x65,0x67,0x80,
	0x61,0x62,0x65,0x80,0x29,0x2a,0x2b,0x80,0x30,0x31,0x32,0x80,0x30,0x31,0x32,0x80,
	0x30,0x31,0x32,0x80,0x30,0x31,0x32,0x80,0x30,0x31,0x32,0x80,0x2f,0x2f,0x31,0x80,
	0x1e,0x1f,0x20,0x80,0x00,0x00,0x00,0x1b,0x00,0x00,0x00,0x0e,0x00,0x00,0x00,0x05,
	0x00,0x00,0x00,0x00,0x00,0x00,0x00,0x00,0x00,0x00,0x00,0x00,0x00,0x00,0x00,0x00,
	0x00,0x00,0x00,0x00,0x00,0x00,0x00,0x00,0x00,0x00,0x00,0x00,0x00,0x00,0x00,0x00,
	0x00,0x00,0x00,0x00,0x00,0x00,0x00,0x00,0x00,0x00,0x00,0x05,0x42,0x42,0x44,0x80,
	0x36,0x37,0x38,0x80,0x36,0x37,0x38,0x80,0x35,0x35,0x37,0x80,0x35,0x35,0x37,0x80,
	0x35,0x35,0x37,0x80,0x35,0x35,0x37,0x80,0x30,0x31,0x32,0x80,0x4a,0x4b,0x4d,0x80,
	0x61,0x62,0x65,0x80,0x4a,0x4b,0x4d,0x80,0x2f,0x2f,0x31,0x80,0x33,0x34,0x35,0x80,
	0x33,0x34,0x35,0x80,0x32,0x33,0x34,0x80,0x32,0x33,0x34,0x80,0x32,0x33,0x34,0x80,
	0x32,0x33,0x34,0x80,0x32,0x33,0x34,0x80,0x32,0x33,0x34,0x80,0x31,0x32,0x33,0x80,
	0x31,0x32,0x33,0x80,0x2c,0x2d,0x2e,0x80,0x47,0x48,0x4a,0x80,0x61,0x62,0x65,0x80,
	0x47,0x48,0x4a,0x80,0x2b,0x2c,0x2d,0x80,0x30,0x31,0x32,0x80,0x30,0x31,0x32,0x80,
	0x30,0x31,0x32,0x80,0x2f,0x2f,0x31,0x80,0x2f,0x2f,0x31,0x80,0x2f,0x2f,0x31,0x80,
	0x1e,0x1f,0x20,0x80,0x00,0x00,0x00,0x1c,0x00,0x00,0x00,0x0e,0x00,0x00,0x00,0x05,
	0x00,0x00,0x00,0x00,0x00,0x00,0x00,0x00,0x00,0x00,0x00,0x00,0x00,0x00,0x00,0x00,
	0x00,0x00,0x00,0x00,0x00,0x00,0x00,0x00,0x00,0x00,0x00,0x00,0x00,0x00,0x00,0x00,
	0x00,0x00,0x00,0x00,0x00,0x00,0x00,0x00,0x00,0x00,0x00,0x05,0x40,0x41,0x43,0x80,
	0x35,0x35,0x37,0x80,0x35,0x35,0x37,0x80,0x35,0x35,0x37,0x80,0x35,0x35,0x37,0x80,
	0x35,0x35,0x37,0x80,0x33,0x34,0x35,0x80,0x32,0x33,0x34,0x80,0x2f,0x2f,0x31,0x80,
	0x2b,0x2c,0x2d,0x80,0x2f,0x2f,0x31,0x80,0x32,0x33,0x34,0x80,0x32,0x33,0x34,0x80,
	0x32,0x33,0x34,0x80,0x32,0x33,0x34,0x80,0x32,0x33,0x34,0x80,0x32,0x33,0x34,0x80,
	0x31,0x32,0x33,0x80,0x31,0x32,0x33,0x80,0x31,0x32,0x33,0x80,0x31,0x32,0x33,0x80,
	0x31,0x32,0x33,0x80,0x30,0x31,0x32,0x80,0x2b,0x2c,0x2d,0x80,0x28,0x28,0x29,0x80,
	0x2b,0x2c,0x2d,0x80,0x2f,0x2f,0x31,0x80,0x30,0x31,0x32,0x80,0x2f,0x2f,0x31,0x80,
	0x2f,0x2f,0x31,0x80,0x2f,0x2f,0x31,0x80,0x2f,0x2f,0x31,0x80,0x2f,0x2f,0x31,0x80,
	0x1e,0x1f,0x20,0x80,0x00,0x00,0x00,0x1c,0x00,0x00,0x00,0x0e,0x00,0x00,0x00,0x05,
	0x00,0x00,0x00,0x00,0x00,0x00,0x00,0x00,0x00,0x00,0x00,0x00,0x00,0x00,0x00,0x00,
	0x00,0x00,0x00,0x00,0x00,0x00,0x00,0x00,0x00,0x00,0x00,0x00,0x00,0x00,0x00,0x00,
	0x00,0x00,0x00,0x00,0x00,0x00,0x00,0x00,0x00,0x00,0x00,0x05,0x40,0x41,0x43,0x80,
	0x35,0x35,0x37,0x80,0x35,0x35,0x37,0x80,0x31,0x32,0x33,0x80,0x2e,0x2e,0x2f,0x80,
	0x2e,0x2e,0x2f,0x80,0x2e,0x2e,0x2f,0x80,0x2e,0x2e,0x2f,0x80,0x2e,0x2e,0x2f,0x80,
	0x2e,0x2e,0x2f,0x80,0x2c,0x2d,0x2e,0x80,0x2c,0x2d,0x2e,0x80,0x2c,0x2d,0x2e,0x80,
	0x2c,0x2d,0x2e,0x80,0x2c,0x2d,0x2e,0x80,0x2b,0x2c,0x2d,0x80,0x2b,0x2c,0x2d,0x80,
	0x2b,0x2c,0x2d,0x80,0x2b,0x2c,0x2d,0x80,0x2b,0x2c,0x2d,0x80,0x2a,0x2b,0x2c,0x80,
	0x2a,0x2b,0x2c,0x80,0x2a,0x2b,0x2c,0x80,0x2a,0x2b,0x2c,0x80,0x2a,0x2b,0x2c,0x80,
	0x2a,0x2b,0x2c,0x80,0x29,0x2a,0x2b,0x80,0x29,0x2a,0x2b,0x80,0x29,0x2a,0x2b,0x80,
	0x29,0x2a,0x2b,0x80,0x2b,0x2c,0x2d,0x80,0x2e,0x2e,0x2f,0x80,0x2e,0x2e,0x2f,0x80,
	0x1e,0x1f,0x20,0x80,0x00,0x00,0x00,0x1c,0x00,0x00,0x00,0x0e,0x00,0x00,0x00,0x05,
	0x00,0x00,0x00,0x00,0x00,0x00,0x00,0x00,0x00,0x00,0x00,0x00,0x00,0x00,0x00,0x00,
	0x00,0x00,0x00,0x00,0x00,0x00,0x00,0x00,0x00,0x00,0x00,0x00,0x00,0x00,0x00,0x00,
	0x00,0x00,0x00,0x00,0x00,0x00,0x00,0x00,0x00,0x00,0x00,0x05,0x40,0x41,0x43,0x80,
	0x35,0x35,0x37,0x80,0x33,0x34,0x35,0x80,0x2e,0x2e,0x2f,0x80,0x62,0x64,0x66,0x80,
	0x5f,0x60,0x62,0x80,0x5f,0x60,0x62,0x80,0x5f,0x60,0x62,0x80,0x5f,0x60,0x62,0x80,
	0x5f,0x60,0x62,0x80,0x5f,0x60,0x62,0x80,0x5f,0x60,0x62,0x80,0x5f,0x60,0x62,0x80,
	0x5f,0x60,0x62,0x80,0x5f,0x60,0x62,0x80,0x60,0x61,0x64,0x80,0x5e,0x5f,0x61,0x80,
	0x5e,0x5f,0x61,0x80,0x5e,0x5f,0x61,0x80,0x5c,0x5e,0x60,0x80,0x5b,0x5d,0x5f,0x80,
	0x5a,0x5b,0x5e,0x80,0x59,0x5a,0x5c,0x80,0x58,0x59,0x5b,0x80,0x54,0x55,0x57,0x80,
	0x57,0x58,0x5a,0x80,0x57,0x58,0x5a,0x80,0x58,0x59,0x5b,0x80,0x55,0x57,0x59,0x80,
	0x57,0x58,0x5a,0x80,0x28,0x28,0x29,0x80,0x2e,0x2e,0x2f,0x80,0x2e,0x2e,0x2f,0x80,
	0x1d,0x1e,0x1e,0x80,0x00,0x00,0x00,0x1c,0x00,0x00,0x00,0x0e,0x00,0x00,0x00,0x05,
	0x00,0x00,0x00,0x00,0x00,0x00,0x00,0x00,0x00,0x00,0x00,0x00,0x00,0x00,0x00,0x00,
	0x00,0x00,0x00,0x00,0x00,0x00,0x00,0x00,0x00,0x00,0x00,0x00,0x00,0x00,0x00,0x00,
	0x00,0x00,0x00,0x00,0x00,0x00,0x00,0x00,0x00,0x00,0x00,0x05,0x3f,0x40,0x42,0x80,
	0x33,0x34,0x35,0x80,0x33,0x34,0x35,0x80,0x2e,0x2e,0x2f,0x80,0x65,0x66,0x68,0x80,
	0x42,0x42,0x44,0x80,0x43,0x44,0x45,0x80,0x44,0x45,0x46,0x80,0x44,0x45,0x46,0x80,
	0x44,0x45,0x46,0x80,0x44,0x45,0x46,0x80,0x44,0x45,0x46,0x80,0x44,0x45,0x46,0x80,
	0x45,0x46,0x48,0x80,0x46,0x47,0x49,0x80,0x47,0x48,0x4a,0x80,0x45,0x46,0x48,0x80,
	0x42,0x42,0x44,0x80,0x42,0x42,0x44,0x80,0x42,0x42,0x44,0x80,0x42,0x42,0x44,0x80,
	0x42,0x42,0x44,0x80,0x42,0x42,0x44,0x80,0x42,0x42,0x44,0x80,0x42,0x42,0x44,0x80,
	0x42,0x42,0x44,0x80,0x42,0x42,0x44,0x80,0x45,0x46,0x48,0x80,0x49,0x4a,0x4b,0x80,
	0x49,0x4a,0x4b,0x80,0x28,0x28,0x29,0x80,0x2c,0x2d,0x2e,0x80,0x2c,0x2d,0x2e,0x80,
	0x1d,0x1e,0x1e,0x80,0x00,0x00,0x00,0x1c,0x00,0x00,0x00,0x0e,0x00,0x00,0x00,0x05,
	0x00,0x00,0x00,0x00,0x00,0x00,0x00,0x00,0x00,0x00,0x00,0x00,0x00,0x00,0x00,0x00,
	0x00,0x00,0x00,0x00,0x00,0x00,0x00,0x00,0x00,0x00,0x00,0x00,0x00,0x00,0x00,0x00,
	0x00,0x00,0x00,0x00,0x00,0x00,0x00,0x00,0x00,0x00,0x00,0x05,0x3f,0x40,0x42,0x80,
	0x33,0x34,0x35,0x80,0x33,0x34,0x35,0x80,0x2c,0x2d,0x2e,0x80,0x69,0x6b,0x6d,0x80,
	0x44,0x45,0x46,0x80,0x85,0x87,0x8a,0x80,0x88,0x8a,0x8d,0x80,0x89,0x8b,0x8e,0x80,
	0x89,0x8b,0x8e,0x80,0x88,0x8a,0x8d,0x80,0x88,0x8a,0x8d,0x80,0x4d,0x57,0x51,0x80,
	0x1b,0x28,0x1d,0x80,0x1b,0x2a,0x1e,0x80,0x1b,0x2a,0x1e,0x80,0x1b,0x2a,0x1e,0x80,
	0x1b,0x2a,0x1e,0x80,0x1b,0x2a,0x1e,0x80,0x1b,0x2a,0x1e,0x80,0x1b,0x2a,0x1d,0x80,
	0x4b,0x54,0x4f,0x80,0x84,0x86,0x89,0x80,0x84,0x86,0x89,0x80,0x84,0x86,0x89,0x80,
	0x84,0x86,0x89,0x80,0x84,0x86,0x89,0x80,0x70,0x72,0x75,0x80,0x42,0x42,0x44,0x80,
	0x40,0x41,0x43,0x80,0x27,0x27,0x28,0x80,0x2c,0x2d,0x2e,0x80,0x2c,0x2d,0x2e,0x80,
	0x1d,0x1e,0x1e,0x80,0x00,0x00,0x00,0x1c,0x00,0x00,0x00,0x0e,0x00,0x00,0x00,0x05,
	0x00,0x00,0x00,0x00,0x00,0x00,0x00,0x00,0x00,0x00,0x00,0x00,0x00,0x00,0x00,0x00,
	0x00,0x00,0x00,0x00,0x00,0x00,0x00,0x00,0x00,0x00,0x00,0x00,0x00,0x00,0x00,0x00,
	0x00,0x00,0x00,0x00,0x00,0x00,0x00,0x00,0x00,0x00,0x00,0x05,0x3f,0x40,0x42,0x80,
	0x32,0x33,0x34,0x80,0x32,0x33,0x34,0x80,0x2c,0x2d,0x2e,0x80,0x6a,0x6c,0x6f,0x80,
	0x46,0x47,0x49,0x80,0x71,0x73,0x76,0x80,0x6a,0x6c,0x6f,0x80,0x6a,0x6c,0x6f,0x80,
	0x6a,0x6c,0x6f,0x80,0x68,0x6b,0x6c,0x80,0x65,0x78,0x6b,0x80,0x36,0x48,0x3a,0x80,
	0x1c,0x2d,0x20,0x80,0x1c,0x2d,0x20,0x80,0x1c,0x2d,0x20,0x80,0x1c,0x2d,0x20,0x80,
	0x1c,0x2d,0x20,0x80,0x1c,0x2d,0x20,0x80,0x1c,0x2d,0x20,0x80,0x1c,0x2d,0x20,0x80,
	0x35,0x47,0x39,0x80,0x61,0x73,0x67,0x80,0x66,0x68,0x6a,0x80,0x67,0x68,0x6b,0x80,
	0x67,0x68,0x6b,0x80,0x67,0x68,0x6b,0x80,0x5a,0x5b,0x5e,0x80,0x42,0x42,0x44,0x80,
	0x40,0x41,0x43,0x80,0x27,0x27,0x28,0x80,0x2b,0x2c,0x2d,0x80,0x2b,0x2c,0x2d,0x80,
	0x1c,0x1c,0x1d,0x80,0x00,0x00,0x00,0x1c,0x00,0x00,0x00,0x0e,0x00,0x00,0x00,0x05,
	0x00,0x00,0x00,0x00,0x00,0x00,0x00,0x00,0x00,0x00,0x00,0x00,0x00,0x00,0x00,0x00,
	0x00,0x00,0x00,0x00,0x00,0x00,0x00,0x00,0x00,0x00,0x00,0x00,0x00,0x00,0x00,0x00,
	0x00,0x00,0x00,0x00,0x00,0x00,0x00,0x00,0x00,0x00,0x00,0x05,0x3e,0x3f,0x40,0x80,
	0x32,0x33,0x34,0x80,0x32,0x33,0x34,0x80,0x2c,0x2d,0x2e,0x80,0x6c,0x6d,0x70,0x80,
	0x49,0x4a,0x4b,0x80,0x73,0x74,0x77,0x80,0x6a,0x6c,0x6f,0x80,0x6a,0x6c,0x6f,0x80,
	0x6a,0x6c,0x6f,0x80,0x39,0x3c,0x3c,0x80,0x1c,0x2d,0x20,0x80,0x1c,0x2d,0x20,0x80,
	0x1c,0x2d,0x20,0x80,0x1c,0x2d,0x20,0x80,0x1c,0x2d,0x20,0x80,0x1c,0x2d,0x20,0x80,
	0x1c,0x2d,0x20,0x80,0x1c,0x2d,0x20,0x80,0x1c,0x2d,0x20,0x80,0x1c,0x2d,0x20,0x80,
	0x1c,0x2d,0x20,0x80,0x1c,0x2d,0x20,0x80,0x38,0x3b,0x3a,0x80,0x67,0x68,0x6b,0x80,
	0x67,0x68,0x6b,0x80,0x67,0x68,0x6b,0x80,0x5a,0x5b,0x5e,0x80,0x42,0x42,0x44,0x80,
	0x40,0x41,0x43,0x80,0x27,0x27,0x28,0x80,0x2b,0x2c,0x2d,0x80,0x2b,0x2c,0x2d,0x80,
	0x1c,0x1c,0x1d,0x80,0x00,0x00,0x00,0x1c,0x00,0x00,0x00,0x0e,0x00,0x00,0x00,0x05,
	0x00,0x00,0x00,0x00,0x00,0x00,0x00,0x00,0x00,0x00,0x00,0x00,0x00,0x00,0x00,0x00,
	0x00,0x00,0x00,0x00,0x00,0x00,0x00,0x00,0x00,0x00,0x00,0x00,0x00,0x00,0x00,0x00,
	0x00,0x00,0x00,0x00,0x00,0x00,0x00,0x00,0x00,0x00,0x00,0x05,0x3e,0x3f,0x40,0x80,
	0x32,0x33,0x34,0x80,0x31,0x32,0x33,0x80,0x2b,0x2c,0x2d,0x80,0x6c,0x6d,0x70,0x80,
	0x49,0x4a,0x4b,0x80,0x73,0x74,0x77,0x80,0x6a,0x6c,0x6f,0x80,0x6a,0x6c,0x6f,0x80,
	0x69,0x6b,0x6d,0x80,0x39,0x47,0x3d,0x80,0x1c,0x2d,0x20,0x80,0x1c,0x2d,0x20,0x80,
	0x1c,0x2d,0x20,0x80,0x1c,0x2d,0x20,0x80,0x1c,0x2d,0x20,0x80,0x1c,0x2d,0x20,0x80,
	0x1c,0x2d,0x20,0x80,0x1c,0x2d,0x20,0x80,0x1c,0x2d,0x20,0x80,0x1c,0x2d,0x20,0x80,
	0x1c,0x2d,0x20,0x80,0x1c,0x2d,0x20,0x80,0x37,0x45,0x3c,0x80,0x67,0x68,0x6b,0x80,
	0x67,0x68,0x6b,0x80,0x69,0x6b,0x6d,0x80,0x5c,0x5e,0x60,0x80,0x49,0x4a,0x4b,0x80,
	0x46,0x47,0x49,0x80,0x27,0x27,0x28,0x80,0x2b,0x2c,0x2d,0x80,0x2a,0x2b,0x2c,0x80,
	0x1c,0x1c,0x1d,0x80,0x00,0x00,0x00,0x1c,0x00,0x00,0x00,0x0e,0x00,0x00,0x00,0x05,
	0x00,0x00,0x00,0x00,0x00,0x00,0x00,0x00,0x00,0x00,0x00,0x00,0x00,0x00,0x00,0x00,
	0x00,0x00,0x00,0x00,0x00,0x00,0x00,0x00,0x00,0x00,0x00,0x00,0x00,0x00,0x00,0x00,
	0x00,0x00,0x00,0x00,0x00,0x00,0x00,0x00,0x00,0x00,0x00,0x05,0x3d,0x3e,0x3f,0x80,
	0x31,0x32,0x33,0x80,0x31,0x32,0x33,0x80,0x2b,0x2c,0x2d,0x80,0x69,0x6b,0x6d,0x80,
	0x47,0x48,0x4a,0x80,0x71,0x73,0x76,0x80,0x21,0x21,0x22,0x80,0x1a,0x1a,0x1b,0x80,
	0x1b,0x1b,0x1c,0x80,0x20,0x32,0x22,0x80,0x1e,0x2f,0x21,0x80,0x21,0x34,0x24,0x80,
	0x25,0x3b,0x29,0x80,0x25,0x3b,0x29,0x80,0x25,0x3b,0x29,0x80,0x25,0x3b,0x29,0x80,
	0x25,0x3b,0x29,0x80,0x25,0x3b,0x29,0x80,0x25,0x3b,0x29,0x80,0x25,0x3b,0x29,0x80,
	0x21,0x34,0x24,0x80,0x1e,0x2f,0x21,0x80,0x20,0x32,0x22,0x80,0x1b,0x1b,0x1c,0x80,
	0x1a,0x1a,0x1b,0x80,0x23,0x24,0x24,0x80,0x5f,0x60,0x62,0x80,0x4d,0x4e,0x50,0x80,
	0x4c,0x4d,0x4f,0x80,0x25,0x26,0x27,0x80,0x2a,0x2b,0x2c,0x80,0x2a,0x2b,0x2c,0x80,
	0x1c,0x1c,0x1d,0x80,0x00,0x00,0x00,0x1c,0x00,0x00,0x00,0x0e,0x00,0x00,0x00,0x05,
	0x00,0x00,0x00,0x00,0x00,0x00,0x00,0x00,0x00,0x00,0x00,0x00,0x00,0x00,0x00,0x00,
	0x00,0x00,0x00,0x00,0x00,0x00,0x00,0x00,0x00,0x00,0x00,0x00,0x00,0x00,0x00,0x00,
	0x00,0x00,0x00,0x00,0x00,0x00,0x00,0x00,0x00,0x00,0x00,0x05,0x3d,0x3e,0x3f,0x80,
	0x31,0x32,0x33,0x80,0x30,0x31,0x32,0x80,0x2a,0x2b,0x2c,0x80,0x68,0x6a,0x6c,0x80,
	0x45,0x46,0x48,0x80,0x70,0x72,0x75,0x80,0x12,0x12,0x12,0x80,0x15,0x15,0x16,0x80,
	0x16,0x17,0x17,0x80,0x1d,0x2c,0x20,0x80,0x21,0x33,0x24,0x80,0x2c,0x44,0x2f,0x80,
	0x33,0x52,0x39,0x80,0x36,0x55,0x3c,0x80,0x36,0x55,0x3c,0x80,0x36,0x55,0x3c,0x80,
	0x36,0x55,0x3c,0x80,0x36,0x55,0x3c,0x80,0x36,0x55,0x3c,0x80,0x33,0x52,0x39,0x80,
	0x2c,0x44,0x2f,0x80,0x21,0x33,0x24,0x80,0x1d,0x2c,0x20,0x80,0x16,0x17,0x17,0x80,
	0x15,0x15,0x16,0x80,0x13,0x13,0x13,0x80,0x5e,0x5f,0x61,0x80,0x4d,0x4e,0x50,0x80,
	0x4c,0x4d,0x4f,0x80,0x25,0x26,0x27,0x80,0x2a,0x2b,0x2c,0x80,0x29,0x2a,0x2b,0x80,
	0x1b,0x1b,0x1c,0x80,0x00,0x00,0x00,0x1c,0x00,0x00,0x00,0x0e,0x00,0x00,0x00,0x05,
	0x00,0x00,0x00,0x00,0x00,0x00,0x00,0x00,0x00,0x00,0x00,0x00,0x00,0x00,0x00,0x00,
	0x00,0x00,0x00,0x00,0x00,0x00,0x00,0x00,0x00,0x00,0x00,0x00,0x00,0x00,0x00,0x00,
	0x00,0x00,0x00,0x00,0x00,0x00,0x00,0x00,0x00,0x00,0x00,0x05,0x3c,0x3c,0x3e,0x80,
	0x30,0x31,0x32,0x80,0x30,0x31,0x32,0x80,0x2a,0x2b,0x2c,0x80,0x66,0x67,0x6a,0x80,
	0x43,0x44,0x45,0x80,0x6f,0x71,0x73,0x80,0x13,0x13,0x13,0x80,0x15,0x15,0x16,0x80,
	0x19,0x19,0x1a,0x80,0x1c,0x1c,0x1d,0x80,0x23,0x24,0x24,0x80,0x2b,0x2c,0x2d,0x80,
	0x32,0x33,0x34,0x80,0x35,0x35,0x37,0x80,0x35,0x35,0x37,0x80,0x35,0x35,0x37,0x80,
	0x35,0x35,0x37,0x80,0x35,0x35,0x37,0x80,0x35,0x35,0x37,0x80,0x32,0x33,0x34,0x80,
	0x2b,0x2c,0x2d,0x80,0x23,0x24,0x24,0x80,0x1c,0x1c,0x1d,0x80,0x17,0x18,0x18,0x80,
	0x15,0x15,0x16,0x80,0x13,0x13,0x13,0x80,0x5c,0x5e,0x60,0x80,0x4a,0x4b,0x4d,0x80,
	0x4b,0x4c,0x4e,0x80,0x24,0x25,0x26,0x80,0x29,0x2a,0x2b,0x80,0x29,0x2a,0x2b,0x80,
	0x1b,0x1b,0x1c,0x80,0x00,0x00,0x00,0x1c,0x00,0x00,0x00,0x0e,0x00,0x00,0x00,0x05,
	0x00,0x00,0x00,0x00,0x00,0x00,0x00,0x00,0x00,0x00,0x00,0x00,0x00,0x00,0x00,0x00,
	0x00,0x00,0x00,0x00,0x00,0x00,0x00,0x00,0x00,0x00,0x00,0x00,0x00,0x00,0x00,0x00,
	0x00,0x00,0x00,0x00,0x00,0x00,0x00,0x00,0x00,0x00,0x00,0x05,0x3c,0x3c,0x3e,0x80,
	0x30,0x31,0x32,0x80,0x30,0x31,0x32,0x80,0x29,0x2a,0x2b,0x80,0x62,0x64,0x66,0x80,
	0x42,0x42,0x44,0x80,0x6f,0x71,0x73,0x80,0x13,0x13,0x13,0x80,0x15,0x15,0x16,0x80,
	0x1a,0x1a,0x1b,0x80,0x24,0x25,0x26,0x80,0x2e,0x2e,0x2f,0x80,0x24,0x25,0x26,0x80,
	0x33,0x34,0x35,0x80,0x23,0x24,0x24,0x80,0x35,0x35,0x37,0x80,0x23,0x24,0x24,0x80,
	0x35,0x35,0x37,0x80,0x23,0x24,0x24,0x80,0x35,0x35,0x37,0x80,0x23,0x24,0x24,0x80,
	0x32,0x33,0x34,0x80,0x23,0x24,0x24,0x80,0x24,0x25,0x26,0x80,0x1a,0x1a,0x1b,0x80,
	0x15,0x15,0x16,0x80,0x13,0x13,0x13,0x80,0x5b,0x5d,0x5f,0x80,0x46,0x47,0x49,0x80,
	0x47,0x48,0x4a,0x80,0x24,0x25,0x26,0x80,0x29,0x2a,0x2b,0x80,0x29,0x2a,0x2b,0x80,
	0x1a,0x1a,0x1b,0x80,0x00,0x00,0x00,0x1c,0x00,0x00,0x00,0x0e,0x00,0x00,0x00,0x05,
	0x00,0x00,0x00,0x00,0x00,0x00,0x00,0x00,0x00,0x00,0x00,0x00,0x00,0x00,0x00,0x00,
	0x00,0x00,0x00,0x00,0x00,0x00,0x00,0x00,0x00,0x00,0x00,0x00,0x00,0x00,0x00,0x00,
	0x00,0x00,0x00,0x00,0x00,0x00,0x00,0x00,0x00,0x00,0x00,0x05,0x3c,0x3c,0x3e,0x80,
	0x2f,0x2f,0x31,0x80,0x2f,0x2f,0x31,0x80,0x29,0x2a,0x2b,0x80,0x61,0x62,0x65,0x80,
	0x42,0x42,0x44,0x80,0x6f,0x71,0x73,0x80,0x16,0x17,0x17,0x80,0x1b,0x1b,0x1c,0x80,
	0x21,0x21,0x22,0x80,0x2b,0x2c,0x2d,0x80,0x32,0x33,0x34,0x80,0x32,0x33,0x34,0x80,
	0x35,0x35,0x37,0x80,0x35,0x35,0x37,0x80,0x35,0x35,0x37,0x80,0x35,0x35,0x37,0x80,
	0x35,0x35,0x37,0x80,0x35,0x35,0x37,0x80,0x35,0x35,0x37,0x80,0x35,0x35,0x37,0x80,
	0x35,0x35,0x37,0x80,0x32,0x33,0x34,0x80,0x2b,0x2c,0x2d,0x80,0x21,0x21,0x22,0x80,
	0x1b,0x1b,0x1c,0x80,0x16,0x17,0x17,0x80,0x5a,0x5b,0x5e,0x80,0x45,0x46,0x48,0x80,
	0x46,0x47,0x49,0x80,0x23,0x24,0x24,0x80,0x28,0x28,0x29,0x80,0x28,0x28,0x29,0x80,
	0x1a,0x1a,0x1b,0x80,0x00,0x00,0x00,0x1c,0x00,0x00,0x00,0x0e,0x00,0x00,0x00,0x05,
	0x00,0x00,0x00,0x00,0x00,0x00,0x00,0x00,0x00,0x00,0x00,0x00,0x00,0x00,0x00,0x00,
	0x00,0x00,0x00,0x00,0x00,0x00,0x00,0x00,0x00,0x00,0x00,0x00,0x00,0x00,0x00,0x00,
	0x00,0x00,0x00,0x00,0x00,0x00,0x00,0x00,0x00,0x00,0x00,0x05,0x3a,0x3b,0x3d,0x80,
	0x2f,0x2f,0x31,0x80,0x2f,0x2f,0x31,0x80,0x28,0x28,0x29,0x80,0x60,0x61,0x64,0x80,
	0x42,0x42,0x44,0x80,0x6f,0x71,0x73,0x80,0x1e,0x1f,0x20,0x80,0x28,0x28,0x29,0x80,
	0x2c,0x2d,0x2e,0x80,0x31,0x32,0x33,0x80,0x33,0x34,0x35,0x80,0xeb,0xb1,0x78,0x80,
	0x35,0x35,0x37,0x80,0xeb,0xb1,0x78,0x80,0x35,0x35,0x37,0x80,0xeb,0xb1,0x78,0x80,
	0x35,0x35,0x37,0x80,0xeb,0xb1,0x78,0x80,0x35,0x35,0x37,0x80,0xeb,0xb1,0x78,0x80,
	0x35,0x35,0x37,0x80,0xeb,0xb1,0x78,0x80,0x31,0x32,0x33,0x80,0x2c,0x2d,0x2e,0x80,
	0x28,0x28,0x29,0x80,0x1e,0x1f,0x20,0x80,0x5b,0x5d,0x5f,0x80,0x45,0x46,0x48,0x80,
	0x46,0x47,0x49,0x80,0x23,0x24,0x24,0x80,0x28,0x28,0x29,0x80,0x28,0x28,0x29,0x80,
	0x1a,0x1a,0x1b,0x80,0x00,0x00,0x00,0x1c,0x00,0x00,0x00,0x0e,0x00,0x00,0x00,0x05,
	0x00,0x00,0x00,0x00,0x00,0x00,0x00,0x00,0x00,0x00,0x00,0x00,0x00,0x00,0x00,0x00,
	0x00,0x00,0x00,0x00,0x00,0x00,0x00,0x00,0x00,0x00,0x00,0x00,0x00,0x00,0x00,0x00,
	0x00,0x00,0x00,0x00,0x00,0x00,0x00,0x00,0x00,0x00,0x00,0x05,0x3a,0x3b,0x3d,0x80,
	0x2e,0x2e,0x2f,0x80,0x2e,0x2e,0x2f,0x80,0x28,0x28,0x29,0x80,0x60,0x61,0x64,0x80,
	0x42,0x42,0x44,0x80,0x6f,0x71,0x73,0x80,0x23,0x24,0x24,0x80,0x2f,0x2f,0x31,0x80,
	0x33,0x34,0x35,0x80,0x35,0x35,0x37,0x80,0x35,0x35,0x37,0x80,0xff,0xf3,0xc4,0x80,
	0x35,0x35,0x37,0x80,0xff,0xf3,0xc4,0x80,0x35,0x35,0x37,0x80,0xff,0xf3,0xc4,0x80,
	0x35,0x35,0x37,0x80,0xff,0xf3,0xc4,0x80,0x35,0x35,0x37,0x80,0xff,0xf3,0xc4,0x80,
	0x35,0x35,0x37,0x80,0xff,0xf3,0xc4,0x80,0x35,0x35,0x37,0x80,0x32,0x33,0x34,0x80,
	0x2e,0x2e,0x2f,0x80,0x23,0x24,0x24,0x80,0x5b,0x5d,0x5f,0x80,0x46,0x47,0x49,0x80,
	0x46,0x47,0x49,0x80,0x23,0x24,0x24,0x80,0x27,0x27,0x28,0x80,0x27,0x27,0x28,0x80,
	0x1a,0x1a,0x1b,0x80,0x00,0x00,0x00,0x1c,0x00,0x00,0x00,0x0e,0x00,0x00,0x00,0x05,
	0x00,0x00,0x00,0x00,0x00,0x00,0x00,0x00,0x00,0x00,0x00,0x00,0x00,0x00,0x00,0x00,
	0x00,0x00,0x00,0x00,0x00,0x00,0x00,0x00,0x00,0x00,0x00,0x00,0x00,0x00,0x00,0x00,
	0x00,0x00,0x00,0x00,0x00,0x00,0x00,0x00,0x00,0x00,0x00,0x05,0x39,0x3a,0x3c,0x80,
	0x2e,0x2e,0x2f,0x80,0x2e,0x2e,0x2f,0x80,0x28,0x28,0x29,0x80,0x5e,0x5f,0x61,0x80,
	0x42,0x42,0x44,0x80,0x6f,0x71,0x73,0x80,0x23,0x24,0x24,0x80,0x30,0x31,0x32,0x80,
	0x33,0x34,0x35,0x80,0x35,0x35,0x37,0x80,0x35,0x35,0x37,0x80,0xff,0xfa,0xce,0x80,
	0x35,0x35,0x37,0x80,0xff,0xfa,0xce,0x80,0x35,0x35,0x37,0x80,0xff,0xfa,0xce,0x80,
	0x35,0x35,0x37,0x80,0xff,0xfa,0xce,0x80,0x35,0x35,0x37,0x80,0xff,0xfa,0xce,0x80,
	0x35,0x35,0x37,0x80,0xff,0xfa,0xce,0x80,0x35,0x35,0x37,0x80,0x32,0x33,0x34,0x80,
	0x2f,0x2f,0x31,0x80,0x24,0x25,0x26,0x80,0x5b,0x5d,0x5f,0x80,0x47,0x48,0x4a,0x80,
	0x46,0x47,0x49,0x80,0x22,0x22,0x23,0x80,0x27,0x27,0x28,0x80,0x27,0x27,0x28,0x80,
	0x1a,0x1a,0x1b,0x80,0x00,0x00,0x00,0x1c,0x00,0x00,0x00,0x0e,0x00,0x00,0x00,0x05,
	0x00,0x00,0x00,0x00,0x00,0x00,0x00,0x00,0x00,0x00,0x00,0x00,0x00,0x00,0x00,0x00,
	0x00,0x00,0x00,0x00,0x00,0x00,0x00,0x00,0x00,0x00,0x00,0x00,0x00,0x00,0x00,0x00,
	0x00,0x00,0x00,0x00,0x00,0x00,0x00,0x00,0x00,0x00,0x00,0x05,0x39,0x3a,0x3c,0x80,
	0x2c,0x2d,0x2e,0x80,0x2c,0x2d,0x2e,0x80,0x27,0x27,0x28,0x80,0x5c,0x5e,0x60,0x80,
	0x42,0x42,0x44,0x80,0x6f,0x71,0x73,0x80,0x23,0x24,0x24,0x80,0x2f,0x2f,0x31,0x80,
	0x33,0x34,0x35,0x80,0x35,0x35,0x37,0x80,0x35,0x35,0x37,0x80,0xff,0xd1,0xa2,0x80,
	0x35,0x35,0x37,0x80,0xff,0xd1,0xa2,0x80,0x35,0x35,0x37,0x80,0xff,0xd1,0xa2,0x80,
	0x35,0x35,0x37,0x80,0xff,0xd1,0xa2,0x80,0x35,0x35,0x37,0x80,0xff,0xd1,0xa2,0x80,
	0x35,0x35,0x37,0x80,0xff,0xd1,0xa2,0x80,0x35,0x35,0x37,0x80,0x32,0x33,0x34,0x80,
	0x2f,0x2f,0x31,0x80,0x24,0x25,0x26,0x80,0x5b,0x5d,0x5f,0x80,0x47,0x48,0x4a,0x80,
	0x47,0x48,0x4a,0x80,0x22,0x22,0x23,0x80,0x27,0x27,0x28,0x80,0x25,0x26,0x27,0x80,
	0x19,0x19,0x1a,0x80,0x00,0x00,0x00,0x1c,0x00,0x00,0x00,0x0e,0x00,0x00,0x00,0x05,
	0x00,0x00,0x00,0x00,0x00,0x00,0x00,0x00,0x00,0x00,0x00,0x00,0x00,0x00,0x00,0x00,
	0x00,0x00,0x00,0x00,0x00,0x00,0x00,0x00,0x00,0x00,0x00,0x00,0x00,0x00,0x00,0x00,
	0x00,0x00,0x00,0x00,0x00,0x00,0x00,0x00,0x00,0x00,0x00,0x05,0x38,0x39,0x3a,0x80,
	0x2c,0x2d,0x2e,0x80,0x2c,0x2d,0x2e,0x80,0x27,0x27,0x28,0x80,0x5b,0x5d,0x5f,0x80,
	0x42,0x42,0x44,0x80,0x6f,0x71,0x73,0x80,0x23,0x24,0x24,0x80,0x2e,0x2e,0x2f,0x80,
	0x31,0x32,0x33,0x80,0x32,0x33,0x34,0x80,0x33,0x34,0x35,0x80,0xd3,0x9e,0x6d,0x80,
	0x33,0x34,0x35,0x80,0xd3,0x9e,0x6d,0x80,0x33,0x34,0x35,0x80,0xd3,0x9e,0x6d,0x80,
	0x33,0x34,0x35,0x80,0xd3,0x9e,0x6d,0x80,0x33,0x34,0x35,0x80,0xd3,0x9e,0x6d,0x80,
	0x33,0x34,0x35,0x80,0xd3,0x9e,0x6d,0x80,0x33,0x34,0x35,0x80,0x31,0x32,0x33,0x80,
	0x2e,0x2e,0x2f,0x80,0x23,0x24,0x24,0x80,0x5b,0x5d,0x5f,0x80,0x47,0x48,0x4a,0x80,
	0x47,0x48,0x4a,0x80,0x21,0x21,0x22,0x80,0x25,0x26,0x27,0x80,0x25,0x26,0x27,0x80,
	0x19,0x19,0x1a,0x80,0x00,0x00,0x00,0x1c,0x00,0x00,0x00,0x0e,0x00,0x00,0x00,0x05,
	0x00,0x00,0x00,0x00,0x00,0x00,0x00,0x00,0x00,0x00,0x00,0x00,0x00,0x00,0x00,0x00,
	0x00,0x00,0x00,0x00,0x00,0x00,0x00,0x00,0x00,0x00,0x00,0x00,0x00,0x00,0x00,0x00,
	0x00,0x00,0x00,0x00,0x00,0x00,0x00,0x00,0x00,0x00,0x00,0x05,0x38,0x39,0x3a,0x80,
	0x2c,0x2d,0x2e,0x80,0x2b,0x2c,0x2d,0x80,0x27,0x27,0x28,0x80,0x59,0x5a,0x5c,0x80,
	0x42,0x42,0x44,0x80,0x6f,0x71,0x73,0x80,0x22,0x22,0x23,0x80,0x2e,0x2e,0x2f,0x80,
	0x2e,0x2e,0x2f,0x80,0x2f,0x2f,0x31,0x80,0x2f,0x2f,0x31,0x80,0x63,0x4e,0x39,0x80,
	0x2f,0x2f,0x31,0x80,0x63,0x4e,0x39,0x80,0x2f,0x2f,0x31,0x80,0x63,0x4e,0x39,0x80,
	0x2f,0x2f,0x31,0x80,0x63,0x4e,0x39,0x80,0x2f,0x2f,0x31,0x80,0x63,0x4e,0x39,0x80,
	0x2f,0x2f,0x31,0x80,0x63,0x4e,0x3a,0x80,0x2f,0x2f,0x31,0x80,0x2f,0x2f,0x31,0x80,
	0x2e,0x2e,0x2f,0x80,0x22,0x22,0x23,0x80,0x5a,0x5b,0x5e,0x80,0x46,0x47,0x49,0x80,
	0x46,0x47,0x49,0x80,0x21,0x21,0x22,0x80,0x25,0x26,0x27,0x80,0x25,0x26,0x27,0x80,
	0x17,0x18,0x18,0x80,0x00,0x00,0x00,0x1c,0x00,0x00,0x00,0x0e,0x00,0x00,0x00,0x05,
	0x00,0x00,0x00,0x00,0x00,0x00,0x00,0x00,0x00,0x00,0x00,0x00,0x00,0x00,0x00,0x00,
	0x00,0x00,0x00,0x00,0x00,0x00,0x00,0x00,0x00,0x00,0x00,0x00,0x00,0x00,0x00,0x00,
	0x00,0x00,0x00,0x00,0x00,0x00,0x00,0x00,0x00,0x00,0x00,0x05,0x37,0x38,0x39,0x80,
	0x2b,0x2c,0x2d,0x80,0x2b,0x2c,0x2d,0x80,0x27,0x27,0x28,0x80,0x57,0x58,0x5a,0x80,
	0x42,0x42,0x44,0x80,0x6f,0x71,0x73,0x80,0x69,0x6b,0x6d,0x80,0x8f,0x91,0x94,0x80,
	0x8f,0x91,0x94,0x80,0x8f,0x91,0x94,0x80,0x8f,0x91,0x94,0x80,0x8f,0x91,0x94,0x80,
	0x8f,0x91,0x94,0x80,0x8f,0x91,0x94,0x80,0x8f,0x91,0x94,0x80,0x8f,0x91,0x94,0x80,
	0x8f,0x91,0x94,0x80,0x8f,0x91,0x94,0x80,0x8f,0x91,0x94,0x80,0x8f,0x91,0x94,0x80,
	0x8f,0x91,0x94,0x80,0x8f,0x91,0x94,0x80,0x8f,0x91,0x94,0x80,0x8f,0x91,0x94,0x80,
	0x8f,0x91,0x94,0x80,0x69,0x6b,0x6d,0x80,0x5a,0x5b,0x5e,0x80,0x44,0x45,0x46,0x80,
	0x45,0x46,0x48,0x80,0x21,0x21,0x22,0x80,0x24,0x25,0x26,0x80,0x24,0x25,0x26,0x80,
	0x17,0x18,0x18,0x80,0x00,0x00,0x00,0x1c,0x00,0x00,0x00,0x0e,0x00,0x00,0x00,0x05,
	0x00,0x00,0x00,0x00,0x00,0x00,0x00,0x00,0x00,0x00,0x00,0x00,0x00,0x00,0x00,0x00,
	0x00,0x00,0x00,0x00,0x00,0x00,0x00,0x00,0x00,0x00,0x00,0x00,0x00,0x00,0x00,0x00,
	0x00,0x00,0x00,0x00,0x00,0x00,0x00,0x00,0x00,0x00,0x00,0x05,0x37,0x38,0x39,0x80,
	0x2b,0x2c,0x2d,0x80,0x2a,0x2b,0x2c,0x80,0x25,0x26,0x27,0x80,0x54,0x55,0x57,0x80,
	0x43,0x44,0x45,0x80,0x5a,0x5b,0x5e,0x80,0x4c,0x4d,0x4f,0x80,0x4c,0x4d,0x4f,0x80,
	0x4d,0x4e,0x50,0x80,0x4d,0x4e,0x50,0x80,0x4d,0x4e,0x50,0x80,0x4c,0x4d,0x4f,0x80,
	0x4c,0x4d,0x4f,0x80,0x4c,0x4d,0x4f,0x80,0x4b,0x4c,0x4e,0x80,0x4c,0x4d,0x4f,0x80,
	0x4c,0x4d,0x4f,0x80,0x4d,0x4e,0x50,0x80,0x4d,0x4e,0x50,0x80,0x4e,0x4f,0x51,0x80,
	0x4e,0x4f,0x51,0x80,0x4c,0x4d,0x4f,0x80,0x4b,0x4c,0x4e,0x80,0x4b,0x4c,0x4e,0x80,
	0x4b,0x4c,0x4e,0x80,0x4b,0x4c,0x4e,0x80,0x4d,0x4e,0x50,0x80,0x43,0x44,0x45,0x80,
	0x44,0x45,0x46,0x80,0x20,0x20,0x21,0x80,0x24,0x25,0x26,0x80,0x24,0x25,0x26,0x80,
	0x17,0x18,0x18,0x80,0x00,0x00,0x00,0x1c,0x00,0x00,0x00,0x0e,0x00,0x00,0x00,0x05,
	0x00,0x00,0x00,0x00,0x00,0x00,0x00,0x00,0x00,0x00,0x00,0x00,0x00,0x00,0x00,0x00,
	0x00,0x00,0x00,0x00,0x00,0x00,0x00,0x00,0x00,0x00,0x00,0x00,0x00,0x00,0x00,0x00,
	0x00,0x00,0x00,0x00,0x00,0x00,0x00,0x00,0x00,0x00,0x00,0x05,0x36,0x37,0x38,0x80,
	0x2a,0x2b,0x2c,0x80,0x2a,0x2b,0x2c,0x80,0x25,0x26,0x27,0x80,0x52,0x53,0x55,0x80,
	0x45,0x46,0x48,0x80,0x45,0x46,0x48,0x80,0x45,0x46,0x48,0x80,0x46,0x47,0x49,0x80,
	0x46,0x47,0x49,0x80,0x46,0x47,0x49,0x80,0x45,0x46,0x48,0x80,0x44,0x45,0x46,0x80,
	0x43,0x44,0x45,0x80,0x42,0x42,0x44,0x80,0x42,0x42,0x44,0x80,0x43,0x44,0x45,0x80,
	0x45,0x46,0x48,0x80,0x47,0x48,0x4a,0x80,0x4a,0x4b,0x4d,0x80,0x4b,0x4c,0x4e,0x80,
	0x47,0x48,0x4a,0x80,0x42,0x42,0x44,0x80,0x42,0x42,0x44,0x80,0x42,0x42,0x44,0x80,
	0x42,0x42,0x44,0x80,0x42,0x42,0x44,0x80,0x42,0x42,0x44,0x80,0x42,0x42,0x44,0x80,
	0x43,0x44,0x45,0x80,0x20,0x20,0x21,0x80,0x24,0x25,0x26,0x80,0x23,0x24,0x24,0x80,
	0x17,0x18,0x18,0x80,0x00,0x00,0x00,0x1c,0x00,0x00,0x00,0x0e,0x00,0x00,0x00,0x05,
	0x00,0x00,0x00,0x00,0x00,0x00,0x00,0x00,0x00,0x00,0x00,0x00,0x00,0x00,0x00,0x00,
	0x00,0x00,0x00,0x00,0x00,0x00,0x00,0x00,0x00,0x00,0x00,0x00,0x00,0x00,0x00,0x00,
	0x00,0x00,0x00,0x00,0x00,0x00,0x00,0x00,0x00,0x00,0x00,0x05,0x36,0x37,0x38,0x80,
	0x2a,0x2b,0x2c,0x80,0x2a,0x2b,0x2c,0x80,0x24,0x25,0x26,0x80,0x5a,0x5b,0x5e,0x80,
	0x68,0x6a,0x6c,0x80,0x69,0x6b,0x6d,0x80,0x69,0x6b,0x6d,0x80,0x69,0x6b,0x6d,0x80,
	0x69,0x6b,0x6d,0x80,0x68,0x6a,0x6c,0x80,0x67,0x68,0x6b,0x80,0x66,0x67,0x6a,0x80,
	0x66,0x67,0x6a,0x80,0x65,0x66,0x68,0x80,0x66,0x67,0x6a,0x80,0x66,0x67,0x6a,0x80,
	0x68,0x6a,0x6c,0x80,0x6a,0x6c,0x6f,0x80,0x6c,0x6d,0x70,0x80,0x6a,0x6c,0x6f,0x80,
	0x66,0x67,0x6a,0x80,0x65,0x66,0x68,0x80,0x65,0x66,0x68,0x80,0x65,0x66,0x68,0x80,
	0x65,0x66,0x68,0x80,0x65,0x66,0x68,0x80,0x65,0x66,0x68,0x80,0x65,0x66,0x68,0x80,
	0x59,0x5a,0x5c,0x80,0x1e,0x1f,0x20,0x80,0x23,0x24,0x24,0x80,0x23,0x24,0x24,0x80,
	0x17,0x18,0x18,0x80,0x00,0x00,0x00,0x1c,0x00,0x00,0x00,0x0e,0x00,0x00,0x00,0x05,
	0x00,0x00,0x00,0x00,0x00,0x00,0x00,0x00,0x00,0x00,0x00,0x00,0x00,0x00,0x00,0x00,
	0x00,0x00,0x00,0x00,0x00,0x00,0x00,0x00,0x00,0x00,0x00,0x00,0x00,0x00,0x00,0x00,
	0x00,0x00,0x00,0x00,0x00,0x00,0x00,0x00,0x00,0x00,0x00,0x05,0x33,0x34,0x35,0x80,
	0x29,0x2a,0x2b,0x80,0x29,0x2a,0x2b,0x80,0x27,0x27,0x28,0x80,0x24,0x25,0x26,0x80,
	0x23,0x24,0x24,0x80,0x23,0x24,0x24,0x80,0x23,0x24,0x24,0x80,0x23,0x24,0x24,0x80,
	0x23,0x24,0x24,0x80,0x23,0x24,0x24,0x80,0x22,0x22,0x23,0x80,0x22,0x22,0x23,0x80,
	0x22,0x22,0x23,0x80,0x22,0x22,0x23,0x80,0x22,0x22,0x23,0x80,0x21,0x21,0x22,0x80,
	0x21,0x21,0x22,0x80,0x21,0x21,0x22,0x80,0x21,0x21,0x22,0x80,0x21,0x21,0x22,0x80,
	0x21,0x21,0x22,0x80,0x20,0x20,0x21,0x80,0x20,0x20,0x21,0x80,0x20,0x20,0x21,0x80,
	0x20,0x20,0x21,0x80,0x20,0x20,0x21,0x80,0x20,0x20,0x21,0x80,0x1e,0x1f,0x20,0x80,
	0x1e,0x1f,0x20,0x80,0x21,0x21,0x22,0x80,0x23,0x24,0x24,0x80,0x22,0x22,0x23,0x80,
	0x16,0x17,0x17,0x80,0x00,0x00,0x00,0x1b,0x00,0x00,0x00,0x0e,0x00,0x00,0x00,0x05,
	0x00,0x00,0x00,0x00,0x00,0x00,0x00,0x00,0x00,0x00,0x00,0x00,0x00,0x00,0x00,0x00,
	0x00,0x00,0x00,0x00,0x00,0x00,0x00,0x00,0x00,0x00,0x00,0x00,0x00,0x00,0x00,0x00,
	0x00,0x00,0x00,0x00,0x00,0x00,0x00,0x00,0x00,0x00,0x00,0x05,0x30,0x31,0x32,0x78,
	0x28,0x28,0x29,0x80,0x29,0x2a,0x2b,0x80,0x28,0x28,0x29,0x80,0x28,0x28,0x29,0x80,
	0x28,0x28,0x29,0x80,0x28,0x28,0x29,0x80,0x28,0x28,0x29,0x80,0x27,0x27,0x28,0x80,
	0x27,0x27,0x28,0x80,0x27,0x27,0x28,0x80,0x27,0x27,0x28,0x80,0x27,0x27,0x28,0x80,
	0x27,0x27,0x28,0x80,0x25,0x26,0x27,0x80,0x25,0x26,0x27,0x80,0x25,0x26,0x27,0x80,
	0x25,0x26,0x27,0x80,0x25,0x26,0x27,0x80,0x24,0x25,0x26,0x80,0x24,0x25,0x26,0x80,
	0x24,0x25,0x26,0x80,0x24,0x25,0x26,0x80,0x24,0x25,0x26,0x80,0x24,0x25,0x26,0x80,
	0x23,0x24,0x24,0x80,0x23,0x24,0x24,0x80,0x23,0x24,0x24,0x80,0x23,0x24,0x24,0x80,
	0x23,0x24,0x24,0x80,0x23,0x24,0x24,0x80,0x23,0x24,0x24,0x80,0x1d,0x1e,0x1e,0x80,
	0x14,0x14,0x15,0x79,0x00,0x00,0x00,0x1b,0x00,0x00,0x00,0x0d,0x00,0x00,0x00,0x04,
	0x00,0x00,0x00,0x00,0x00,0x00,0x00,0x00,0x00,0x00,0x00,0x00,0x00,0x00,0x00,0x00,
	0x00,0x00,0x00,0x00,0x00,0x00,0x00,0x00,0x00,0x00,0x00,0x00,0x00,0x00,0x00,0x00,
	0x00,0x00,0x00,0x00,0x00,0x00,0x00,0x00,0x00,0x00,0x00,0x04,0x24,0x24,0x25,0x4d,
	0x22,0x22,0x23,0x80,0x25,0x26,0x27,0x80,0x28,0x28,0x29,0x80,0x28,0x28,0x29,0x80,
	0x28,0x28,0x29,0x80,0x27,0x27,0x28,0x80,0x27,0x27,0x28,0x80,0x27,0x27,0x28,0x80,
	0x27,0x27,0x28,0x80,0x27,0x27,0x28,0x80,0x25,0x26,0x27,0x80,0x25,0x26,0x27,0x80,
	0x25,0x26,0x27,0x80,0x25,0x26,0x27,0x80,0x25,0x26,0x27,0x80,0x25,0x26,0x27,0x80,
	0x24,0x25,0x26,0x80,0x24,0x25,0x26,0x80,0x24,0x25,0x26,0x80,0x24,0x25,0x26,0x80,
	0x24,0x25,0x26,0x80,0x24,0x25,0x26,0x80,0x23,0x24,0x24,0x80,0x23,0x24,0x24,0x80,
	0x23,0x24,0x24,0x80,0x23,0x24,0x24,0x80,0x23,0x24,0x24,0x80,0x23,0x24,0x24,0x80,
	0x23,0x24,0x24,0x80,0x21,0x21,0x22,0x80,0x1d,0x1e,0x1e,0x80,0x14,0x14,0x15,0x80,
	0x0d,0x0e,0x0e,0x54,0x00,0x00,0x00,0x18,0x00,0x00,0x00,0x0c,0x00,0x00,0x00,0x04,
	0x00,0x00,0x00,0x00,0x00,0x00,0x00,0x00,0x00,0x00,0x00,0x00,0x00,0x00,0x00,0x00,
	0x00,0x00,0x00,0x00,0x00,0x00,0x00,0x00,0x00,0x00,0x00,0x00,0x00,0x00,0x00,0x00,
	0x00,0x00,0x00,0x00,0x00,0x00,0x00,0x00,0x00,0x00,0x00,0x03,0x09,0x09,0x0a,0x0b,
	0x17,0x17,0x18,0x51,0x14,0x14,0x15,0x79,0x13,0x13,0x13,0x80,0x12,0x12,0x12,0x80,
	0x12,0x12,0x12,0x80,0x12,0x12,0x12,0x80,0x12,0x12,0x12,0x80,0x12,0x12,0x12,0x80,
	0x12,0x12,0x12,0x80,0x12,0x12,0x12,0x80,0x12,0x12,0x12,0x80,0x12,0x12,0x12,0x80,
	0x12,0x12,0x12,0x80,0x12,0x12,0x12,0x80,0x10,0x11,0x11,0x80,0x10,0x11,0x11,0x80,
	0x10,0x11,0x11,0x80,0x10,0x11,0x11,0x80,0x10,0x11,0x11,0x80,0x10,0x11,0x11,0x80,
	0x10,0x11,0x11,0x80,0x10,0x11,0x11,0x80,0x10,0x11,0x11,0x80,0x10,0x11,0x11,0x80,
	0x10,0x11,0x11,0x80,0x10,0x11,0x11,0x80,0x0f,0x0f,0x10,0x80,0x0f,0x0f,0x10,0x80,
	0x0f,0x0f,0x10,0x80,0x0f,0x0f,0x10,0x80,0x0e,0x0e,0x0f,0x7a,0x0c,0x0c,0x0d,0x57,
	0x02,0x02,0x02,0x1e,0x00,0x00,0x00,0x12,0x00,0x00,0x00,0x08,0x00,0x00,0x00,0x03,
	0x00,0x00,0x00,0x00,0x00,0x00,0x00,0x00,0x00,0x00,0x00,0x00,0x00,0x00,0x00,0x00,
	0x00,0x00,0x00,0x00,0x00,0x00,0x00,0x00,0x00,0x00,0x00,0x00,0x00,0x00,0x00,0x00,
	0x00,0x00,0x00,0x00,0x00,0x00,0x00,0x00,0x00,0x00,0x00,0x01,0x00,0x00,0x00,0x05,
	0x00,0x00,0x00,0x0b,0x00,0x00,0x00,0x12,0x00,0x00,0x00,0x18,0x00,0x00,0x00,0x1b,
	0x00,0x00,0x00,0x1b,0x00,0x00,0x00,0x1c,0x00,0x00,0x00,0x1c,0x00,0x00,0x00,0x1c,
	0x00,0x00,0x00,0x1c,0x00,0x00,0x00,0x1c,0x00,0x00,0x00,0x1c,0x00,0x00,0x00,0x1c,
	0x00,0x00,0x00,0x1c,0x00,0x00,0x00,0x1c,0x00,0x00,0x00,0x1c,0x00,0x00,0x00,0x1c,
	0x00,0x00,0x00,0x1c,0x00,0x00,0x00,0x1c,0x00,0x00,0x00,0x1c,0x00,0x00,0x00,0x1c,
	0x00,0x00,0x00,0x1c,0x00,0x00,0x00,0x1c,0x00,0x00,0x00,0x1c,0x00,0x00,0x00,0x1c,
	0x00,0x00,0x00,0x1c,0x00,0x00,0x00,0x1c,0x00,0x00,0x00,0x1c,0x00,0x00,0x00,0x1c,
	0x00,0x00,0x00,0x1c,0x00,0x00,0x00,0x1b,0x00,0x00,0x00,0x1b,0x00,0x00,0x00,0x18,
	0x00,0x00,0x00,0x12,0x00,0x00,0x00,0x0b,0x00,0x00,0x00,0x05,0x00,0x00,0x00,0x01,
	0x00,0x00,0x00,0x00,0x00,0x00,0x00,0x00,0x00,0x00,0x00,0x00,0x00,0x00,0x00,0x00,
	0x00,0x00,0x00,0x00,0x00,0x00,0x00,0x00,0x00,0x00,0x00,0x00,0x00,0x00,0x00,0x00,
	0x00,0x00,0x00,0x00,0x00,0x00,0x00,0x00,0x00,0x00,0x00,0x01,0x00,0x00,0x00,0x02,
	0x00,0x00,0x00,0x05,0x00,0x00,0x00,0x09,0x00,0x00,0x00,0x0c,0x00,0x00,0x00,0x0d,
	0x00,0x00,0x00,0x0e,0x00,0x00,0x00,0x0e,0x00,0x00,0x00,0x0e,0x00,0x00,0x00,0x0e,
	0x00,0x00,0x00,0x0e,0x00,0x00,0x00,0x0e,0x00,0x00,0x00,0x0e,0x00,0x00,0x00,0x0e,
	0x00,0x00,0x00,0x0e,0x00,0x00,0x00,0x0e,0x00,0x00,0x00,0x0e,0x00,0x00,0x00,0x0e,
	0x00,0x00,0x00,0x0e,0x00,0x00,0x00,0x0e,0x00,0x00,0x00,0x0e,0x00,0x00,0x00,0x0e,
	0x00,0x00,0x00,0x0e,0x00,0x00,0x00,0x0e,0x00,0x00,0x00,0x0e,0x00,0x00,0x00,0x0e,
	0x00,0x00,0x00,0x0e,0x00,0x00,0x00,0x0e,0x00,0x00,0x00,0x0e,0x00,0x00,0x00,0x0e,
	0x00,0x00,0x00,0x0e,0x00,0x00,0x00,0x0e,0x00,0x00,0x00,0x0d,0x00,0x00,0x00,0x0c,
	0x00,0x00,0x00,0x08,0x00,0x00,0x00,0x05,0x00,0x00,0x00,0x02,0x00,0x00,0x00,0x01,
	0x00,0x00,0x00,0x00,0x00,0x00,0x00,0x00,0x00,0x00,0x00,0x00,0x00,0x00,0x00,0x00,
	0x00,0x00,0x00,0x00,0x00,0x00,0x00,0x00,0x00,0x00,0x00,0x00,0x00,0x00,0x00,0x00,
	0x00,0x00,0x00,0x00,0x00,0x00,0x00,0x00,0x00,0x00,0x00,0x00,0x00,0x00,0x00,0x01,
	0x00,0x00,0x00,0x01,0x00,0x00,0x00,0x03,0x00,0x00,0x00,0x04,0x00,0x00,0x00,0x05,
	0x00,0x00,0x00,0x05,0x00,0x00,0x00,0x05,0x00,0x00,0x00,0x05,0x00,0x00,0x00,0x05,
	0x00,0x00,0x00,0x05,0x00,0x00,0x00,0x05,0x00,0x00,0x00,0x05,0x00,0x00,0x00,0x05,
	0x00,0x00,0x00,0x05,0x00,0x00,0x00,0x05,0x00,0x00,0x00,0x05,0x00,0x00,0x00,0x05,
	0x00,0x00,0x00,0x05,0x00,0x00,0x00,0x05,0x00,0x00,0x00,0x05,0x00,0x00,0x00,0x05,
	0x00,0x00,0x00,0x05,0x00,0x00,0x00,0x05,0x00,0x00,0x00,0x05,0x00,0x00,0x00,0x05,
	0x00,0x00,0x00,0x05,0x00,0x00,0x00,0x05,0x00,0x00,0x00,0x05,0x00,0x00,0x00,0x05,
	0x00,0x00,0x00,0x05,0x00,0x00,0x00,0x05,0x00,0x00,0x00,0x05,0x00,0x00,0x00,0x04,
	0x00,0x00,0x00,0x03,0x00,0x00,0x00,0x01,0x00,0x00,0x00,0x01,0x00,0x00,0x00,0x00,
	0x00,0x00,0x00,0x00,0x00,0x00,0x00,0x00,0x00,0x00,0x00,0x00,0x00,0x00,0x00,0x00,
	0x00,0x00,0x00,0x00,0x00,0x00,0x00,0x00,0x00,0x00,0x00,0x00,0x00,0x00,0x00,0x00,
	0x00,0x00,0x00,0x00,0x00,0x00,0x00,0x00,0x00,0x00,0x00,0x00,0x00,0x00,0x00,0x00,
	0x00,0x00,0x00,0x00,0x00,0x00,0x00,0x00,0x00,0x00,0x00,0x00,0x00,0x00,0x00,0x00,
	0x00,0x00,0x00,0x00,0x00,0x00,0x00,0x00,0x00,0x00,0x00,0x00,0x00,0x00,0x00,0x00,
	0x00,0x00,0x00,0x00,0x00,0x00,0x00,0x00,0x00,0x00,0x00,0x00,0x00,0x00,0x00,0x00,
	0x00,0x00,0x00,0x00,0x00,0x00,0x00,0x00,0x00,0x00,0x00,0x00,0x00,0x00,0x00,0x00,
	0x00,0x00,0x00,0x00,0x00,0x00,0x00,0x00,0x00,0x00,0x00,0x00,0x00,0x00,0x00,0x00,
	0x00,0x00,0x00,0x00,0x00,0x00,0x00,0x00,0x00,0x00,0x00,0x00,0x00,0x00,0x00,0x00,
	0x00,0x00,0x00,0x00,0x00,0x00,0x00,0x00,0x00,0x00,0x00,0x00,0x00,0x00,0x00,0x00,
	0x00,0x00,0x00,0x00,0x00,0x00,0x00,0x00,0x00,0x00,0x00,0x00,0x00,0x00,0x00,0x00,
	0x00,0x00,0x00,0x00,0x00,0x00,0x00,0x00,0x00,0x00,0x00,0x00,0x00,0x00,0x00,0x00,
	0x00,0x00,0x00,0x00,0x00,0x00,0x00,0x00,0x00,0x00,0x00,0x00,0x00,0x00,0x00,0x00,
	0x00,0x00,0x00,0x00,0x00,0x00,0x00,0x00,0x00,0x00,0x00,0x00,0x00,0x00,0x00,0x00,
	0x00,0x00,0x00,0x00,0x00,0x00,0x00,0x00,0x00,0x00,0x00,0x00,0x00,0x00,0x00,0x00,
	0x00,0x00,0x00,0x00,0x00,0x00,0x00,0x00,0x00,0x00,0x00,0x00,0x00,0x00,0x00,0x00,
	0x00,0x00,0x00,0x00,0x00,0x00,0x00,0x00,0x00,0x00,0x00,0x00,0x00,0x00,0x00,0x00,
	0x00,0x00,0x00,0x00,0x00,0x00,0x00,0x00,0x00,0x00,0x00,0x00,0x00,0x00,0x00,0x00,
	0x00,0x00,0x00,0x00,0x00,0x00,0x00,0x00,0x00,0x00,0x00,0x00,0x00,0x00,0x00,0x00,
	0x00,0x00,0x00,0x00,0x00,0x00,0x00,0x00,0x00,0x00,0x00,0x00,0x00,0x00,0x00,0x00,
	0x00,0x00,0x00,0x00,0x00,0x00,0x00,0x00,0x00,0x00,0x00,0x00,0x00,0x00,0x00,0x00,
	0x00,0x00,0x00,0x00,0x00,0x00,0x00,0x00,0x00,0x00,0x00,0x00,0x00,0x00,0x00,0x00,
	0x00,0x00,0x00,0x00,0x00,0x00,0x00,0x00,0x00,0x00,0x00,0x00,0x00,0x00,0x00,0x00,
	0x00,0x00,0x00,0x00,0x00,0x00,0x00,0x00,0x00,0x00,0x00,0x00,0x00,0x00,0x00,0x00,
	0x00,0x00,0x00,0x00,0x00,0x00,0x00,0x00,0x00,0x00,0x00,0x00,0x00,0x00,0x00,0x00,
	0x00,0x00,0x00,0x00,0x00,0x00,0x00,0x00,0x00,0x00,0x00,0x00,0x00,0x00,0x00,0x00,
	0x00,0x00,0x00,0x00,0x00,0x00,0x00,0x00,0x00,0x00,0x00,0x00,0x00,0x00,0x00,0x00,
	0x00,0x00,0x00,0x00,0x00,0x00,0x00,0x00,0x00,0x00,0x00,0x00,0x00,0x00,0x00,0x00,
	0x00,0x00,0x00,0x00,0x00,0x00,0x00,0x00,0x00,0x00,0x00,0x00,0x00,0x00,0x00,0x00,
	0x00,0x00,0x00,0x00,0x00,0x00,0x00,0x00,0x00,0x00,0x00,0x00,0x00,0x00,0x00,0x00,
	0x00,0x00,0x00,0x00,0x00,0x00,0x00,0x00,0x00,0x00,0x00,0x00,0x00,0x00,0x00,0x00,
	0x00,0x00,0x00,0x00,0x00,0x00,0x00,0x00,0x00,0x00,0x00,0x00,0x00,0x00,0x00,0x00,
	0x00,0x00,0x00,0x00,0x00,0x00,0x00,0x00,0x00,0x00,0x00,0x00,0x00,0x00,0x00,0x00,
	0x00,0x00,0x00,0x00,0x00,0x00,0x00,0x00,0x00,0x00,0x00,0x00,0x00,0x00,0x00,0x00,
	0x00,0x00,0x00,0x00,0x00,0x00,0x00,0x00,0x00,0x00,0x00,0x00,0x00,0x00,0x00,0x00,
	0x00,0x00,0x00,0x00,0x00,0x00,0x00,0x00,0x00,0x00,0x00,0x00,0x00,0x00,0x00,0x00,
	0x00,0x00,0x00,0x00,0x00,0x00,0x00,0x00,0x00,0x00,0x00,0x00,0x00,0x00,0x00,0x00,
	0x00,0x00,0x00,0x00,0x00,0x00,0x00,0x00,0x00,0x00,0x00,0x00,0x00,0x00,0x00,0x00,
	0x00,0x00,0x00,0x00,0x00,0x00,0x00,0x00,0x00,0x00,0x00,0x00,0x00,0x00,0x00,0x00,
	0x00,0x00,0x00,0x00,0x00,0x00,0x00,0x00,0x00,0x00,0x00,0x00,0x00,0x00,0x00,0x00,
	0x00,0x00,0x00,0x00,0x00,0x00,0x00,0x00,0x00,0x00,0x00,0x00,0x00,0x00,0x00,0x00,
	0x00,0x00,0x00,0x00,0x00,0x00,0x00,0x00,0x00,0x00,0x00,0x00,0x00,0x00,0x00,0x00,
	0x00,0x00,0x00,0x00,0x00,0x00,0x00,0x00,0x00,0x00,0x00,0x00,0x00,0x00,0x00,0x00,
	0x00,0x00,0x00,0x00,0x00,0x00,0x00,0x00,0x00,0x00,0x00,0x00,0x00,0x00,0x00,0x00,
	0x00,0x00,0x00,0x00,0x00,0x00,0x00,0x00,0x00,0x00,0x00,0x00,0x00,0x00,0x00,0x00,
	0x00,0x00,0x00,0x00,0x00,0x00,0x00,0x00,0x00,0x00,0x00,0x00,0x00,0x00,0x00,0x00,
	0x00,0x00,0x00,0x00,0x00,0x00,0x00,0x00,0x00,0x00,0x00,0x00,0x00,0x00,0x00,0x00,
	0x00,0x00,0x00,0x00,0x00,0x00,0x00,0x00,0x00,0x00,0x00,0x00,0x00,0x00,0x00,0x00,
	0x00,0x00,0x00,0x00,0x00,0x00,0x00,0x00,0x00,0x00,0x00,0x00,0x00,0x00,0x00,0x00,
};
static const unsigned char rgba_s_IconMX4SIO[ 9216 ] __attribute__(   (  aligned( 16 ), section( ".data" )  )   ) = {
	0x00,0x00,0x00,0x00,0x00,0x00,0x00,0x00,0x00,0x00,0x00,0x00,0x00,0x00,0x00,0x00,
	0x00,0x00,0x00,0x00,0x00,0x00,0x00,0x00,0x00,0x00,0x00,0x00,0x00,0x00,0x00,0x00,
	0x00,0x00,0x00,0x00,0x00,0x00,0x00,0x00,0x00,0x00,0x00,0x00,0x00,0x00,0x00,0x00,
	0x00,0x00,0x00,0x00,0x00,0x00,0x00,0x00,0x00,0x00,0x00,0x00,0x00,0x00,0x00,0x00,
	0x00,0x00,0x00,0x00,0x00,0x00,0x00,0x00,0x00,0x00,0x00,0x00,0x00,0x00,0x00,0x00,
	0x00,0x00,0x00,0x00,0x00,0x00,0x00,0x00,0x00,0x00,0x00,0x00,0x00,0x00,0x00,0x00,
	0x00,0x00,0x00,0x00,0x00,0x00,0x00,0x00,0x00,0x00,0x00,0x00,0x00,0x00,0x00,0x00,
	0x00,0x00,0x00,0x00,0x00,0x00,0x00,0x00,0x00,0x00,0x00,0x00,0x00,0x00,0x00,0x00,
	0x00,0x00,0x00,0x00,0x00,0x00,0x00,0x00,0x00,0x00,0x00,0x00,0x00,0x00,0x00,0x00,
	0x00,0x00,0x00,0x00,0x00,0x00,0x00,0x00,0x00,0x00,0x00,0x00,0x00,0x00,0x00,0x00,
	0x00,0x00,0x00,0x00,0x00,0x00,0x00,0x00,0x00,0x00,0x00,0x00,0x00,0x00,0x00,0x00,
	0x00,0x00,0x00,0x00,0x00,0x00,0x00,0x00,0x00,0x00,0x00,0x00,0x00,0x00,0x00,0x00,
	0x00,0x00,0x00,0x00,0x00,0x00,0x00,0x00,0x00,0x00,0x00,0x00,0x00,0x00,0x00,0x00,
	0x00,0x00,0x00,0x00,0x00,0x00,0x00,0x00,0x00,0x00,0x00,0x00,0x00,0x00,0x00,0x00,
	0x00,0x00,0x00,0x00,0x00,0x00,0x00,0x00,0x00,0x00,0x00,0x00,0x00,0x00,0x00,0x00,
	0x00,0x00,0x00,0x00,0x00,0x00,0x00,0x00,0x00,0x00,0x00,0x00,0x00,0x00,0x00,0x00,
	0x00,0x00,0x00,0x00,0x00,0x00,0x00,0x00,0x00,0x00,0x00,0x00,0x00,0x00,0x00,0x00,
	0x00,0x00,0x00,0x00,0x00,0x00,0x00,0x00,0x00,0x00,0x00,0x00,0x00,0x00,0x00,0x00,
	0x00,0x00,0x00,0x00,0x00,0x00,0x00,0x00,0x00,0x00,0x00,0x00,0x00,0x00,0x00,0x00,
	0x00,0x00,0x00,0x00,0x00,0x00,0x00,0x00,0x00,0x00,0x00,0x00,0x00,0x00,0x00,0x00,
	0x00,0x00,0x00,0x00,0x00,0x00,0x00,0x00,0x00,0x00,0x00,0x00,0x00,0x00,0x00,0x00,
	0x00,0x00,0x00,0x00,0x00,0x00,0x00,0x00,0x00,0x00,0x00,0x00,0x00,0x00,0x00,0x00,
	0x00,0x00,0x00,0x00,0x00,0x00,0x00,0x00,0x00,0x00,0x00,0x00,0x00,0x00,0x00,0x00,
	0x00,0x00,0x00,0x00,0x00,0x00,0x00,0x00,0x00,0x00,0x00,0x00,0x00,0x00,0x00,0x00,
	0x00,0x00,0x00,0x00,0x00,0x00,0x00,0x00,0x00,0x00,0x00,0x00,0x00,0x00,0x00,0x00,
	0x00,0x00,0x00,0x00,0x00,0x00,0x00,0x00,0x00,0x00,0x00,0x00,0x00,0x00,0x00,0x00,
	0x00,0x00,0x00,0x00,0x00,0x00,0x00,0x00,0x00,0x00,0x00,0x00,0x00,0x00,0x00,0x00,
	0x00,0x00,0x00,0x00,0x00,0x00,0x00,0x00,0x00,0x00,0x00,0x00,0x00,0x00,0x00,0x00,
	0x00,0x00,0x00,0x00,0x00,0x00,0x00,0x00,0x00,0x00,0x00,0x00,0x00,0x00,0x00,0x00,
	0x00,0x00,0x00,0x00,0x00,0x00,0x00,0x00,0x00,0x00,0x00,0x00,0x00,0x00,0x00,0x00,
	0x00,0x00,0x00,0x00,0x00,0x00,0x00,0x00,0x00,0x00,0x00,0x00,0x00,0x00,0x00,0x00,
	0x00,0x00,0x00,0x00,0x00,0x00,0x00,0x00,0x00,0x00,0x00,0x00,0x00,0x00,0x00,0x00,
	0x00,0x00,0x00,0x00,0x00,0x00,0x00,0x00,0x00,0x00,0x00,0x00,0x00,0x00,0x00,0x00,
	0x00,0x00,0x00,0x00,0x00,0x00,0x00,0x00,0x00,0x00,0x00,0x00,0x00,0x00,0x00,0x00,
	0x00,0x00,0x00,0x00,0x00,0x00,0x00,0x00,0x00,0x00,0x00,0x00,0x00,0x00,0x00,0x00,
	0x00,0x00,0x00,0x00,0x00,0x00,0x00,0x00,0x00,0x00,0x00,0x00,0x00,0x00,0x00,0x00,
	0x00,0x00,0x00,0x00,0x00,0x00,0x00,0x00,0x00,0x00,0x00,0x00,0x00,0x00,0x00,0x00,
	0x00,0x00,0x00,0x00,0x00,0x00,0x00,0x00,0x00,0x00,0x00,0x00,0x00,0x00,0x00,0x00,
	0x00,0x00,0x00,0x00,0x00,0x00,0x00,0x00,0x00,0x00,0x00,0x00,0x00,0x00,0x00,0x00,
	0x00,0x00,0x00,0x00,0x00,0x00,0x00,0x00,0x00,0x00,0x00,0x00,0x00,0x00,0x00,0x00,
	0x00,0x00,0x00,0x00,0x00,0x00,0x00,0x00,0x00,0x00,0x00,0x00,0x00,0x00,0x00,0x00,
	0x00,0x00,0x00,0x00,0x00,0x00,0x00,0x00,0x00,0x00,0x00,0x00,0x00,0x00,0x00,0x00,
	0x00,0x00,0x00,0x00,0x00,0x00,0x00,0x00,0x00,0x00,0x00,0x00,0x00,0x00,0x00,0x00,
	0x00,0x00,0x00,0x00,0x00,0x00,0x00,0x00,0x00,0x00,0x00,0x00,0x00,0x00,0x00,0x00,
	0x00,0x00,0x00,0x00,0x00,0x00,0x00,0x00,0x00,0x00,0x00,0x00,0x00,0x00,0x00,0x00,
	0x00,0x00,0x00,0x00,0x00,0x00,0x00,0x00,0x00,0x00,0x00,0x00,0x00,0x00,0x00,0x00,
	0x00,0x00,0x00,0x00,0x00,0x00,0x00,0x00,0x00,0x00,0x00,0x00,0x00,0x00,0x00,0x00,
	0x00,0x00,0x00,0x00,0x00,0x00,0x00,0x00,0x00,0x00,0x00,0x00,0x00,0x00,0x00,0x00,
	0x00,0x00,0x00,0x00,0x00,0x00,0x00,0x00,0x00,0x00,0x00,0x00,0x00,0x00,0x00,0x00,
	0x00,0x00,0x00,0x00,0x00,0x00,0x00,0x00,0x00,0x00,0x00,0x00,0x00,0x00,0x00,0x00,
	0x00,0x00,0x00,0x00,0x00,0x00,0x00,0x01,0x00,0x00,0x00,0x03,0x00,0x00,0x00,0x03,
	0x00,0x00,0x00,0x04,0x00,0x00,0x00,0x04,0x00,0x00,0x00,0x04,0x00,0x00,0x00,0x04,
	0x00,0x00,0x00,0x04,0x00,0x00,0x00,0x04,0x00,0x00,0x00,0x04,0x00,0x00,0x00,0x04,
	0x00,0x00,0x00,0x04,0x00,0x00,0x00,0x04,0x00,0x00,0x00,0x04,0x00,0x00,0x00,0x04,
	0x00,0x00,0x00,0x04,0x00,0x00,0x00,0x04,0x00,0x00,0x00,0x04,0x00,0x00,0x00,0x04,
	0x00,0x00,0x00,0x04,0x00,0x00,0x00,0x04,0x00,0x00,0x00,0x04,0x00,0x00,0x00,0x04,
	0x00,0x00,0x00,0x04,0x00,0x00,0x00,0x04,0x00,0x00,0x00,0x04,0x00,0x00,0x00,0x04,
	0x00,0x00,0x00,0x04,0x00,0x00,0x00,0x04,0x00,0x00,0x00,0x03,0x00,0x00,0x00,0x03,
	0x00,0x00,0x00,0x01,0x00,0x00,0x00,0x00,0x00,0x00,0x00,0x00,0x00,0x00,0x00,0x00,
	0x00,0x00,0x00,0x00,0x00,0x00,0x00,0x00,0x00,0x00,0x00,0x00,0x00,0x00,0x00,0x00,
	0x00,0x00,0x00,0x00,0x00,0x00,0x00,0x00,0x00,0x00,0x00,0x00,0x00,0x00,0x00,0x00,
	0x00,0x00,0x00,0x00,0x00,0x00,0x00,0x00,0x00,0x00,0x00,0x00,0x00,0x00,0x00,0x00,
	0x00,0x00,0x00,0x00,0xd3,0xd3,0xd3,0x27,0xf8,0xf8,0xf8,0x6e,0xf8,0xf8,0xf8,0x7a,
	0xf8,0xf8,0xf8,0x7a,0xf8,0xf8,0xf8,0x7a,0xf6,0xf6,0xf6,0x7a,0xf6,0xf6,0xf6,0x7a,
	0xf6,0xf6,0xf6,0x7a,0xf6,0xf6,0xf6,0x7a,0xf6,0xf6,0xf6,0x7a,0xf5,0xf5,0xf5,0x7a,
	0xf5,0xf5,0xf5,0x7a,0xf5,0xf5,0xf5,0x7a,0xf3,0xf3,0xf3,0x7a,0xf3,0xf3,0xf3,0x7a,
	0xf3,0xf3,0xf3,0x7a,0xf3,0xf3,0xf3,0x7a,0xf3,0xf3,0xf3,0x7a,0xf1,0xf1,0xf1,0x7a,
	0xf1,0xf1,0xf1,0x7a,0xf1,0xf1,0xf1,0x7a,0xf1,0xf1,0xf1,0x7a,0xef,0xef,0xef,0x7b,
	0xef,0xef,0xef,0x7b,0xee,0xee,0xee,0x7b,0xee,0xee,0xee,0x7b,0xee,0xee,0xee,0x7b,
	0xee,0xee,0xee,0x7b,0xea,0xea,0xea,0x6f,0xd3,0xd3,0xd3,0x27,0x00,0x00,0x00,0x07,
	0x00,0x00,0x00,0x03,0x00,0x00,0x00,0x01,0x00,0x00,0x00,0x00,0x00,0x00,0x00,0x00,
	0x00,0x00,0x00,0x00,0x00,0x00,0x00,0x00,0x00,0x00,0x00,0x00,0x00,0x00,0x00,0x00,
	0x00,0x00,0x00,0x00,0x00,0x00,0x00,0x00,0x00,0x00,0x00,0x00,0x00,0x00,0x00,0x00,
	0x00,0x00,0x00,0x00,0x00,0x00,0x00,0x00,0x00,0x00,0x00,0x00,0x00,0x00,0x00,0x00,
	0x00,0x00,0x00,0x03,0xf7,0xf7,0xf7,0x6e,0xf6,0xf6,0xf6,0x7a,0xf3,0xf3,0xf3,0x7a,
	0xf3,0xf3,0xf3,0x7a,0xf3,0xf3,0xf3,0x7a,0xf1,0xf1,0xf1,0x7a,0xef,0xef,0xef,0x7b,
	0xef,0xef,0xef,0x7b,0xef,0xef,0xef,0x7b,0xef,0xef,0xef,0x7b,0xee,0xee,0xee,0x7b,
	0xee,0xee,0xee,0x7b,0xeb,0xeb,0xeb,0x7b,0xeb,0xeb,0xeb,0x7b,0xeb,0xeb,0xeb,0x7b,
	0xeb,0xeb,0xeb,0x7b,0xe9,0xe9,0xe9,0x7b,0xe9,0xe9,0xe9,0x7b,0xe9,0xe9,0xe9,0x7b,
	0xe8,0xe8,0xe8,0x7b,0xe6,0xe6,0xe6,0x7b,0xe6,0xe6,0xe6,0x7b,0xe6,0xe6,0xe6,0x7b,
	0xe4,0xe4,0xe4,0x7b,0xe4,0xe4,0xe4,0x7b,0xe4,0xe4,0xe4,0x7b,0xe2,0xe2,0xe2,0x7b,
	0xe2,0xe2,0xe2,0x7b,0xe4,0xe4,0xe4,0x7b,0xc9,0xc9,0xc9,0x70,0x00,0x00,0x00,0x0d,
	0x00,0x00,0x00,0x07,0x00,0x00,0x00,0x03,0x00,0x00,0x00,0x00,0x00,0x00,0x00,0x00,
	0x00,0x00,0x00,0x00,0x00,0x00,0x00,0x00,0x00,0x00,0x00,0x00,0x00,0x00,0x00,0x00,
	0x00,0x00,0x00,0x00,0x00,0x00,0x00,0x00,0x00,0x00,0x00,0x00,0x00,0x00,0x00,0x00,
	0x00,0x00,0x00,0x00,0x00,0x00,0x00,0x00,0x00,0x00,0x00,0x00,0x00,0x00,0x00,0x00,
	0x00,0x00,0x00,0x03,0xf6,0xf6,0xf6,0x7a,0xf3,0xf3,0xf3,0x7a,0xf1,0xf1,0xf1,0x7a,
	0xf1,0xf1,0xf1,0x7a,0xae,0xd4,0xd0,0x7c,0xa5,0xd2,0xca,0x7c,0xa5,0xd2,0xca,0x7c,
	0x9e,0xcf,0xc7,0x7d,0xa5,0xd2,0xca,0x7c,0x9d,0xca,0xc3,0x7c,0xcf,0xe8,0xd7,0x7d,
	0xe0,0xf0,0xde,0x7d,0xc4,0xe1,0xd2,0x7d,0xec,0xf0,0xe5,0x7c,0xbe,0xde,0xd1,0x7d,
	0xec,0xf0,0xe5,0x7c,0xcc,0xd2,0xcf,0x7c,0xb1,0xcf,0xcb,0x7c,0x9d,0xca,0xc3,0x7c,
	0x9d,0xca,0xc3,0x7c,0x99,0xc8,0xbf,0x7d,0x9d,0xca,0xc3,0x7c,0x99,0xc8,0xbf,0x7d,
	0x9d,0xca,0xc3,0x7c,0x99,0xc8,0xbf,0x7d,0xa9,0xba,0xb7,0x7c,0xe2,0xe2,0xe2,0x7b,
	0xdf,0xdf,0xdf,0x7b,0xdf,0xdf,0xdf,0x7b,0xbd,0xbd,0xbd,0x7b,0x00,0x00,0x00,0x14,
	0x00,0x00,0x00,0x09,0x00,0x00,0x00,0x03,0x00,0x00,0x00,0x00,0x00,0x00,0x00,0x00,
	0x00,0x00,0x00,0x00,0x00,0x00,0x00,0x00,0x00,0x00,0x00,0x00,0x00,0x00,0x00,0x00,
	0x00,0x00,0x00,0x00,0x00,0x00,0x00,0x00,0x00,0x00,0x00,0x00,0x00,0x00,0x00,0x00,
	0x00,0x00,0x00,0x00,0x00,0x00,0x00,0x00,0x00,0x00,0x00,0x00,0x00,0x00,0x00,0x00,
	0x00,0x00,0x00,0x04,0xf5,0xf5,0xf5,0x7a,0xf1,0xf1,0xf1,0x7a,0xef,0xef,0xef,0x7b,
	0xee,0xee,0xee,0x7b,0xa9,0xcf,0xcb,0x7d,0xcf,0xe8,0xd7,0x7d,0xe6,0xf0,0xdc,0x7d,
	0xbe,0xde,0xd1,0x7d,0xef,0xf0,0xe0,0x7d,0x9e,0xcf,0xc7,0x7d,0xcf,0xe8,0xd7,0x7d,
	0xe0,0xf0,0xde,0x7d,0xbe,0xde,0xd1,0x7d,0xe6,0xf0,0xdc,0x7d,0xb7,0xd8,0xca,0x7d,
	0xee,0xee,0xda,0x7d,0xc3,0xc9,0xc4,0x7c,0xa7,0xc6,0xc2,0x7c,0xc4,0xe1,0xd2,0x7d,
	0xdc,0xea,0xd4,0x7d,0xb7,0xd8,0xca,0x7d,0xe4,0xeb,0xd5,0x7d,0xb3,0xd4,0xc5,0x7d,
	0xe4,0xeb,0xd5,0x7d,0xa2,0xce,0xc1,0x7d,0x92,0xce,0xc5,0x7d,0xdf,0xdf,0xdf,0x7b,
	0xdd,0xdd,0xdd,0x7b,0xdd,0xdd,0xdd,0x7b,0xbc,0xbc,0xbc,0x7b,0x00,0x00,0x00,0x19,
	0x00,0x00,0x00,0x0c,0x00,0x00,0x00,0x04,0x00,0x00,0x00,0x00,0x00,0x00,0x00,0x00,
	0x00,0x00,0x00,0x00,0x00,0x00,0x00,0x00,0x00,0x00,0x00,0x00,0x00,0x00,0x00,0x00,
	0x00,0x00,0x00,0x00,0x00,0x00,0x00,0x00,0x00,0x00,0x00,0x00,0x00,0x00,0x00,0x00,
	0x00,0x00,0x00,0x00,0x00,0x00,0x00,0x00,0x00,0x00,0x00,0x00,0x00,0x00,0x00,0x00,
	0x00,0x00,0x00,0x04,0xf3,0xf3,0xf3,0x7a,0xef,0xef,0xef,0x7b,0xee,0xee,0xee,0x7b,
	0xee,0xee,0xee,0x7b,0xa9,0xcf,0xcb,0x7d,0xcb,0xe1,0xce,0x7d,0xe4,0xeb,0xd5,0x7d,
	0xbf,0xdb,0xcb,0x7d,0xee,0xee,0xda,0x7d,0x97,0xcd,0xc5,0x7d,0xcb,0xe1,0xce,0x7d,
	0xdc,0xea,0xd4,0x7d,0xbf,0xdb,0xcb,0x7d,0xe4,0xeb,0xd5,0x7d,0xb3,0xd4,0xc5,0x7d,
	0xed,0xec,0xd1,0x7d,0xc3,0xc9,0xc4,0x7c,0xa7,0xc6,0xc2,0x7c,0xc6,0xdb,0xc8,0x7d,
	0xdd,0xe3,0xc9,0x7d,0xb3,0xd4,0xc5,0x7d,0xe4,0xe8,0xcf,0x7d,0xb0,0xd1,0xc1,0x7d,
	0xe4,0xe8,0xcf,0x7d,0xa2,0xce,0xc1,0x7d,0x90,0xcc,0xc3,0x7d,0xdd,0xdd,0xdd,0x7b,
	0xdd,0xdd,0xdd,0x7b,0xdb,0xdb,0xdb,0x7b,0xba,0xba,0xba,0x7b,0x00,0x00,0x00,0x1a,
	0x00,0x00,0x00,0x0d,0x00,0x00,0x00,0x04,0x00,0x00,0x00,0x00,0x00,0x00,0x00,0x00,
	0x00,0x00,0x00,0x00,0x00,0x00,0x00,0x00,0x00,0x00,0x00,0x00,0x00,0x00,0x00,0x00,
	0x00,0x00,0x00,0x00,0x00,0x00,0x00,0x00,0x00,0x00,0x00,0x00,0x00,0x00,0x00,0x00,
	0x00,0x00,0x00,0x00,0x00,0x00,0x00,0x00,0x00,0x00,0x00,0x00,0x00,0x00,0x00,0x00,
	0x00,0x00,0x00,0x04,0xf3,0xf3,0xf3,0x7a,0xee,0xee,0xee,0x7b,0xee,0xee,0xee,0x7b,
	0xeb,0xeb,0xeb,0x7b,0xa9,0xcf,0xcb,0x7d,0xcb,0xe1,0xce,0x7d,0xe4,0xe8,0xcf,0x7d,
	0xbd,0xd7,0xc5,0x7d,0xed,0xec,0xd1,0x7d,0x99,0xc8,0xbf,0x7d,0xc6,0xdb,0xc8,0x7d,
	0xdd,0xe3,0xc9,0x7d,0xbd,0xd7,0xc5,0x7d,0xe7,0xe6,0xc8,0x7d,0xb0,0xd1,0xc1,0x7d,
	0xe7,0xe6,0xc8,0x7d,0xbf,0xc5,0xc0,0x7c,0xa7,0xc6,0xc2,0x7c,0xc5,0xd4,0xc2,0x7d,
	0xd9,0xdf,0xc4,0x7d,0xb5,0xd1,0xbe,0x7d,0xdd,0xe3,0xc9,0x7d,0xac,0xcd,0xbc,0x7d,
	0xe7,0xe6,0xc8,0x7d,0xa2,0xc9,0xbb,0x7d,0x90,0xcc,0xc3,0x7d,0xdb,0xdb,0xdb,0x7b,
	0xdb,0xdb,0xdb,0x7b,0xdb,0xdb,0xdb,0x7b,0xb7,0xb7,0xb7,0x7b,0x00,0x00,0x00,0x1a,
	0x00,0x00,0x00,0x0d,0x00,0x00,0x00,0x04,0x00,0x00,0x00,0x00,0x00,0x00,0x00,0x00,
	0x00,0x00,0x00,0x00,0x00,0x00,0x00,0x00,0x00,0x00,0x00,0x00,0x00,0x00,0x00,0x00,
	0x00,0x00,0x00,0x00,0x00,0x00,0x00,0x00,0x00,0x00,0x00,0x00,0x00,0x00,0x00,0x00,
	0x00,0x00,0x00,0x00,0x00,0x00,0x00,0x00,0x00,0x00,0x00,0x00,0x00,0x00,0x00,0x00,
	0x00,0x00,0x00,0x04,0xf1,0xf1,0xf1,0x7a,0xee,0xee,0xee,0x7b,0xeb,0xeb,0xeb,0x7b,
	0xeb,0xeb,0xeb,0x7b,0xa9,0xcf,0xcb,0x7d,0xbf,0xdb,0xcb,0x7d,0xd2,0xe0,0xc7,0x7d,
	0xb3,0xd4,0xc5,0x7d,0xdd,0xe3,0xc9,0x7d,0x94,0xc9,0xc1,0x7d,0xbd,0xd7,0xc5,0x7d,
	0xcf,0xdd,0xc5,0x7d,0xb0,0xd1,0xc1,0x7d,0xcf,0xdd,0xc5,0x7d,0xaa,0xcf,0xbf,0x7d,
	0xd9,0xdf,0xc4,0x7d,0xbf,0xc5,0xc0,0x7c,0xa7,0xc6,0xc2,0x7c,0xb5,0xd1,0xbe,0x7d,
	0xcf,0xd8,0xbe,0x7d,0xac,0xcd,0xbc,0x7d,0xcf,0xd8,0xbe,0x7d,0xa2,0xc9,0xbb,0x7d,
	0xcf,0xd8,0xbe,0x7d,0x99,0xc8,0xbf,0x7d,0x8e,0xc9,0xc0,0x7d,0xdb,0xdb,0xdb,0x7b,
	0xdb,0xdb,0xdb,0x7b,0xdb,0xdb,0xdb,0x7b,0xb5,0xb5,0xb5,0x7b,0x00,0x00,0x00,0x1a,
	0x00,0x00,0x00,0x0d,0x00,0x00,0x00,0x04,0x00,0x00,0x00,0x00,0x00,0x00,0x00,0x00,
	0x00,0x00,0x00,0x00,0x00,0x00,0x00,0x00,0x00,0x00,0x00,0x00,0x00,0x00,0x00,0x00,
	0x00,0x00,0x00,0x00,0x00,0x00,0x00,0x00,0x00,0x00,0x00,0x00,0x00,0x00,0x00,0x00,
	0x00,0x00,0x00,0x00,0x00,0x00,0x00,0x00,0x00,0x00,0x00,0x00,0x00,0x00,0x00,0x00,
	0x00,0x00,0x00,0x04,0xf1,0xf1,0xf1,0x7a,0xeb,0xeb,0xeb,0x7b,0xc1,0xe1,0xdc,0x7c,
	0xc1,0xe1,0xdc,0x7c,0x9e,0xd7,0xd0,0x7d,0x95,0xd3,0xca,0x7d,0x97,0xcd,0xc5,0x7d,
	0x95,0xd3,0xca,0x7d,0x95,0xcb,0xc3,0x7d,0x95,0xd3,0xca,0x7d,0x93,0xd1,0xc9,0x7d,
	0x93,0xd1,0xc9,0x7d,0x93,0xd1,0xc9,0x7d,0x95,0xd3,0xca,0x7d,0x93,0xd0,0xc7,0x7d,
	0x92,0xc6,0xbe,0x7d,0xb6,0xc0,0xbe,0x7c,0xa5,0xd2,0xca,0x7c,0x8f,0xca,0xc1,0x7d,
	0x90,0xc8,0xbf,0x7d,0x90,0xc8,0xbf,0x7d,0x8f,0xc1,0xba,0x7d,0x8e,0xc9,0xc0,0x7d,
	0x8d,0xbf,0xb8,0x7d,0x8e,0xc9,0xc0,0x7d,0x94,0xbd,0xb7,0x7d,0xb1,0xcf,0xcb,0x7c,
	0xb9,0xc9,0xc6,0x7c,0xd8,0xd8,0xd8,0x7b,0xb5,0xb5,0xb5,0x7b,0x00,0x00,0x00,0x1a,
	0x00,0x00,0x00,0x0d,0x00,0x00,0x00,0x04,0x00,0x00,0x00,0x00,0x00,0x00,0x00,0x00,
	0x00,0x00,0x00,0x00,0x00,0x00,0x00,0x00,0x00,0x00,0x00,0x00,0x00,0x00,0x00,0x00,
	0x00,0x00,0x00,0x00,0x00,0x00,0x00,0x00,0x00,0x00,0x00,0x00,0x00,0x00,0x00,0x00,
	0x00,0x00,0x00,0x00,0x00,0x00,0x00,0x00,0x00,0x00,0x00,0x00,0x00,0x00,0x00,0x00,
	0x00,0x00,0x00,0x04,0xef,0xef,0xef,0x7b,0xe9,0xe9,0xe9,0x7b,0x99,0xd5,0xcd,0x7d,
	0x99,0xd5,0xcd,0x7d,0x95,0xd3,0xca,0x7d,0x95,0xd3,0xca,0x7d,0x93,0xd1,0xc9,0x7d,
	0x95,0xd3,0xca,0x7d,0x94,0xc9,0xc1,0x7d,0x93,0xd1,0xc9,0x7d,0x93,0xd1,0xc9,0x7d,
	0x93,0xd0,0xc7,0x7d,0x93,0xd0,0xc7,0x7d,0x93,0xd1,0xc9,0x7d,0x93,0xd0,0xc7,0x7d,
	0x91,0xc3,0xbc,0x7d,0xb6,0xc0,0xbe,0x7c,0xa5,0xd2,0xca,0x7c,0x90,0xcc,0xc3,0x7d,
	0x8f,0xca,0xc1,0x7d,0x8d,0xc7,0xbe,0x7d,0x8f,0xc1,0xba,0x7d,0x8d,0xc7,0xbe,0x7d,
	0x8d,0xbf,0xb8,0x7d,0x8c,0xc7,0xbd,0x7d,0x8d,0xc7,0xbe,0x7d,0x8e,0xc9,0xc0,0x7d,
	0x8b,0xc4,0xbb,0x7d,0xd5,0xd5,0xd5,0x7b,0xb5,0xb5,0xb5,0x7b,0x00,0x00,0x00,0x1a,
	0x00,0x00,0x00,0x0d,0x00,0x00,0x00,0x04,0x00,0x00,0x00,0x00,0x00,0x00,0x00,0x00,
	0x00,0x00,0x00,0x00,0x00,0x00,0x00,0x00,0x00,0x00,0x00,0x00,0x00,0x00,0x00,0x00,
	0x00,0x00,0x00,0x00,0x00,0x00,0x00,0x00,0x00,0x00,0x00,0x00,0x00,0x00,0x00,0x00,
	0x00,0x00,0x00,0x00,0x00,0x00,0x00,0x00,0x00,0x00,0x00,0x00,0x00,0x00,0x00,0x00,
	0x00,0x00,0x00,0x04,0xee,0xee,0xee,0x7b,0xe9,0xe9,0xe9,0x7b,0x9e,0xd7,0xd0,0x7d,
	0x95,0xd3,0xca,0x7d,0x95,0xd3,0xca,0x7d,0x95,0xd3,0xca,0x7d,0x93,0xd1,0xc9,0x7d,
	0x93,0xd1,0xc9,0x7d,0x94,0xc9,0xc1,0x7d,0x93,0xd0,0xc7,0x7d,0x92,0xce,0xc5,0x7d,
	0x92,0xce,0xc5,0x7d,0x92,0xce,0xc5,0x7d,0x90,0xcc,0xc3,0x7d,0x90,0xcc,0xc3,0x7d,
	0x8f,0xc1,0xba,0x7d,0x99,0xc8,0xbf,0x7d,0x95,0xcb,0xc3,0x7d,0x8e,0xc9,0xc0,0x7d,
	0x8e,0xc9,0xc0,0x7d,0x8e,0xc4,0xbd,0x7d,0x8d,0xbf,0xb8,0x7d,0x8c,0xc5,0xbc,0x7d,
	0x8b,0xbd,0xb5,0x7d,0x8c,0xc5,0xbc,0x7d,0x8b,0xc4,0xbb,0x7d,0x8a,0xc6,0xbd,0x7d,
	0x8a,0xc2,0xb9,0x7d,0xd5,0xd5,0xd5,0x7b,0xb2,0xb2,0xb2,0x7b,0x00,0x00,0x00,0x1a,
	0x00,0x00,0x00,0x0d,0x00,0x00,0x00,0x04,0x00,0x00,0x00,0x00,0x00,0x00,0x00,0x00,
	0x00,0x00,0x00,0x00,0x00,0x00,0x00,0x00,0x00,0x00,0x00,0x00,0x00,0x00,0x00,0x00,
	0x00,0x00,0x00,0x00,0x00,0x00,0x00,0x00,0x00,0x00,0x00,0x00,0x00,0x00,0x00,0x00,
	0x00,0x00,0x00,0x00,0x00,0x00,0x00,0x00,0x00,0x00,0x00,0x00,0x00,0x00,0x00,0x00,
	0x00,0x00,0x00,0x04,0xeb,0xeb,0xeb,0x7b,0xe6,0xe6,0xe6,0x7b,0x9a,0xd2,0xca,0x7c,
	0x95,0xd3,0xca,0x7d,0x93,0xd1,0xc9,0x7d,0x93,0xd1,0xc9,0x7d,0x93,0xd0,0xc7,0x7d,
	0x93,0xd0,0xc7,0x7d,0x92,0xc6,0xbe,0x7d,0x92,0xce,0xc5,0x7d,0x92,0xce,0xc5,0x7d,
	0x91,0xcd,0xc4,0x7d,0x90,0xcc,0xc3,0x7d,0x90,0xcc,0xc3,0x7d,0x90,0xcc,0xc3,0x7d,
	0x8f,0xc1,0xba,0x7d,0x8e,0xc9,0xc0,0x7d,0x8e,0xc9,0xc0,0x7d,0x8e,0xc9,0xc0,0x7d,
	0x8d,0xc7,0xbe,0x7d,0x8c,0xc2,0xba,0x7d,0x8b,0xbd,0xb5,0x7d,0x8b,0xc4,0xbb,0x7d,
	0x8b,0xbc,0xb4,0x7d,0x8a,0xc4,0xba,0x7d,0x8a,0xc2,0xb9,0x7d,0x8a,0xc6,0xbd,0x7d,
	0x89,0xc1,0xb8,0x7d,0xd2,0xd2,0xd2,0x7b,0xb2,0xb2,0xb2,0x7b,0x00,0x00,0x00,0x1a,
	0x00,0x00,0x00,0x0d,0x00,0x00,0x00,0x04,0x00,0x00,0x00,0x00,0x00,0x00,0x00,0x00,
	0x00,0x00,0x00,0x00,0x00,0x00,0x00,0x00,0x00,0x00,0x00,0x00,0x00,0x00,0x00,0x00,
	0x00,0x00,0x00,0x00,0x00,0x00,0x00,0x00,0x00,0x00,0x00,0x00,0x00,0x00,0x00,0x00,
	0x00,0x00,0x00,0x00,0x00,0x00,0x00,0x00,0x00,0x00,0x00,0x00,0x00,0x00,0x00,0x00,
	0x00,0x00,0x00,0x04,0xeb,0xeb,0xeb,0x7b,0xe6,0xe6,0xe6,0x7b,0x9a,0xd2,0xca,0x7c,
	0x93,0xd1,0xc9,0x7d,0x93,0xd0,0xc7,0x7d,0x93,0xd0,0xc7,0x7d,0x92,0xce,0xc5,0x7d,
	0x92,0xce,0xc5,0x7d,0x92,0xc6,0xbe,0x7d,0x91,0xcd,0xc4,0x7d,0x90,0xcc,0xc3,0x7d,
	0x90,0xcc,0xc3,0x7d,0x90,0xcc,0xc3,0x7d,0x8f,0xca,0xc1,0x7d,0x8e,0xc9,0xc0,0x7d,
	0x8d,0xbf,0xb8,0x7d,0x8c,0xc5,0xbc,0x7d,0x8d,0xc7,0xbe,0x7d,0x8c,0xc7,0xbd,0x7d,
	0x8c,0xc5,0xbc,0x7d,0x8c,0xc2,0xba,0x7d,0x8b,0xbc,0xb4,0x7d,0x8a,0xc2,0xb9,0x7d,
	0x8a,0xba,0xb2,0x7d,0x8a,0xc2,0xb9,0x7d,0x89,0xc1,0xb8,0x7d,0x88,0xc3,0xbb,0x7d,
	0x88,0xbf,0xb6,0x7d,0xd2,0xd2,0xd2,0x7b,0xaf,0xaf,0xaf,0x7b,0x00,0x00,0x00,0x1a,
	0x00,0x00,0x00,0x0d,0x00,0x00,0x00,0x04,0x00,0x00,0x00,0x00,0x00,0x00,0x00,0x00,
	0x00,0x00,0x00,0x00,0x00,0x00,0x00,0x00,0x00,0x00,0x00,0x00,0x00,0x00,0x00,0x00,
	0x00,0x00,0x00,0x00,0x00,0x00,0x00,0x00,0x00,0x00,0x00,0x00,0x00,0x00,0x00,0x00,
	0x00,0x00,0x00,0x00,0x00,0x00,0x00,0x00,0x00,0x00,0x00,0x00,0x00,0x00,0x00,0x00,
	0x00,0x00,0x00,0x04,0xeb,0xeb,0xeb,0x7b,0xe4,0xe4,0xe4,0x7b,0x9a,0xd2,0xca,0x7c,
	0x93,0xd0,0xc7,0x7d,0x92,0xce,0xc5,0x7d,0x92,0xce,0xc5,0x7d,0x92,0xce,0xc5,0x7d,
	0x91,0xcd,0xc4,0x7d,0x91,0xc3,0xbc,0x7d,0x90,0xcc,0xc3,0x7d,0x90,0xcc,0xc3,0x7d,
	0x8f,0xca,0xc1,0x7d,0x8e,0xc9,0xc0,0x7d,0x8e,0xc9,0xc0,0x7d,0x8d,0xc7,0xbe,0x7d,
	0x8d,0xbf,0xb8,0x7d,0x8b,0xc4,0xbb,0x7d,0x8c,0xc5,0xbc,0x7d,0x8c,0xc5,0xbc,0x7d,
	0x8a,0xc4,0xba,0x7d,0x8b,0xbc,0xb4,0x7d,0x8a,0xba,0xb2,0x7d,0x8a,0xc6,0xbd,0x7d,
	0x99,0xc8,0xbf,0x7d,0x88,0xc3,0xbb,0x7d,0x87,0xbe,0xb5,0x7d,0x87,0xc2,0xb9,0x7d,
	0x87,0xbd,0xb4,0x7d,0xcf,0xcf,0xcf,0x7b,0xaf,0xaf,0xaf,0x7b,0x00,0x00,0x00,0x1a,
	0x00,0x00,0x00,0x0d,0x00,0x00,0x00,0x04,0x00,0x00,0x00,0x00,0x00,0x00,0x00,0x00,
	0x00,0x00,0x00,0x00,0x00,0x00,0x00,0x00,0x00,0x00,0x00,0x00,0x00,0x00,0x00,0x00,
	0x00,0x00,0x00,0x00,0x00,0x00,0x00,0x00,0x00,0x00,0x00,0x00,0x00,0x00,0x00,0x00,
	0x00,0x00,0x00,0x00,0x00,0x00,0x00,0x00,0x00,0x00,0x00,0x00,0x00,0x00,0x00,0x00,
	0x00,0x00,0x00,0x04,0xe8,0xe8,0xe8,0x7b,0xe2,0xe2,0xe2,0x7b,0x9a,0xd2,0xca,0x7c,
	0x92,0xce,0xc5,0x7d,0x91,0xcd,0xc4,0x7d,0x90,0xcc,0xc3,0x7d,0x90,0xcc,0xc3,0x7d,
	0x90,0xcc,0xc3,0x7d,0x8f,0xc1,0xba,0x7d,0x8f,0xca,0xc1,0x7d,0x8e,0xc9,0xc0,0x7d,
	0x8e,0xc9,0xc0,0x7d,0x8d,0xc7,0xbe,0x7d,0x8d,0xc7,0xbe,0x7d,0x8c,0xc7,0xbd,0x7d,
	0x8b,0xbc,0xb4,0x7d,0x8c,0xc2,0xba,0x7d,0x8b,0xc3,0xba,0x7d,0x8a,0xc4,0xba,0x7d,
	0x8b,0xbc,0xb4,0x7d,0x89,0xb8,0xb0,0x7d,0x88,0xc0,0xb7,0x7d,0x87,0xbd,0xb4,0x7d,
	0x85,0xaf,0xa8,0x7d,0x87,0xbd,0xb4,0x7d,0x87,0xbd,0xb4,0x7d,0x88,0xc0,0xb7,0x7d,
	0x85,0xbb,0xb3,0x7d,0xcf,0xcf,0xcf,0x7b,0xac,0xac,0xac,0x7b,0x00,0x00,0x00,0x1a,
	0x00,0x00,0x00,0x0d,0x00,0x00,0x00,0x04,0x00,0x00,0x00,0x00,0x00,0x00,0x00,0x00,
	0x00,0x00,0x00,0x00,0x00,0x00,0x00,0x00,0x00,0x00,0x00,0x00,0x00,0x00,0x00,0x00,
	0x00,0x00,0x00,0x00,0x00,0x00,0x00,0x00,0x00,0x00,0x00,0x00,0x00,0x00,0x00,0x00,
	0x00,0x00,0x00,0x00,0x00,0x00,0x00,0x00,0x00,0x00,0x00,0x00,0x00,0x00,0x00,0x00,
	0x00,0x00,0x00,0x04,0xe8,0xe8,0xe8,0x7b,0xe2,0xe2,0xe2,0x7b,0x97,0xcd,0xc5,0x7d,
	0x90,0xcc,0xc3,0x7d,0x90,0xcc,0xc3,0x7d,0x90,0xcc,0xc3,0x7d,0x8f,0xca,0xc1,0x7d,
	0x8f,0xca,0xc1,0x7d,0x8d,0xbf,0xb8,0x7d,0x8e,0xc9,0xc0,0x7d,0x8d,0xc7,0xbe,0x7d,
	0x8c,0xc7,0xbd,0x7d,0x8c,0xc7,0xbd,0x7d,0x8c,0xc5,0xbc,0x7d,0x8b,0xc4,0xbb,0x7d,
	0x8a,0xba,0xb2,0x7d,0x8a,0xc2,0xb9,0x7d,0x8b,0xc3,0xba,0x7d,0x8b,0xbd,0xb5,0x7d,
	0x87,0xb6,0xae,0x7d,0x88,0xc0,0xb7,0x7d,0x88,0xbf,0xb6,0x7d,0x87,0xc2,0xb9,0x7d,
	0x91,0xc3,0xbc,0x7d,0x85,0xbe,0xb7,0x7d,0x85,0xbb,0xb3,0x7d,0x85,0xbe,0xb7,0x7d,
	0x85,0xba,0xb1,0x7d,0xcc,0xcc,0xcc,0x7b,0xac,0xac,0xac,0x7b,0x00,0x00,0x00,0x1a,
	0x00,0x00,0x00,0x0d,0x00,0x00,0x00,0x04,0x00,0x00,0x00,0x00,0x00,0x00,0x00,0x00,
	0x00,0x00,0x00,0x00,0x00,0x00,0x00,0x00,0x00,0x00,0x00,0x00,0x00,0x00,0x00,0x00,
	0x00,0x00,0x00,0x00,0x00,0x00,0x00,0x00,0x00,0x00,0x00,0x00,0x00,0x00,0x00,0x00,
	0x00,0x00,0x00,0x00,0x00,0x00,0x00,0x00,0x00,0x00,0x00,0x00,0x00,0x00,0x00,0x00,
	0x00,0x00,0x00,0x04,0xe6,0xe6,0xe6,0x7b,0xdf,0xdf,0xdf,0x7b,0x97,0xcd,0xc5,0x7d,
	0x90,0xcc,0xc3,0x7d,0x8f,0xca,0xc1,0x7d,0x8e,0xc9,0xc0,0x7d,0x8e,0xc9,0xc0,0x7d,
	0x8e,0xc9,0xc0,0x7d,0x8b,0xbc,0xb4,0x7d,0x8b,0xc4,0xbb,0x7d,0x8c,0xc7,0xbd,0x7d,
	0x8c,0xc5,0xbc,0x7d,0x8b,0xc4,0xbb,0x7d,0x8b,0xc3,0xba,0x7d,0x88,0xbf,0xb6,0x7d,
	0x89,0xb8,0xb0,0x7d,0x8a,0xc2,0xb9,0x7d,0x87,0xbd,0xb4,0x7d,0x87,0xb6,0xae,0x7d,
	0x87,0xbe,0xb5,0x7d,0x87,0xbe,0xb5,0x7d,0x87,0xbd,0xb4,0x7d,0x85,0xbe,0xb7,0x7d,
	0x87,0xc2,0xb9,0x7d,0x85,0xbb,0xb3,0x7d,0x85,0xba,0xb1,0x7d,0x85,0xbb,0xb3,0x7d,
	0x83,0xb8,0xaf,0x7d,0xcc,0xcc,0xcc,0x7b,0xac,0xac,0xac,0x7b,0x00,0x00,0x00,0x1a,
	0x00,0x00,0x00,0x0d,0x00,0x00,0x00,0x04,0x00,0x00,0x00,0x00,0x00,0x00,0x00,0x00,
	0x00,0x00,0x00,0x00,0x00,0x00,0x00,0x00,0x00,0x00,0x00,0x00,0x00,0x00,0x00,0x00,
	0x00,0x00,0x00,0x00,0x00,0x00,0x00,0x00,0x00,0x00,0x00,0x00,0x00,0x00,0x00,0x00,
	0x00,0x00,0x00,0x00,0x00,0x00,0x00,0x00,0x00,0x00,0x00,0x00,0x00,0x00,0x00,0x00,
	0x00,0x00,0x00,0x04,0xe4,0xe4,0xe4,0x7b,0xdf,0xdf,0xdf,0x7b,0x95,0xcb,0xc3,0x7d,
	0x8e,0xc9,0xc0,0x7d,0x8e,0xc9,0xc0,0x7d,0x8e,0xc9,0xc0,0x7d,0x8d,0xc7,0xbe,0x7d,
	0x8c,0xc7,0xbd,0x7d,0x8c,0xc2,0xba,0x7d,0x8b,0xbc,0xb4,0x7d,0x8b,0xc3,0xba,0x7d,
	0x8a,0xc4,0xba,0x7d,0x8a,0xc2,0xb9,0x7d,0x8b,0xc3,0xba,0x7d,0x89,0xb8,0xb0,0x7d,
	0x87,0xbd,0xb4,0x7d,0x87,0xbd,0xb4,0x7d,0x86,0xb3,0xac,0x7d,0x87,0xbd,0xb4,0x7d,
	0x87,0xbe,0xb5,0x7d,0x85,0xbb,0xb3,0x7d,0x85,0xbb,0xb3,0x7d,0x85,0xba,0xb1,0x7d,
	0x85,0xb9,0xb1,0x7d,0x83,0xb9,0xb0,0x7d,0x83,0xb8,0xaf,0x7d,0x85,0xbb,0xb3,0x7d,
	0x82,0xb6,0xad,0x7d,0xc8,0xc8,0xc8,0x7b,0xa7,0xa7,0xa7,0x7b,0x00,0x00,0x00,0x1a,
	0x00,0x00,0x00,0x0d,0x00,0x00,0x00,0x04,0x00,0x00,0x00,0x00,0x00,0x00,0x00,0x00,
	0x00,0x00,0x00,0x00,0x00,0x00,0x00,0x00,0x00,0x00,0x00,0x00,0x00,0x00,0x00,0x00,
	0x00,0x00,0x00,0x00,0x00,0x00,0x00,0x00,0x00,0x00,0x00,0x00,0x00,0x00,0x00,0x00,
	0x00,0x00,0x00,0x00,0x00,0x00,0x00,0x00,0x00,0x00,0x00,0x00,0x00,0x00,0x00,0x00,
	0x00,0x00,0x00,0x04,0xe4,0xe4,0xe4,0x7b,0xdb,0xdb,0xdb,0x7b,0x94,0xc9,0xc1,0x7d,
	0x8e,0xc9,0xc0,0x7d,0x8d,0xc7,0xbe,0x7d,0x8c,0xc7,0xbd,0x7d,0x8c,0xc5,0xbc,0x7d,
	0x8c,0xc5,0xbc,0x7d,0x8b,0xc4,0xbb,0x7d,0x88,0xbf,0xb6,0x7d,0x89,0xb8,0xb0,0x7d,
	0x8a,0xc2,0xb9,0x7d,0x89,0xc1,0xb8,0x7d,0x89,0xc1,0xb8,0x7d,0x87,0xb6,0xae,0x7d,
	0x85,0xba,0xb1,0x7d,0x86,0xb3,0xac,0x7d,0x85,0xb9,0xb1,0x7d,0x85,0xbb,0xb3,0x7d,
	0x85,0xbb,0xb3,0x7d,0x85,0xba,0xb1,0x7d,0x85,0xba,0xb1,0x7d,0x83,0xb9,0xb0,0x7d,
	0x83,0xb8,0xaf,0x7d,0x83,0xb8,0xaf,0x7d,0x82,0xb6,0xad,0x7d,0x83,0xb9,0xb0,0x7d,
	0x81,0xb5,0xac,0x7d,0xc8,0xc8,0xc8,0x7b,0xa7,0xa7,0xa7,0x7b,0x00,0x00,0x00,0x1a,
	0x00,0x00,0x00,0x0d,0x00,0x00,0x00,0x04,0x00,0x00,0x00,0x00,0x00,0x00,0x00,0x00,
	0x00,0x00,0x00,0x00,0x00,0x00,0x00,0x00,0x00,0x00,0x00,0x00,0x00,0x00,0x00,0x00,
	0x00,0x00,0x00,0x00,0x00,0x00,0x00,0x00,0x00,0x00,0x00,0x00,0x00,0x00,0x00,0x00,
	0x00,0x00,0x00,0x00,0x00,0x00,0x00,0x00,0x00,0x00,0x00,0x00,0x00,0x00,0x00,0x00,
	0x00,0x00,0x00,0x04,0xe2,0xe2,0xe2,0x7b,0xda,0xda,0xda,0x7a,0x94,0xc9,0xc1,0x7d,
	0x8c,0xc7,0xbd,0x7d,0x8c,0xc5,0xbc,0x7d,0x8c,0xc5,0xbc,0x7d,0x8b,0xc4,0xbb,0x7d,
	0x8b,0xc3,0xba,0x7d,0x8a,0xc2,0xb9,0x7d,0x8a,0xc2,0xb9,0x7d,0x8a,0xba,0xb2,0x7d,
	0x89,0xb8,0xb0,0x7d,0x88,0xc0,0xb7,0x7d,0x88,0xbf,0xb6,0x7d,0x87,0xb6,0xae,0x7d,
	0x86,0xb3,0xac,0x7d,0x85,0xb9,0xb1,0x7d,0x85,0xb9,0xb1,0x7d,0x85,0xb9,0xb1,0x7d,
	0x83,0xb9,0xb0,0x7d,0x83,0xb9,0xb0,0x7d,0x83,0xb8,0xaf,0x7d,0x83,0xb8,0xaf,0x7d,
	0x82,0xb6,0xad,0x7d,0x82,0xb6,0xad,0x7d,0x81,0xb5,0xac,0x7d,0x81,0xb7,0xae,0x7d,
	0x80,0xb3,0xaa,0x7d,0xc5,0xc5,0xc5,0x7b,0xa7,0xa7,0xa7,0x7b,0x00,0x00,0x00,0x1a,
	0x00,0x00,0x00,0x0d,0x00,0x00,0x00,0x04,0x00,0x00,0x00,0x00,0x00,0x00,0x00,0x00,
	0x00,0x00,0x00,0x00,0x00,0x00,0x00,0x00,0x00,0x00,0x00,0x00,0x00,0x00,0x00,0x00,
	0x00,0x00,0x00,0x00,0x00,0x00,0x00,0x00,0x00,0x00,0x00,0x00,0x00,0x00,0x00,0x00,
	0x00,0x00,0x00,0x00,0x00,0x00,0x00,0x00,0x00,0x00,0x00,0x00,0x00,0x00,0x00,0x00,
	0x00,0x00,0x00,0x04,0xe2,0xe2,0xe2,0x7b,0xd8,0xd8,0xd8,0x7b,0x92,0xc6,0xbe,0x7d,
	0x8b,0xc4,0xbb,0x7d,0x8b,0xc3,0xba,0x7d,0x8b,0xc3,0xba,0x7d,0x8a,0xc2,0xb9,0x7d,
	0x89,0xc1,0xb8,0x7d,0x89,0xc1,0xb8,0x7d,0x88,0xc0,0xb7,0x7d,0x88,0xc0,0xb7,0x7d,
	0x87,0xb6,0xae,0x7d,0x87,0xb6,0xae,0x7d,0x87,0xbe,0xb5,0x7d,0x86,0xb3,0xac,0x7d,
	0x85,0xb1,0xa9,0x7d,0x85,0xb1,0xa9,0x7d,0x83,0xb9,0xb0,0x7d,0x83,0xb9,0xb0,0x7d,
	0x83,0xb8,0xaf,0x7d,0x83,0xb8,0xaf,0x7d,0x82,0xb6,0xad,0x7d,0x81,0xb5,0xac,0x7d,
	0x81,0xb5,0xac,0x7d,0x81,0xb4,0xab,0x7d,0x80,0xb3,0xaa,0x7d,0x81,0xb7,0xae,0x7d,
	0x7f,0xb2,0xa8,0x7d,0xc5,0xc5,0xc5,0x7b,0xa4,0xa4,0xa4,0x7b,0x00,0x00,0x00,0x1a,
	0x00,0x00,0x00,0x0d,0x00,0x00,0x00,0x04,0x00,0x00,0x00,0x00,0x00,0x00,0x00,0x00,
	0x00,0x00,0x00,0x00,0x00,0x00,0x00,0x00,0x00,0x00,0x00,0x00,0x00,0x00,0x00,0x00,
	0x00,0x00,0x00,0x00,0x00,0x00,0x00,0x00,0x00,0x00,0x00,0x00,0x00,0x00,0x00,0x00,
	0x00,0x00,0x00,0x00,0x00,0x00,0x00,0x00,0x00,0x00,0x00,0x00,0x00,0x00,0x00,0x00,
	0x00,0x00,0x00,0x04,0xdf,0xdf,0xdf,0x7b,0xd8,0xd8,0xd8,0x7b,0x91,0xc3,0xbc,0x7d,
	0x8b,0xc3,0xba,0x7d,0x8a,0xc2,0xb9,0x7d,0x89,0xc1,0xb8,0x7d,0x88,0xc0,0xb7,0x7d,
	0x88,0xc0,0xb7,0x7d,0x88,0xbf,0xb6,0x7d,0x87,0xbe,0xb5,0x7d,0x87,0xbd,0xb4,0x7d,
	0x87,0xbe,0xb5,0x7d,0x86,0xb3,0xac,0x7d,0x87,0xb6,0xae,0x7d,0x86,0xb3,0xac,0x7d,
	0x85,0xaf,0xa8,0x7d,0x85,0xaf,0xa8,0x7d,0x83,0xb8,0xaf,0x7d,0x83,0xb8,0xaf,0x7d,
	0x82,0xb6,0xad,0x7d,0x81,0xb5,0xac,0x7d,0x81,0xb5,0xac,0x7d,0x81,0xb4,0xab,0x7d,
	0x80,0xb3,0xaa,0x7d,0x7f,0xb2,0xa8,0x7d,0x7f,0xb2,0xa8,0x7d,0x7e,0xb5,0xac,0x7d,
	0x7e,0xb0,0xa7,0x7d,0xc2,0xc2,0xc2,0x7b,0xa4,0xa4,0xa4,0x7b,0x00,0x00,0x00,0x1a,
	0x00,0x00,0x00,0x0d,0x00,0x00,0x00,0x04,0x00,0x00,0x00,0x00,0x00,0x00,0x00,0x00,
	0x00,0x00,0x00,0x00,0x00,0x00,0x00,0x00,0x00,0x00,0x00,0x00,0x00,0x00,0x00,0x00,
	0x00,0x00,0x00,0x00,0x00,0x00,0x00,0x00,0x00,0x00,0x00,0x00,0x00,0x00,0x00,0x00,
	0x00,0x00,0x00,0x00,0x00,0x00,0x00,0x00,0x00,0x00,0x00,0x00,0x00,0x00,0x00,0x00,
	0x00,0x00,0x00,0x04,0xdd,0xdd,0xdd,0x7b,0xd5,0xd5,0xd5,0x7b,0x91,0xc3,0xbc,0x7d,
	0x89,0xc1,0xb8,0x7d,0x88,0xc0,0xb7,0x7d,0x88,0xc0,0xb7,0x7d,0x88,0xbf,0xb6,0x7d,
	0x87,0xbe,0xb5,0x7d,0x87,0xbd,0xb4,0x7d,0x85,0xbb,0xb3,0x7d,0x85,0xbb,0xb3,0x7d,
	0x85,0xbb,0xb3,0x7d,0x85,0xba,0xb1,0x7d,0x85,0xb1,0xa9,0x7d,0x83,0xae,0xa6,0x7d,
	0x83,0xae,0xa6,0x7d,0x83,0xae,0xa6,0x7d,0x82,0xb6,0xad,0x7d,0x81,0xb5,0xac,0x7d,
	0x81,0xb4,0xab,0x7d,0x81,0xb4,0xab,0x7d,0x80,0xb3,0xaa,0x7d,0x7f,0xb2,0xa8,0x7d,
	0x7f,0xb2,0xa8,0x7d,0x7f,0xb2,0xa8,0x7d,0x7e,0xb0,0xa7,0x7d,0x7d,0xb3,0xab,0x7d,
	0x7e,0xaf,0xa5,0x7d,0xc0,0xc0,0xc0,0x7b,0x9f,0x9f,0x9f,0x7c,0x00,0x00,0x00,0x1a,
	0x00,0x00,0x00,0x0d,0x00,0x00,0x00,0x04,0x00,0x00,0x00,0x00,0x00,0x00,0x00,0x00,
	0x00,0x00,0x00,0x00,0x00,0x00,0x00,0x00,0x00,0x00,0x00,0x00,0x00,0x00,0x00,0x00,
	0x00,0x00,0x00,0x00,0x00,0x00,0x00,0x00,0x00,0x00,0x00,0x00,0x00,0x00,0x00,0x00,
	0x00,0x00,0x00,0x00,0x00,0x00,0x00,0x00,0x00,0x00,0x00,0x00,0x00,0x00,0x00,0x00,
	0x00,0x00,0x00,0x04,0xdd,0xdd,0xdd,0x7b,0xd5,0xd5,0xd5,0x7b,0x8f,0xc1,0xba,0x7d,
	0x88,0xc0,0xb7,0x7d,0x87,0xbd,0xb4,0x7d,0x87,0xbd,0xb4,0x7d,0x87,0xbe,0xb5,0x7d,
	0x87,0xbd,0xb4,0x7d,0x87,0xbd,0xb4,0x7d,0x85,0xbb,0xb3,0x7d,0x85,0xbb,0xb3,0x7d,
	0x85,0xba,0xb1,0x7d,0x83,0xb9,0xb0,0x7d,0x82,0xb1,0xa9,0x7d,0x83,0xae,0xa6,0x7d,
	0x81,0xab,0xa3,0x7d,0x81,0xab,0xa3,0x7d,0x81,0xb4,0xab,0x7d,0x81,0xb4,0xab,0x7d,
	0x80,0xb3,0xaa,0x7d,0x7f,0xb2,0xa8,0x7d,0x7f,0xb2,0xa8,0x7d,0x7e,0xb0,0xa7,0x7d,
	0x7e,0xb0,0xa7,0x7d,0x7e,0xaf,0xa5,0x7d,0x7e,0xaf,0xa5,0x7d,0x7e,0xb0,0xa7,0x7d,
	0x7c,0xad,0xa4,0x7d,0xbf,0xbf,0xbf,0x7b,0x9f,0x9f,0x9f,0x7c,0x00,0x00,0x00,0x1a,
	0x00,0x00,0x00,0x0d,0x00,0x00,0x00,0x04,0x00,0x00,0x00,0x00,0x00,0x00,0x00,0x00,
	0x00,0x00,0x00,0x00,0x00,0x00,0x00,0x00,0x00,0x00,0x00,0x00,0x00,0x00,0x00,0x00,
	0x00,0x00,0x00,0x00,0x00,0x00,0x00,0x00,0x00,0x00,0x00,0x00,0x00,0x00,0x00,0x00,
	0x00,0x00,0x00,0x00,0x00,0x00,0x00,0x00,0x00,0x00,0x00,0x00,0x00,0x00,0x00,0x00,
	0x00,0x00,0x00,0x04,0xdb,0xdb,0xdb,0x7b,0xd2,0xd2,0xd2,0x7b,0x8d,0xbf,0xb8,0x7d,
	0x88,0xbf,0xb6,0x7d,0x87,0xc2,0xb9,0x7d,0x85,0xbe,0xb7,0x7d,0x8c,0xc5,0xbc,0x7d,
	0x85,0xaf,0xa8,0x7d,0x8b,0xbc,0xb4,0x7d,0x85,0xb9,0xb1,0x7d,0x82,0xb1,0xa9,0x7d,
	0x82,0xb1,0xa9,0x7d,0x82,0xb1,0xa9,0x7d,0x83,0xae,0xa6,0x7d,0x81,0xab,0xa3,0x7d,
	0x81,0xab,0xa3,0x7d,0x81,0xab,0xa3,0x7d,0x80,0xb3,0xaa,0x7d,0x7f,0xb2,0xa8,0x7d,
	0x7f,0xb2,0xa8,0x7d,0x7e,0xb0,0xa7,0x7d,0x7e,0xb0,0xa7,0x7d,0x7e,0xaf,0xa5,0x7d,
	0x7e,0xaf,0xa5,0x7d,0x7c,0xad,0xa4,0x7d,0x7c,0xad,0xa4,0x7d,0x7e,0xb0,0xa7,0x7d,
	0x7c,0xac,0xa3,0x7d,0xbd,0xbd,0xbd,0x7b,0x9f,0x9f,0x9f,0x7c,0x00,0x00,0x00,0x1a,
	0x00,0x00,0x00,0x0d,0x00,0x00,0x00,0x04,0x00,0x00,0x00,0x00,0x00,0x00,0x00,0x00,
	0x00,0x00,0x00,0x00,0x00,0x00,0x00,0x00,0x00,0x00,0x00,0x00,0x00,0x00,0x00,0x00,
	0x00,0x00,0x00,0x00,0x00,0x00,0x00,0x00,0x00,0x00,0x00,0x00,0x00,0x00,0x00,0x00,
	0x00,0x00,0x00,0x00,0x00,0x00,0x00,0x00,0x00,0x00,0x00,0x00,0x00,0x00,0x00,0x00,
	0x00,0x00,0x00,0x04,0xda,0xda,0xda,0x7a,0xd2,0xd2,0xd2,0x7b,0x8d,0xbf,0xb8,0x7d,
	0x87,0xbd,0xb4,0x7d,0x8f,0xc1,0xba,0x7d,0x85,0xbe,0xb7,0x7d,0x88,0xc3,0xbb,0x7d,
	0x85,0xaf,0xa8,0x7d,0x85,0xb9,0xb1,0x7d,0x83,0xb8,0xaf,0x7d,0x82,0xb1,0xa9,0x7d,
	0x82,0xb1,0xa9,0x7d,0x81,0xab,0xa3,0x7d,0x7f,0xa8,0xa0,0x7d,0x7f,0xa8,0xa0,0x7d,
	0x7f,0xa8,0xa0,0x7d,0x7f,0xa8,0xa0,0x7d,0x7e,0xb0,0xa7,0x7d,0x7e,0xb0,0xa7,0x7d,
	0x7e,0xb0,0xa7,0x7d,0x7e,0xaf,0xa5,0x7d,0x7e,0xaf,0xa5,0x7d,0x7c,0xad,0xa4,0x7d,
	0x7c,0xac,0xa3,0x7d,0x7c,0xac,0xa3,0x7d,0x7c,0xac,0xa3,0x7d,0x7c,0xad,0xa4,0x7d,
	0x7b,0xaa,0xa1,0x7d,0xbc,0xbc,0xbc,0x7b,0x9f,0x9f,0x9f,0x7c,0x00,0x00,0x00,0x1a,
	0x00,0x00,0x00,0x0d,0x00,0x00,0x00,0x04,0x00,0x00,0x00,0x00,0x00,0x00,0x00,0x00,
	0x00,0x00,0x00,0x00,0x00,0x00,0x00,0x00,0x00,0x00,0x00,0x00,0x00,0x00,0x00,0x00,
	0x00,0x00,0x00,0x00,0x00,0x00,0x00,0x00,0x00,0x00,0x00,0x00,0x00,0x00,0x00,0x00,
	0x00,0x00,0x00,0x00,0x00,0x00,0x00,0x00,0x00,0x00,0x00,0x00,0x00,0x00,0x00,0x00,
	0x00,0x00,0x00,0x04,0xd8,0xd8,0xd8,0x7b,0xcf,0xcf,0xcf,0x7b,0x8b,0xbd,0xb5,0x7d,
	0x85,0xba,0xb1,0x7d,0x83,0xae,0xa6,0x7d,0x86,0xb3,0xac,0x7d,0x83,0xb8,0xaf,0x7d,
	0x83,0xb8,0xaf,0x7d,0x81,0xb7,0xae,0x7d,0x82,0xb6,0xad,0x7d,0x83,0xb8,0xaf,0x7d,
	0x83,0xb9,0xb0,0x7d,0x81,0xb5,0xac,0x7d,0x80,0xb0,0xa8,0x7d,0x80,0xb0,0xa8,0x7d,
	0x7e,0xb0,0xa7,0x7d,0x7e,0xb0,0xa7,0x7d,0x7e,0xb5,0xac,0x7d,0x7e,0xb5,0xac,0x7d,
	0x7e,0xaf,0xa5,0x7d,0x7c,0xad,0xa4,0x7d,0x7c,0xac,0xa3,0x7d,0x7c,0xac,0xa3,0x7d,
	0x7c,0xac,0xa3,0x7d,0x7b,0xaa,0xa1,0x7d,0x7b,0xaa,0xa1,0x7d,0x7c,0xad,0xa4,0x7d,
	0x7a,0xa9,0xa0,0x7d,0xba,0xba,0xba,0x7b,0x9f,0x9f,0x9f,0x7c,0x00,0x00,0x00,0x1a,
	0x00,0x00,0x00,0x0d,0x00,0x00,0x00,0x04,0x00,0x00,0x00,0x00,0x00,0x00,0x00,0x00,
	0x00,0x00,0x00,0x00,0x00,0x00,0x00,0x00,0x00,0x00,0x00,0x00,0x00,0x00,0x00,0x00,
	0x00,0x00,0x00,0x00,0x00,0x00,0x00,0x00,0x00,0x00,0x00,0x00,0x00,0x00,0x00,0x00,
	0x00,0x00,0x00,0x00,0x00,0x00,0x00,0x00,0x00,0x00,0x00,0x00,0x00,0x00,0x00,0x00,
	0x00,0x00,0x00,0x04,0xd8,0xd8,0xd8,0x7b,0xcf,0xcf,0xcf,0x7b,0x8a,0xba,0xb2,0x7d,
	0x85,0xba,0xb1,0x7d,0x8e,0xc4,0xbd,0x7d,0x87,0xc2,0xb9,0x7d,0x81,0xb7,0xae,0x7d,
	0x81,0xb5,0xac,0x7d,0x81,0xb5,0xac,0x7d,0x82,0xb6,0xad,0x7d,0xbb,0xd1,0xc4,0x7d,
	0xbe,0xca,0xbe,0x7d,0xc7,0xcd,0xbc,0x7d,0xc5,0xd4,0xc2,0x7d,0xc7,0xcd,0xbc,0x7d,
	0xc5,0xcb,0xb8,0x7d,0xc5,0xcb,0xb8,0x7d,0xc5,0xcb,0xb8,0x7d,0xc7,0xcd,0xbc,0x7d,
	0x9b,0xbf,0xb3,0x7d,0x7b,0xaa,0xa1,0x7d,0x7c,0xac,0xa3,0x7d,0x7b,0xaa,0xa1,0x7d,
	0x7a,0xa9,0xa0,0x7d,0x7a,0xa9,0xa0,0x7d,0x7a,0xa9,0xa0,0x7d,0x79,0xab,0xa2,0x7d,
	0x79,0xa6,0x9d,0x7d,0xba,0xba,0xba,0x7b,0x9a,0x9a,0x9a,0x7b,0x00,0x00,0x00,0x1a,
	0x00,0x00,0x00,0x0d,0x00,0x00,0x00,0x04,0x00,0x00,0x00,0x00,0x00,0x00,0x00,0x00,
	0x00,0x00,0x00,0x00,0x00,0x00,0x00,0x00,0x00,0x00,0x00,0x00,0x00,0x00,0x00,0x00,
	0x00,0x00,0x00,0x00,0x00,0x00,0x00,0x00,0x00,0x00,0x00,0x00,0x00,0x00,0x00,0x00,
	0x00,0x00,0x00,0x00,0x00,0x00,0x00,0x00,0x00,0x00,0x00,0x00,0x00,0x00,0x00,0x00,
	0x00,0x00,0x00,0x04,0xd5,0xd5,0xd5,0x7b,0xcc,0xcc,0xcc,0x7b,0x8a,0xba,0xb2,0x7d,
	0x83,0xb8,0xaf,0x7d,0x81,0xb5,0xac,0x7d,0x81,0xb4,0xab,0x7d,0x81,0xb4,0xab,0x7d,
	0x81,0xb4,0xab,0x7d,0x80,0xb3,0xaa,0x7d,0x7e,0xb5,0xac,0x7d,0xbe,0xcd,0xc0,0x7d,
	0xb9,0xba,0xae,0x7d,0xc2,0xc4,0xb4,0x7d,0xc6,0xc2,0xad,0x7d,0xc6,0xc2,0xad,0x7d,
	0xca,0xc2,0xa9,0x7d,0xc6,0xbf,0xa6,0x7d,0xc6,0xbf,0xa6,0x7d,0xca,0xc2,0xa9,0x7d,
	0x9b,0xbf,0xb3,0x7d,0x7b,0xaa,0xa1,0x7d,0x7a,0xa9,0xa0,0x7d,0x7a,0xa9,0xa0,0x7d,
	0x7a,0xa9,0xa0,0x7d,0x79,0xa7,0x9e,0x7d,0x79,0xa6,0x9d,0x7d,0x79,0xab,0xa2,0x7d,
	0x78,0xa5,0x9c,0x7d,0xb7,0xb7,0xb7,0x7b,0x9a,0x9a,0x9a,0x7b,0x00,0x00,0x00,0x1a,
	0x00,0x00,0x00,0x0d,0x00,0x00,0x00,0x04,0x00,0x00,0x00,0x00,0x00,0x00,0x00,0x00,
	0x00,0x00,0x00,0x00,0x00,0x00,0x00,0x00,0x00,0x00,0x00,0x00,0x00,0x00,0x00,0x00,
	0x00,0x00,0x00,0x00,0x00,0x00,0x00,0x00,0x00,0x00,0x00,0x00,0x00,0x00,0x00,0x00,
	0x00,0x00,0x00,0x00,0x00,0x00,0x00,0x00,0x00,0x00,0x00,0x00,0x00,0x00,0x00,0x00,
	0x00,0x00,0x00,0x04,0xd5,0xd5,0xd5,0x7b,0xcc,0xcc,0xcc,0x7b,0x89,0xb8,0xb0,0x7d,
	0x82,0xb6,0xad,0x7d,0x82,0xb1,0xa9,0x7d,0x82,0xb1,0xa9,0x7d,0x80,0xb0,0xa8,0x7d,
	0x7f,0xb2,0xa8,0x7d,0x7e,0xb0,0xa7,0x7d,0x80,0xb3,0xaa,0x7d,0xbe,0xcd,0xc0,0x7d,
	0xbd,0xc0,0xb4,0x7d,0xc2,0xc4,0xb4,0x7d,0xc1,0xc1,0xac,0x7d,0xc6,0xc2,0xad,0x7d,
	0xc6,0xc2,0xad,0x7d,0xc1,0xc1,0xac,0x7d,0xc1,0xc1,0xac,0x7d,0xc2,0xc4,0xb4,0x7d,
	0x9b,0xbf,0xb3,0x7d,0x79,0xa6,0x9d,0x7d,0x7a,0xa9,0xa0,0x7d,0x79,0xa7,0x9e,0x7d,
	0x79,0xa6,0x9d,0x7d,0x79,0xa6,0x9d,0x7d,0x78,0xa5,0x9c,0x7d,0x75,0xa7,0xa0,0x7d,
	0x77,0xa3,0x9a,0x7d,0xb5,0xb5,0xb5,0x7b,0x9a,0x9a,0x9a,0x7b,0x00,0x00,0x00,0x1a,
	0x00,0x00,0x00,0x0d,0x00,0x00,0x00,0x04,0x00,0x00,0x00,0x00,0x00,0x00,0x00,0x00,
	0x00,0x00,0x00,0x00,0x00,0x00,0x00,0x00,0x00,0x00,0x00,0x00,0x00,0x00,0x00,0x00,
	0x00,0x00,0x00,0x00,0x00,0x00,0x00,0x00,0x00,0x00,0x00,0x00,0x00,0x00,0x00,0x00,
	0x00,0x00,0x00,0x00,0x00,0x00,0x00,0x00,0x00,0x00,0x00,0x00,0x00,0x00,0x00,0x00,
	0x00,0x00,0x00,0x04,0xd2,0xd2,0xd2,0x7b,0xc8,0xc8,0xc8,0x7b,0x85,0xb1,0xa9,0x7d,
	0x80,0xb0,0xa8,0x7d,0x80,0xb3,0xaa,0x7d,0x85,0xbe,0xb7,0x7d,0x85,0xbe,0xb7,0x7d,
	0x7e,0xb0,0xa7,0x7d,0x7e,0xb0,0xa7,0x7d,0x7f,0xb2,0xa8,0x7d,0xbe,0xca,0xbe,0x7d,
	0xb0,0xb5,0xaa,0x7d,0xb9,0xc4,0xb5,0x7d,0xc6,0xc2,0xad,0x7d,0xc1,0xc1,0xac,0x7d,
	0xc1,0xc1,0xac,0x7d,0xc1,0xc1,0xac,0x7d,0xbd,0xc1,0xad,0x7d,0xbc,0xc8,0xb8,0x7d,
	0x96,0xbb,0xaf,0x7d,0x79,0xa6,0x9d,0x7d,0x79,0xa6,0x9d,0x7d,0x79,0xa6,0x9d,0x7d,
	0x78,0xaf,0xa7,0x7d,0x78,0xaf,0xa7,0x7d,0x77,0xa3,0x9a,0x7d,0x77,0xa3,0x9a,0x7d,
	0x77,0xa3,0x9a,0x7d,0xb5,0xb5,0xb5,0x7b,0x96,0x96,0x96,0x7c,0x00,0x00,0x00,0x1a,
	0x00,0x00,0x00,0x0d,0x00,0x00,0x00,0x04,0x00,0x00,0x00,0x00,0x00,0x00,0x00,0x00,
	0x00,0x00,0x00,0x00,0x00,0x00,0x00,0x00,0x00,0x00,0x00,0x00,0x00,0x00,0x00,0x00,
	0x00,0x00,0x00,0x00,0x00,0x00,0x00,0x00,0x00,0x00,0x00,0x00,0x00,0x00,0x00,0x00,
	0x00,0x00,0x00,0x00,0x00,0x00,0x00,0x00,0x00,0x00,0x00,0x00,0x00,0x00,0x00,0x00,
	0x00,0x00,0x00,0x04,0xd2,0xd2,0xd2,0x7b,0xc8,0xc8,0xc8,0x7b,0xb7,0xb7,0xb7,0x7b,
	0x9a,0xa7,0xa4,0x7c,0x7e,0xb5,0xac,0x7d,0x7f,0xa8,0xa0,0x7d,0x7f,0xa8,0xa0,0x7d,
	0x7e,0xb0,0xa7,0x7d,0x7e,0xaf,0xa5,0x7d,0x7e,0xb0,0xa7,0x7d,0xb5,0xc8,0xbb,0x7d,
	0xbd,0xc0,0xb4,0x7d,0xbc,0xc8,0xb8,0x7d,0xb7,0xc1,0xb4,0x7d,0xb9,0xc4,0xb5,0x7d,
	0xbc,0xc8,0xb8,0x7d,0xb9,0xc4,0xb5,0x7d,0xb7,0xc1,0xb4,0x7d,0xbc,0xc8,0xb8,0x7d,
	0x96,0xbb,0xaf,0x7d,0x77,0xa3,0x9a,0x7d,0x77,0xa3,0x9a,0x7d,0x78,0xa5,0x9c,0x7d,
	0x76,0x9b,0x94,0x7d,0x76,0x9b,0x94,0x7d,0x77,0xa3,0x9a,0x7d,0x8b,0x8b,0x8b,0x7c,
	0x9f,0x9f,0x9f,0x7c,0xb2,0xb2,0xb2,0x7b,0x96,0x96,0x96,0x7c,0x00,0x00,0x00,0x1a,
	0x00,0x00,0x00,0x0d,0x00,0x00,0x00,0x04,0x00,0x00,0x00,0x00,0x00,0x00,0x00,0x00,
	0x00,0x00,0x00,0x00,0x00,0x00,0x00,0x00,0x00,0x00,0x00,0x00,0x00,0x00,0x00,0x00,
	0x00,0x00,0x00,0x00,0x00,0x00,0x00,0x00,0x00,0x00,0x00,0x00,0x00,0x00,0x00,0x00,
	0x00,0x00,0x00,0x00,0x00,0x00,0x00,0x00,0x00,0x00,0x00,0x00,0x00,0x00,0x00,0x00,
	0x00,0x00,0x00,0x04,0xcf,0xcf,0xcf,0x7b,0xc5,0xc5,0xc5,0x7b,0xc5,0xc5,0xc5,0x7b,
	0xa9,0xba,0xb7,0x7c,0x7e,0xb0,0xa7,0x7d,0x7d,0xb3,0xab,0x7d,0x7d,0xb3,0xab,0x7d,
	0x7e,0xaf,0xa5,0x7d,0x7c,0xac,0xa3,0x7d,0x7e,0xaf,0xa5,0x7d,0xb0,0xc3,0xb6,0x7d,
	0xb9,0xba,0xae,0x7d,0xbe,0xca,0xbe,0x7d,0xb5,0xc8,0xbb,0x7d,0xb5,0xc8,0xbb,0x7d,
	0xb5,0xc8,0xbb,0x7d,0xb4,0xc7,0xb9,0x7d,0xb3,0xc5,0xb7,0x7d,0xb3,0xc5,0xb7,0x7d,
	0x92,0xb6,0xaa,0x7d,0x77,0xa3,0x9a,0x7d,0x77,0xa3,0x9a,0x7d,0x77,0xa3,0x9a,0x7d,
	0x75,0xa7,0xa0,0x7d,0x75,0xa7,0xa0,0x7d,0x75,0xa2,0x98,0x7d,0x96,0x96,0x96,0x7c,
	0xb2,0xb2,0xb2,0x7b,0xb2,0xb2,0xb2,0x7b,0x96,0x96,0x96,0x7c,0x00,0x00,0x00,0x1a,
	0x00,0x00,0x00,0x0d,0x00,0x00,0x00,0x04,0x00,0x00,0x00,0x00,0x00,0x00,0x00,0x00,
	0x00,0x00,0x00,0x00,0x00,0x00,0x00,0x00,0x00,0x00,0x00,0x00,0x00,0x00,0x00,0x00,
	0x00,0x00,0x00,0x00,0x00,0x00,0x00,0x00,0x00,0x00,0x00,0x00,0x00,0x00,0x00,0x00,
	0x00,0x00,0x00,0x00,0x00,0x00,0x00,0x00,0x00,0x00,0x00,0x00,0x00,0x00,0x00,0x00,
	0x00,0x00,0x00,0x04,0xcf,0xcf,0xcf,0x7b,0xc3,0xc3,0xc3,0x7b,0xc2,0xc2,0xc2,0x7b,
	0xa3,0xb9,0xb5,0x7c,0x7e,0xaf,0xa5,0x7d,0x7e,0xb5,0xac,0x7d,0x7d,0xb3,0xab,0x7d,
	0x7c,0xac,0xa3,0x7d,0x7c,0xac,0xa3,0x7d,0x7c,0xac,0xa3,0x7d,0xb0,0xc3,0xb6,0x7d,
	0xb7,0xc1,0xb4,0x7d,0xb6,0xc9,0xbc,0x7d,0xb4,0xc7,0xb9,0x7d,0xb3,0xc5,0xb7,0x7d,
	0xb3,0xc5,0xb7,0x7d,0xb0,0xc2,0xb4,0x7d,0xad,0xbf,0xb2,0x7d,0xb0,0xc2,0xb4,0x7d,
	0x92,0xb6,0xaa,0x7d,0x75,0xa2,0x98,0x7d,0x77,0xa3,0x9a,0x7d,0x75,0xa2,0x98,0x7d,
	0x75,0xa7,0xa0,0x7d,0x75,0xa7,0xa0,0x7d,0x74,0xa1,0x97,0x7d,0x96,0x96,0x96,0x7c,
	0xb2,0xb2,0xb2,0x7b,0xaf,0xaf,0xaf,0x7b,0x93,0x93,0x93,0x7c,0x00,0x00,0x00,0x1a,
	0x00,0x00,0x00,0x0d,0x00,0x00,0x00,0x04,0x00,0x00,0x00,0x00,0x00,0x00,0x00,0x00,
	0x00,0x00,0x00,0x00,0x00,0x00,0x00,0x00,0x00,0x00,0x00,0x00,0x00,0x00,0x00,0x00,
	0x00,0x00,0x00,0x00,0x00,0x00,0x00,0x00,0x00,0x00,0x00,0x00,0x00,0x00,0x00,0x00,
	0x00,0x00,0x00,0x00,0x00,0x00,0x00,0x00,0x00,0x00,0x00,0x00,0x00,0x00,0x00,0x00,
	0x00,0x00,0x00,0x04,0xcd,0xcd,0xcd,0x7a,0xc3,0xc3,0xc3,0x7b,0xc0,0xc0,0xc0,0x7b,
	0xa3,0xb9,0xb5,0x7c,0x7c,0xac,0xa3,0x7d,0x7d,0xb3,0xab,0x7d,0x7d,0xb3,0xab,0x7d,
	0x7b,0xaa,0xa1,0x7d,0x7a,0xa9,0xa0,0x7d,0x7b,0xaa,0xa1,0x7d,0xad,0xc5,0xb8,0x7d,
	0xb5,0xc8,0xbb,0x7d,0xb3,0xc5,0xb7,0x7d,0xb3,0xc5,0xb7,0x7d,0xb0,0xc2,0xb4,0x7d,
	0xad,0xbf,0xb2,0x7d,0xad,0xbf,0xb2,0x7d,0xad,0xbf,0xb2,0x7d,0xad,0xbf,0xb2,0x7d,
	0x8b,0xb1,0xa4,0x7d,0x74,0xa1,0x97,0x7d,0x74,0xa1,0x97,0x7d,0x74,0xa1,0x97,0x7d,
	0x75,0xa7,0xa0,0x7d,0x75,0xa7,0xa0,0x7d,0x73,0x9f,0x95,0x7d,0x93,0x93,0x93,0x7c,
	0xaf,0xaf,0xaf,0x7b,0xac,0xac,0xac,0x7b,0x93,0x93,0x93,0x7c,0x00,0x00,0x00,0x1a,
	0x00,0x00,0x00,0x0d,0x00,0x00,0x00,0x04,0x00,0x00,0x00,0x00,0x00,0x00,0x00,0x00,
	0x00,0x00,0x00,0x00,0x00,0x00,0x00,0x00,0x00,0x00,0x00,0x00,0x00,0x00,0x00,0x00,
	0x00,0x00,0x00,0x00,0x00,0x00,0x00,0x00,0x00,0x00,0x00,0x00,0x00,0x00,0x00,0x00,
	0x00,0x00,0x00,0x00,0x00,0x00,0x00,0x00,0x00,0x00,0x00,0x00,0x00,0x00,0x00,0x00,
	0x00,0x00,0x00,0x04,0xc9,0xc9,0xc9,0x74,0xbf,0xbf,0xbf,0x7b,0xc0,0xc0,0xc0,0x7b,
	0xa0,0xb4,0xb1,0x7c,0x7c,0xac,0xa3,0x7d,0x7b,0x9f,0x98,0x7d,0x7b,0x9f,0x98,0x7d,
	0x7a,0xa9,0xa0,0x7d,0x7a,0xa9,0xa0,0x7d,0x7a,0xa9,0xa0,0x7d,0xa9,0xc1,0xb4,0x7d,
	0xb3,0xc5,0xb7,0x7d,0xb0,0xc3,0xb6,0x7d,0xb0,0xc2,0xb4,0x7d,0xad,0xbf,0xb2,0x7d,
	0xad,0xbf,0xb2,0x7d,0xab,0xbc,0xae,0x7d,0xab,0xbc,0xae,0x7d,0xab,0xbc,0xae,0x7d,
	0x8b,0xb1,0xa4,0x7d,0x73,0x9f,0x95,0x7d,0x74,0xa1,0x97,0x7d,0x73,0x9f,0x95,0x7d,
	0x73,0x94,0x8d,0x7d,0x73,0x94,0x8d,0x7d,0x73,0x9f,0x95,0x7d,0x93,0x93,0x93,0x7c,
	0xaf,0xaf,0xaf,0x7b,0xa4,0xa4,0xa4,0x7b,0x8d,0x8d,0x8d,0x77,0x00,0x00,0x00,0x1a,
	0x00,0x00,0x00,0x0d,0x00,0x00,0x00,0x04,0x00,0x00,0x00,0x00,0x00,0x00,0x00,0x00,
	0x00,0x00,0x00,0x00,0x00,0x00,0x00,0x00,0x00,0x00,0x00,0x00,0x00,0x00,0x00,0x00,
	0x00,0x00,0x00,0x00,0x00,0x00,0x00,0x00,0x00,0x00,0x00,0x00,0x00,0x00,0x00,0x00,
	0x00,0x00,0x00,0x00,0x00,0x00,0x00,0x00,0x00,0x00,0x00,0x00,0x00,0x00,0x00,0x00,
	0x00,0x00,0x00,0x04,0xbc,0xbc,0xbc,0x56,0xbc,0xbc,0xbc,0x7b,0xbd,0xbd,0xbd,0x7b,
	0xa0,0xb4,0xb1,0x7c,0x7c,0xad,0xa4,0x7d,0x7b,0xb5,0xae,0x7d,0x7b,0xb5,0xae,0x7d,
	0x79,0xab,0xa2,0x7d,0x7a,0xa9,0xa0,0x7d,0x79,0xab,0xa2,0x7d,0xa9,0xc1,0xb4,0x7d,
	0xb0,0xc2,0xb4,0x7d,0xab,0xbc,0xae,0x7d,0xa9,0xb8,0xaa,0x7d,0xab,0xbc,0xae,0x7d,
	0xa9,0xb8,0xaa,0x7d,0xa4,0xb2,0xa4,0x7d,0xa4,0xb2,0xa4,0x7d,0xa9,0xb8,0xaa,0x7d,
	0x8b,0xb1,0xa4,0x7d,0x74,0xa1,0x97,0x7d,0x74,0xa1,0x97,0x7d,0x74,0xa1,0x97,0x7d,
	0x75,0xa7,0xa0,0x7d,0x75,0xa7,0xa0,0x7d,0x73,0x9f,0x95,0x7d,0x93,0x93,0x93,0x7c,
	0xac,0xac,0xac,0x7b,0x96,0x96,0x96,0x7c,0x76,0x76,0x76,0x5e,0x00,0x00,0x00,0x17,
	0x00,0x00,0x00,0x0c,0x00,0x00,0x00,0x04,0x00,0x00,0x00,0x00,0x00,0x00,0x00,0x00,
	0x00,0x00,0x00,0x00,0x00,0x00,0x00,0x00,0x00,0x00,0x00,0x00,0x00,0x00,0x00,0x00,
	0x00,0x00,0x00,0x00,0x00,0x00,0x00,0x00,0x00,0x00,0x00,0x00,0x00,0x00,0x00,0x00,
	0x00,0x00,0x00,0x00,0x00,0x00,0x00,0x00,0x00,0x00,0x00,0x00,0x00,0x00,0x00,0x00,
	0x00,0x00,0x00,0x01,0x74,0x74,0x74,0x1c,0xac,0xac,0xac,0x74,0xaf,0xaf,0xaf,0x7b,
	0xa0,0xb4,0xb1,0x7c,0x7d,0x94,0x8e,0x7d,0x7d,0x94,0x8e,0x7d,0x7d,0x94,0x8e,0x7d,
	0x7b,0x92,0x8c,0x7d,0x7b,0x92,0x8c,0x7d,0x7b,0x92,0x8c,0x7d,0xa4,0xb2,0xa4,0x7d,
	0xb0,0xb5,0xaa,0x7d,0xa8,0xb0,0xa3,0x7d,0xa4,0xa8,0x9c,0x7d,0xa6,0xac,0xa0,0x7d,
	0xa8,0xb0,0xa3,0x7d,0xa6,0xac,0xa0,0x7d,0xa4,0xa8,0x9c,0x7d,0xa8,0xb0,0xa3,0x7d,
	0x89,0x9f,0x95,0x7d,0x75,0x89,0x84,0x7d,0x75,0x89,0x84,0x7d,0x75,0x89,0x84,0x7d,
	0x75,0x89,0x84,0x7d,0x73,0x87,0x81,0x7d,0x73,0x87,0x81,0x7d,0x8b,0x8b,0x8b,0x7c,
	0x93,0x93,0x93,0x7c,0x7f,0x7f,0x7f,0x76,0x3a,0x3a,0x3a,0x2c,0x00,0x00,0x00,0x14,
	0x00,0x00,0x00,0x09,0x00,0x00,0x00,0x03,0x00,0x00,0x00,0x00,0x00,0x00,0x00,0x00,
	0x00,0x00,0x00,0x00,0x00,0x00,0x00,0x00,0x00,0x00,0x00,0x00,0x00,0x00,0x00,0x00,
	0x00,0x00,0x00,0x00,0x00,0x00,0x00,0x00,0x00,0x00,0x00,0x00,0x00,0x00,0x00,0x00,
	0x00,0x00,0x00,0x00,0x00,0x00,0x00,0x00,0x00,0x00,0x00,0x00,0x00,0x00,0x00,0x00,
	0x00,0x00,0x00,0x01,0x00,0x00,0x00,0x06,0x74,0x74,0x74,0x1c,0x88,0x88,0x88,0x5a,
	0x8e,0x8e,0x8e,0x76,0x8b,0x8b,0x8b,0x7c,0x8b,0x8b,0x8b,0x7c,0x8b,0x8b,0x8b,0x7c,
	0x8b,0x8b,0x8b,0x7c,0x88,0x88,0x88,0x7b,0x88,0x88,0x88,0x7b,0x88,0x88,0x88,0x7b,
	0x88,0x88,0x88,0x7b,0x86,0x86,0x86,0x7b,0x86,0x86,0x86,0x7b,0x86,0x86,0x86,0x7b,
	0x86,0x86,0x86,0x7b,0x86,0x86,0x86,0x7b,0x86,0x86,0x86,0x7b,0x86,0x86,0x86,0x7b,
	0x83,0x83,0x83,0x7b,0x83,0x83,0x83,0x7b,0x83,0x83,0x83,0x7b,0x83,0x83,0x83,0x7b,
	0x81,0x81,0x81,0x7b,0x81,0x81,0x81,0x7b,0x81,0x81,0x81,0x7b,0x7c,0x7c,0x7c,0x77,
	0x6d,0x6d,0x6d,0x5e,0x37,0x37,0x37,0x2c,0x00,0x00,0x00,0x17,0x00,0x00,0x00,0x0d,
	0x00,0x00,0x00,0x06,0x00,0x00,0x00,0x01,0x00,0x00,0x00,0x00,0x00,0x00,0x00,0x00,
	0x00,0x00,0x00,0x00,0x00,0x00,0x00,0x00,0x00,0x00,0x00,0x00,0x00,0x00,0x00,0x00,
	0x00,0x00,0x00,0x00,0x00,0x00,0x00,0x00,0x00,0x00,0x00,0x00,0x00,0x00,0x00,0x00,
	0x00,0x00,0x00,0x00,0x00,0x00,0x00,0x00,0x00,0x00,0x00,0x00,0x00,0x00,0x00,0x00,
	0x00,0x00,0x00,0x01,0x00,0x00,0x00,0x03,0x00,0x00,0x00,0x07,0x00,0x00,0x00,0x0d,
	0x00,0x00,0x00,0x14,0x00,0x00,0x00,0x17,0x00,0x00,0x00,0x1a,0x00,0x00,0x00,0x1a,
	0x00,0x00,0x00,0x1a,0x00,0x00,0x00,0x1a,0x00,0x00,0x00,0x1a,0x00,0x00,0x00,0x1a,
	0x00,0x00,0x00,0x1a,0x00,0x00,0x00,0x1a,0x00,0x00,0x00,0x1a,0x00,0x00,0x00,0x1a,
	0x00,0x00,0x00,0x1a,0x00,0x00,0x00,0x1a,0x00,0x00,0x00,0x1a,0x00,0x00,0x00,0x1a,
	0x00,0x00,0x00,0x1a,0x00,0x00,0x00,0x1a,0x00,0x00,0x00,0x1a,0x00,0x00,0x00,0x1a,
	0x00,0x00,0x00,0x1a,0x00,0x00,0x00,0x1a,0x00,0x00,0x00,0x1a,0x00,0x00,0x00,0x1a,
	0x00,0x00,0x00,0x17,0x00,0x00,0x00,0x14,0x00,0x00,0x00,0x0d,0x00,0x00,0x00,0x07,
	0x00,0x00,0x00,0x03,0x00,0x00,0x00,0x01,0x00,0x00,0x00,0x00,0x00,0x00,0x00,0x00,
	0x00,0x00,0x00,0x00,0x00,0x00,0x00,0x00,0x00,0x00,0x00,0x00,0x00,0x00,0x00,0x00,
	0x00,0x00,0x00,0x00,0x00,0x00,0x00,0x00,0x00,0x00,0x00,0x00,0x00,0x00,0x00,0x00,
	0x00,0x00,0x00,0x00,0x00,0x00,0x00,0x00,0x00,0x00,0x00,0x00,0x00,0x00,0x00,0x00,
	0x00,0x00,0x00,0x00,0x00,0x00,0x00,0x01,0x00,0x00,0x00,0x03,0x00,0x00,0x00,0x06,
	0x00,0x00,0x00,0x09,0x00,0x00,0x00,0x0c,0x00,0x00,0x00,0x0d,0x00,0x00,0x00,0x0d,
	0x00,0x00,0x00,0x0d,0x00,0x00,0x00,0x0d,0x00,0x00,0x00,0x0d,0x00,0x00,0x00,0x0d,
	0x00,0x00,0x00,0x0d,0x00,0x00,0x00,0x0d,0x00,0x00,0x00,0x0d,0x00,0x00,0x00,0x0d,
	0x00,0x00,0x00,0x0d,0x00,0x00,0x00,0x0d,0x00,0x00,0x00,0x0d,0x00,0x00,0x00,0x0d,
	0x00,0x00,0x00,0x0d,0x00,0x00,0x00,0x0d,0x00,0x00,0x00,0x0d,0x00,0x00,0x00,0x0d,
	0x00,0x00,0x00,0x0d,0x00,0x00,0x00,0x0d,0x00,0x00,0x00,0x0d,0x00,0x00,0x00,0x0d,
	0x00,0x00,0x00,0x0c,0x00,0x00,0x00,0x09,0x00,0x00,0x00,0x06,0x00,0x00,0x00,0x03,
	0x00,0x00,0x00,0x01,0x00,0x00,0x00,0x00,0x00,0x00,0x00,0x00,0x00,0x00,0x00,0x00,
	0x00,0x00,0x00,0x00,0x00,0x00,0x00,0x00,0x00,0x00,0x00,0x00,0x00,0x00,0x00,0x00,
	0x00,0x00,0x00,0x00,0x00,0x00,0x00,0x00,0x00,0x00,0x00,0x00,0x00,0x00,0x00,0x00,
	0x00,0x00,0x00,0x00,0x00,0x00,0x00,0x00,0x00,0x00,0x00,0x00,0x00,0x00,0x00,0x00,
	0x00,0x00,0x00,0x00,0x00,0x00,0x00,0x00,0x00,0x00,0x00,0x01,0x00,0x00,0x00,0x01,
	0x00,0x00,0x00,0x03,0x00,0x00,0x00,0x04,0x00,0x00,0x00,0x04,0x00,0x00,0x00,0x04,
	0x00,0x00,0x00,0x04,0x00,0x00,0x00,0x04,0x00,0x00,0x00,0x04,0x00,0x00,0x00,0x04,
	0x00,0x00,0x00,0x04,0x00,0x00,0x00,0x04,0x00,0x00,0x00,0x04,0x00,0x00,0x00,0x04,
	0x00,0x00,0x00,0x04,0x00,0x00,0x00,0x04,0x00,0x00,0x00,0x04,0x00,0x00,0x00,0x04,
	0x00,0x00,0x00,0x04,0x00,0x00,0x00,0x04,0x00,0x00,0x00,0x04,0x00,0x00,0x00,0x04,
	0x00,0x00,0x00,0x04,0x00,0x00,0x00,0x04,0x00,0x00,0x00,0x04,0x00,0x00,0x00,0x04,
	0x00,0x00,0x00,0x04,0x00,0x00,0x00,0x03,0x00,0x00,0x00,0x01,0x00,0x00,0x00,0x01,
	0x00,0x00,0x00,0x00,0x00,0x00,0x00,0x00,0x00,0x00,0x00,0x00,0x00,0x00,0x00,0x00,
	0x00,0x00,0x00,0x00,0x00,0x00,0x00,0x00,0x00,0x00,0x00,0x00,0x00,0x00,0x00,0x00,
	0x00,0x00,0x00,0x00,0x00,0x00,0x00,0x00,0x00,0x00,0x00,0x00,0x00,0x00,0x00,0x00,
	0x00,0x00,0x00,0x00,0x00,0x00,0x00,0x00,0x00,0x00,0x00,0x00,0x00,0x00,0x00,0x00,
	0x00,0x00,0x00,0x00,0x00,0x00,0x00,0x00,0x00,0x00,0x00,0x00,0x00,0x00,0x00,0x00,
	0x00,0x00,0x00,0x00,0x00,0x00,0x00,0x00,0x00,0x00,0x00,0x00,0x00,0x00,0x00,0x00,
	0x00,0x00,0x00,0x00,0x00,0x00,0x00,0x00,0x00,0x00,0x00,0x00,0x00,0x00,0x00,0x00,
	0x00,0x00,0x00,0x00,0x00,0x00,0x00,0x00,0x00,0x00,0x00,0x00,0x00,0x00,0x00,0x00,
	0x00,0x00,0x00,0x00,0x00,0x00,0x00,0x00,0x00,0x00,0x00,0x00,0x00,0x00,0x00,0x00,
	0x00,0x00,0x00,0x00,0x00,0x00,0x00,0x00,0x00,0x00,0x00,0x00,0x00,0x00,0x00,0x00,
	0x00,0x00,0x00,0x00,0x00,0x00,0x00,0x00,0x00,0x00,0x00,0x00,0x00,0x00,0x00,0x00,
	0x00,0x00,0x00,0x00,0x00,0x00,0x00,0x00,0x00,0x00,0x00,0x00,0x00,0x00,0x00,0x00,
	0x00,0x00,0x00,0x00,0x00,0x00,0x00,0x00,0x00,0x00,0x00,0x00,0x00,0x00,0x00,0x00,
	0x00,0x00,0x00,0x00,0x00,0x00,0x00,0x00,0x00,0x00,0x00,0x00,0x00,0x00,0x00,0x00,
	0x00,0x00,0x00,0x00,0x00,0x00,0x00,0x00,0x00,0x00,0x00,0x00,0x00,0x00,0x00,0x00,
	0x00,0x00,0x00,0x00,0x00,0x00,0x00,0x00,0x00,0x00,0x00,0x00,0x00,0x00,0x00,0x00,
	0x00,0x00,0x00,0x00,0x00,0x00,0x00,0x00,0x00,0x00,0x00,0x00,0x00,0x00,0x00,0x00,
	0x00,0x00,0x00,0x00,0x00,0x00,0x00,0x00,0x00,0x00,0x00,0x00,0x00,0x00,0x00,0x00,
	0x00,0x00,0x00,0x00,0x00,0x00,0x00,0x00,0x00,0x00,0x00,0x00,0x00,0x00,0x00,0x00,
	0x00,0x00,0x00,0x00,0x00,0x00,0x00,0x00,0x00,0x00,0x00,0x00,0x00,0x00,0x00,0x00,
	0x00,0x00,0x00,0x00,0x00,0x00,0x00,0x00,0x00,0x00,0x00,0x00,0x00,0x00,0x00,0x00,
	0x00,0x00,0x00,0x00,0x00,0x00,0x00,0x00,0x00,0x00,0x00,0x00,0x00,0x00,0x00,0x00,
	0x00,0x00,0x00,0x00,0x00,0x00,0x00,0x00,0x00,0x00,0x00,0x00,0x00,0x00,0x00,0x00,
	0x00,0x00,0x00,0x00,0x00,0x00,0x00,0x00,0x00,0x00,0x00,0x00,0x00,0x00,0x00,0x00,
	0x00,0x00,0x00,0x00,0x00,0x00,0x00,0x00,0x00,0x00,0x00,0x00,0x00,0x00,0x00,0x00,
	0x00,0x00,0x00,0x00,0x00,0x00,0x00,0x00,0x00,0x00,0x00,0x00,0x00,0x00,0x00,0x00,
};
static const unsigned char rgba_s_IconATA[ 9216 ] __attribute__(   (  aligned( 16 ), section( ".data" )  )   ) = {
	0x00,0x00,0x00,0x00,0x00,0x00,0x00,0x00,0x00,0x00,0x00,0x00,0x00,0x00,0x00,0x00,
	0x00,0x00,0x00,0x00,0x00,0x00,0x00,0x00,0x00,0x00,0x00,0x00,0x00,0x00,0x00,0x00,
	0x00,0x00,0x00,0x00,0x00,0x00,0x00,0x00,0x00,0x00,0x00,0x00,0x00,0x00,0x00,0x00,
	0x00,0x00,0x00,0x00,0x00,0x00,0x00,0x00,0x00,0x00,0x00,0x00,0x00,0x00,0x00,0x00,
	0x00,0x00,0x00,0x00,0x00,0x00,0x00,0x00,0x00,0x00,0x00,0x00,0x00,0x00,0x00,0x00,
	0x00,0x00,0x00,0x00,0x00,0x00,0x00,0x00,0x00,0x00,0x00,0x00,0x00,0x00,0x00,0x00,
	0x00,0x00,0x00,0x00,0x00,0x00,0x00,0x00,0x00,0x00,0x00,0x00,0x00,0x00,0x00,0x00,
	0x00,0x00,0x00,0x00,0x00,0x00,0x00,0x00,0x00,0x00,0x00,0x00,0x00,0x00,0x00,0x00,
	0x00,0x00,0x00,0x00,0x00,0x00,0x00,0x00,0x00,0x00,0x00,0x00,0x00,0x00,0x00,0x00,
	0x00,0x00,0x00,0x00,0x00,0x00,0x00,0x00,0x00,0x00,0x00,0x00,0x00,0x00,0x00,0x00,
	0x00,0x00,0x00,0x00,0x00,0x00,0x00,0x00,0x00,0x00,0x00,0x00,0x00,0x00,0x00,0x00,
	0x00,0x00,0x00,0x00,0x00,0x00,0x00,0x00,0x00,0x00,0x00,0x00,0x00,0x00,0x00,0x00,
	0x00,0x00,0x00,0x00,0x00,0x00,0x00,0x00,0x00,0x00,0x00,0x00,0x00,0x00,0x00,0x00,
	0x00,0x00,0x00,0x00,0x00,0x00,0x00,0x00,0x00,0x00,0x00,0x00,0x00,0x00,0x00,0x00,
	0x00,0x00,0x00,0x00,0x00,0x00,0x00,0x00,0x00,0x00,0x00,0x00,0x00,0x00,0x00,0x00,
	0x00,0x00,0x00,0x00,0x00,0x00,0x00,0x00,0x00,0x00,0x00,0x00,0x00,0x00,0x00,0x00,
	0x00,0x00,0x00,0x00,0x00,0x00,0x00,0x00,0x00,0x00,0x00,0x00,0x00,0x00,0x00,0x00,
	0x00,0x00,0x00,0x00,0x00,0x00,0x00,0x00,0x00,0x00,0x00,0x00,0x00,0x00,0x00,0x00,
	0x00,0x00,0x00,0x00,0x00,0x00,0x00,0x00,0x00,0x00,0x00,0x00,0x00,0x00,0x00,0x00,
	0x00,0x00,0x00,0x00,0x00,0x00,0x00,0x00,0x00,0x00,0x00,0x00,0x00,0x00,0x00,0x00,
	0x00,0x00,0x00,0x00,0x00,0x00,0x00,0x00,0x00,0x00,0x00,0x00,0x00,0x00,0x00,0x00,
	0x00,0x00,0x00,0x00,0x00,0x00,0x00,0x00,0x00,0x00,0x00,0x00,0x00,0x00,0x00,0x00,
	0x00,0x00,0x00,0x00,0x00,0x00,0x00,0x00,0x00,0x00,0x00,0x00,0x00,0x00,0x00,0x00,
	0x00,0x00,0x00,0x00,0x00,0x00,0x00,0x00,0x00,0x00,0x00,0x00,0x00,0x00,0x00,0x00,
	0x00,0x00,0x00,0x00,0x00,0x00,0x00,0x00,0x00,0x00,0x00,0x00,0x00,0x00,0x00,0x00,
	0x00,0x00,0x00,0x00,0x00,0x00,0x00,0x00,0x00,0x00,0x00,0x00,0x00,0x00,0x00,0x00,
	0x00,0x00,0x00,0x00,0x00,0x00,0x00,0x00,0x00,0x00,0x00,0x00,0x00,0x00,0x00,0x00,
	0x00,0x00,0x00,0x00,0x00,0x00,0x00,0x00,0x00,0x00,0x00,0x00,0x00,0x00,0x00,0x00,
	0x00,0x00,0x00,0x00,0x00,0x00,0x00,0x00,0x00,0x00,0x00,0x00,0x00,0x00,0x00,0x00,
	0x00,0x00,0x00,0x00,0x00,0x00,0x00,0x00,0x00,0x00,0x00,0x00,0x00,0x00,0x00,0x00,
	0x00,0x00,0x00,0x00,0x00,0x00,0x00,0x00,0x00,0x00,0x00,0x00,0x00,0x00,0x00,0x00,
	0x00,0x00,0x00,0x00,0x00,0x00,0x00,0x00,0x00,0x00,0x00,0x00,0x00,0x00,0x00,0x00,
	0x00,0x00,0x00,0x00,0x00,0x00,0x00,0x00,0x00,0x00,0x00,0x00,0x00,0x00,0x00,0x00,
	0x00,0x00,0x00,0x00,0x00,0x00,0x00,0x00,0x00,0x00,0x00,0x00,0x00,0x00,0x00,0x00,
	0x00,0x00,0x00,0x00,0x00,0x00,0x00,0x00,0x00,0x00,0x00,0x00,0x00,0x00,0x00,0x00,
	0x00,0x00,0x00,0x00,0x00,0x00,0x00,0x00,0x00,0x00,0x00,0x00,0x00,0x00,0x00,0x00,
	0x00,0x00,0x00,0x00,0x00,0x00,0x00,0x00,0x00,0x00,0x00,0x00,0x00,0x00,0x00,0x00,
	0x00,0x00,0x00,0x00,0x00,0x00,0x00,0x00,0x00,0x00,0x00,0x00,0x00,0x00,0x00,0x00,
	0x00,0x00,0x00,0x00,0x00,0x00,0x00,0x00,0x00,0x00,0x00,0x00,0x00,0x00,0x00,0x00,
	0x00,0x00,0x00,0x00,0x00,0x00,0x00,0x00,0x00,0x00,0x00,0x00,0x00,0x00,0x00,0x00,
	0x00,0x00,0x00,0x00,0x00,0x00,0x00,0x00,0x00,0x00,0x00,0x00,0x00,0x00,0x00,0x00,
	0x00,0x00,0x00,0x00,0x00,0x00,0x00,0x00,0x00,0x00,0x00,0x00,0x00,0x00,0x00,0x00,
	0x00,0x00,0x00,0x00,0x00,0x00,0x00,0x00,0x00,0x00,0x00,0x00,0x00,0x00,0x00,0x00,
	0x00,0x00,0x00,0x00,0x00,0x00,0x00,0x00,0x00,0x00,0x00,0x00,0x00,0x00,0x00,0x00,
	0x00,0x00,0x00,0x00,0x00,0x00,0x00,0x00,0x00,0x00,0x00,0x00,0x00,0x00,0x00,0x00,
	0x00,0x00,0x00,0x00,0x00,0x00,0x00,0x00,0x00,0x00,0x00,0x00,0x00,0x00,0x00,0x00,
	0x00,0x00,0x00,0x00,0x00,0x00,0x00,0x00,0x00,0x00,0x00,0x00,0x00,0x00,0x00,0x00,
	0x00,0x00,0x00,0x00,0x00,0x00,0x00,0x00,0x00,0x00,0x00,0x00,0x00,0x00,0x00,0x00,
	0x00,0x00,0x00,0x00,0x00,0x00,0x00,0x00,0x00,0x00,0x00,0x00,0x00,0x00,0x00,0x00,
	0x00,0x00,0x00,0x00,0x00,0x00,0x00,0x00,0x00,0x00,0x00,0x00,0x00,0x00,0x00,0x01,
	0x00,0x00,0x00,0x02,0x00,0x00,0x00,0x03,0x00,0x00,0x00,0x04,0x00,0x00,0x00,0x05,
	0x00,0x00,0x00,0x05,0x00,0x00,0x00,0x05,0x00,0x00,0x00,0x05,0x00,0x00,0x00,0x05,
	0x00,0x00,0x00,0x05,0x00,0x00,0x00,0x05,0x00,0x00,0x00,0x05,0x00,0x00,0x00,0x05,
	0x00,0x00,0x00,0x05,0x00,0x00,0x00,0x05,0x00,0x00,0x00,0x05,0x00,0x00,0x00,0x05,
	0x00,0x00,0x00,0x05,0x00,0x00,0x00,0x05,0x00,0x00,0x00,0x05,0x00,0x00,0x00,0x05,
	0x00,0x00,0x00,0x05,0x00,0x00,0x00,0x05,0x00,0x00,0x00,0x05,0x00,0x00,0x00,0x05,
	0x00,0x00,0x00,0x05,0x00,0x00,0x00,0x05,0x00,0x00,0x00,0x05,0x00,0x00,0x00,0x05,
	0x00,0x00,0x00,0x05,0x00,0x00,0x00,0x05,0x00,0x00,0x00,0x04,0x00,0x00,0x00,0x04,
	0x00,0x00,0x00,0x02,0x00,0x00,0x00,0x01,0x00,0x00,0x00,0x00,0x00,0x00,0x00,0x00,
	0x00,0x00,0x00,0x00,0x00,0x00,0x00,0x00,0x00,0x00,0x00,0x00,0x00,0x00,0x00,0x00,
	0x00,0x00,0x00,0x00,0x00,0x00,0x00,0x00,0x00,0x00,0x00,0x00,0x00,0x00,0x00,0x00,
	0x00,0x00,0x00,0x00,0x00,0x00,0x00,0x00,0x00,0x00,0x00,0x00,0xb7,0xb7,0xb7,0x06,
	0xf7,0xf7,0xf7,0x5a,0xfb,0xfb,0xfb,0x7e,0xfb,0xfb,0xfb,0x80,0xfa,0xfa,0xfa,0x80,
	0xfa,0xfa,0xfa,0x80,0xfa,0xfa,0xfa,0x80,0xf9,0xf9,0xf9,0x80,0xf9,0xf9,0xf9,0x80,
	0xf8,0xf8,0xf8,0x80,0xf8,0xf8,0xf8,0x80,0xf8,0xf8,0xf8,0x80,0xf7,0xf7,0xf7,0x80,
	0xf7,0xf7,0xf7,0x80,0xf6,0xf6,0xf6,0x80,0xf6,0xf6,0xf6,0x80,0xf5,0xf5,0xf5,0x80,
	0xf5,0xf5,0xf5,0x80,0xf5,0xf5,0xf5,0x80,0xf4,0xf4,0xf4,0x80,0xf4,0xf4,0xf4,0x80,
	0xf3,0xf3,0xf3,0x80,0xf3,0xf3,0xf3,0x80,0xf2,0xf2,0xf2,0x80,0xf2,0xf2,0xf2,0x80,
	0xf1,0xf1,0xf1,0x80,0xf1,0xf1,0xf1,0x80,0xf0,0xf0,0xf0,0x80,0xf0,0xf0,0xf0,0x80,
	0xef,0xef,0xef,0x80,0xef,0xef,0xef,0x80,0xec,0xec,0xec,0x78,0xd2,0xd2,0xd2,0x37,
	0x00,0x00,0x00,0x07,0x00,0x00,0x00,0x03,0x00,0x00,0x00,0x01,0x00,0x00,0x00,0x00,
	0x00,0x00,0x00,0x00,0x00,0x00,0x00,0x00,0x00,0x00,0x00,0x00,0x00,0x00,0x00,0x00,
	0x00,0x00,0x00,0x00,0x00,0x00,0x00,0x00,0x00,0x00,0x00,0x00,0x00,0x00,0x00,0x00,
	0x00,0x00,0x00,0x00,0x00,0x00,0x00,0x00,0x00,0x00,0x00,0x01,0xee,0xee,0xee,0x31,
	0xfb,0xfb,0xfb,0x80,0xfa,0xfa,0xfa,0x80,0xfa,0xfa,0xfa,0x80,0xf9,0xf9,0xf9,0x80,
	0xf9,0xf9,0xf9,0x80,0xf9,0xf9,0xf9,0x80,0xf8,0xf8,0xf8,0x80,0xf8,0xf8,0xf8,0x80,
	0xf7,0xf7,0xf7,0x80,0xf7,0xf7,0xf7,0x80,0xf7,0xf7,0xf7,0x80,0xf6,0xf6,0xf6,0x80,
	0xf6,0xf6,0xf6,0x80,0xf5,0xf5,0xf5,0x80,0xf5,0xf5,0xf5,0x80,0xf5,0xf5,0xf5,0x80,
	0xf4,0xf4,0xf4,0x80,0xf4,0xf4,0xf4,0x80,0xf3,0xf3,0xf3,0x80,0xf3,0xf3,0xf3,0x80,
	0xf2,0xf2,0xf2,0x80,0xf2,0xf2,0xf2,0x80,0xf1,0xf1,0xf1,0x80,0xf1,0xf1,0xf1,0x80,
	0xf0,0xf0,0xf0,0x80,0xf0,0xf0,0xf0,0x80,0xef,0xef,0xef,0x80,0xef,0xef,0xef,0x80,
	0xee,0xee,0xee,0x80,0xee,0xee,0xee,0x80,0xed,0xed,0xed,0x80,0xeb,0xeb,0xeb,0x7a,
	0x21,0x21,0x21,0x12,0x00,0x00,0x00,0x07,0x00,0x00,0x00,0x03,0x00,0x00,0x00,0x00,
	0x00,0x00,0x00,0x00,0x00,0x00,0x00,0x00,0x00,0x00,0x00,0x00,0x00,0x00,0x00,0x00,
	0x00,0x00,0x00,0x00,0x00,0x00,0x00,0x00,0x00,0x00,0x00,0x00,0x00,0x00,0x00,0x00,
	0x00,0x00,0x00,0x00,0x00,0x00,0x00,0x00,0x00,0x00,0x00,0x02,0xef,0xef,0xef,0x46,
	0xfa,0xfa,0xfa,0x80,0xf9,0xf9,0xf9,0x80,0xaf,0xaf,0xaf,0x80,0x90,0x90,0x90,0x80,
	0xb0,0xb0,0xb0,0x80,0xf8,0xf8,0xf8,0x80,0xf7,0xf7,0xf7,0x80,0xf7,0xf7,0xf7,0x80,
	0xf7,0xf7,0xf7,0x80,0xf6,0xf6,0xf6,0x80,0xf6,0xf6,0xf6,0x80,0xf5,0xf5,0xf5,0x80,
	0xf5,0xf5,0xf5,0x80,0xf4,0xf4,0xf4,0x80,0xf4,0xf4,0xf4,0x80,0xf4,0xf4,0xf4,0x80,
	0xf3,0xf3,0xf3,0x80,0xf3,0xf3,0xf3,0x80,0xf2,0xf2,0xf2,0x80,0xf2,0xf2,0xf2,0x80,
	0xf1,0xf1,0xf1,0x80,0xf1,0xf1,0xf1,0x80,0xf0,0xf0,0xf0,0x80,0xf0,0xf0,0xf0,0x80,
	0xef,0xef,0xef,0x80,0xef,0xef,0xef,0x80,0xee,0xee,0xee,0x80,0xa7,0xa7,0xa7,0x80,
	0x89,0x89,0x89,0x80,0xa8,0xa8,0xa8,0x80,0xec,0xec,0xec,0x80,0xec,0xec,0xec,0x80,
	0x74,0x74,0x74,0x26,0x00,0x00,0x00,0x0c,0x00,0x00,0x00,0x04,0x00,0x00,0x00,0x01,
	0x00,0x00,0x00,0x00,0x00,0x00,0x00,0x00,0x00,0x00,0x00,0x00,0x00,0x00,0x00,0x00,
	0x00,0x00,0x00,0x00,0x00,0x00,0x00,0x00,0x00,0x00,0x00,0x00,0x00,0x00,0x00,0x00,
	0x00,0x00,0x00,0x00,0x00,0x00,0x00,0x00,0x00,0x00,0x00,0x03,0xf0,0xf0,0xf0,0x56,
	0xf9,0xf9,0xf9,0x80,0xf9,0xf9,0xf9,0x80,0xb2,0xb2,0xb2,0x80,0xc2,0xc2,0xc2,0x80,
	0xd8,0xd8,0xd8,0x80,0xf7,0xf7,0xf7,0x80,0xf7,0xf7,0xf7,0x80,0xf6,0xf6,0xf6,0x80,
	0xf6,0xf6,0xf6,0x80,0xf5,0xf5,0xf5,0x80,0xf5,0xf5,0xf5,0x80,0xf4,0xf4,0xf4,0x80,
	0xf4,0xf4,0xf4,0x80,0xf3,0xf3,0xf3,0x80,0xf3,0xf3,0xf3,0x80,0xf3,0xf3,0xf3,0x80,
	0xf2,0xf2,0xf2,0x80,0xf2,0xf2,0xf2,0x80,0xf1,0xf1,0xf1,0x80,0xf1,0xf1,0xf1,0x80,
	0xf0,0xf0,0xf0,0x80,0xf0,0xf0,0xf0,0x80,0xef,0xef,0xef,0x80,0xef,0xef,0xef,0x80,
	0xee,0xee,0xee,0x80,0xee,0xee,0xee,0x80,0xed,0xed,0xed,0x80,0xaa,0xaa,0xaa,0x80,
	0xbb,0xbb,0xbb,0x80,0xd0,0xd0,0xd0,0x80,0xeb,0xeb,0xeb,0x80,0xeb,0xeb,0xeb,0x80,
	0x99,0x99,0x99,0x39,0x00,0x00,0x00,0x0f,0x00,0x00,0x00,0x05,0x00,0x00,0x00,0x01,
	0x00,0x00,0x00,0x00,0x00,0x00,0x00,0x00,0x00,0x00,0x00,0x00,0x00,0x00,0x00,0x00,
	0x00,0x00,0x00,0x00,0x00,0x00,0x00,0x00,0x00,0x00,0x00,0x00,0x00,0x00,0x00,0x00,
	0x00,0x00,0x00,0x00,0x00,0x00,0x00,0x00,0x00,0x00,0x00,0x03,0xf2,0xf2,0xf2,0x66,
	0xf8,0xf8,0xf8,0x80,0xf8,0xf8,0xf8,0x80,0xf7,0xf7,0xf7,0x80,0xf7,0xf7,0xf7,0x80,
	0xf6,0xf6,0xf6,0x80,0xf6,0xf6,0xf6,0x80,0xf6,0xf6,0xf6,0x80,0xf5,0xf5,0xf5,0x80,
	0xf5,0xf5,0xf5,0x80,0xf4,0xf4,0xf4,0x80,0xf4,0xf4,0xf4,0x80,0xf3,0xf3,0xf3,0x80,
	0xf3,0xf3,0xf3,0x80,0xf2,0xf2,0xf2,0x80,0xf2,0xf2,0xf2,0x80,0xf1,0xf1,0xf1,0x80,
	0xf1,0xf1,0xf1,0x80,0xf1,0xf1,0xf1,0x80,0xf0,0xf0,0xf0,0x80,0xf0,0xf0,0xf0,0x80,
	0xef,0xef,0xef,0x80,0xef,0xef,0xef,0x80,0xee,0xee,0xee,0x80,0xee,0xee,0xee,0x80,
	0xed,0xed,0xed,0x80,0xed,0xed,0xed,0x80,0xec,0xec,0xec,0x80,0xeb,0xeb,0xeb,0x80,
	0xeb,0xeb,0xeb,0x80,0xea,0xea,0xea,0x80,0xea,0xea,0xea,0x80,0xe9,0xe9,0xe9,0x80,
	0xb1,0xb1,0xb1,0x48,0x00,0x00,0x00,0x12,0x00,0x00,0x00,0x07,0x00,0x00,0x00,0x02,
	0x00,0x00,0x00,0x00,0x00,0x00,0x00,0x00,0x00,0x00,0x00,0x00,0x00,0x00,0x00,0x00,
	0x00,0x00,0x00,0x00,0x00,0x00,0x00,0x00,0x00,0x00,0x00,0x00,0x00,0x00,0x00,0x00,
	0x00,0x00,0x00,0x00,0x00,0x00,0x00,0x00,0x00,0x00,0x00,0x04,0xf6,0xf6,0xf6,0x75,
	0xf7,0xf7,0xf7,0x80,0xf7,0xf7,0xf7,0x80,0xf6,0xf6,0xf6,0x80,0xf6,0xf6,0xf6,0x80,
	0xf6,0xf6,0xf6,0x80,0xf5,0xf5,0xf5,0x80,0xf5,0xf5,0xf5,0x80,0xf4,0xf4,0xf4,0x80,
	0xf4,0xf4,0xf4,0x80,0xf3,0xf3,0xf3,0x80,0xf3,0xf3,0xf3,0x80,0xf2,0xf2,0xf2,0x80,
	0xf2,0xf2,0xf2,0x80,0xf1,0xf1,0xf1,0x80,0xf1,0xf1,0xf1,0x80,0xf0,0xf0,0xf0,0x80,
	0xf0,0xf0,0xf0,0x80,0xef,0xef,0xef,0x80,0xef,0xef,0xef,0x80,0xee,0xee,0xee,0x80,
	0xee,0xee,0xee,0x80,0xed,0xed,0xed,0x80,0xed,0xed,0xed,0x80,0xec,0xec,0xec,0x80,
	0xec,0xec,0xec,0x80,0xeb,0xeb,0xeb,0x80,0xeb,0xeb,0xeb,0x80,0xea,0xea,0xea,0x80,
	0xea,0xea,0xea,0x80,0xe9,0xe9,0xe9,0x80,0xe9,0xe9,0xe9,0x80,0xe8,0xe8,0xe8,0x80,
	0xc5,0xc5,0xc5,0x57,0x00,0x00,0x00,0x14,0x00,0x00,0x00,0x08,0x00,0x00,0x00,0x02,
	0x00,0x00,0x00,0x00,0x00,0x00,0x00,0x00,0x00,0x00,0x00,0x00,0x00,0x00,0x00,0x00,
	0x00,0x00,0x00,0x00,0x00,0x00,0x00,0x00,0x00,0x00,0x00,0x00,0x00,0x00,0x00,0x00,
	0x00,0x00,0x00,0x00,0x00,0x00,0x00,0x00,0x83,0x83,0x83,0x09,0xf7,0xf7,0xf7,0x80,
	0xf6,0xf6,0xf6,0x80,0xf6,0xf6,0xf6,0x80,0xf5,0xf5,0xf5,0x80,0xf5,0xf5,0xf5,0x80,
	0xf5,0xf5,0xf5,0x80,0xf4,0xf4,0xf4,0x80,0xf4,0xf4,0xf4,0x80,0xf3,0xf3,0xf3,0x80,
	0xf3,0xf3,0xf3,0x80,0xf2,0xf2,0xf2,0x80,0xf2,0xf2,0xf2,0x80,0xf1,0xf1,0xf1,0x80,
	0xf1,0xf1,0xf1,0x80,0xf0,0xf0,0xf0,0x80,0xf0,0xf0,0xf0,0x80,0xef,0xef,0xef,0x80,
	0xef,0xef,0xef,0x80,0xee,0xee,0xee,0x80,0xee,0xee,0xee,0x80,0xed,0xed,0xed,0x80,
	0xed,0xed,0xed,0x80,0xec,0xec,0xec,0x80,0xec,0xec,0xec,0x80,0xeb,0xeb,0xeb,0x80,
	0xeb,0xeb,0xeb,0x80,0xea,0xea,0xea,0x80,0xea,0xea,0xea,0x80,0xe9,0xe9,0xe9,0x80,
	0xe9,0xe9,0xe9,0x80,0xe8,0xe8,0xe8,0x80,0xe8,0xe8,0xe8,0x80,0xe7,0xe7,0xe7,0x80,
	0xd1,0xd1,0xd1,0x64,0x00,0x00,0x00,0x16,0x00,0x00,0x00,0x0a,0x00,0x00,0x00,0x03,
	0x00,0x00,0x00,0x00,0x00,0x00,0x00,0x00,0x00,0x00,0x00,0x00,0x00,0x00,0x00,0x00,
	0x00,0x00,0x00,0x00,0x00,0x00,0x00,0x00,0x00,0x00,0x00,0x00,0x00,0x00,0x00,0x00,
	0x00,0x00,0x00,0x00,0x00,0x00,0x00,0x01,0xcd,0xcd,0xcd,0x19,0xf6,0xf6,0xf6,0x80,
	0xf5,0xf5,0xf5,0x80,0xf5,0xf5,0xf5,0x80,0xf4,0xf4,0xf4,0x80,0xf4,0xf4,0xf4,0x80,
	0xf4,0xf4,0xf4,0x80,0xf3,0xf3,0xf3,0x80,0xf3,0xf3,0xf3,0x80,0xf2,0xf2,0xf2,0x80,
	0xf2,0xf2,0xf2,0x80,0xf1,0xf1,0xf1,0x80,0xf1,0xf1,0xf1,0x80,0xf0,0xf0,0xf0,0x80,
	0xf0,0xf0,0xf0,0x80,0xef,0xef,0xef,0x80,0xef,0xef,0xef,0x80,0xee,0xee,0xee,0x80,
	0xee,0xee,0xee,0x80,0xed,0xed,0xed,0x80,0xed,0xed,0xed,0x80,0xec,0xec,0xec,0x80,
	0xec,0xec,0xec,0x80,0xeb,0xeb,0xeb,0x80,0xeb,0xeb,0xeb,0x80,0xea,0xea,0xea,0x80,
	0xea,0xea,0xea,0x80,0xe9,0xe9,0xe9,0x80,0xe9,0xe9,0xe9,0x80,0xe8,0xe8,0xe8,0x80,
	0xe8,0xe8,0xe8,0x80,0xe7,0xe7,0xe7,0x80,0xe6,0xe6,0xe6,0x80,0xe6,0xe6,0xe6,0x80,
	0xdb,0xdb,0xdb,0x73,0x00,0x00,0x00,0x18,0x00,0x00,0x00,0x0b,0x00,0x00,0x00,0x03,
	0x00,0x00,0x00,0x00,0x00,0x00,0x00,0x00,0x00,0x00,0x00,0x00,0x00,0x00,0x00,0x00,
	0x00,0x00,0x00,0x00,0x00,0x00,0x00,0x00,0x00,0x00,0x00,0x00,0x00,0x00,0x00,0x00,
	0x00,0x00,0x00,0x00,0x00,0x00,0x00,0x01,0xda,0xda,0xda,0x2a,0xf5,0xf5,0xf5,0x80,
	0xf4,0xf4,0xf4,0x80,0xf4,0xf4,0xf4,0x80,0xf3,0xf3,0xf3,0x80,0xf3,0xf3,0xf3,0x80,
	0xf3,0xf3,0xf3,0x80,0xf2,0xf2,0xf2,0x80,0xf2,0xf2,0xf2,0x80,0xf1,0xf1,0xf1,0x80,
	0xf1,0xf1,0xf1,0x80,0xf0,0xf0,0xf0,0x80,0xf0,0xf0,0xf0,0x80,0xef,0xef,0xef,0x80,
	0xef,0xef,0xef,0x80,0xee,0xee,0xee,0x80,0xee,0xee,0xee,0x80,0xed,0xed,0xed,0x80,
	0xed,0xed,0xed,0x80,0xec,0xec,0xec,0x80,0xec,0xec,0xec,0x80,0xeb,0xeb,0xeb,0x80,
	0xeb,0xeb,0xeb,0x80,0xea,0xea,0xea,0x80,0xea,0xea,0xea,0x80,0xe9,0xe9,0xe9,0x80,
	0xe8,0xe8,0xe8,0x80,0xe8,0xe8,0xe8,0x80,0xe7,0xe7,0xe7,0x80,0xe7,0xe7,0xe7,0x80,
	0xe6,0xe6,0xe6,0x80,0xe6,0xe6,0xe6,0x80,0xe5,0xe5,0xe5,0x80,0xe5,0xe5,0xe5,0x80,
	0xe3,0xe3,0xe3,0x7e,0x11,0x11,0x11,0x1b,0x00,0x00,0x00,0x0c,0x00,0x00,0x00,0x04,
	0x00,0x00,0x00,0x00,0x00,0x00,0x00,0x00,0x00,0x00,0x00,0x00,0x00,0x00,0x00,0x00,
	0x00,0x00,0x00,0x00,0x00,0x00,0x00,0x00,0x00,0x00,0x00,0x00,0x00,0x00,0x00,0x00,
	0x00,0x00,0x00,0x00,0x00,0x00,0x00,0x02,0xe3,0xe3,0xe3,0x3a,0xf4,0xf4,0xf4,0x80,
	0xf3,0xf3,0xf3,0x80,0xf3,0xf3,0xf3,0x80,0xf2,0xf2,0xf2,0x80,0xf2,0xf2,0xf2,0x80,
	0xf2,0xf2,0xf2,0x80,0xf1,0xf1,0xf1,0x80,0xf1,0xf1,0xf1,0x80,0xf0,0xf0,0xf0,0x80,
	0xf0,0xf0,0xf0,0x80,0xef,0xef,0xef,0x80,0xef,0xef,0xef,0x80,0xee,0xee,0xee,0x80,
	0xee,0xee,0xee,0x80,0xed,0xed,0xed,0x80,0xed,0xed,0xed,0x80,0xec,0xec,0xec,0x80,
	0xec,0xec,0xec,0x80,0xeb,0xeb,0xeb,0x80,0xea,0xea,0xea,0x80,0xea,0xea,0xea,0x80,
	0xe9,0xe9,0xe9,0x80,0xe9,0xe9,0xe9,0x80,0xe8,0xe8,0xe8,0x80,0xe8,0xe8,0xe8,0x80,
	0xe7,0xe7,0xe7,0x80,0xe7,0xe7,0xe7,0x80,0xe6,0xe6,0xe6,0x80,0xe6,0xe6,0xe6,0x80,
	0xe5,0xe5,0xe5,0x80,0xe5,0xe5,0xe5,0x80,0xe4,0xe4,0xe4,0x80,0xe4,0xe4,0xe4,0x80,
	0xe3,0xe3,0xe3,0x80,0x61,0x61,0x61,0x29,0x00,0x00,0x00,0x0e,0x00,0x00,0x00,0x05,
	0x00,0x00,0x00,0x01,0x00,0x00,0x00,0x00,0x00,0x00,0x00,0x00,0x00,0x00,0x00,0x00,
	0x00,0x00,0x00,0x00,0x00,0x00,0x00,0x00,0x00,0x00,0x00,0x00,0x00,0x00,0x00,0x00,
	0x00,0x00,0x00,0x00,0x00,0x00,0x00,0x02,0xe6,0xe6,0xe6,0x4a,0xf3,0xf3,0xf3,0x80,
	0xf2,0xf2,0xf2,0x80,0xf2,0xf2,0xf2,0x80,0xf1,0xf1,0xf1,0x80,0xf1,0xf1,0xf1,0x80,
	0xf0,0xf0,0xf0,0x80,0xf0,0xf0,0xf0,0x80,0xef,0xef,0xef,0x80,0xef,0xef,0xef,0x80,
	0xee,0xee,0xee,0x80,0xee,0xee,0xee,0x80,0xed,0xed,0xed,0x80,0xed,0xed,0xed,0x80,
	0xec,0xec,0xec,0x80,0xec,0xec,0xec,0x80,0xeb,0xeb,0xeb,0x80,0xeb,0xeb,0xeb,0x80,
	0xea,0xea,0xea,0x80,0xea,0xea,0xea,0x80,0xe9,0xe9,0xe9,0x80,0xe9,0xe9,0xe9,0x80,
	0xe8,0xe8,0xe8,0x80,0xe8,0xe8,0xe8,0x80,0xe7,0xe7,0xe7,0x80,0xe7,0xe7,0xe7,0x80,
	0xe6,0xe6,0xe6,0x80,0xe6,0xe6,0xe6,0x80,0xe5,0xe5,0xe5,0x80,0xe5,0xe5,0xe5,0x80,
	0xe4,0xe4,0xe4,0x80,0xe4,0xe4,0xe4,0x80,0xe3,0xe3,0xe3,0x80,0xe2,0xe2,0xe2,0x80,
	0xe2,0xe2,0xe2,0x80,0x8f,0x8f,0x8f,0x39,0x00,0x00,0x00,0x0f,0x00,0x00,0x00,0x06,
	0x00,0x00,0x00,0x01,0x00,0x00,0x00,0x00,0x00,0x00,0x00,0x00,0x00,0x00,0x00,0x00,
	0x00,0x00,0x00,0x00,0x00,0x00,0x00,0x00,0x00,0x00,0x00,0x00,0x00,0x00,0x00,0x00,
	0x00,0x00,0x00,0x00,0x00,0x00,0x00,0x03,0xe9,0xe9,0xe9,0x59,0xf2,0xf2,0xf2,0x80,
	0xf1,0xf1,0xf1,0x80,0xf1,0xf1,0xf1,0x80,0xf0,0xf0,0xf0,0x80,0xf0,0xf0,0xf0,0x80,
	0xef,0xef,0xef,0x80,0xef,0xef,0xef,0x80,0xee,0xee,0xee,0x80,0xee,0xee,0xee,0x80,
	0xed,0xed,0xed,0x80,0xe3,0xe3,0xe3,0x80,0x76,0x76,0x76,0x80,0x7c,0x7c,0x7c,0x80,
	0xe4,0xe4,0xe4,0x80,0xeb,0xeb,0xeb,0x80,0xea,0xea,0xea,0x80,0xea,0xea,0xea,0x80,
	0xe9,0xe9,0xe9,0x80,0xe9,0xe9,0xe9,0x80,0xe8,0xe8,0xe8,0x80,0xe0,0xe0,0xe0,0x80,
	0x75,0x75,0x75,0x80,0x78,0x78,0x78,0x80,0xde,0xde,0xde,0x80,0xe6,0xe6,0xe6,0x80,
	0xe5,0xe5,0xe5,0x80,0xe4,0xe4,0xe4,0x80,0xe4,0xe4,0xe4,0x80,0xe3,0xe3,0xe3,0x80,
	0xe3,0xe3,0xe3,0x80,0xe2,0xe2,0xe2,0x80,0xe2,0xe2,0xe2,0x80,0xe1,0xe1,0xe1,0x80,
	0xe1,0xe1,0xe1,0x80,0xaa,0xaa,0xaa,0x48,0x00,0x00,0x00,0x12,0x00,0x00,0x00,0x07,
	0x00,0x00,0x00,0x02,0x00,0x00,0x00,0x00,0x00,0x00,0x00,0x00,0x00,0x00,0x00,0x00,
	0x00,0x00,0x00,0x00,0x00,0x00,0x00,0x00,0x00,0x00,0x00,0x00,0x00,0x00,0x00,0x00,
	0x00,0x00,0x00,0x00,0x00,0x00,0x00,0x03,0xec,0xec,0xec,0x68,0xf1,0xf1,0xf1,0x80,
	0xf0,0xf0,0xf0,0x80,0xf0,0xf0,0xf0,0x80,0xef,0xef,0xef,0x80,0xef,0xef,0xef,0x80,
	0xee,0xee,0xee,0x80,0xee,0xee,0xee,0x80,0xed,0xed,0xed,0x80,0xed,0xed,0xed,0x80,
	0xd5,0xd5,0xd5,0x80,0x62,0x62,0x62,0x80,0x46,0x46,0x46,0x80,0x46,0x46,0x46,0x80,
	0x65,0x65,0x65,0x80,0xd8,0xd8,0xd8,0x80,0xe9,0xe9,0xe9,0x80,0xe9,0xe9,0xe9,0x80,
	0xe8,0xe8,0xe8,0x80,0xe8,0xe8,0xe8,0x80,0xd2,0xd2,0xd2,0x80,0x61,0x61,0x61,0x80,
	0x45,0x45,0x45,0x80,0x44,0x44,0x44,0x80,0x61,0x61,0x61,0x80,0xd1,0xd1,0xd1,0x80,
	0xe4,0xe4,0xe4,0x80,0xe3,0xe3,0xe3,0x80,0xe3,0xe3,0xe3,0x80,0xe2,0xe2,0xe2,0x80,
	0xe2,0xe2,0xe2,0x80,0xe1,0xe1,0xe1,0x80,0xe1,0xe1,0xe1,0x80,0xe0,0xe0,0xe0,0x80,
	0xe0,0xe0,0xe0,0x80,0xbc,0xbc,0xbc,0x56,0x00,0x00,0x00,0x14,0x00,0x00,0x00,0x08,
	0x00,0x00,0x00,0x02,0x00,0x00,0x00,0x00,0x00,0x00,0x00,0x00,0x00,0x00,0x00,0x00,
	0x00,0x00,0x00,0x00,0x00,0x00,0x00,0x00,0x00,0x00,0x00,0x00,0x00,0x00,0x00,0x00,
	0x00,0x00,0x00,0x00,0x00,0x00,0x00,0x04,0xee,0xee,0xee,0x78,0xf0,0xf0,0xf0,0x80,
	0xef,0xef,0xef,0x80,0xef,0xef,0xef,0x80,0xee,0xee,0xee,0x80,0xee,0xee,0xee,0x80,
	0xed,0xed,0xed,0x80,0xed,0xed,0xed,0x80,0xec,0xec,0xec,0x80,0xc5,0xc5,0xc5,0x80,
	0x53,0x53,0x53,0x80,0x46,0x46,0x46,0x80,0x46,0x46,0x46,0x80,0x46,0x46,0x46,0x80,
	0x45,0x45,0x45,0x80,0x56,0x56,0x56,0x80,0xc6,0xc6,0xc6,0x80,0xe7,0xe7,0xe7,0x80,
	0xe7,0xe7,0xe7,0x80,0xc2,0xc2,0xc2,0x80,0x53,0x53,0x53,0x80,0x44,0x44,0x44,0x80,
	0x44,0x44,0x44,0x80,0x44,0x44,0x44,0x80,0x44,0x44,0x44,0x80,0x53,0x53,0x53,0x80,
	0xc1,0xc1,0xc1,0x80,0xe2,0xe2,0xe2,0x80,0xe2,0xe2,0xe2,0x80,0xe1,0xe1,0xe1,0x80,
	0xe1,0xe1,0xe1,0x80,0xe0,0xe0,0xe0,0x80,0xe0,0xe0,0xe0,0x80,0xdf,0xdf,0xdf,0x80,
	0xde,0xde,0xde,0x80,0xc9,0xc9,0xc9,0x64,0x00,0x00,0x00,0x16,0x00,0x00,0x00,0x0a,
	0x00,0x00,0x00,0x03,0x00,0x00,0x00,0x00,0x00,0x00,0x00,0x00,0x00,0x00,0x00,0x00,
	0x00,0x00,0x00,0x00,0x00,0x00,0x00,0x00,0x00,0x00,0x00,0x00,0x00,0x00,0x00,0x00,
	0x00,0x00,0x00,0x00,0x9c,0x9c,0x9c,0x0c,0xef,0xef,0xef,0x80,0xef,0xef,0xef,0x80,
	0xee,0xee,0xee,0x80,0xee,0xee,0xee,0x80,0xed,0xed,0xed,0x80,0xed,0xed,0xed,0x80,
	0xec,0xec,0xec,0x80,0xec,0xec,0xec,0x80,0xeb,0xeb,0xeb,0x80,0x5f,0x5f,0x5f,0x80,
	0x46,0x46,0x46,0x80,0x45,0x45,0x45,0x80,0x45,0x45,0x45,0x80,0x45,0x45,0x45,0x80,
	0x45,0x45,0x45,0x80,0x45,0x45,0x45,0x80,0x65,0x65,0x65,0x80,0xe6,0xe6,0xe6,0x80,
	0xe6,0xe6,0xe6,0x80,0x5f,0x5f,0x5f,0x80,0x44,0x44,0x44,0x80,0x44,0x44,0x44,0x80,
	0x44,0x44,0x44,0x80,0x44,0x44,0x44,0x80,0x44,0x44,0x44,0x80,0x43,0x43,0x43,0x80,
	0x5f,0x5f,0x5f,0x80,0xe1,0xe1,0xe1,0x80,0xe0,0xe0,0xe0,0x80,0xe0,0xe0,0xe0,0x80,
	0xdf,0xdf,0xdf,0x80,0xdf,0xdf,0xdf,0x80,0xde,0xde,0xde,0x80,0xde,0xde,0xde,0x80,
	0xdd,0xdd,0xdd,0x80,0xd3,0xd3,0xd3,0x71,0x00,0x00,0x00,0x18,0x00,0x00,0x00,0x0b,
	0x00,0x00,0x00,0x03,0x00,0x00,0x00,0x00,0x00,0x00,0x00,0x00,0x00,0x00,0x00,0x00,
	0x00,0x00,0x00,0x00,0x00,0x00,0x00,0x00,0x00,0x00,0x00,0x00,0x00,0x00,0x00,0x00,
	0x00,0x00,0x00,0x01,0xc9,0xc9,0xc9,0x1c,0xee,0xee,0xee,0x80,0xee,0xee,0xee,0x80,
	0xed,0xed,0xed,0x80,0xed,0xed,0xed,0x80,0xec,0xec,0xec,0x80,0xeb,0xeb,0xeb,0x80,
	0xeb,0xeb,0xeb,0x80,0xea,0xea,0xea,0x80,0xea,0xea,0xea,0x80,0xd9,0xd9,0xd9,0x80,
	0x68,0x68,0x68,0x80,0x45,0x45,0x45,0x80,0x45,0x45,0x45,0x80,0x45,0x45,0x45,0x80,
	0x45,0x45,0x45,0x80,0x6a,0x6a,0x6a,0x80,0xd8,0xd8,0xd8,0x80,0x98,0x98,0x98,0x80,
	0x9c,0x9c,0x9c,0x80,0xd6,0xd6,0xd6,0x80,0x68,0x68,0x68,0x80,0x44,0x44,0x44,0x80,
	0x43,0x43,0x43,0x80,0x43,0x43,0x43,0x80,0x43,0x43,0x43,0x80,0x66,0x66,0x66,0x80,
	0xd3,0xd3,0xd3,0x80,0xe0,0xe0,0xe0,0x80,0xdf,0xdf,0xdf,0x80,0xdf,0xdf,0xdf,0x80,
	0xde,0xde,0xde,0x80,0xde,0xde,0xde,0x80,0xdd,0xdd,0xdd,0x80,0xdd,0xdd,0xdd,0x80,
	0xdc,0xdc,0xdc,0x80,0xdb,0xdb,0xdb,0x7e,0x11,0x11,0x11,0x1b,0x00,0x00,0x00,0x0c,
	0x00,0x00,0x00,0x04,0x00,0x00,0x00,0x00,0x00,0x00,0x00,0x00,0x00,0x00,0x00,0x00,
	0x00,0x00,0x00,0x00,0x00,0x00,0x00,0x00,0x00,0x00,0x00,0x00,0x00,0x00,0x00,0x00,
	0x00,0x00,0x00,0x01,0xd5,0xd5,0xd5,0x2c,0xed,0xed,0xed,0x80,0xec,0xec,0xec,0x80,
	0xec,0xec,0xec,0x80,0xeb,0xeb,0xeb,0x80,0xeb,0xeb,0xeb,0x80,0xea,0xea,0xea,0x80,
	0xea,0xea,0xea,0x80,0xe9,0xe9,0xe9,0x80,0xe9,0xe9,0xe9,0x80,0xe8,0xe8,0xe8,0x80,
	0xe3,0xe3,0xe3,0x80,0x7a,0x7a,0x7a,0x80,0x45,0x45,0x45,0x80,0x45,0x45,0x45,0x80,
	0x81,0x81,0x81,0x80,0xdb,0xdb,0xdb,0x80,0x7c,0x7c,0x7c,0x80,0x44,0x44,0x44,0x80,
	0x44,0x44,0x44,0x80,0x7f,0x7f,0x7f,0x80,0xd8,0xd8,0xd8,0x80,0x7a,0x7a,0x7a,0x80,
	0x43,0x43,0x43,0x80,0x43,0x43,0x43,0x80,0x7c,0x7c,0x7c,0x80,0xdc,0xdc,0xdc,0x80,
	0xdf,0xdf,0xdf,0x80,0xdf,0xdf,0xdf,0x80,0xde,0xde,0xde,0x80,0xde,0xde,0xde,0x80,
	0xdd,0xdd,0xdd,0x80,0xdd,0xdd,0xdd,0x80,0xdc,0xdc,0xdc,0x80,0xdc,0xdc,0xdc,0x80,
	0xdb,0xdb,0xdb,0x80,0xdb,0xdb,0xdb,0x80,0x5a,0x5a,0x5a,0x28,0x00,0x00,0x00,0x0e,
	0x00,0x00,0x00,0x05,0x00,0x00,0x00,0x01,0x00,0x00,0x00,0x00,0x00,0x00,0x00,0x00,
	0x00,0x00,0x00,0x00,0x00,0x00,0x00,0x00,0x00,0x00,0x00,0x00,0x00,0x00,0x00,0x00,
	0x00,0x00,0x00,0x02,0xdc,0xdc,0xdc,0x3d,0xec,0xec,0xec,0x80,0xeb,0xeb,0xeb,0x80,
	0xeb,0xeb,0xeb,0x80,0xea,0xea,0xea,0x80,0xea,0xea,0xea,0x80,0xe9,0xe9,0xe9,0x80,
	0xe9,0xe9,0xe9,0x80,0xe8,0xe8,0xe8,0x80,0xe8,0xe8,0xe8,0x80,0xe7,0xe7,0xe7,0x80,
	0xe7,0xe7,0xe7,0x80,0xe5,0xe5,0xe5,0x80,0x96,0x96,0x96,0x80,0x9a,0x9a,0x9a,0x80,
	0xd5,0xd5,0xd5,0x80,0x66,0x66,0x66,0x80,0x44,0x44,0x44,0x80,0x44,0x44,0x44,0x80,
	0x43,0x43,0x43,0x80,0x43,0x43,0x43,0x80,0x68,0x68,0x68,0x80,0xd4,0xd4,0xd4,0x80,
	0x94,0x94,0x94,0x80,0x96,0x96,0x96,0x80,0xde,0xde,0xde,0x80,0xdf,0xdf,0xdf,0x80,
	0xde,0xde,0xde,0x80,0xde,0xde,0xde,0x80,0xdd,0xdd,0xdd,0x80,0xdd,0xdd,0xdd,0x80,
	0xdc,0xdc,0xdc,0x80,0xdb,0xdb,0xdb,0x80,0xdb,0xdb,0xdb,0x80,0xda,0xda,0xda,0x80,
	0xda,0xda,0xda,0x80,0xd9,0xd9,0xd9,0x80,0x89,0x89,0x89,0x38,0x00,0x00,0x00,0x0f,
	0x00,0x00,0x00,0x06,0x00,0x00,0x00,0x01,0x00,0x00,0x00,0x00,0x00,0x00,0x00,0x00,
	0x00,0x00,0x00,0x00,0x00,0x00,0x00,0x00,0x00,0x00,0x00,0x00,0x00,0x00,0x00,0x00,
	0x00,0x00,0x00,0x02,0xe0,0xe0,0xe0,0x4d,0xeb,0xeb,0xeb,0x80,0xea,0xea,0xea,0x80,
	0xea,0xea,0xea,0x80,0xe9,0xe9,0xe9,0x80,0xe9,0xe9,0xe9,0x80,0xe8,0xe8,0xe8,0x80,
	0xe8,0xe8,0xe8,0x80,0xe7,0xe7,0xe7,0x80,0xe6,0xe6,0xe6,0x80,0xe6,0xe6,0xe6,0x80,
	0xe5,0xe5,0xe5,0x80,0xe5,0xe5,0xe5,0x80,0xe4,0xe4,0xe4,0x80,0xe4,0xe4,0xe4,0x80,
	0x5d,0x5d,0x5d,0x80,0x44,0x44,0x44,0x80,0x43,0x43,0x43,0x80,0x43,0x43,0x43,0x80,
	0x43,0x43,0x43,0x80,0x43,0x43,0x43,0x80,0x43,0x43,0x43,0x80,0x5f,0x5f,0x5f,0x80,
	0xdf,0xdf,0xdf,0x80,0xdf,0xdf,0xdf,0x80,0xde,0xde,0xde,0x80,0xdd,0xdd,0xdd,0x80,
	0xdd,0xdd,0xdd,0x80,0xdc,0xdc,0xdc,0x80,0xdc,0xdc,0xdc,0x80,0xdb,0xdb,0xdb,0x80,
	0xdb,0xdb,0xdb,0x80,0xda,0xda,0xda,0x80,0xda,0xda,0xda,0x80,0xd9,0xd9,0xd9,0x80,
	0xd9,0xd9,0xd9,0x80,0xd8,0xd8,0xd8,0x80,0xa3,0xa3,0xa3,0x46,0x00,0x00,0x00,0x12,
	0x00,0x00,0x00,0x07,0x00,0x00,0x00,0x02,0x00,0x00,0x00,0x00,0x00,0x00,0x00,0x00,
	0x00,0x00,0x00,0x00,0x00,0x00,0x00,0x00,0x00,0x00,0x00,0x00,0x00,0x00,0x00,0x00,
	0x00,0x00,0x00,0x03,0xe3,0xe3,0xe3,0x5c,0xea,0xea,0xea,0x80,0xe9,0xe9,0xe9,0x80,
	0xe8,0xe8,0xe8,0x80,0xe8,0xe8,0xe8,0x80,0xe7,0xe7,0xe7,0x80,0xe7,0xe7,0xe7,0x80,
	0xe6,0xe6,0xe6,0x80,0xe6,0xe6,0xe6,0x80,0xe5,0xe5,0xe5,0x80,0xe5,0xe5,0xe5,0x80,
	0xe4,0xe4,0xe4,0x80,0xe4,0xe4,0xe4,0x80,0xe3,0xe3,0xe3,0x80,0xe3,0xe3,0xe3,0x80,
	0xbd,0xbd,0xbd,0x80,0x50,0x50,0x50,0x80,0x43,0x43,0x43,0x80,0x43,0x43,0x43,0x80,
	0x43,0x43,0x43,0x80,0x42,0x42,0x42,0x80,0x50,0x50,0x50,0x80,0xbd,0xbd,0xbd,0x80,
	0xde,0xde,0xde,0x80,0xdd,0xdd,0xdd,0x80,0xdd,0xdd,0xdd,0x80,0xdc,0xdc,0xdc,0x80,
	0xdc,0xdc,0xdc,0x80,0xdb,0xdb,0xdb,0x80,0xdb,0xdb,0xdb,0x80,0xda,0xda,0xda,0x80,
	0xda,0xda,0xda,0x80,0xd9,0xd9,0xd9,0x80,0xd9,0xd9,0xd9,0x80,0xd8,0xd8,0xd8,0x80,
	0xd8,0xd8,0xd8,0x80,0xd7,0xd7,0xd7,0x80,0xb4,0xb4,0xb4,0x55,0x00,0x00,0x00,0x14,
	0x00,0x00,0x00,0x08,0x00,0x00,0x00,0x02,0x00,0x00,0x00,0x00,0x00,0x00,0x00,0x00,
	0x00,0x00,0x00,0x00,0x00,0x00,0x00,0x00,0x00,0x00,0x00,0x00,0x00,0x00,0x00,0x00,
	0x00,0x00,0x00,0x03,0xe4,0xe4,0xe4,0x6b,0xe8,0xe8,0xe8,0x80,0xe8,0xe8,0xe8,0x80,
	0xe7,0xe7,0xe7,0x80,0xe7,0xe7,0xe7,0x80,0xe6,0xe6,0xe6,0x80,0xe6,0xe6,0xe6,0x80,
	0xe5,0xe5,0xe5,0x80,0xe5,0xe5,0xe5,0x80,0xe4,0xe4,0xe4,0x80,0xe4,0xe4,0xe4,0x80,
	0xe3,0xe3,0xe3,0x80,0xe3,0xe3,0xe3,0x80,0xe2,0xe2,0xe2,0x80,0xe1,0xe1,0xe1,0x80,
	0xe1,0xe1,0xe1,0x80,0xcc,0xcc,0xcc,0x80,0x5d,0x5d,0x5d,0x80,0x42,0x42,0x42,0x80,
	0x42,0x42,0x42,0x80,0x5f,0x5f,0x5f,0x80,0xcc,0xcc,0xcc,0x80,0xdd,0xdd,0xdd,0x80,
	0xdd,0xdd,0xdd,0x80,0xdc,0xdc,0xdc,0x80,0xdc,0xdc,0xdc,0x80,0xdb,0xdb,0xdb,0x80,
	0xdb,0xdb,0xdb,0x80,0xda,0xda,0xda,0x80,0xda,0xda,0xda,0x80,0xd9,0xd9,0xd9,0x80,
	0xd9,0xd9,0xd9,0x80,0xd8,0xd8,0xd8,0x80,0xd8,0xd8,0xd8,0x80,0xd7,0xd7,0xd7,0x80,
	0xd7,0xd7,0xd7,0x80,0xd6,0xd6,0xd6,0x80,0xc2,0xc2,0xc2,0x63,0x00,0x00,0x00,0x15,
	0x00,0x00,0x00,0x0a,0x00,0x00,0x00,0x03,0x00,0x00,0x00,0x00,0x00,0x00,0x00,0x00,
	0x00,0x00,0x00,0x00,0x00,0x00,0x00,0x00,0x00,0x00,0x00,0x00,0x00,0x00,0x00,0x00,
	0x00,0x00,0x00,0x04,0xe7,0xe7,0xe7,0x7a,0xe7,0xe7,0xe7,0x80,0xe7,0xe7,0xe7,0x80,
	0xe6,0xe6,0xe6,0x80,0xe6,0xe6,0xe6,0x80,0xe5,0xe5,0xe5,0x80,0xe5,0xe5,0xe5,0x80,
	0xe4,0xe4,0xe4,0x80,0xe4,0xe4,0xe4,0x80,0xe3,0xe3,0xe3,0x80,0xe2,0xe2,0xe2,0x80,
	0xe2,0xe2,0xe2,0x80,0xe1,0xe1,0xe1,0x80,0xe1,0xe1,0xe1,0x80,0xe0,0xe0,0xe0,0x80,
	0xe0,0xe0,0xe0,0x80,0xdf,0xdf,0xdf,0x80,0xd5,0xd5,0xd5,0x80,0x6f,0x6f,0x6f,0x80,
	0x73,0x73,0x73,0x80,0xd6,0xd6,0xd6,0x80,0xdd,0xdd,0xdd,0x80,0xdc,0xdc,0xdc,0x80,
	0xdc,0xdc,0xdc,0x80,0xdb,0xdb,0xdb,0x80,0xdb,0xdb,0xdb,0x80,0xda,0xda,0xda,0x80,
	0xda,0xda,0xda,0x80,0xd9,0xd9,0xd9,0x80,0xd9,0xd9,0xd9,0x80,0xd8,0xd8,0xd8,0x80,
	0xd8,0xd8,0xd8,0x80,0xd7,0xd7,0xd7,0x80,0xd7,0xd7,0xd7,0x80,0xd6,0xd6,0xd6,0x80,
	0xd6,0xd6,0xd6,0x80,0xd5,0xd5,0xd5,0x80,0xca,0xca,0xca,0x70,0x00,0x00,0x00,0x17,
	0x00,0x00,0x00,0x0b,0x00,0x00,0x00,0x03,0x00,0x00,0x00,0x00,0x00,0x00,0x00,0x00,
	0x00,0x00,0x00,0x00,0x00,0x00,0x00,0x00,0x00,0x00,0x00,0x00,0x00,0x00,0x00,0x00,
	0xa8,0xa8,0xa8,0x0f,0xe7,0xe7,0xe7,0x80,0xe6,0xe6,0xe6,0x80,0xe6,0xe6,0xe6,0x80,
	0xe5,0xe5,0xe5,0x80,0xe4,0xe4,0xe4,0x80,0xe4,0xe4,0xe4,0x80,0xe3,0xe3,0xe3,0x80,
	0xe3,0xe3,0xe3,0x80,0xe2,0xe2,0xe2,0x80,0xe2,0xe2,0xe2,0x80,0xe1,0xe1,0xe1,0x80,
	0xe1,0xe1,0xe1,0x80,0xe0,0xe0,0xe0,0x80,0xe0,0xe0,0xe0,0x80,0xdf,0xdf,0xdf,0x80,
	0xdf,0xdf,0xdf,0x80,0xde,0xde,0xde,0x80,0xde,0xde,0xde,0x80,0xdd,0xdd,0xdd,0x80,
	0xdd,0xdd,0xdd,0x80,0xdc,0xdc,0xdc,0x80,0xdc,0xdc,0xdc,0x80,0xdb,0xdb,0xdb,0x80,
	0xdb,0xdb,0xdb,0x80,0xda,0xda,0xda,0x80,0xda,0xda,0xda,0x80,0xd9,0xd9,0xd9,0x80,
	0xd9,0xd9,0xd9,0x80,0xd8,0xd8,0xd8,0x80,0xd8,0xd8,0xd8,0x80,0xd7,0xd7,0xd7,0x80,
	0xd7,0xd7,0xd7,0x80,0xd6,0xd6,0xd6,0x80,0xd6,0xd6,0xd6,0x80,0xd5,0xd5,0xd5,0x80,
	0xd5,0xd5,0xd5,0x80,0xd4,0xd4,0xd4,0x80,0xd2,0xd2,0xd2,0x7e,0x08,0x08,0x08,0x1a,
	0x00,0x00,0x00,0x0c,0x00,0x00,0x00,0x04,0x00,0x00,0x00,0x00,0x00,0x00,0x00,0x00,
	0x00,0x00,0x00,0x00,0x00,0x00,0x00,0x00,0x00,0x00,0x00,0x00,0x00,0x00,0x00,0x01,
	0xc6,0xc6,0xc6,0x20,0xe5,0xe5,0xe5,0x80,0xe5,0xe5,0xe5,0x80,0xe4,0xe4,0xe4,0x80,
	0xe4,0xe4,0xe4,0x80,0xe3,0xe3,0xe3,0x80,0xe3,0xe3,0xe3,0x80,0xe2,0xe2,0xe2,0x80,
	0xe2,0xe2,0xe2,0x80,0xe1,0xe1,0xe1,0x80,0xe1,0xe1,0xe1,0x80,0xe0,0xe0,0xe0,0x80,
	0xe0,0xe0,0xe0,0x80,0xdf,0xdf,0xdf,0x80,0xdf,0xdf,0xdf,0x80,0xde,0xde,0xde,0x80,
	0xde,0xde,0xde,0x80,0xdd,0xdd,0xdd,0x80,0xdc,0xdc,0xdc,0x80,0xdc,0xdc,0xdc,0x80,
	0xdb,0xdb,0xdb,0x80,0xdb,0xdb,0xdb,0x80,0xda,0xda,0xda,0x80,0xda,0xda,0xda,0x80,
	0xd9,0xd9,0xd9,0x80,0xd9,0xd9,0xd9,0x80,0xd8,0xd8,0xd8,0x80,0xd8,0xd8,0xd8,0x80,
	0xd7,0xd7,0xd7,0x80,0xd7,0xd7,0xd7,0x80,0xd6,0xd6,0xd6,0x80,0xd6,0xd6,0xd6,0x80,
	0xd6,0xd6,0xd6,0x80,0xd5,0xd5,0xd5,0x80,0xd5,0xd5,0xd5,0x80,0xd4,0xd4,0xd4,0x80,
	0xd4,0xd4,0xd4,0x80,0xd3,0xd3,0xd3,0x80,0xd3,0xd3,0xd3,0x80,0x53,0x53,0x53,0x27,
	0x00,0x00,0x00,0x0e,0x00,0x00,0x00,0x05,0x00,0x00,0x00,0x01,0x00,0x00,0x00,0x00,
	0x00,0x00,0x00,0x00,0x00,0x00,0x00,0x00,0x00,0x00,0x00,0x00,0x00,0x00,0x00,0x01,
	0xcf,0xcf,0xcf,0x30,0xe4,0xe4,0xe4,0x80,0xe4,0xe4,0xe4,0x80,0xe3,0xe3,0xe3,0x80,
	0xe3,0xe3,0xe3,0x80,0xe2,0xe2,0xe2,0x80,0xe2,0xe2,0xe2,0x80,0xe1,0xe1,0xe1,0x80,
	0xe1,0xe1,0xe1,0x80,0xe0,0xe0,0xe0,0x80,0xe0,0xe0,0xe0,0x80,0xdf,0xdf,0xdf,0x80,
	0xde,0xde,0xde,0x80,0xde,0xde,0xde,0x80,0xdd,0xdd,0xdd,0x80,0xdd,0xdd,0xdd,0x80,
	0xdc,0xdc,0xdc,0x80,0xdc,0xdc,0xdc,0x80,0xdb,0xdb,0xdb,0x80,0xdb,0xdb,0xdb,0x80,
	0xda,0xda,0xda,0x80,0xda,0xda,0xda,0x80,0xd9,0xd9,0xd9,0x80,0xd9,0xd9,0xd9,0x80,
	0xd8,0xd8,0xd8,0x80,0xd8,0xd8,0xd8,0x80,0xd7,0xd7,0xd7,0x80,0xd7,0xd7,0xd7,0x80,
	0xd6,0xd6,0xd6,0x80,0xd6,0xd6,0xd6,0x80,0xd5,0xd5,0xd5,0x80,0xd5,0xd5,0xd5,0x80,
	0xd5,0xd5,0xd5,0x80,0xd4,0xd4,0xd4,0x80,0xd4,0xd4,0xd4,0x80,0xd3,0xd3,0xd3,0x80,
	0xd3,0xd3,0xd3,0x80,0xd2,0xd2,0xd2,0x80,0xd2,0xd2,0xd2,0x80,0x81,0x81,0x81,0x37,
	0x00,0x00,0x00,0x0f,0x00,0x00,0x00,0x06,0x00,0x00,0x00,0x01,0x00,0x00,0x00,0x00,
	0x00,0x00,0x00,0x00,0x00,0x00,0x00,0x00,0x00,0x00,0x00,0x00,0x00,0x00,0x00,0x02,
	0xd6,0xd6,0xd6,0x3f,0xe3,0xe3,0xe3,0x80,0xe3,0xe3,0xe3,0x80,0xe2,0xe2,0xe2,0x80,
	0xe2,0xe2,0xe2,0x80,0xe1,0xe1,0xe1,0x80,0xe0,0xe0,0xe0,0x80,0xe0,0xe0,0xe0,0x80,
	0xdf,0xdf,0xdf,0x80,0xdf,0xdf,0xdf,0x80,0xde,0xde,0xde,0x80,0xde,0xde,0xde,0x80,
	0xdd,0xdd,0xdd,0x80,0xdd,0xdd,0xdd,0x80,0xdc,0xdc,0xdc,0x80,0xdc,0xdc,0xdc,0x80,
	0xdb,0xdb,0xdb,0x80,0xdb,0xdb,0xdb,0x80,0xda,0xda,0xda,0x80,0xda,0xda,0xda,0x80,
	0xd9,0xd9,0xd9,0x80,0xd9,0xd9,0xd9,0x80,0xd8,0xd8,0xd8,0x80,0xd8,0xd8,0xd8,0x80,
	0xd7,0xd7,0xd7,0x80,0xd7,0xd7,0xd7,0x80,0xd6,0xd6,0xd6,0x80,0xd6,0xd6,0xd6,0x80,
	0xd5,0xd5,0xd5,0x80,0xd5,0xd5,0xd5,0x80,0xd4,0xd4,0xd4,0x80,0xd4,0xd4,0xd4,0x80,
	0xd4,0xd4,0xd4,0x80,0xd3,0xd3,0xd3,0x80,0xd3,0xd3,0xd3,0x80,0xd2,0xd2,0xd2,0x80,
	0xd2,0xd2,0xd2,0x80,0xd1,0xd1,0xd1,0x80,0xd1,0xd1,0xd1,0x80,0x9d,0x9d,0x9d,0x46,
	0x00,0x00,0x00,0x12,0x00,0x00,0x00,0x07,0x00,0x00,0x00,0x02,0x00,0x00,0x00,0x00,
	0x00,0x00,0x00,0x00,0x00,0x00,0x00,0x00,0x00,0x00,0x00,0x00,0x00,0x00,0x00,0x02,
	0xd8,0xd8,0xd8,0x50,0xe2,0xe2,0xe2,0x80,0xe1,0xe1,0xe1,0x80,0xe1,0xe1,0xe1,0x80,
	0xe0,0xe0,0xe0,0x80,0xe0,0xe0,0xe0,0x80,0xdf,0xdf,0xdf,0x80,0xdf,0xdf,0xdf,0x80,
	0xde,0xde,0xde,0x80,0xde,0xde,0xde,0x80,0xdd,0xdd,0xdd,0x80,0xdd,0xdd,0xdd,0x80,
	0xdc,0xdc,0xdc,0x80,0xdc,0xdc,0xdc,0x80,0xdb,0xdb,0xdb,0x80,0xdb,0xdb,0xdb,0x80,
	0xda,0xda,0xda,0x80,0xda,0xda,0xda,0x80,0xd9,0xd9,0xd9,0x80,0xd9,0xd9,0xd9,0x80,
	0xd8,0xd8,0xd8,0x80,0xd8,0xd8,0xd8,0x80,0xd7,0xd7,0xd7,0x80,0xd7,0xd7,0xd7,0x80,
	0xd6,0xd6,0xd6,0x80,0xd6,0xd6,0xd6,0x80,0xd5,0xd5,0xd5,0x80,0xd5,0xd5,0xd5,0x80,
	0xd4,0xd4,0xd4,0x80,0xd4,0xd4,0xd4,0x80,0xd3,0xd3,0xd3,0x80,0xd3,0xd3,0xd3,0x80,
	0xd3,0xd3,0xd3,0x80,0xd2,0xd2,0xd2,0x80,0xd2,0xd2,0xd2,0x80,0xd1,0xd1,0xd1,0x80,
	0xd1,0xd1,0xd1,0x80,0xd0,0xd0,0xd0,0x80,0xd0,0xd0,0xd0,0x80,0xae,0xae,0xae,0x54,
	0x00,0x00,0x00,0x14,0x00,0x00,0x00,0x08,0x00,0x00,0x00,0x02,0x00,0x00,0x00,0x00,
	0x00,0x00,0x00,0x00,0x00,0x00,0x00,0x00,0x00,0x00,0x00,0x00,0x00,0x00,0x00,0x03,
	0xda,0xda,0xda,0x5f,0xe1,0xe1,0xe1,0x80,0x9e,0x9e,0x9e,0x80,0x82,0x82,0x82,0x80,
	0x9e,0x9e,0x9e,0x80,0xdf,0xdf,0xdf,0x80,0xde,0xde,0xde,0x80,0xde,0xde,0xde,0x80,
	0xdd,0xdd,0xdd,0x80,0xdd,0xdd,0xdd,0x80,0xdc,0xdc,0xdc,0x80,0xdc,0xdc,0xdc,0x80,
	0xdb,0xdb,0xdb,0x80,0xdb,0xdb,0xdb,0x80,0xda,0xda,0xda,0x80,0xda,0xda,0xda,0x80,
	0xd9,0xd9,0xd9,0x80,0xd9,0xd9,0xd9,0x80,0xd8,0xd8,0xd8,0x80,0xd8,0xd8,0xd8,0x80,
	0xd7,0xd7,0xd7,0x80,0xd7,0xd7,0xd7,0x80,0xd6,0xd6,0xd6,0x80,0xd6,0xd6,0xd6,0x80,
	0xd5,0xd5,0xd5,0x80,0xd5,0xd5,0xd5,0x80,0xd4,0xd4,0xd4,0x80,0xd4,0xd4,0xd4,0x80,
	0xd3,0xd3,0xd3,0x80,0xd3,0xd3,0xd3,0x80,0xd2,0xd2,0xd2,0x80,0xd2,0xd2,0xd2,0x80,
	0xd2,0xd2,0xd2,0x80,0xd1,0xd1,0xd1,0x80,0xd1,0xd1,0xd1,0x80,0x92,0x92,0x92,0x80,
	0x78,0x78,0x78,0x80,0x92,0x92,0x92,0x80,0xcf,0xcf,0xcf,0x80,0xba,0xba,0xba,0x63,
	0x00,0x00,0x00,0x15,0x00,0x00,0x00,0x0a,0x00,0x00,0x00,0x03,0x00,0x00,0x00,0x00,
	0x00,0x00,0x00,0x00,0x00,0x00,0x00,0x00,0x00,0x00,0x00,0x00,0x00,0x00,0x00,0x03,
	0xdd,0xdd,0xdd,0x6e,0xe0,0xe0,0xe0,0x80,0xa0,0xa0,0xa0,0x80,0xb4,0xb4,0xb4,0x80,
	0xc6,0xc6,0xc6,0x80,0xde,0xde,0xde,0x80,0xdd,0xdd,0xdd,0x80,0xdd,0xdd,0xdd,0x80,
	0xdc,0xdc,0xdc,0x80,0xdb,0xdb,0xdb,0x80,0xdb,0xdb,0xdb,0x80,0xda,0xda,0xda,0x80,
	0xda,0xda,0xda,0x80,0xd9,0xd9,0xd9,0x80,0xd9,0xd9,0xd9,0x80,0xd8,0xd8,0xd8,0x80,
	0xd8,0xd8,0xd8,0x80,0xd7,0xd7,0xd7,0x80,0xd7,0xd7,0xd7,0x80,0xd7,0xd7,0xd7,0x80,
	0xd6,0xd6,0xd6,0x80,0xd6,0xd6,0xd6,0x80,0xd5,0xd5,0xd5,0x80,0xd5,0xd5,0xd5,0x80,
	0xd4,0xd4,0xd4,0x80,0xd4,0xd4,0xd4,0x80,0xd3,0xd3,0xd3,0x80,0xd3,0xd3,0xd3,0x80,
	0xd2,0xd2,0xd2,0x80,0xd2,0xd2,0xd2,0x80,0xd2,0xd2,0xd2,0x80,0xd1,0xd1,0xd1,0x80,
	0xd1,0xd1,0xd1,0x80,0xd0,0xd0,0xd0,0x80,0xd0,0xd0,0xd0,0x80,0x96,0x96,0x96,0x80,
	0xab,0xab,0xab,0x80,0xbb,0xbb,0xbb,0x80,0xce,0xce,0xce,0x80,0xc3,0xc3,0xc3,0x70,
	0x00,0x00,0x00,0x17,0x00,0x00,0x00,0x0b,0x00,0x00,0x00,0x03,0x00,0x00,0x00,0x00,
	0x00,0x00,0x00,0x00,0x00,0x00,0x00,0x00,0x00,0x00,0x00,0x00,0x00,0x00,0x00,0x04,
	0xdf,0xdf,0xdf,0x7d,0xe0,0xe0,0xe0,0x80,0xdf,0xdf,0xdf,0x80,0xde,0xde,0xde,0x80,
	0xde,0xde,0xde,0x80,0xdd,0xdd,0xdd,0x80,0xdd,0xdd,0xdd,0x80,0xdc,0xdc,0xdc,0x80,
	0xdc,0xdc,0xdc,0x80,0xdb,0xdb,0xdb,0x80,0xdb,0xdb,0xdb,0x80,0xda,0xda,0xda,0x80,
	0xda,0xda,0xda,0x80,0xd9,0xd9,0xd9,0x80,0xd9,0xd9,0xd9,0x80,0xd8,0xd8,0xd8,0x80,
	0xd8,0xd8,0xd8,0x80,0xd7,0xd7,0xd7,0x80,0xd7,0xd7,0xd7,0x80,0xd6,0xd6,0xd6,0x80,
	0xd6,0xd6,0xd6,0x80,0xd6,0xd6,0xd6,0x80,0xd5,0xd5,0xd5,0x80,0xd5,0xd5,0xd5,0x80,
	0xd4,0xd4,0xd4,0x80,0xd4,0xd4,0xd4,0x80,0xd3,0xd3,0xd3,0x80,0xd3,0xd3,0xd3,0x80,
	0xd2,0xd2,0xd2,0x80,0xd2,0xd2,0xd2,0x80,0xd2,0xd2,0xd2,0x80,0xd0,0xd0,0xd0,0x80,
	0xd0,0xd0,0xd0,0x80,0xcf,0xcf,0xcf,0x80,0xcf,0xcf,0xcf,0x80,0xcf,0xcf,0xcf,0x80,
	0xce,0xce,0xce,0x80,0xce,0xce,0xce,0x80,0xce,0xce,0xce,0x80,0xca,0xca,0xca,0x7e,
	0x00,0x00,0x00,0x19,0x00,0x00,0x00,0x0c,0x00,0x00,0x00,0x04,0x00,0x00,0x00,0x00,
	0x00,0x00,0x00,0x00,0x00,0x00,0x00,0x00,0x00,0x00,0x00,0x00,0x00,0x00,0x00,0x04,
	0xe9,0xe9,0xe9,0x7e,0xe9,0xe9,0xe9,0x80,0xea,0xea,0xea,0x80,0xea,0xea,0xea,0x80,
	0xea,0xea,0xea,0x80,0xe9,0xe9,0xe9,0x80,0xea,0xea,0xea,0x80,0xe9,0xe9,0xe9,0x80,
	0xe9,0xe9,0xe9,0x80,0xe8,0xe8,0xe8,0x80,0xe8,0xe8,0xe8,0x80,0xe8,0xe8,0xe8,0x80,
	0xe7,0xe7,0xe7,0x80,0xe7,0xe7,0xe7,0x80,0xe6,0xe6,0xe6,0x80,0xe5,0xe5,0xe5,0x80,
	0xe5,0xe5,0xe5,0x80,0xe4,0xe4,0xe4,0x80,0xe3,0xe3,0xe3,0x80,0xe2,0xe2,0xe2,0x80,
	0xe1,0xe1,0xe1,0x80,0xe1,0xe1,0xe1,0x80,0xdf,0xdf,0xdf,0x80,0xdf,0xdf,0xdf,0x80,
	0xde,0xde,0xde,0x80,0xdd,0xdd,0xdd,0x80,0xdc,0xdc,0xdc,0x80,0xdb,0xdb,0xdb,0x80,
	0xda,0xda,0xda,0x80,0xd8,0xd8,0xd8,0x80,0xd8,0xd8,0xd8,0x80,0xd6,0xd6,0xd6,0x80,
	0xd6,0xd6,0xd6,0x80,0xd5,0xd5,0xd5,0x80,0xd4,0xd4,0xd4,0x80,0xd3,0xd3,0xd3,0x80,
	0xd3,0xd3,0xd3,0x80,0xd1,0xd1,0xd1,0x80,0xd1,0xd1,0xd1,0x80,0xcb,0xcb,0xcb,0x7e,
	0x08,0x08,0x08,0x1a,0x00,0x00,0x00,0x0e,0x00,0x00,0x00,0x04,0x00,0x00,0x00,0x00,
	0x00,0x00,0x00,0x00,0x00,0x00,0x00,0x00,0x00,0x00,0x00,0x00,0x00,0x00,0x00,0x05,
	0xe7,0xe7,0xe7,0x80,0xeb,0xeb,0xeb,0x80,0xec,0xec,0xec,0x80,0xec,0xec,0xec,0x80,
	0xec,0xec,0xec,0x80,0xec,0xec,0xec,0x80,0xec,0xec,0xec,0x80,0xeb,0xeb,0xeb,0x80,
	0xeb,0xeb,0xeb,0x80,0xeb,0xeb,0xeb,0x80,0xeb,0xeb,0xeb,0x80,0xea,0xea,0xea,0x80,
	0xea,0xea,0xea,0x80,0xe9,0xe9,0xe9,0x80,0xe8,0xe8,0xe8,0x80,0xe8,0xe8,0xe8,0x80,
	0xe7,0xe7,0xe7,0x80,0xe6,0xe6,0xe6,0x80,0xe5,0xe5,0xe5,0x80,0xe4,0xe4,0xe4,0x80,
	0xe3,0xe3,0xe3,0x80,0xe2,0xe2,0xe2,0x80,0xe1,0xe1,0xe1,0x80,0xe0,0xe0,0xe0,0x80,
	0xdf,0xdf,0xdf,0x80,0xde,0xde,0xde,0x80,0xdd,0xdd,0xdd,0x80,0xdc,0xdc,0xdc,0x80,
	0xdb,0xdb,0xdb,0x80,0xd9,0xd9,0xd9,0x80,0xd8,0xd8,0xd8,0x80,0xd8,0xd8,0xd8,0x80,
	0xd6,0xd6,0xd6,0x80,0xd6,0xd6,0xd6,0x80,0xd4,0xd4,0xd4,0x80,0xd3,0xd3,0xd3,0x80,
	0xd3,0xd3,0xd3,0x80,0xd1,0xd1,0xd1,0x80,0xce,0xce,0xce,0x80,0xa8,0xa8,0xa8,0x7f,
	0x00,0x00,0x00,0x1b,0x00,0x00,0x00,0x0e,0x00,0x00,0x00,0x05,0x00,0x00,0x00,0x00,
	0x00,0x00,0x00,0x00,0x00,0x00,0x00,0x00,0x00,0x00,0x00,0x00,0x00,0x00,0x00,0x05,
	0xd3,0xd3,0xd3,0x80,0xd3,0xd3,0xd3,0x80,0xd2,0xd2,0xd2,0x80,0xd1,0xd1,0xd1,0x80,
	0xd0,0xd0,0xd0,0x80,0xce,0xce,0xce,0x80,0xcc,0xcc,0xcc,0x80,0xca,0xca,0xca,0x80,
	0xc9,0xc9,0xc9,0x80,0xc7,0xc7,0xc7,0x80,0xc6,0xc6,0xc6,0x80,0xc5,0xc5,0xc5,0x80,
	0xc2,0xc2,0xc2,0x80,0xc1,0xc1,0xc1,0x80,0xbe,0xbe,0xbe,0x80,0xbb,0xbb,0xbb,0x80,
	0xb8,0xb8,0xb8,0x80,0xb6,0xb6,0xb6,0x80,0xb4,0xb4,0xb4,0x80,0xb2,0xb2,0xb2,0x80,
	0xb0,0xb0,0xb0,0x80,0xae,0xae,0xae,0x80,0xab,0xab,0xab,0x80,0xa8,0xa8,0xa8,0x80,
	0xa5,0xa5,0xa5,0x80,0xa4,0xa4,0xa4,0x80,0xa2,0xa2,0xa2,0x80,0x9f,0x9f,0x9f,0x80,
	0x9c,0x9c,0x9c,0x80,0x9a,0x9a,0x9a,0x80,0x98,0x98,0x98,0x80,0x97,0x97,0x97,0x80,
	0x94,0x94,0x94,0x80,0x92,0x92,0x92,0x80,0x90,0x90,0x90,0x80,0x90,0x90,0x90,0x80,
	0x8e,0x8e,0x8e,0x80,0x8c,0x8c,0x8c,0x80,0x89,0x89,0x89,0x80,0x89,0x89,0x89,0x80,
	0x00,0x00,0x00,0x1b,0x00,0x00,0x00,0x0e,0x00,0x00,0x00,0x05,0x00,0x00,0x00,0x00,
	0x00,0x00,0x00,0x00,0x00,0x00,0x00,0x00,0x00,0x00,0x00,0x00,0x00,0x00,0x00,0x05,
	0xd1,0xd1,0xd1,0x80,0xd0,0xd0,0xd0,0x80,0xcf,0xcf,0xcf,0x80,0xce,0xce,0xce,0x80,
	0xcd,0xcd,0xcd,0x80,0xcb,0xcb,0xcb,0x80,0xc9,0xc9,0xc9,0x80,0xc7,0xc7,0xc7,0x80,
	0xc6,0xc6,0xc6,0x80,0xd1,0xd1,0xd1,0x80,0x30,0x30,0x30,0x80,0x42,0x42,0x42,0x80,
	0x4a,0x4a,0x4a,0x80,0x53,0x53,0x53,0x80,0x5d,0x5d,0x5d,0x80,0x66,0x66,0x66,0x80,
	0x6f,0x6f,0x6f,0x80,0x79,0x79,0x79,0x80,0x81,0x81,0x81,0x80,0x87,0x87,0x87,0x80,
	0x8c,0x8c,0x8c,0x80,0x8f,0x8f,0x8f,0x80,0x90,0x90,0x90,0x80,0x90,0x90,0x90,0x80,
	0x8f,0x8f,0x8f,0x80,0x8f,0x8f,0x8f,0x80,0x8f,0x8f,0x8f,0x80,0x8c,0x8c,0x8c,0x80,
	0x8c,0x8c,0x8c,0x80,0x8b,0x8b,0x8b,0x80,0x8b,0x8b,0x8b,0x80,0x89,0x89,0x89,0x80,
	0x88,0x88,0x88,0x80,0x88,0x88,0x88,0x80,0x88,0x88,0x88,0x80,0x88,0x88,0x88,0x80,
	0x88,0x88,0x88,0x80,0x88,0x88,0x88,0x80,0x87,0x87,0x87,0x80,0x85,0x85,0x85,0x80,
	0x00,0x00,0x00,0x1c,0x00,0x00,0x00,0x0e,0x00,0x00,0x00,0x05,0x00,0x00,0x00,0x00,
	0x00,0x00,0x00,0x00,0x00,0x00,0x00,0x00,0x00,0x00,0x00,0x00,0x00,0x00,0x00,0x05,
	0xd1,0xd1,0xd1,0x80,0xd0,0xd0,0xd0,0x80,0xcf,0xcf,0xcf,0x80,0xce,0xce,0xce,0x80,
	0xcd,0xcd,0xcd,0x80,0xcb,0xcb,0xcb,0x80,0xc9,0xc9,0xc9,0x80,0xc7,0xc7,0xc7,0x80,
	0xc6,0xc6,0xc6,0x80,0xd1,0xd1,0xd1,0x80,0x3a,0x3a,0x3a,0x80,0x4e,0x4e,0x4e,0x80,
	0x58,0x58,0x58,0x80,0x63,0x63,0x63,0x80,0x6d,0x6d,0x6d,0x80,0x7a,0x7a,0x7a,0x80,
	0x85,0x85,0x85,0x80,0x8f,0x8f,0x8f,0x80,0x98,0x98,0x98,0x80,0x9f,0x9f,0x9f,0x80,
	0xa2,0xa2,0xa2,0x80,0xa5,0xa5,0xa5,0x80,0xa5,0xa5,0xa5,0x80,0xa4,0xa4,0xa4,0x80,
	0xa2,0xa2,0xa2,0x80,0xa1,0xa1,0xa1,0x80,0x9f,0x9f,0x9f,0x80,0x9c,0x9c,0x9c,0x80,
	0x9a,0x9a,0x9a,0x80,0x98,0x98,0x98,0x80,0x97,0x97,0x97,0x80,0x95,0x95,0x95,0x80,
	0x92,0x92,0x92,0x80,0x90,0x90,0x90,0x80,0x8f,0x8f,0x8f,0x80,0x8e,0x8e,0x8e,0x80,
	0x8c,0x8c,0x8c,0x80,0x8b,0x8b,0x8b,0x80,0x89,0x89,0x89,0x80,0x88,0x88,0x88,0x80,
	0x00,0x00,0x00,0x1c,0x00,0x00,0x00,0x0e,0x00,0x00,0x00,0x05,0x00,0x00,0x00,0x00,
	0x00,0x00,0x00,0x00,0x00,0x00,0x00,0x00,0x00,0x00,0x00,0x00,0x00,0x00,0x00,0x05,
	0xd1,0xd1,0xd1,0x80,0xd0,0xd0,0xd0,0x80,0xcf,0xcf,0xcf,0x80,0xce,0xce,0xce,0x80,
	0xcd,0xcd,0xcd,0x80,0xcb,0xcb,0xcb,0x80,0xc9,0xc9,0xc9,0x80,0xc7,0xc7,0xc7,0x80,
	0xc6,0xc6,0xc6,0x80,0xd1,0xd1,0xd1,0x80,0x3a,0x3a,0x3a,0x80,0x4e,0x4e,0x4e,0x80,
	0x59,0x59,0x59,0x80,0x63,0x63,0x63,0x80,0x6d,0x6d,0x6d,0x80,0x7a,0x7a,0x7a,0x80,
	0x85,0x85,0x85,0x80,0x8f,0x8f,0x8f,0x80,0x97,0x97,0x97,0x80,0x9e,0x9e,0x9e,0x80,
	0xa2,0xa2,0xa2,0x80,0xa5,0xa5,0xa5,0x80,0xa5,0xa5,0xa5,0x80,0xa4,0xa4,0xa4,0x80,
	0xa2,0xa2,0xa2,0x80,0xa1,0xa1,0xa1,0x80,0x9f,0x9f,0x9f,0x80,0x9c,0x9c,0x9c,0x80,
	0x9a,0x9a,0x9a,0x80,0x98,0x98,0x98,0x80,0x97,0x97,0x97,0x80,0x95,0x95,0x95,0x80,
	0x92,0x92,0x92,0x80,0x90,0x90,0x90,0x80,0x8f,0x8f,0x8f,0x80,0x8e,0x8e,0x8e,0x80,
	0x8c,0x8c,0x8c,0x80,0x8b,0x8b,0x8b,0x80,0x89,0x89,0x89,0x80,0x88,0x88,0x88,0x80,
	0x00,0x00,0x00,0x1c,0x00,0x00,0x00,0x0e,0x00,0x00,0x00,0x05,0x00,0x00,0x00,0x00,
	0x00,0x00,0x00,0x00,0x00,0x00,0x00,0x00,0x00,0x00,0x00,0x00,0x00,0x00,0x00,0x05,
	0xd2,0xd2,0xd2,0x7e,0xd0,0xd0,0xd0,0x80,0xcf,0xcf,0xcf,0x80,0xce,0xce,0xce,0x80,
	0xcd,0xcd,0xcd,0x80,0xcb,0xcb,0xcb,0x80,0xc9,0xc9,0xc9,0x80,0xc7,0xc7,0xc7,0x80,
	0xc6,0xc6,0xc6,0x80,0xd1,0xd1,0xd1,0x80,0x3a,0x3a,0x3a,0x80,0x4e,0x4e,0x4e,0x80,
	0x58,0x58,0x58,0x80,0x63,0x63,0x63,0x80,0x6d,0x6d,0x6d,0x80,0x79,0x79,0x79,0x80,
	0x85,0x85,0x85,0x80,0x8f,0x8f,0x8f,0x80,0x97,0x97,0x97,0x80,0x9e,0x9e,0x9e,0x80,
	0xa2,0xa2,0xa2,0x80,0xa5,0xa5,0xa5,0x80,0xa5,0xa5,0xa5,0x80,0xa4,0xa4,0xa4,0x80,
	0xa2,0xa2,0xa2,0x80,0xa1,0xa1,0xa1,0x80,0x9f,0x9f,0x9f,0x80,0x9c,0x9c,0x9c,0x80,
	0x9a,0x9a,0x9a,0x80,0x98,0x98,0x98,0x80,0x97,0x97,0x97,0x80,0x95,0x95,0x95,0x80,
	0x92,0x92,0x92,0x80,0x90,0x90,0x90,0x80,0x8f,0x8f,0x8f,0x80,0x8e,0x8e,0x8e,0x80,
	0x8c,0x8c,0x8c,0x80,0x8b,0x8b,0x8b,0x80,0x89,0x89,0x89,0x80,0x87,0x87,0x87,0x7e,
	0x00,0x00,0x00,0x1b,0x00,0x00,0x00,0x0e,0x00,0x00,0x00,0x05,0x00,0x00,0x00,0x00,
	0x00,0x00,0x00,0x00,0x00,0x00,0x00,0x00,0x00,0x00,0x00,0x00,0x00,0x00,0x00,0x04,
	0xcc,0xcc,0xcc,0x68,0xd0,0xd0,0xd0,0x80,0xcf,0xcf,0xcf,0x80,0xce,0xce,0xce,0x80,
	0xcd,0xcd,0xcd,0x80,0xcb,0xcb,0xcb,0x80,0xc9,0xc9,0xc9,0x80,0xc7,0xc7,0xc7,0x80,
	0xc6,0xc6,0xc6,0x80,0xd1,0xd1,0xd1,0x80,0xb2,0xb2,0xb2,0x80,0xb2,0xb2,0xb2,0x80,
	0xb6,0xb6,0xb6,0x80,0xb8,0xb8,0xb8,0x80,0xbd,0xbd,0xbd,0x80,0xc2,0xc2,0xc2,0x80,
	0xc5,0xc5,0xc5,0x80,0xc8,0xc8,0xc8,0x80,0xcb,0xcb,0xcb,0x80,0xce,0xce,0xce,0x80,
	0xce,0xce,0xce,0x80,0xcf,0xcf,0xcf,0x80,0xcc,0xcc,0xcc,0x80,0xca,0xca,0xca,0x80,
	0xc7,0xc7,0xc7,0x80,0xc5,0xc5,0xc5,0x80,0xc1,0xc1,0xc1,0x80,0xbd,0xbd,0xbd,0x80,
	0xba,0xba,0xba,0x80,0xb6,0xb6,0xb6,0x80,0xb4,0xb4,0xb4,0x80,0xb0,0xb0,0xb0,0x80,
	0xab,0xab,0xab,0x80,0xa7,0xa7,0xa7,0x80,0xa2,0xa2,0xa2,0x80,0x9e,0x9e,0x9e,0x80,
	0x98,0x98,0x98,0x80,0x94,0x94,0x94,0x80,0x8f,0x8f,0x8f,0x80,0x84,0x84,0x84,0x6d,
	0x00,0x00,0x00,0x19,0x00,0x00,0x00,0x0c,0x00,0x00,0x00,0x04,0x00,0x00,0x00,0x00,
	0x00,0x00,0x00,0x00,0x00,0x00,0x00,0x00,0x00,0x00,0x00,0x00,0x00,0x00,0x00,0x03,
	0x9f,0x9f,0x9f,0x22,0xca,0xca,0xca,0x71,0xcf,0xcf,0xcf,0x80,0xce,0xce,0xce,0x80,
	0xcd,0xcd,0xcd,0x80,0xcb,0xcb,0xcb,0x80,0xc9,0xc9,0xc9,0x80,0xc7,0xc7,0xc7,0x80,
	0xc6,0xc6,0xc6,0x80,0xc5,0xc5,0xc5,0x80,0xc2,0xc2,0xc2,0x80,0xc1,0xc1,0xc1,0x80,
	0xbe,0xbe,0xbe,0x80,0xbb,0xbb,0xbb,0x80,0xba,0xba,0xba,0x80,0xb8,0xb8,0xb8,0x80,
	0xb4,0xb4,0xb4,0x80,0xb2,0xb2,0xb2,0x80,0xb0,0xb0,0xb0,0x80,0xaf,0xaf,0xaf,0x80,
	0xac,0xac,0xac,0x80,0xaa,0xaa,0xaa,0x80,0xa8,0xa8,0xa8,0x80,0xa5,0xa5,0xa5,0x80,
	0xa2,0xa2,0xa2,0x80,0xa1,0xa1,0xa1,0x80,0x9f,0x9f,0x9f,0x80,0x9c,0x9c,0x9c,0x80,
	0x9a,0x9a,0x9a,0x80,0x98,0x98,0x98,0x80,0x97,0x97,0x97,0x80,0x95,0x95,0x95,0x80,
	0x92,0x92,0x92,0x80,0x90,0x90,0x90,0x80,0x8f,0x8f,0x8f,0x80,0x8e,0x8e,0x8e,0x80,
	0x8c,0x8c,0x8c,0x80,0x8b,0x8b,0x8b,0x80,0x83,0x83,0x83,0x73,0x47,0x47,0x47,0x31,
	0x00,0x00,0x00,0x15,0x00,0x00,0x00,0x0a,0x00,0x00,0x00,0x03,0x00,0x00,0x00,0x00,
	0x00,0x00,0x00,0x00,0x00,0x00,0x00,0x00,0x00,0x00,0x00,0x00,0x00,0x00,0x00,0x02,
	0x00,0x00,0x00,0x06,0x00,0x00,0x00,0x0e,0x00,0x00,0x00,0x15,0x08,0x08,0x08,0x1a,
	0x00,0x00,0x00,0x1b,0x00,0x00,0x00,0x1c,0x00,0x00,0x00,0x1c,0x00,0x00,0x00,0x1c,
	0x00,0x00,0x00,0x1c,0x00,0x00,0x00,0x1c,0x00,0x00,0x00,0x1c,0x00,0x00,0x00,0x1c,
	0x00,0x00,0x00,0x1c,0x00,0x00,0x00,0x1c,0x00,0x00,0x00,0x1c,0x00,0x00,0x00,0x1c,
	0x00,0x00,0x00,0x1c,0x00,0x00,0x00,0x1c,0x00,0x00,0x00,0x1c,0x00,0x00,0x00,0x1c,
	0x00,0x00,0x00,0x1c,0x00,0x00,0x00,0x1c,0x00,0x00,0x00,0x1c,0x00,0x00,0x00,0x1c,
	0x00,0x00,0x00,0x1c,0x00,0x00,0x00,0x1c,0x00,0x00,0x00,0x1c,0x00,0x00,0x00,0x1c,
	0x00,0x00,0x00,0x1c,0x00,0x00,0x00,0x1c,0x00,0x00,0x00,0x1c,0x00,0x00,0x00,0x1c,
	0x00,0x00,0x00,0x1c,0x00,0x00,0x00,0x1c,0x00,0x00,0x00,0x1c,0x00,0x00,0x00,0x1c,
	0x00,0x00,0x00,0x1c,0x00,0x00,0x00,0x1b,0x08,0x08,0x08,0x1a,0x00,0x00,0x00,0x15,
	0x00,0x00,0x00,0x0e,0x00,0x00,0x00,0x06,0x00,0x00,0x00,0x02,0x00,0x00,0x00,0x00,
	0x00,0x00,0x00,0x00,0x00,0x00,0x00,0x00,0x00,0x00,0x00,0x00,0x00,0x00,0x00,0x01,
	0x00,0x00,0x00,0x03,0x00,0x00,0x00,0x06,0x00,0x00,0x00,0x0a,0x00,0x00,0x00,0x0c,
	0x00,0x00,0x00,0x0e,0x00,0x00,0x00,0x0e,0x00,0x00,0x00,0x0e,0x00,0x00,0x00,0x0e,
	0x00,0x00,0x00,0x0e,0x00,0x00,0x00,0x0e,0x00,0x00,0x00,0x0e,0x00,0x00,0x00,0x0e,
	0x00,0x00,0x00,0x0e,0x00,0x00,0x00,0x0e,0x00,0x00,0x00,0x0e,0x00,0x00,0x00,0x0e,
	0x00,0x00,0x00,0x0e,0x00,0x00,0x00,0x0e,0x00,0x00,0x00,0x0e,0x00,0x00,0x00,0x0e,
	0x00,0x00,0x00,0x0e,0x00,0x00,0x00,0x0e,0x00,0x00,0x00,0x0e,0x00,0x00,0x00,0x0e,
	0x00,0x00,0x00,0x0e,0x00,0x00,0x00,0x0e,0x00,0x00,0x00,0x0e,0x00,0x00,0x00,0x0e,
	0x00,0x00,0x00,0x0e,0x00,0x00,0x00,0x0e,0x00,0x00,0x00,0x0e,0x00,0x00,0x00,0x0e,
	0x00,0x00,0x00,0x0e,0x00,0x00,0x00,0x0e,0x00,0x00,0x00,0x0e,0x00,0x00,0x00,0x0e,
	0x00,0x00,0x00,0x0e,0x00,0x00,0x00,0x0e,0x00,0x00,0x00,0x0c,0x00,0x00,0x00,0x0a,
	0x00,0x00,0x00,0x06,0x00,0x00,0x00,0x03,0x00,0x00,0x00,0x01,0x00,0x00,0x00,0x00,
	0x00,0x00,0x00,0x00,0x00,0x00,0x00,0x00,0x00,0x00,0x00,0x00,0x00,0x00,0x00,0x00,
	0x00,0x00,0x00,0x01,0x00,0x00,0x00,0x02,0x00,0x00,0x00,0x03,0x00,0x00,0x00,0x04,
	0x00,0x00,0x00,0x05,0x00,0x00,0x00,0x05,0x00,0x00,0x00,0x05,0x00,0x00,0x00,0x05,
	0x00,0x00,0x00,0x05,0x00,0x00,0x00,0x05,0x00,0x00,0x00,0x05,0x00,0x00,0x00,0x05,
	0x00,0x00,0x00,0x05,0x00,0x00,0x00,0x05,0x00,0x00,0x00,0x05,0x00,0x00,0x00,0x05,
	0x00,0x00,0x00,0x05,0x00,0x00,0x00,0x05,0x00,0x00,0x00,0x05,0x00,0x00,0x00,0x05,
	0x00,0x00,0x00,0x05,0x00,0x00,0x00,0x05,0x00,0x00,0x00,0x05,0x00,0x00,0x00,0x05,
	0x00,0x00,0x00,0x05,0x00,0x00,0x00,0x05,0x00,0x00,0x00,0x05,0x00,0x00,0x00,0x05,
	0x00,0x00,0x00,0x05,0x00,0x00,0x00,0x05,0x00,0x00,0x00,0x05,0x00,0x00,0x00,0x05,
	0x00,0x00,0x00,0x05,0x00,0x00,0x00,0x05,0x00,0x00,0x00,0x05,0x00,0x00,0x00,0x05,
	0x00,0x00,0x00,0x05,0x00,0x00,0x00,0x05,0x00,0x00,0x00,0x04,0x00,0x00,0x00,0x03,
	0x00,0x00,0x00,0x02,0x00,0x00,0x00,0x01,0x00,0x00,0x00,0x00,0x00,0x00,0x00,0x00,
	0x00,0x00,0x00,0x00,0x00,0x00,0x00,0x00,0x00,0x00,0x00,0x00,0x00,0x00,0x00,0x00,
	0x00,0x00,0x00,0x00,0x00,0x00,0x00,0x00,0x00,0x00,0x00,0x00,0x00,0x00,0x00,0x00,
	0x00,0x00,0x00,0x00,0x00,0x00,0x00,0x00,0x00,0x00,0x00,0x00,0x00,0x00,0x00,0x00,
	0x00,0x00,0x00,0x00,0x00,0x00,0x00,0x00,0x00,0x00,0x00,0x00,0x00,0x00,0x00,0x00,
	0x00,0x00,0x00,0x00,0x00,0x00,0x00,0x00,0x00,0x00,0x00,0x00,0x00,0x00,0x00,0x00,
	0x00,0x00,0x00,0x00,0x00,0x00,0x00,0x00,0x00,0x00,0x00,0x00,0x00,0x00,0x00,0x00,
	0x00,0x00,0x00,0x00,0x00,0x00,0x00,0x00,0x00,0x00,0x00,0x00,0x00,0x00,0x00,0x00,
	0x00,0x00,0x00,0x00,0x00,0x00,0x00,0x00,0x00,0x00,0x00,0x00,0x00,0x00,0x00,0x00,
	0x00,0x00,0x00,0x00,0x00,0x00,0x00,0x00,0x00,0x00,0x00,0x00,0x00,0x00,0x00,0x00,
	0x00,0x00,0x00,0x00,0x00,0x00,0x00,0x00,0x00,0x00,0x00,0x00,0x00,0x00,0x00,0x00,
	0x00,0x00,0x00,0x00,0x00,0x00,0x00,0x00,0x00,0x00,0x00,0x00,0x00,0x00,0x00,0x00,
	0x00,0x00,0x00,0x00,0x00,0x00,0x00,0x00,0x00,0x00,0x00,0x00,0x00,0x00,0x00,0x00,
};
static const unsigned char rgba_s_IconILINK[ 9216 ] __attribute__(   (  aligned( 16 ), section( ".data" )  )   ) = {
	0x00,0x00,0x00,0x00,0x00,0x00,0x00,0x00,0x00,0x00,0x00,0x00,0x00,0x00,0x00,0x00,
	0x00,0x00,0x00,0x00,0x00,0x00,0x00,0x00,0x00,0x00,0x00,0x00,0x00,0x00,0x00,0x00,
	0x00,0x00,0x00,0x00,0x00,0x00,0x00,0x00,0x00,0x00,0x00,0x00,0x00,0x00,0x00,0x00,
	0x00,0x00,0x00,0x00,0x00,0x00,0x00,0x00,0x00,0x00,0x00,0x00,0x00,0x00,0x00,0x00,
	0x00,0x00,0x00,0x00,0x00,0x00,0x00,0x00,0x00,0x00,0x00,0x00,0x00,0x00,0x00,0x00,
	0x00,0x00,0x00,0x00,0x00,0x00,0x00,0x00,0x00,0x00,0x00,0x00,0x00,0x00,0x00,0x00,
	0x00,0x00,0x00,0x00,0x00,0x00,0x00,0x00,0x00,0x00,0x00,0x00,0x00,0x00,0x00,0x00,
	0x00,0x00,0x00,0x00,0x00,0x00,0x00,0x00,0x00,0x00,0x00,0x00,0x00,0x00,0x00,0x00,
	0x00,0x00,0x00,0x00,0x00,0x00,0x00,0x00,0x00,0x00,0x00,0x00,0x00,0x00,0x00,0x00,
	0x00,0x00,0x00,0x00,0x00,0x00,0x00,0x00,0x00,0x00,0x00,0x00,0x00,0x00,0x00,0x00,
	0x00,0x00,0x00,0x00,0x00,0x00,0x00,0x00,0x00,0x00,0x00,0x00,0x00,0x00,0x00,0x00,
	0x00,0x00,0x00,0x00,0x00,0x00,0x00,0x00,0x00,0x00,0x00,0x00,0x00,0x00,0x00,0x00,
	0x00,0x00,0x00,0x00,0x00,0x00,0x00,0x00,0x00,0x00,0x00,0x00,0x00,0x00,0x00,0x00,
	0x00,0x00,0x00,0x00,0x00,0x00,0x00,0x00,0x00,0x00,0x00,0x00,0x00,0x00,0x00,0x00,
	0x00,0x00,0x00,0x00,0x00,0x00,0x00,0x00,0x00,0x00,0x00,0x00,0x00,0x00,0x00,0x00,
	0x00,0x00,0x00,0x00,0x00,0x00,0x00,0x00,0x00,0x00,0x00,0x00,0x00,0x00,0x00,0x00,
	0x00,0x00,0x00,0x00,0x00,0x00,0x00,0x00,0x00,0x00,0x00,0x00,0x00,0x00,0x00,0x00,
	0x00,0x00,0x00,0x00,0x00,0x00,0x00,0x00,0x00,0x00,0x00,0x00,0x00,0x00,0x00,0x00,
	0x00,0x00,0x00,0x00,0x00,0x00,0x00,0x00,0x00,0x00,0x00,0x00,0x00,0x00,0x00,0x00,
	0x00,0x00,0x00,0x00,0x00,0x00,0x00,0x00,0x00,0x00,0x00,0x00,0x00,0x00,0x00,0x00,
	0x00,0x00,0x00,0x00,0x00,0x00,0x00,0x00,0x00,0x00,0x00,0x00,0x00,0x00,0x00,0x00,
	0x00,0x00,0x00,0x00,0x00,0x00,0x00,0x00,0x00,0x00,0x00,0x00,0x00,0x00,0x00,0x00,
	0x00,0x00,0x00,0x00,0x00,0x00,0x00,0x00,0x00,0x00,0x00,0x00,0x00,0x00,0x00,0x00,
	0x00,0x00,0x00,0x00,0x00,0x00,0x00,0x00,0x00,0x00,0x00,0x00,0x00,0x00,0x00,0x00,
	0x00,0x00,0x00,0x00,0x00,0x00,0x00,0x00,0x00,0x00,0x00,0x00,0x00,0x00,0x00,0x00,
	0x00,0x00,0x00,0x00,0x00,0x00,0x00,0x00,0x00,0x00,0x00,0x00,0x00,0x00,0x00,0x00,
	0x00,0x00,0x00,0x00,0x00,0x00,0x00,0x00,0x00,0x00,0x00,0x00,0x00,0x00,0x00,0x00,
	0x00,0x00,0x00,0x00,0x00,0x00,0x00,0x00,0x00,0x00,0x00,0x00,0x00,0x00,0x00,0x00,
	0x00,0x00,0x00,0x00,0x00,0x00,0x00,0x00,0x00,0x00,0x00,0x00,0x00,0x00,0x00,0x00,
	0x00,0x00,0x00,0x00,0x00,0x00,0x00,0x00,0x00,0x00,0x00,0x00,0x00,0x00,0x00,0x00,
	0x00,0x00,0x00,0x00,0x00,0x00,0x00,0x00,0x00,0x00,0x00,0x00,0x00,0x00,0x00,0x00,
	0x00,0x00,0x00,0x00,0x00,0x00,0x00,0x00,0x00,0x00,0x00,0x00,0x00,0x00,0x00,0x00,
	0x00,0x00,0x00,0x00,0x00,0x00,0x00,0x00,0x00,0x00,0x00,0x00,0x00,0x00,0x00,0x00,
	0x00,0x00,0x00,0x00,0x00,0x00,0x00,0x00,0x00,0x00,0x00,0x00,0x00,0x00,0x00,0x00,
	0x00,0x00,0x00,0x00,0x00,0x00,0x00,0x00,0x00,0x00,0x00,0x00,0x00,0x00,0x00,0x00,
	0x00,0x00,0x00,0x00,0x00,0x00,0x00,0x00,0x00,0x00,0x00,0x00,0x00,0x00,0x00,0x00,
	0x00,0x00,0x00,0x00,0x00,0x00,0x00,0x00,0x00,0x00,0x00,0x00,0x00,0x00,0x00,0x00,
	0x00,0x00,0x00,0x00,0x00,0x00,0x00,0x00,0x00,0x00,0x00,0x00,0x00,0x00,0x00,0x00,
	0x00,0x00,0x00,0x00,0x00,0x00,0x00,0x00,0x00,0x00,0x00,0x00,0x00,0x00,0x00,0x00,
	0x00,0x00,0x00,0x00,0x00,0x00,0x00,0x00,0x00,0x00,0x00,0x00,0x00,0x00,0x00,0x00,
	0x00,0x00,0x00,0x00,0x00,0x00,0x00,0x00,0x00,0x00,0x00,0x00,0x00,0x00,0x00,0x00,
	0x00,0x00,0x00,0x00,0x00,0x00,0x00,0x00,0x00,0x00,0x00,0x00,0x00,0x00,0x00,0x00,
	0x00,0x00,0x00,0x00,0x00,0x00,0x00,0x00,0x00,0x00,0x00,0x00,0x00,0x00,0x00,0x00,
	0x00,0x00,0x00,0x00,0x00,0x00,0x00,0x00,0x00,0x00,0x00,0x00,0x00,0x00,0x00,0x00,
	0x00,0x00,0x00,0x00,0x00,0x00,0x00,0x00,0x00,0x00,0x00,0x00,0x00,0x00,0x00,0x00,
	0x00,0x00,0x00,0x00,0x00,0x00,0x00,0x00,0x00,0x00,0x00,0x00,0x00,0x00,0x00,0x00,
	0x00,0x00,0x00,0x00,0x00,0x00,0x00,0x00,0x00,0x00,0x00,0x00,0x00,0x00,0x00,0x00,
	0x00,0x00,0x00,0x00,0x00,0x00,0x00,0x00,0x00,0x00,0x00,0x00,0x00,0x00,0x00,0x00,
	0x00,0x00,0x00,0x00,0x00,0x00,0x00,0x00,0x00,0x00,0x00,0x00,0x00,0x00,0x00,0x00,
	0x00,0x00,0x00,0x00,0x00,0x00,0x00,0x00,0x00,0x00,0x00,0x00,0x00,0x00,0x00,0x00,
	0x00,0x00,0x00,0x00,0x00,0x00,0x00,0x00,0x00,0x00,0x00,0x00,0x00,0x00,0x00,0x00,
	0x00,0x00,0x00,0x00,0x00,0x00,0x00,0x00,0x00,0x00,0x00,0x00,0x00,0x00,0x00,0x00,
	0x00,0x00,0x00,0x00,0x00,0x00,0x00,0x00,0x00,0x00,0x00,0x00,0x00,0x00,0x00,0x00,
	0x00,0x00,0x00,0x00,0x00,0x00,0x00,0x00,0x00,0x00,0x00,0x00,0x00,0x00,0x00,0x00,
	0x00,0x00,0x00,0x00,0x00,0x00,0x00,0x00,0x00,0x00,0x00,0x00,0x00,0x00,0x00,0x00,
	0x00,0x00,0x00,0x00,0x00,0x00,0x00,0x00,0x00,0x00,0x00,0x00,0x00,0x00,0x00,0x00,
	0x00,0x00,0x00,0x00,0x00,0x00,0x00,0x00,0x00,0x00,0x00,0x00,0x00,0x00,0x00,0x00,
	0x00,0x00,0x00,0x00,0x00,0x00,0x00,0x00,0x00,0x00,0x00,0x00,0x00,0x00,0x00,0x00,
	0x00,0x00,0x00,0x00,0x00,0x00,0x00,0x00,0x00,0x00,0x00,0x00,0x00,0x00,0x00,0x00,
	0x00,0x00,0x00,0x00,0x00,0x00,0x00,0x00,0x00,0x00,0x00,0x00,0x00,0x00,0x00,0x00,
	0x00,0x00,0x00,0x00,0x00,0x00,0x00,0x00,0x00,0x00,0x00,0x00,0x00,0x00,0x00,0x00,
	0x00,0x00,0x00,0x00,0x00,0x00,0x00,0x00,0x00,0x00,0x00,0x00,0x00,0x00,0x00,0x00,
	0x00,0x00,0x00,0x00,0x00,0x00,0x00,0x00,0x00,0x00,0x00,0x00,0x00,0x00,0x00,0x00,
	0x00,0x00,0x00,0x00,0x00,0x00,0x00,0x00,0x00,0x00,0x00,0x00,0x00,0x00,0x00,0x00,
	0x00,0x00,0x00,0x00,0x00,0x00,0x00,0x00,0x00,0x00,0x00,0x00,0x00,0x00,0x00,0x00,
	0x00,0x00,0x00,0x00,0x00,0x00,0x00,0x00,0x00,0x00,0x00,0x00,0x00,0x00,0x00,0x00,
	0x00,0x00,0x00,0x00,0x00,0x00,0x00,0x00,0x00,0x00,0x00,0x00,0x00,0x00,0x00,0x00,
	0x00,0x00,0x00,0x00,0x00,0x00,0x00,0x00,0x00,0x00,0x00,0x00,0x00,0x00,0x00,0x00,
	0x00,0x00,0x00,0x00,0x00,0x00,0x00,0x00,0x00,0x00,0x00,0x00,0x00,0x00,0x00,0x00,
	0x00,0x00,0x00,0x00,0x00,0x00,0x00,0x00,0x00,0x00,0x00,0x00,0x00,0x00,0x00,0x00,
	0x00,0x00,0x00,0x00,0x00,0x00,0x00,0x00,0x00,0x00,0x00,0x00,0x00,0x00,0x00,0x00,
	0x00,0x00,0x00,0x00,0x00,0x00,0x00,0x00,0x00,0x00,0x00,0x00,0x00,0x00,0x00,0x00,
	0x00,0x00,0x00,0x00,0x00,0x00,0x00,0x00,0x00,0x00,0x00,0x00,0x00,0x00,0x00,0x00,
	0x00,0x00,0x00,0x00,0x00,0x00,0x00,0x00,0x00,0x00,0x00,0x00,0x00,0x00,0x00,0x00,
	0x00,0x00,0x00,0x00,0x00,0x00,0x00,0x00,0x00,0x00,0x00,0x00,0x00,0x00,0x00,0x00,
	0x00,0x00,0x00,0x00,0x00,0x00,0x00,0x00,0x00,0x00,0x00,0x00,0x00,0x00,0x00,0x00,
	0x00,0x00,0x00,0x00,0x00,0x00,0x00,0x00,0x00,0x00,0x00,0x00,0x00,0x00,0x00,0x00,
	0x00,0x00,0x00,0x00,0x00,0x00,0x00,0x00,0x00,0x00,0x00,0x00,0x00,0x00,0x00,0x00,
	0x00,0x00,0x00,0x00,0x00,0x00,0x00,0x00,0x00,0x00,0x00,0x00,0x00,0x00,0x00,0x00,
	0x00,0x00,0x00,0x00,0x00,0x00,0x00,0x00,0x00,0x00,0x00,0x00,0x00,0x00,0x00,0x00,
	0x00,0x00,0x00,0x00,0x00,0x00,0x00,0x00,0x00,0x00,0x00,0x00,0x00,0x00,0x00,0x00,
	0x00,0x00,0x00,0x00,0x00,0x00,0x00,0x00,0x00,0x00,0x00,0x00,0x00,0x00,0x00,0x00,
	0x00,0x00,0x00,0x00,0x00,0x00,0x00,0x00,0x00,0x00,0x00,0x00,0x00,0x00,0x00,0x00,
	0x00,0x00,0x00,0x00,0x00,0x00,0x00,0x00,0x00,0x00,0x00,0x00,0x00,0x00,0x00,0x00,
	0x00,0x00,0x00,0x00,0x00,0x00,0x00,0x00,0x00,0x00,0x00,0x00,0x00,0x00,0x00,0x00,
	0x00,0x00,0x00,0x00,0x00,0x00,0x00,0x00,0x00,0x00,0x00,0x00,0x00,0x00,0x00,0x00,
	0x00,0x00,0x00,0x00,0x00,0x00,0x00,0x00,0x00,0x00,0x00,0x00,0x00,0x00,0x00,0x00,
	0x00,0x00,0x00,0x01,0x00,0x00,0x00,0x01,0x00,0x00,0x00,0x01,0x00,0x00,0x00,0x00,
	0x00,0x00,0x00,0x00,0x00,0x00,0x00,0x00,0x00,0x00,0x00,0x00,0x00,0x00,0x00,0x00,
	0x00,0x00,0x00,0x00,0x00,0x00,0x00,0x00,0x00,0x00,0x00,0x00,0x00,0x00,0x00,0x00,
	0x00,0x00,0x00,0x00,0x00,0x00,0x00,0x00,0x00,0x00,0x00,0x00,0x00,0x00,0x00,0x00,
	0x00,0x00,0x00,0x00,0x00,0x00,0x00,0x00,0x00,0x00,0x00,0x00,0x00,0x00,0x00,0x00,
	0x00,0x00,0x00,0x00,0x00,0x00,0x00,0x00,0x00,0x00,0x00,0x00,0x00,0x00,0x00,0x00,
	0x00,0x00,0x00,0x00,0x00,0x00,0x00,0x00,0x00,0x00,0x00,0x00,0x00,0x00,0x00,0x00,
	0x00,0x00,0x00,0x00,0x00,0x00,0x00,0x00,0x00,0x00,0x00,0x00,0x00,0x00,0x00,0x00,
	0x00,0x00,0x00,0x00,0x00,0x00,0x00,0x00,0x00,0x00,0x00,0x00,0x00,0x00,0x00,0x00,
	0x00,0x00,0x00,0x00,0x00,0x00,0x00,0x00,0x00,0x00,0x00,0x00,0x00,0x00,0x00,0x00,
	0x00,0x00,0x00,0x00,0x00,0x00,0x00,0x00,0x00,0x00,0x00,0x00,0x00,0x00,0x00,0x00,
	0x00,0x00,0x00,0x00,0x00,0x00,0x00,0x00,0x00,0x00,0x00,0x01,0x00,0x00,0x00,0x02,
	0xf1,0xf1,0xf1,0x24,0x00,0x00,0x00,0x03,0x00,0x00,0x00,0x03,0x00,0x00,0x00,0x02,
	0x00,0x00,0x00,0x01,0x00,0x00,0x00,0x00,0x00,0x00,0x00,0x00,0x00,0x00,0x00,0x00,
	0x00,0x00,0x00,0x00,0x00,0x00,0x00,0x00,0x00,0x00,0x00,0x00,0x00,0x00,0x00,0x00,
	0x00,0x00,0x00,0x00,0x00,0x00,0x00,0x00,0x00,0x00,0x00,0x00,0x00,0x00,0x00,0x00,
	0x00,0x00,0x00,0x00,0x00,0x00,0x00,0x00,0x00,0x00,0x00,0x00,0x00,0x00,0x00,0x00,
	0x00,0x00,0x00,0x00,0x00,0x00,0x00,0x00,0x00,0x00,0x00,0x00,0x00,0x00,0x00,0x00,
	0x00,0x00,0x00,0x00,0x00,0x00,0x00,0x00,0x00,0x00,0x00,0x00,0x00,0x00,0x00,0x00,
	0x00,0x00,0x00,0x00,0x00,0x00,0x00,0x00,0x00,0x00,0x00,0x00,0x00,0x00,0x00,0x00,
	0x00,0x00,0x00,0x00,0x00,0x00,0x00,0x00,0x00,0x00,0x00,0x00,0x00,0x00,0x00,0x00,
	0x00,0x00,0x00,0x00,0x00,0x00,0x00,0x00,0x00,0x00,0x00,0x00,0x00,0x00,0x00,0x00,
	0x00,0x00,0x00,0x00,0x00,0x00,0x00,0x00,0x00,0x00,0x00,0x00,0x00,0x00,0x00,0x00,
	0xfe,0x4c,0x4e,0x01,0x00,0x00,0x00,0x01,0xdc,0xdc,0xdc,0x0b,0xf5,0xf5,0xf5,0x42,
	0x69,0x69,0x69,0x80,0xeb,0xeb,0xeb,0x45,0x8f,0x8f,0x8f,0x15,0x00,0x00,0x00,0x05,
	0x00,0x00,0x00,0x02,0x00,0x00,0x00,0x01,0x00,0x00,0x00,0x00,0x00,0x00,0x00,0x01,
	0x00,0x00,0x00,0x02,0x00,0x00,0x00,0x02,0x00,0x00,0x00,0x02,0x00,0x00,0x00,0x01,
	0x00,0x00,0x00,0x01,0x00,0x00,0x00,0x00,0x00,0x00,0x00,0x00,0x00,0x00,0x00,0x00,
	0x00,0x00,0x00,0x00,0x00,0x00,0x00,0x00,0x00,0x00,0x00,0x00,0x00,0x00,0x00,0x00,
	0x00,0x00,0x00,0x00,0x00,0x00,0x00,0x00,0x00,0x00,0x00,0x00,0x00,0x00,0x00,0x00,
	0x00,0x00,0x00,0x00,0x00,0x00,0x00,0x00,0x00,0x00,0x00,0x00,0x00,0x00,0x00,0x00,
	0x00,0x00,0x00,0x00,0x00,0x00,0x00,0x00,0x00,0x00,0x00,0x00,0x00,0x00,0x00,0x00,
	0x00,0x00,0x00,0x00,0x00,0x00,0x00,0x00,0x00,0x00,0x00,0x00,0x00,0x00,0x00,0x00,
	0x00,0x00,0x00,0x00,0x00,0x00,0x00,0x00,0x00,0x00,0x00,0x00,0x00,0x00,0x00,0x00,
	0x00,0x00,0x00,0x00,0x00,0x00,0x00,0x00,0x00,0x00,0x00,0x00,0x00,0x00,0x00,0x00,
	0x00,0x00,0x00,0x01,0x33,0x33,0x33,0x03,0xf2,0xf2,0xf2,0x3c,0xff,0xff,0xff,0x80,
	0xd3,0xd3,0xd3,0x80,0x69,0x69,0x69,0x80,0xdd,0xdd,0xdd,0x48,0x8f,0x8f,0x8f,0x15,
	0x00,0x00,0x00,0x06,0x00,0x00,0x00,0x02,0x00,0x00,0x00,0x02,0xe0,0x3a,0x40,0x19,
	0xf7,0x44,0x48,0x61,0xee,0x41,0x45,0x47,0x8f,0x26,0x2a,0x0f,0x00,0x00,0x00,0x04,
	0x00,0x00,0x00,0x02,0x00,0x00,0x00,0x01,0x00,0x00,0x00,0x00,0x00,0x00,0x00,0x00,
	0x00,0x00,0x00,0x00,0x00,0x00,0x00,0x00,0x00,0x00,0x00,0x00,0x00,0x00,0x00,0x00,
	0x00,0x00,0x00,0x00,0x00,0x00,0x00,0x00,0x00,0x00,0x00,0x00,0x00,0x00,0x00,0x00,
	0x00,0x00,0x00,0x00,0x00,0x00,0x00,0x00,0x00,0x00,0x00,0x00,0x00,0x00,0x00,0x00,
	0x00,0x00,0x00,0x00,0x00,0x00,0x00,0x00,0x00,0x00,0x00,0x00,0x00,0x00,0x00,0x00,
	0x00,0x00,0x00,0x00,0x00,0x00,0x00,0x00,0x00,0x00,0x00,0x00,0x00,0x00,0x00,0x00,
	0x00,0x00,0x00,0x00,0x00,0x00,0x00,0x00,0x00,0x00,0x00,0x00,0x00,0x00,0x00,0x00,
	0x00,0x00,0x00,0x00,0x00,0x00,0x00,0x00,0x00,0x00,0x00,0x00,0x00,0x00,0x00,0x01,
	0xdc,0xdc,0xdc,0x0f,0xf5,0xf5,0xf5,0x43,0x69,0x69,0x69,0x80,0xd4,0xd4,0xd4,0x80,
	0xff,0xff,0xff,0x80,0xd3,0xd3,0xd3,0x80,0x69,0x69,0x69,0x80,0xda,0xda,0xda,0x4e,
	0x6e,0x6e,0x6e,0x15,0x00,0x00,0x00,0x07,0xd9,0x38,0x3d,0x21,0xfa,0x44,0x49,0x7b,
	0xfa,0x43,0x48,0x80,0xfa,0x43,0x48,0x80,0xeb,0x3e,0x44,0x5b,0x77,0x1f,0x22,0x15,
	0x00,0x00,0x00,0x07,0x00,0x00,0x00,0x03,0x00,0x00,0x00,0x01,0x00,0x00,0x00,0x00,
	0x00,0x00,0x00,0x00,0x00,0x00,0x00,0x00,0x00,0x00,0x00,0x00,0x00,0x00,0x00,0x00,
	0x00,0x00,0x00,0x00,0x00,0x00,0x00,0x00,0x00,0x00,0x00,0x00,0x00,0x00,0x00,0x00,
	0x00,0x00,0x00,0x00,0x00,0x00,0x00,0x00,0x00,0x00,0x00,0x00,0x00,0x00,0x00,0x00,
	0x00,0x00,0x00,0x00,0x00,0x00,0x00,0x00,0x00,0x00,0x00,0x00,0x00,0x00,0x00,0x00,
	0x00,0x00,0x00,0x00,0x00,0x00,0x00,0x00,0x00,0x00,0x00,0x00,0x00,0x00,0x00,0x00,
	0x00,0x00,0x00,0x00,0x00,0x00,0x00,0x00,0x00,0x00,0x00,0x00,0x00,0x00,0x00,0x00,
	0x00,0x00,0x00,0x00,0x00,0x00,0x00,0x00,0x00,0x00,0x00,0x00,0x00,0x00,0x00,0x02,
	0xf5,0xf5,0xf5,0x43,0xff,0xff,0xff,0x80,0xd2,0xd2,0xd2,0x80,0x69,0x69,0x69,0x80,
	0xd0,0xd0,0xd0,0x80,0xfb,0xfb,0xfb,0x80,0xd0,0xd0,0xd0,0x80,0x69,0x69,0x69,0x80,
	0xda,0xda,0xda,0x4e,0xbb,0x56,0x59,0x2e,0xf9,0x43,0x49,0x7d,0xf8,0x42,0x48,0x80,
	0xf8,0x42,0x48,0x80,0xf8,0x41,0x47,0x80,0xf8,0x41,0x47,0x80,0xe4,0x3a,0x40,0x5c,
	0x65,0x19,0x1c,0x15,0x00,0x00,0x00,0x07,0x00,0x00,0x00,0x03,0x00,0x00,0x00,0x01,
	0x00,0x00,0x00,0x00,0x00,0x00,0x00,0x00,0x00,0x00,0x00,0x00,0x00,0x00,0x00,0x00,
	0x00,0x00,0x00,0x00,0x00,0x00,0x00,0x00,0x00,0x00,0x00,0x00,0x00,0x00,0x00,0x00,
	0x00,0x00,0x00,0x00,0x00,0x00,0x00,0x00,0x00,0x00,0x00,0x00,0x00,0x00,0x00,0x00,
	0x00,0x00,0x00,0x00,0x00,0x00,0x00,0x00,0x00,0x00,0x00,0x00,0x00,0x00,0x00,0x00,
	0x00,0x00,0x00,0x00,0x00,0x00,0x00,0x00,0x00,0x00,0x00,0x00,0x00,0x00,0x00,0x00,
	0x00,0x00,0x00,0x00,0x00,0x00,0x00,0x00,0x00,0x00,0x00,0x00,0x00,0x00,0x00,0x00,
	0x00,0x00,0x00,0x00,0x00,0x00,0x00,0x00,0x00,0x00,0x00,0x01,0xf5,0xf5,0xf5,0x2b,
	0x69,0x69,0x69,0x80,0xd0,0xd0,0xd0,0x80,0xfb,0xfb,0xfb,0x80,0xd0,0xd0,0xd0,0x80,
	0x69,0x69,0x69,0x80,0xcd,0xcd,0xcd,0x80,0xf6,0xf6,0xf6,0x80,0xcb,0xcb,0xcb,0x80,
	0x8e,0x8e,0x8e,0x80,0xf6,0x6c,0x72,0x80,0xf8,0x42,0x48,0x80,0xf6,0x40,0x47,0x80,
	0xf6,0x40,0x47,0x80,0xf6,0x40,0x47,0x80,0xf6,0x40,0x47,0x80,0xf7,0x3e,0x46,0x80,
	0xe4,0x3a,0x40,0x5c,0x4c,0x10,0x14,0x13,0x00,0x00,0x00,0x07,0x00,0x00,0x00,0x02,
	0x00,0x00,0x00,0x01,0x00,0x00,0x00,0x00,0x00,0x00,0x00,0x00,0x00,0x00,0x00,0x00,
	0x00,0x00,0x00,0x00,0x00,0x00,0x00,0x00,0x00,0x00,0x00,0x00,0x00,0x00,0x00,0x00,
	0x00,0x00,0x00,0x00,0x00,0x00,0x00,0x00,0x00,0x00,0x00,0x00,0x00,0x00,0x00,0x00,
	0x00,0x00,0x00,0x00,0x00,0x00,0x00,0x00,0x00,0x00,0x00,0x00,0x00,0x00,0x00,0x00,
	0x00,0x00,0x00,0x00,0x00,0x00,0x00,0x00,0x00,0x00,0x00,0x00,0x00,0x00,0x00,0x00,
	0x00,0x00,0x00,0x00,0x00,0x00,0x00,0x00,0x00,0x00,0x00,0x00,0x00,0x00,0x00,0x00,
	0x00,0x00,0x00,0x00,0x00,0x00,0x00,0x00,0x00,0x00,0x00,0x01,0x00,0x00,0x00,0x03,
	0xe9,0xe9,0xe9,0x4c,0x69,0x69,0x69,0x80,0xcd,0xcd,0xcd,0x80,0xf6,0xf6,0xf6,0x80,
	0xcb,0xcb,0xcb,0x80,0x69,0x69,0x69,0x80,0xcb,0xcb,0xcb,0x80,0xf0,0xf0,0xf0,0x80,
	0xf5,0x79,0x7e,0x80,0xf8,0x41,0x47,0x80,0xf6,0x40,0x47,0x80,0xf5,0x3e,0x46,0x80,
	0xf5,0x3e,0x46,0x80,0xf4,0x3d,0x45,0x80,0xf4,0x3d,0x45,0x80,0xf4,0x3d,0x45,0x80,
	0xf6,0x3c,0x45,0x80,0xe5,0x36,0x3e,0x5e,0x57,0x10,0x14,0x14,0x00,0x00,0x00,0x07,
	0x00,0x00,0x00,0x02,0x00,0x00,0x00,0x01,0x00,0x00,0x00,0x00,0x00,0x00,0x00,0x00,
	0x00,0x00,0x00,0x00,0x00,0x00,0x00,0x00,0x00,0x00,0x00,0x00,0x00,0x00,0x00,0x00,
	0x00,0x00,0x00,0x00,0x00,0x00,0x00,0x00,0x00,0x00,0x00,0x00,0x00,0x00,0x00,0x00,
	0x00,0x00,0x00,0x00,0x00,0x00,0x00,0x00,0x00,0x00,0x00,0x00,0x00,0x00,0x00,0x00,
	0x00,0x00,0x00,0x00,0x00,0x00,0x00,0x00,0x00,0x00,0x00,0x00,0x00,0x00,0x00,0x00,
	0x00,0x00,0x00,0x00,0x00,0x00,0x00,0x00,0x00,0x00,0x00,0x00,0x00,0x00,0x00,0x00,
	0x00,0x00,0x00,0x00,0x00,0x00,0x00,0x00,0x00,0x00,0x00,0x01,0x00,0x00,0x00,0x03,
	0xb7,0xb7,0xb7,0x1e,0xda,0xda,0xda,0x4e,0x69,0x69,0x69,0x80,0xcb,0xcb,0xcb,0x80,
	0xf0,0xf0,0xf0,0x80,0xc8,0xc8,0xc8,0x80,0x68,0x68,0x68,0x80,0xf6,0x6a,0x6f,0x80,
	0xf6,0x40,0x47,0x80,0xf5,0x3e,0x46,0x80,0xf5,0x3e,0x46,0x80,0xf4,0x3d,0x45,0x80,
	0xf2,0x3b,0x44,0x80,0xf2,0x3b,0x44,0x80,0xf2,0x3b,0x44,0x80,0xf2,0x3b,0x44,0x80,
	0xf3,0x3a,0x44,0x80,0xf5,0x3b,0x43,0x80,0xe5,0x36,0x3e,0x5e,0x4c,0x10,0x14,0x13,
	0x00,0x00,0x00,0x07,0x00,0x00,0x00,0x02,0x00,0x00,0x00,0x01,0x00,0x00,0x00,0x00,
	0x00,0x00,0x00,0x00,0x00,0x00,0x00,0x00,0x00,0x00,0x00,0x00,0x00,0x00,0x00,0x00,
	0x00,0x00,0x00,0x00,0x00,0x00,0x00,0x00,0x00,0x00,0x00,0x00,0x00,0x00,0x00,0x00,
	0x00,0x00,0x00,0x00,0x00,0x00,0x00,0x00,0x00,0x00,0x00,0x00,0x00,0x00,0x00,0x00,
	0x00,0x00,0x00,0x00,0x00,0x00,0x00,0x00,0x00,0x00,0x00,0x00,0x00,0x00,0x00,0x00,
	0x00,0x00,0x00,0x00,0x00,0x00,0x00,0x00,0x00,0x00,0x00,0x00,0x00,0x00,0x00,0x00,
	0x00,0x00,0x00,0x00,0x00,0x00,0x00,0x00,0x00,0x00,0x00,0x00,0x00,0x00,0x00,0x02,
	0x00,0x00,0x00,0x06,0xa1,0xa1,0xa1,0x21,0xd3,0xd3,0xd3,0x54,0x68,0x68,0x68,0x80,
	0xc8,0xc8,0xc8,0x80,0xeb,0xeb,0xeb,0x80,0xf6,0x6a,0x6f,0x80,0xf5,0x4d,0x54,0x80,
	0xf5,0x3e,0x46,0x80,0xf4,0x3d,0x45,0x80,0xf4,0x3d,0x45,0x80,0xf1,0x3b,0x44,0x80,
	0xf1,0x3b,0x44,0x80,0xf1,0x3b,0x44,0x80,0xf1,0x3a,0x43,0x80,0xf0,0x3a,0x43,0x80,
	0xf1,0x3a,0x43,0x80,0xf3,0x38,0x42,0x80,0xf4,0x37,0x41,0x80,0xe5,0x33,0x3d,0x60,
	0x4c,0x10,0x14,0x13,0x00,0x00,0x00,0x07,0x00,0x00,0x00,0x02,0x00,0x00,0x00,0x01,
	0x00,0x00,0x00,0x00,0x00,0x00,0x00,0x00,0x00,0x00,0x00,0x00,0x00,0x00,0x00,0x00,
	0x00,0x00,0x00,0x00,0x00,0x00,0x00,0x00,0x00,0x00,0x00,0x00,0x00,0x00,0x00,0x00,
	0x00,0x00,0x00,0x00,0x00,0x00,0x00,0x00,0x00,0x00,0x00,0x00,0x00,0x00,0x00,0x00,
	0x00,0x00,0x00,0x00,0x00,0x00,0x00,0x00,0x00,0x00,0x00,0x00,0x00,0x00,0x00,0x00,
	0x00,0x00,0x00,0x00,0x00,0x00,0x00,0x00,0x00,0x00,0x00,0x00,0x00,0x00,0x00,0x00,
	0x00,0x00,0x00,0x00,0x00,0x00,0x00,0x00,0x00,0x00,0x00,0x00,0x00,0x00,0x00,0x01,
	0x00,0x00,0x00,0x03,0x00,0x00,0x00,0x07,0x91,0x91,0x91,0x1e,0xd3,0xd3,0xd3,0x54,
	0x8c,0x8c,0x8c,0x80,0xf5,0x79,0x7e,0x80,0xf5,0x3e,0x46,0x80,0xf4,0x3d,0x45,0x80,
	0xf2,0x3b,0x44,0x80,0xf2,0x3b,0x44,0x80,0xf1,0x3b,0x44,0x80,0xf1,0x3b,0x44,0x80,
	0xf0,0x3a,0x43,0x80,0xf0,0x39,0x43,0x80,0xee,0x38,0x42,0x80,0xef,0x38,0x42,0x80,
	0xee,0x38,0x42,0x80,0xee,0x36,0x41,0x80,0xf0,0x36,0x41,0x80,0xf2,0x34,0x40,0x80,
	0xe2,0x2f,0x3a,0x5e,0x57,0x10,0x14,0x14,0x00,0x00,0x00,0x07,0x00,0x00,0x00,0x03,
	0x00,0x00,0x00,0x01,0x00,0x00,0x00,0x00,0x00,0x00,0x00,0x00,0x00,0x00,0x00,0x00,
	0x00,0x00,0x00,0x00,0x00,0x00,0x00,0x00,0x00,0x00,0x00,0x00,0x00,0x00,0x00,0x00,
	0x00,0x00,0x00,0x00,0x00,0x00,0x00,0x00,0x00,0x00,0x00,0x00,0x00,0x00,0x00,0x00,
	0x00,0x00,0x00,0x00,0x00,0x00,0x00,0x00,0x00,0x00,0x00,0x00,0x00,0x00,0x00,0x00,
	0x00,0x00,0x00,0x00,0x00,0x00,0x00,0x00,0x00,0x00,0x00,0x00,0x00,0x00,0x00,0x00,
	0x00,0x00,0x00,0x00,0x00,0x00,0x00,0x00,0x00,0x00,0x00,0x00,0x00,0x00,0x00,0x00,
	0x00,0x00,0x00,0x01,0x00,0x00,0x00,0x03,0x00,0x00,0x00,0x07,0xc0,0x6f,0x72,0x35,
	0xf6,0x6c,0x72,0x80,0xf6,0x3c,0x45,0x80,0xf4,0x3d,0x45,0x80,0xf2,0x3b,0x44,0x80,
	0xf1,0x3b,0x44,0x80,0xf1,0x3b,0x44,0x80,0xf0,0x3a,0x43,0x80,0xf0,0x39,0x43,0x80,
	0xee,0x38,0x42,0x80,0xee,0x38,0x42,0x80,0xee,0x36,0x41,0x80,0xed,0x35,0x41,0x80,
	0xed,0x35,0x41,0x80,0xed,0x35,0x41,0x80,0xef,0x34,0x40,0x80,0xef,0x33,0x3f,0x80,
	0xf1,0x31,0x3e,0x80,0xe2,0x2f,0x3a,0x5e,0x66,0x14,0x1a,0x16,0x00,0x00,0x00,0x07,
	0x00,0x00,0x00,0x03,0x00,0x00,0x00,0x01,0x00,0x00,0x00,0x00,0x00,0x00,0x00,0x00,
	0x00,0x00,0x00,0x00,0x00,0x00,0x00,0x00,0x00,0x00,0x00,0x00,0x00,0x00,0x00,0x00,
	0x00,0x00,0x00,0x00,0x00,0x00,0x00,0x00,0x00,0x00,0x00,0x00,0x00,0x00,0x00,0x00,
	0x00,0x00,0x00,0x00,0x00,0x00,0x00,0x00,0x00,0x00,0x00,0x00,0x00,0x00,0x00,0x00,
	0x00,0x00,0x00,0x00,0x00,0x00,0x00,0x00,0x00,0x00,0x00,0x00,0x00,0x00,0x00,0x00,
	0x00,0x00,0x00,0x00,0x00,0x00,0x00,0x00,0x00,0x00,0x00,0x00,0x00,0x00,0x00,0x00,
	0x00,0x00,0x00,0x00,0x00,0x00,0x00,0x02,0xd9,0x38,0x3d,0x21,0xf8,0x3d,0x45,0x7e,
	0xf6,0x3c,0x45,0x80,0xf4,0x3d,0x45,0x80,0xf2,0x3b,0x44,0x80,0xf1,0x3a,0x43,0x80,
	0xf0,0x3a,0x43,0x80,0xf0,0x39,0x43,0x80,0xee,0x38,0x42,0x80,0xee,0x38,0x42,0x80,
	0xee,0x36,0x41,0x80,0xed,0x35,0x41,0x80,0xec,0x35,0x40,0x80,0xeb,0x34,0x40,0x80,
	0xeb,0x34,0x40,0x80,0xeb,0x33,0x3f,0x80,0xec,0x31,0x3e,0x80,0xec,0x31,0x3e,0x80,
	0xee,0x31,0x3e,0x80,0xf1,0x31,0x3e,0x80,0xe0,0x2b,0x38,0x5e,0x66,0x14,0x1a,0x16,
	0x00,0x00,0x00,0x07,0x00,0x00,0x00,0x03,0x00,0x00,0x00,0x01,0x00,0x00,0x00,0x00,
	0x00,0x00,0x00,0x00,0x00,0x00,0x00,0x00,0x00,0x00,0x00,0x00,0x00,0x00,0x00,0x00,
	0x00,0x00,0x00,0x00,0x00,0x00,0x00,0x00,0x00,0x00,0x00,0x00,0x00,0x00,0x00,0x00,
	0x00,0x00,0x00,0x00,0x00,0x00,0x00,0x00,0x00,0x00,0x00,0x00,0x00,0x00,0x00,0x00,
	0x00,0x00,0x00,0x00,0x00,0x00,0x00,0x00,0x00,0x00,0x00,0x00,0x00,0x00,0x00,0x00,
	0x00,0x00,0x00,0x00,0x00,0x00,0x00,0x00,0x00,0x00,0x00,0x00,0x00,0x00,0x00,0x00,
	0x00,0x00,0x00,0x01,0xe0,0x3a,0x40,0x19,0xf8,0x3c,0x45,0x7c,0xf5,0x3b,0x43,0x80,
	0xf3,0x3a,0x44,0x80,0xf1,0x3a,0x43,0x80,0xf0,0x39,0x43,0x80,0xee,0x38,0x42,0x80,
	0xee,0x38,0x42,0x80,0xee,0x38,0x42,0x80,0xed,0x35,0x41,0x80,0xec,0x35,0x40,0x80,
	0xec,0x35,0x40,0x80,0xeb,0x34,0x40,0x80,0xeb,0x33,0x3f,0x80,0xeb,0x33,0x3f,0x80,
	0xea,0x32,0x3e,0x80,0xe9,0x31,0x3e,0x80,0xea,0x30,0x3d,0x80,0xea,0x30,0x3d,0x80,
	0xeb,0x2f,0x3d,0x80,0xec,0x2e,0x3c,0x80,0xef,0x2e,0x3c,0x80,0xe0,0x2b,0x38,0x5e,
	0x5b,0x10,0x15,0x15,0x00,0x00,0x00,0x07,0x00,0x00,0x00,0x03,0x00,0x00,0x00,0x01,
	0x00,0x00,0x00,0x00,0x00,0x00,0x00,0x00,0x00,0x00,0x00,0x00,0x00,0x00,0x00,0x00,
	0x00,0x00,0x00,0x00,0x00,0x00,0x00,0x00,0x00,0x00,0x00,0x00,0x00,0x00,0x00,0x00,
	0x00,0x00,0x00,0x00,0x00,0x00,0x00,0x00,0x00,0x00,0x00,0x00,0x00,0x00,0x00,0x00,
	0x00,0x00,0x00,0x00,0x00,0x00,0x00,0x00,0x00,0x00,0x00,0x00,0x00,0x00,0x00,0x00,
	0x00,0x00,0x00,0x00,0x00,0x00,0x00,0x00,0x00,0x00,0x00,0x00,0x00,0x00,0x00,0x00,
	0x63,0x18,0x1b,0x03,0xf6,0x3b,0x43,0x68,0xf7,0x3a,0x43,0x80,0xf5,0x3b,0x43,0x80,
	0xf2,0x39,0x43,0x80,0xef,0x38,0x42,0x80,0xef,0x38,0x42,0x80,0xee,0x38,0x42,0x80,
	0xed,0x35,0x41,0x80,0xec,0x35,0x40,0x80,0xec,0x35,0x40,0x80,0xeb,0x34,0x40,0x80,
	0xeb,0x33,0x3f,0x80,0xeb,0x33,0x3f,0x80,0xea,0x32,0x3e,0x80,0xe9,0x31,0x3e,0x80,
	0xe9,0x31,0x3e,0x80,0xe8,0x2f,0x3d,0x80,0xe8,0x2f,0x3d,0x80,0xe8,0x2d,0x3c,0x80,
	0xe8,0x2d,0x3c,0x80,0xe8,0x2d,0x3c,0x80,0xeb,0x2d,0x3b,0x80,0xee,0x2c,0x3a,0x80,
	0xdd,0x28,0x34,0x5d,0x57,0x10,0x14,0x14,0x00,0x00,0x00,0x07,0x00,0x00,0x00,0x02,
	0x00,0x00,0x00,0x01,0x00,0x00,0x00,0x00,0x00,0x00,0x00,0x00,0x00,0x00,0x00,0x00,
	0x00,0x00,0x00,0x00,0x00,0x00,0x00,0x00,0x00,0x00,0x00,0x00,0x00,0x00,0x00,0x00,
	0x00,0x00,0x00,0x00,0x00,0x00,0x00,0x00,0x00,0x00,0x00,0x00,0x00,0x00,0x00,0x00,
	0x00,0x00,0x00,0x00,0x00,0x00,0x00,0x00,0x00,0x00,0x00,0x00,0x00,0x00,0x00,0x00,
	0x00,0x00,0x00,0x00,0x00,0x00,0x00,0x00,0x00,0x00,0x00,0x00,0x00,0x00,0x00,0x00,
	0x00,0x00,0x00,0x03,0xeb,0x39,0x42,0x57,0xf7,0x3a,0x43,0x80,0xf3,0x38,0x42,0x80,
	0xf1,0x37,0x42,0x80,0xef,0x38,0x42,0x80,0xee,0x36,0x41,0x80,0xec,0x35,0x40,0x80,
	0xec,0x35,0x40,0x80,0xeb,0x34,0x40,0x80,0xeb,0x33,0x3f,0x80,0xea,0x32,0x3e,0x80,
	0xe9,0x31,0x3e,0x80,0xe9,0x31,0x3e,0x80,0xe8,0x2f,0x3d,0x80,0xe8,0x2f,0x3d,0x80,
	0xe7,0x2d,0x3c,0x80,0xe7,0x2d,0x3c,0x80,0xe7,0x2d,0x3c,0x80,0xe6,0x2b,0x3b,0x80,
	0xe6,0x2b,0x3b,0x80,0xe8,0x2b,0x3a,0x80,0xe8,0x2b,0x3a,0x80,0xe8,0x2b,0x3a,0x80,
	0xec,0x2b,0x39,0x80,0xdd,0x28,0x34,0x5d,0x4c,0x10,0x14,0x13,0x00,0x00,0x00,0x07,
	0x00,0x00,0x00,0x02,0x00,0x00,0x00,0x01,0x00,0x00,0x00,0x00,0x00,0x00,0x00,0x00,
	0x00,0x00,0x00,0x00,0x00,0x00,0x00,0x00,0x00,0x00,0x00,0x00,0x00,0x00,0x00,0x00,
	0x00,0x00,0x00,0x00,0x00,0x00,0x00,0x00,0x00,0x00,0x00,0x00,0x00,0x00,0x00,0x00,
	0x00,0x00,0x00,0x00,0x00,0x00,0x00,0x00,0x00,0x00,0x00,0x00,0x00,0x00,0x00,0x00,
	0x00,0x00,0x00,0x00,0x00,0x00,0x00,0x00,0x00,0x00,0x00,0x00,0x00,0x00,0x00,0x00,
	0x00,0x00,0x00,0x03,0x9a,0x23,0x29,0x1d,0xe8,0x34,0x3e,0x67,0xf4,0x37,0x41,0x80,
	0xf0,0x36,0x41,0x80,0xef,0x34,0x40,0x80,0xec,0x35,0x40,0x80,0xec,0x35,0x40,0x80,
	0xeb,0x33,0x3f,0x80,0xea,0x32,0x3e,0x80,0xe9,0x31,0x3e,0x80,0xe9,0x31,0x3e,0x80,
	0xe8,0x2f,0x3d,0x80,0xe8,0x2f,0x3d,0x80,0xe7,0x2d,0x3c,0x80,0xe7,0x2d,0x3c,0x80,
	0xe7,0x2d,0x3c,0x80,0xe6,0x2b,0x3b,0x80,0xe6,0x2b,0x3b,0x80,0xe4,0x29,0x3a,0x80,
	0xe4,0x29,0x3a,0x80,0xe4,0x29,0x3a,0x80,0xe5,0x29,0x39,0x80,0xe7,0x28,0x37,0x80,
	0xea,0x28,0x37,0x80,0xeb,0x29,0x38,0x80,0xdb,0x27,0x32,0x5c,0x57,0x10,0x14,0x14,
	0x00,0x00,0x00,0x07,0x00,0x00,0x00,0x02,0x00,0x00,0x00,0x01,0x00,0x00,0x00,0x00,
	0x00,0x00,0x00,0x00,0x00,0x00,0x00,0x00,0x00,0x00,0x00,0x00,0x00,0x00,0x00,0x00,
	0x00,0x00,0x00,0x00,0x00,0x00,0x00,0x00,0x00,0x00,0x00,0x00,0x00,0x00,0x00,0x00,
	0x00,0x00,0x00,0x00,0x00,0x00,0x00,0x00,0x00,0x00,0x00,0x00,0x00,0x00,0x00,0x00,
	0x00,0x00,0x00,0x00,0x00,0x00,0x00,0x00,0x00,0x00,0x00,0x00,0x00,0x00,0x00,0x00,
	0x00,0x00,0x00,0x03,0x00,0x00,0x00,0x0b,0x77,0x1a,0x20,0x25,0xe3,0x30,0x3b,0x6a,
	0xf2,0x34,0x40,0x80,0xef,0x33,0x3f,0x80,0xed,0x33,0x3f,0x80,0xeb,0x33,0x3f,0x80,
	0xea,0x32,0x3e,0x80,0xe9,0x31,0x3e,0x80,0xe8,0x2f,0x3d,0x80,0xe8,0x2f,0x3d,0x80,
	0xe7,0x2d,0x3c,0x80,0xe7,0x2d,0x3c,0x80,0xe6,0x2b,0x3b,0x80,0xe6,0x2b,0x3b,0x80,
	0xe6,0x2b,0x3b,0x80,0xe4,0x29,0x3a,0x80,0xe4,0x29,0x3a,0x80,0xe3,0x28,0x39,0x80,
	0xe3,0x28,0x39,0x80,0xe2,0x26,0x38,0x80,0xe2,0x26,0x38,0x80,0xe3,0x27,0x37,0x80,
	0xe3,0x27,0x37,0x80,0xe7,0x28,0x37,0x80,0xea,0x26,0x35,0x80,0xde,0x25,0x31,0x61,
	0x57,0x10,0x14,0x14,0x00,0x00,0x00,0x07,0x00,0x00,0x00,0x03,0x00,0x00,0x00,0x01,
	0x00,0x00,0x00,0x00,0x00,0x00,0x00,0x00,0x00,0x00,0x00,0x00,0x00,0x00,0x00,0x00,
	0x00,0x00,0x00,0x00,0x00,0x00,0x00,0x00,0x00,0x00,0x00,0x00,0x00,0x00,0x00,0x00,
	0x00,0x00,0x00,0x00,0x00,0x00,0x00,0x00,0x00,0x00,0x00,0x00,0x00,0x00,0x00,0x00,
	0x00,0x00,0x00,0x00,0x00,0x00,0x00,0x00,0x00,0x00,0x00,0x00,0x00,0x00,0x00,0x00,
	0x00,0x00,0x00,0x01,0x00,0x00,0x00,0x06,0x00,0x00,0x00,0x0e,0x69,0x14,0x19,0x26,
	0xe3,0x30,0x3b,0x6a,0xf1,0x31,0x3e,0x80,0xee,0x31,0x3e,0x80,0xeb,0x2f,0x3d,0x80,
	0xe9,0x2f,0x3d,0x80,0xe8,0x2f,0x3d,0x80,0xe7,0x2d,0x3c,0x80,0xe7,0x2d,0x3c,0x80,
	0xe6,0x2b,0x3b,0x80,0xe6,0x2b,0x3b,0x80,0xe6,0x2a,0x3a,0x80,0xe4,0x29,0x3a,0x80,
	0xe3,0x28,0x39,0x80,0xe3,0x28,0x39,0x80,0xe3,0x28,0x39,0x80,0xe2,0x26,0x38,0x80,
	0xe2,0x26,0x38,0x80,0xe1,0x25,0x37,0x80,0xe1,0x25,0x37,0x80,0xe1,0x24,0x36,0x80,
	0xe1,0x24,0x36,0x80,0xe5,0x24,0x34,0x80,0xe6,0x25,0x35,0x80,0xea,0x26,0x35,0x80,
	0xde,0x25,0x31,0x61,0x5b,0x10,0x15,0x15,0x00,0x00,0x00,0x07,0x00,0x00,0x00,0x03,
	0x00,0x00,0x00,0x01,0x00,0x00,0x00,0x00,0x00,0x00,0x00,0x00,0x00,0x00,0x00,0x00,
	0x00,0x00,0x00,0x00,0x00,0x00,0x00,0x00,0x00,0x00,0x00,0x00,0x00,0x00,0x00,0x00,
	0x00,0x00,0x00,0x00,0x00,0x00,0x00,0x00,0x00,0x00,0x00,0x00,0x00,0x00,0x00,0x00,
	0x00,0x00,0x00,0x00,0x00,0x00,0x00,0x00,0x00,0x00,0x00,0x00,0x00,0x00,0x00,0x00,
	0x00,0x00,0x00,0x00,0x00,0x00,0x00,0x02,0x00,0x00,0x00,0x07,0x00,0x00,0x00,0x0f,
	0x62,0x11,0x15,0x25,0xe4,0x2d,0x3a,0x6e,0xef,0x2e,0x3c,0x80,0xec,0x2e,0x3c,0x80,
	0xeb,0x2d,0x3b,0x80,0xe8,0x2d,0x3c,0x80,0xe7,0x2d,0x3c,0x80,0xe6,0x2b,0x3b,0x80,
	0xe4,0x29,0x3a,0x80,0xe4,0x29,0x3a,0x80,0xe3,0x28,0x39,0x80,0xe3,0x28,0x39,0x80,
	0xe2,0x26,0x38,0x80,0xe2,0x26,0x38,0x80,0xe2,0x26,0x38,0x80,0xe1,0x25,0x37,0x80,
	0xe1,0x25,0x37,0x80,0xe1,0x24,0x36,0x80,0xdf,0x22,0x35,0x80,0xdf,0x22,0x35,0x80,
	0xe0,0x22,0x34,0x80,0xe0,0x22,0x34,0x80,0xe3,0x23,0x34,0x80,0xe5,0x24,0x34,0x80,
	0xe9,0x24,0x33,0x80,0xde,0x25,0x31,0x61,0x57,0x10,0x14,0x14,0x00,0x00,0x00,0x07,
	0x00,0x00,0x00,0x03,0x00,0x00,0x00,0x01,0x00,0x00,0x00,0x00,0x00,0x00,0x00,0x00,
	0x00,0x00,0x00,0x00,0x00,0x00,0x00,0x00,0x00,0x00,0x00,0x00,0x00,0x00,0x00,0x00,
	0x00,0x00,0x00,0x00,0x00,0x00,0x00,0x00,0x00,0x00,0x00,0x00,0x00,0x00,0x00,0x00,
	0x00,0x00,0x00,0x00,0x00,0x00,0x00,0x00,0x00,0x00,0x00,0x00,0x00,0x00,0x00,0x00,
	0x00,0x00,0x00,0x00,0x00,0x00,0x00,0x01,0x00,0x00,0x00,0x03,0x00,0x00,0x00,0x07,
	0x00,0x00,0x00,0x0f,0x60,0x11,0x16,0x24,0xe3,0x2b,0x39,0x6e,0xef,0x2e,0x3c,0x80,
	0xeb,0x2d,0x3b,0x80,0xe8,0x2b,0x3a,0x80,0xe6,0x2a,0x3a,0x80,0xe5,0x29,0x39,0x80,
	0xe3,0x28,0x39,0x80,0xe3,0x28,0x39,0x80,0xe2,0x26,0x38,0x80,0xe2,0x26,0x38,0x80,
	0xe1,0x25,0x37,0x80,0xe1,0x25,0x37,0x80,0xe1,0x25,0x37,0x80,0xdf,0x22,0x35,0x80,
	0xdf,0x22,0x35,0x80,0xde,0x21,0x35,0x80,0xde,0x21,0x35,0x80,0xde,0x20,0x34,0x80,
	0xdf,0x21,0x33,0x80,0xdf,0x21,0x33,0x80,0xe1,0x20,0x33,0x80,0xe3,0x20,0x32,0x80,
	0xe6,0x23,0x32,0x80,0xe9,0x24,0x33,0x80,0xdb,0x23,0x2d,0x5f,0x57,0x10,0x14,0x14,
	0x00,0x00,0x00,0x07,0x00,0x00,0x00,0x02,0x00,0x00,0x00,0x01,0x00,0x00,0x00,0x00,
	0x00,0x00,0x00,0x00,0x00,0x00,0x00,0x00,0x00,0x00,0x00,0x00,0x00,0x00,0x00,0x00,
	0x00,0x00,0x00,0x00,0x00,0x00,0x00,0x00,0x00,0x00,0x00,0x00,0x00,0x00,0x00,0x00,
	0x00,0x00,0x00,0x00,0x00,0x00,0x00,0x00,0x00,0x00,0x00,0x00,0x00,0x00,0x00,0x00,
	0x00,0x00,0x00,0x00,0x00,0x00,0x00,0x00,0x00,0x00,0x00,0x01,0x00,0x00,0x00,0x03,
	0x00,0x00,0x00,0x07,0x00,0x00,0x00,0x0f,0x60,0x11,0x16,0x24,0xe1,0x2a,0x36,0x6c,
	0xee,0x2c,0x3a,0x80,0xea,0x2b,0x3a,0x80,0xe6,0x2a,0x3a,0x80,0xe4,0x29,0x3a,0x80,
	0xe3,0x27,0x37,0x80,0xe2,0x26,0x38,0x80,0xe1,0x25,0x37,0x80,0xe1,0x25,0x37,0x80,
	0xe1,0x24,0x36,0x80,0xdf,0x22,0x35,0x80,0xdf,0x22,0x35,0x80,0xde,0x21,0x35,0x80,
	0xde,0x21,0x35,0x80,0xdd,0x20,0x34,0x80,0xdd,0x20,0x34,0x80,0xdd,0x20,0x34,0x80,
	0xdd,0x1e,0x32,0x80,0xe0,0x1f,0x31,0x80,0xe0,0x1f,0x31,0x80,0xe3,0x20,0x32,0x80,
	0xe5,0x20,0x30,0x80,0xe7,0x22,0x31,0x80,0xeb,0x24,0x30,0x80,0xce,0x20,0x2a,0x50,
	0x00,0x00,0x00,0x0c,0x00,0x00,0x00,0x05,0x00,0x00,0x00,0x01,0x00,0x00,0x00,0x00,
	0x00,0x00,0x00,0x00,0x00,0x00,0x00,0x00,0x00,0x00,0x00,0x00,0x00,0x00,0x00,0x00,
	0x00,0x00,0x00,0x00,0x00,0x00,0x00,0x00,0x00,0x00,0x00,0x00,0x00,0x00,0x00,0x00,
	0x00,0x00,0x00,0x00,0x00,0x00,0x00,0x00,0x00,0x00,0x00,0x00,0x00,0x00,0x00,0x00,
	0x00,0x00,0x00,0x00,0x00,0x00,0x00,0x00,0x00,0x00,0x00,0x00,0x00,0x00,0x00,0x01,
	0x00,0x00,0x00,0x03,0x00,0x00,0x00,0x07,0x00,0x00,0x00,0x0f,0x69,0x14,0x19,0x26,
	0xe0,0x29,0x35,0x6a,0xeb,0x29,0x38,0x80,0xe7,0x28,0x37,0x80,0xe5,0x26,0x37,0x80,
	0xe3,0x27,0x37,0x80,0xe1,0x25,0x37,0x80,0xe1,0x24,0x36,0x80,0xdf,0x22,0x35,0x80,
	0xde,0x21,0x35,0x80,0xde,0x21,0x35,0x80,0xdd,0x20,0x34,0x80,0xdd,0x20,0x34,0x80,
	0xdd,0x20,0x34,0x80,0xdd,0x1e,0x32,0x80,0xdb,0x1c,0x32,0x80,0xdd,0x1e,0x32,0x80,
	0xdd,0x1e,0x32,0x80,0xde,0x1d,0x31,0x80,0xaf,0x18,0x26,0x5c,0x42,0x09,0x0e,0x35,
	0xb5,0x18,0x26,0x59,0xe5,0x20,0x30,0x80,0xe9,0x22,0x2e,0x80,0xe7,0x23,0x2e,0x79,
	0x00,0x00,0x00,0x14,0x00,0x00,0x00,0x09,0x00,0x00,0x00,0x03,0x00,0x00,0x00,0x00,
	0x00,0x00,0x00,0x00,0x00,0x00,0x00,0x00,0x00,0x00,0x00,0x00,0x00,0x00,0x00,0x00,
	0x00,0x00,0x00,0x00,0x00,0x00,0x00,0x00,0x00,0x00,0x00,0x00,0x00,0x00,0x00,0x00,
	0x00,0x00,0x00,0x00,0x00,0x00,0x00,0x00,0x00,0x00,0x00,0x00,0x00,0x00,0x00,0x00,
	0x00,0x00,0x00,0x00,0x00,0x00,0x00,0x00,0x00,0x00,0x00,0x00,0x00,0x00,0x00,0x00,
	0x00,0x00,0x00,0x01,0x00,0x00,0x00,0x03,0x00,0x00,0x00,0x07,0x00,0x00,0x00,0x0f,
	0x69,0x14,0x19,0x26,0xdc,0x26,0x32,0x69,0xea,0x28,0x37,0x80,0xe5,0x26,0x37,0x80,
	0xe3,0x25,0x36,0x80,0xe1,0x24,0x36,0x80,0xdf,0x22,0x35,0x80,0xde,0x21,0x35,0x80,
	0xdd,0x20,0x34,0x80,0xdd,0x20,0x34,0x80,0xdd,0x1e,0x32,0x80,0xdd,0x1e,0x32,0x80,
	0xdb,0x1c,0x32,0x80,0xdb,0x1c,0x32,0x80,0xdb,0x1c,0x32,0x80,0xdc,0x1c,0x31,0x80,
	0xdc,0x1c,0x31,0x80,0xde,0x1d,0x31,0x80,0x42,0x09,0x0e,0x34,0x00,0x00,0x00,0x24,
	0x4e,0x0a,0x10,0x2d,0xe5,0x20,0x30,0x80,0xe9,0x22,0x2e,0x80,0xe9,0x23,0x2e,0x7d,
	0x00,0x00,0x00,0x19,0x00,0x00,0x00,0x0b,0x00,0x00,0x00,0x03,0x00,0x00,0x00,0x00,
	0x00,0x00,0x00,0x00,0x00,0x00,0x00,0x00,0x00,0x00,0x00,0x00,0x00,0x00,0x00,0x00,
	0x00,0x00,0x00,0x00,0x00,0x00,0x00,0x00,0x00,0x00,0x00,0x00,0x00,0x00,0x00,0x00,
	0x00,0x00,0x00,0x00,0x00,0x00,0x00,0x00,0x00,0x00,0x00,0x00,0x00,0x00,0x00,0x00,
	0x00,0x00,0x00,0x00,0x00,0x00,0x00,0x00,0x00,0x00,0x00,0x00,0x00,0x00,0x00,0x00,
	0x00,0x00,0x00,0x00,0x00,0x00,0x00,0x01,0x00,0x00,0x00,0x03,0x00,0x00,0x00,0x07,
	0x00,0x00,0x00,0x0f,0x6f,0x13,0x18,0x27,0xdc,0x26,0x32,0x69,0xea,0x26,0x35,0x80,
	0xe6,0x25,0x35,0x80,0xe2,0x23,0x35,0x80,0xdf,0x21,0x33,0x80,0xde,0x20,0x34,0x80,
	0xdd,0x1e,0x32,0x80,0xdb,0x1c,0x32,0x80,0xdb,0x1c,0x32,0x80,0xdb,0x1c,0x32,0x80,
	0xdb,0x1c,0x32,0x80,0xd9,0x1a,0x31,0x80,0xd9,0x1a,0x31,0x80,0xda,0x1a,0x30,0x80,
	0xda,0x1a,0x30,0x80,0xdc,0x1b,0x2f,0x80,0xb5,0x18,0x26,0x59,0x52,0x0b,0x11,0x2a,
	0xc0,0x1a,0x27,0x54,0xe4,0x1e,0x2d,0x80,0xe9,0x22,0x2e,0x80,0xd2,0x1e,0x28,0x66,
	0x00,0x00,0x00,0x1a,0x00,0x00,0x00,0x0c,0x00,0x00,0x00,0x03,0x00,0x00,0x00,0x00,
	0x00,0x00,0x00,0x00,0x00,0x00,0x00,0x00,0x00,0x00,0x00,0x00,0x00,0x00,0x00,0x00,
	0x00,0x00,0x00,0x00,0x00,0x00,0x00,0x00,0x00,0x00,0x00,0x00,0x00,0x00,0x00,0x00,
	0x00,0x00,0x00,0x00,0x00,0x00,0x00,0x00,0x00,0x00,0x00,0x00,0x00,0x00,0x00,0x00,
	0x00,0x00,0x00,0x00,0x00,0x00,0x00,0x00,0x00,0x00,0x00,0x00,0x00,0x00,0x00,0x00,
	0x00,0x00,0x00,0x00,0x00,0x00,0x00,0x00,0x00,0x00,0x00,0x01,0x00,0x00,0x00,0x03,
	0x00,0x00,0x00,0x07,0x00,0x00,0x00,0x0f,0x6f,0x13,0x18,0x27,0xda,0x25,0x31,0x6a,
	0xe9,0x24,0x33,0x80,0xe3,0x23,0x34,0x80,0xe1,0x20,0x33,0x80,0xdd,0x1e,0x32,0x80,
	0xdd,0x1e,0x32,0x80,0xdb,0x1c,0x32,0x80,0xdb,0x1c,0x32,0x80,0xd9,0x1a,0x31,0x80,
	0xd9,0x1a,0x31,0x80,0xd9,0x18,0x2f,0x80,0xd9,0x18,0x2f,0x80,0xd9,0x18,0x2f,0x80,
	0xda,0x1a,0x30,0x80,0xdc,0x19,0x2f,0x80,0xdc,0x1b,0x2f,0x80,0xdf,0x1c,0x2e,0x80,
	0xe3,0x1c,0x2c,0x80,0xe6,0x20,0x2d,0x80,0xdc,0x20,0x2a,0x72,0x72,0x10,0x15,0x36,
	0x00,0x00,0x00,0x16,0x00,0x00,0x00,0x09,0x00,0x00,0x00,0x03,0x00,0x00,0x00,0x00,
	0x00,0x00,0x00,0x00,0x00,0x00,0x00,0x00,0x00,0x00,0x00,0x00,0x00,0x00,0x00,0x00,
	0x00,0x00,0x00,0x00,0x00,0x00,0x00,0x00,0x00,0x00,0x00,0x00,0x00,0x00,0x00,0x00,
	0x00,0x00,0x00,0x00,0x00,0x00,0x00,0x00,0x00,0x00,0x00,0x00,0x00,0x00,0x00,0x00,
	0x00,0x00,0x00,0x00,0x00,0x00,0x00,0x00,0x00,0x00,0x00,0x00,0x00,0x00,0x00,0x00,
	0x00,0x00,0x00,0x00,0x00,0x00,0x00,0x00,0x00,0x00,0x00,0x00,0x00,0x00,0x00,0x01,
	0x00,0x00,0x00,0x03,0x00,0x00,0x00,0x07,0x00,0x00,0x00,0x0f,0x6f,0x13,0x18,0x27,
	0xdb,0x23,0x30,0x6a,0xe6,0x23,0x32,0x80,0xe3,0x20,0x32,0x80,0xde,0x1d,0x31,0x80,
	0xdc,0x1c,0x31,0x80,0xda,0x1a,0x30,0x80,0xd9,0x1a,0x31,0x80,0xd9,0x18,0x2f,0x80,
	0xd9,0x18,0x2f,0x80,0xd7,0x17,0x2e,0x80,0xd5,0x16,0x2e,0x7e,0xd7,0x17,0x2e,0x80,
	0xd9,0x18,0x2f,0x80,0xda,0x17,0x2d,0x80,0xdd,0x18,0x2b,0x80,0xe0,0x1a,0x2c,0x80,
	0xe4,0x1e,0x2d,0x80,0xe2,0x20,0x2b,0x76,0x80,0x12,0x18,0x3e,0x00,0x00,0x00,0x1d,
	0x00,0x00,0x00,0x11,0x00,0x00,0x00,0x07,0x00,0x00,0x00,0x02,0x00,0x00,0x00,0x00,
	0x00,0x00,0x00,0x00,0x00,0x00,0x00,0x00,0x00,0x00,0x00,0x00,0x00,0x00,0x00,0x00,
	0x00,0x00,0x00,0x00,0x00,0x00,0x00,0x00,0x00,0x00,0x00,0x00,0x00,0x00,0x00,0x00,
	0x00,0x00,0x00,0x00,0x00,0x00,0x00,0x00,0x00,0x00,0x00,0x00,0x00,0x00,0x00,0x00,
	0x00,0x00,0x00,0x00,0x00,0x00,0x00,0x00,0x00,0x00,0x00,0x00,0x00,0x00,0x00,0x00,
	0x00,0x00,0x00,0x00,0x00,0x00,0x00,0x00,0x00,0x00,0x00,0x00,0x00,0x00,0x00,0x00,
	0x00,0x00,0x00,0x01,0x00,0x00,0x00,0x03,0x00,0x00,0x00,0x07,0x00,0x00,0x00,0x0f,
	0x63,0x0f,0x14,0x25,0xdb,0x21,0x2e,0x6d,0xe6,0x23,0x32,0x80,0xe0,0x1f,0x31,0x80,
	0xde,0x1d,0x31,0x80,0xda,0x1a,0x30,0x80,0xd9,0x18,0x2f,0x80,0xd7,0x17,0x2e,0x80,
	0xd7,0x17,0x2e,0x80,0xd5,0x16,0x2e,0x7e,0xd6,0x14,0x2d,0x80,0xd7,0x17,0x2e,0x80,
	0xd7,0x15,0x2d,0x80,0xda,0x17,0x2d,0x80,0xdf,0x19,0x2b,0x80,0xe3,0x1c,0x2c,0x80,
	0xde,0x1d,0x2a,0x78,0x72,0x0f,0x14,0x3d,0x00,0x00,0x00,0x20,0x00,0x00,0x00,0x15,
	0x00,0x00,0x00,0x09,0x00,0x00,0x00,0x03,0x00,0x00,0x00,0x01,0x00,0x00,0x00,0x00,
	0x00,0x00,0x00,0x00,0x00,0x00,0x00,0x00,0x00,0x00,0x00,0x00,0x00,0x00,0x00,0x00,
	0x00,0x00,0x00,0x00,0x00,0x00,0x00,0x00,0x00,0x00,0x00,0x00,0x00,0x00,0x00,0x00,
	0x00,0x00,0x00,0x00,0x00,0x00,0x00,0x00,0x00,0x00,0x00,0x00,0x00,0x00,0x00,0x00,
	0x00,0x00,0x00,0x00,0x00,0x00,0x00,0x00,0x00,0x00,0x00,0x00,0x00,0x00,0x00,0x00,
	0x00,0x00,0x00,0x00,0x00,0x00,0x00,0x00,0x00,0x00,0x00,0x00,0x00,0x00,0x00,0x00,
	0x00,0x00,0x00,0x00,0x00,0x00,0x00,0x01,0x00,0x00,0x00,0x03,0x00,0x00,0x00,0x07,
	0x00,0x00,0x00,0x0f,0x63,0x0f,0x14,0x25,0xdb,0x21,0x2e,0x6d,0xe5,0x20,0x30,0x80,
	0xdf,0x1c,0x2e,0x80,0xdc,0x19,0x2f,0x80,0xd9,0x18,0x2f,0x80,0xd7,0x17,0x2e,0x80,
	0xd6,0x14,0x2d,0x80,0xd3,0x14,0x2d,0x7d,0xd6,0x14,0x2d,0x80,0xd7,0x15,0x2d,0x80,
	0xd8,0x15,0x2c,0x80,0xdc,0x17,0x2b,0x80,0xe0,0x1a,0x2c,0x80,0xde,0x1d,0x2a,0x78,
	0x72,0x0f,0x14,0x3d,0x00,0x00,0x00,0x20,0x00,0x00,0x00,0x15,0x00,0x00,0x00,0x0b,
	0x00,0x00,0x00,0x04,0x00,0x00,0x00,0x02,0x00,0x00,0x00,0x01,0x00,0x00,0x00,0x00,
	0x00,0x00,0x00,0x00,0x00,0x00,0x00,0x00,0x00,0x00,0x00,0x00,0x00,0x00,0x00,0x00,
	0x00,0x00,0x00,0x00,0x00,0x00,0x00,0x00,0x00,0x00,0x00,0x00,0x00,0x00,0x00,0x00,
	0x00,0x00,0x00,0x00,0x00,0x00,0x00,0x00,0x00,0x00,0x00,0x00,0x00,0x00,0x00,0x00,
	0x00,0x00,0x00,0x00,0x00,0x00,0x00,0x00,0x00,0x00,0x00,0x00,0x00,0x00,0x00,0x00,
	0x00,0x00,0x00,0x00,0x00,0x00,0x00,0x00,0x00,0x00,0x00,0x00,0x00,0x00,0x00,0x00,
	0x00,0x00,0x00,0x00,0x00,0x00,0x00,0x00,0x00,0x00,0x00,0x01,0x00,0x00,0x00,0x03,
	0x00,0x00,0x00,0x07,0x00,0x00,0x00,0x0f,0x59,0x0d,0x11,0x23,0xdb,0x20,0x2c,0x6e,
	0xe3,0x1e,0x2f,0x80,0xdf,0x1c,0x2e,0x80,0xda,0x17,0x2d,0x80,0xd8,0x15,0x2c,0x80,
	0xd6,0x14,0x2d,0x80,0xd6,0x14,0x2d,0x80,0xd6,0x14,0x2d,0x80,0xd8,0x15,0x2c,0x80,
	0xdc,0x17,0x2b,0x80,0xdf,0x19,0x2b,0x80,0xda,0x1c,0x29,0x76,0x6b,0x0f,0x13,0x3c,
	0x00,0x00,0x00,0x20,0x00,0x00,0x00,0x16,0x00,0x00,0x00,0x0c,0x00,0x00,0x00,0x04,
	0x00,0x00,0x00,0x02,0x00,0x00,0x00,0x01,0x00,0x00,0x00,0x00,0x00,0x00,0x00,0x00,
	0x00,0x00,0x00,0x00,0x00,0x00,0x00,0x00,0x00,0x00,0x00,0x00,0x00,0x00,0x00,0x00,
	0x00,0x00,0x00,0x00,0x00,0x00,0x00,0x00,0x00,0x00,0x00,0x00,0x00,0x00,0x00,0x00,
	0x00,0x00,0x00,0x00,0x00,0x00,0x00,0x00,0x00,0x00,0x00,0x00,0x00,0x00,0x00,0x00,
	0x00,0x00,0x00,0x00,0x00,0x00,0x00,0x00,0x00,0x00,0x00,0x00,0x00,0x00,0x00,0x00,
	0x00,0x00,0x00,0x00,0x00,0x00,0x00,0x00,0x00,0x00,0x00,0x00,0x00,0x00,0x00,0x00,
	0x00,0x00,0x00,0x00,0x00,0x00,0x00,0x00,0x00,0x00,0x00,0x00,0x00,0x00,0x00,0x01,
	0x00,0x00,0x00,0x03,0x00,0x00,0x00,0x07,0x00,0x00,0x00,0x0f,0x60,0x11,0x16,0x24,
	0xd8,0x1e,0x2b,0x6c,0xe3,0x1c,0x2c,0x80,0xdf,0x19,0x2b,0x80,0xda,0x17,0x2d,0x80,
	0xd8,0x15,0x2c,0x80,0xd8,0x15,0x2c,0x80,0xd8,0x15,0x2c,0x80,0xdc,0x17,0x2b,0x80,
	0xdf,0x19,0x2b,0x80,0xda,0x1c,0x29,0x76,0x72,0x0f,0x14,0x3d,0x00,0x00,0x00,0x20,
	0x00,0x00,0x00,0x15,0x00,0x00,0x00,0x0c,0x00,0x00,0x00,0x04,0x00,0x00,0x00,0x02,
	0x00,0x00,0x00,0x01,0x00,0x00,0x00,0x00,0x00,0x00,0x00,0x00,0x00,0x00,0x00,0x00,
	0x00,0x00,0x00,0x00,0x00,0x00,0x00,0x00,0x00,0x00,0x00,0x00,0x00,0x00,0x00,0x00,
	0x00,0x00,0x00,0x00,0x00,0x00,0x00,0x00,0x00,0x00,0x00,0x00,0x00,0x00,0x00,0x00,
	0x00,0x00,0x00,0x00,0x00,0x00,0x00,0x00,0x00,0x00,0x00,0x00,0x00,0x00,0x00,0x00,
	0x00,0x00,0x00,0x00,0x00,0x00,0x00,0x00,0x00,0x00,0x00,0x00,0x00,0x00,0x00,0x00,
	0x00,0x00,0x00,0x00,0x00,0x00,0x00,0x00,0x00,0x00,0x00,0x00,0x00,0x00,0x00,0x00,
	0x00,0x00,0x00,0x00,0x00,0x00,0x00,0x00,0x00,0x00,0x00,0x00,0x00,0x00,0x00,0x00,
	0x00,0x00,0x00,0x01,0x00,0x00,0x00,0x03,0x00,0x00,0x00,0x07,0x00,0x00,0x00,0x0f,
	0x62,0x11,0x15,0x25,0xd7,0x1e,0x29,0x6c,0xe3,0x1c,0x2c,0x80,0xdf,0x19,0x2b,0x80,
	0xdc,0x17,0x2b,0x80,0xdc,0x17,0x2b,0x80,0xdd,0x18,0x2b,0x80,0xe1,0x1a,0x2a,0x80,
	0xda,0x1c,0x29,0x76,0x74,0x0f,0x14,0x3e,0x00,0x00,0x00,0x20,0x00,0x00,0x00,0x15,
	0x00,0x00,0x00,0x0b,0x00,0x00,0x00,0x04,0x00,0x00,0x00,0x02,0x00,0x00,0x00,0x01,
	0x00,0x00,0x00,0x00,0x00,0x00,0x00,0x00,0x00,0x00,0x00,0x00,0x00,0x00,0x00,0x00,
	0x00,0x00,0x00,0x00,0x00,0x00,0x00,0x00,0x00,0x00,0x00,0x00,0x00,0x00,0x00,0x00,
	0x00,0x00,0x00,0x00,0x00,0x00,0x00,0x00,0x00,0x00,0x00,0x00,0x00,0x00,0x00,0x00,
	0x00,0x00,0x00,0x00,0x00,0x00,0x00,0x00,0x00,0x00,0x00,0x00,0x00,0x00,0x00,0x00,
	0x00,0x00,0x00,0x00,0x00,0x00,0x00,0x00,0x00,0x00,0x00,0x00,0x00,0x00,0x00,0x00,
	0x00,0x00,0x00,0x00,0x00,0x00,0x00,0x00,0x00,0x00,0x00,0x00,0x00,0x00,0x00,0x00,
	0x00,0x00,0x00,0x00,0x00,0x00,0x00,0x00,0x00,0x00,0x00,0x00,0x00,0x00,0x00,0x00,
	0x00,0x00,0x00,0x00,0x00,0x00,0x00,0x01,0x00,0x00,0x00,0x03,0x00,0x00,0x00,0x07,
	0x00,0x00,0x00,0x0f,0x63,0x0f,0x14,0x25,0xd8,0x1e,0x28,0x6b,0xe4,0x1d,0x2b,0x80,
	0xe1,0x1a,0x2a,0x80,0xe1,0x1a,0x2a,0x80,0xe1,0x1a,0x2a,0x80,0xd7,0x1c,0x26,0x72,
	0x7d,0x11,0x16,0x40,0x00,0x00,0x00,0x20,0x00,0x00,0x00,0x15,0x00,0x00,0x00,0x0c,
	0x00,0x00,0x00,0x04,0x00,0x00,0x00,0x02,0x00,0x00,0x00,0x01,0x00,0x00,0x00,0x00,
	0x00,0x00,0x00,0x00,0x00,0x00,0x00,0x00,0x00,0x00,0x00,0x00,0x00,0x00,0x00,0x00,
	0x00,0x00,0x00,0x00,0x00,0x00,0x00,0x00,0x00,0x00,0x00,0x00,0x00,0x00,0x00,0x00,
	0x00,0x00,0x00,0x00,0x00,0x00,0x00,0x00,0x00,0x00,0x00,0x00,0x00,0x00,0x00,0x00,
	0x00,0x00,0x00,0x00,0x00,0x00,0x00,0x00,0x00,0x00,0x00,0x00,0x00,0x00,0x00,0x00,
	0x00,0x00,0x00,0x00,0x00,0x00,0x00,0x00,0x00,0x00,0x00,0x00,0x00,0x00,0x00,0x00,
	0x00,0x00,0x00,0x00,0x00,0x00,0x00,0x00,0x00,0x00,0x00,0x00,0x00,0x00,0x00,0x00,
	0x00,0x00,0x00,0x00,0x00,0x00,0x00,0x00,0x00,0x00,0x00,0x00,0x00,0x00,0x00,0x00,
	0x00,0x00,0x00,0x00,0x00,0x00,0x00,0x00,0x00,0x00,0x00,0x01,0x00,0x00,0x00,0x03,
	0x00,0x00,0x00,0x07,0x00,0x00,0x00,0x0f,0x59,0x0d,0x11,0x23,0xc9,0x1b,0x24,0x5c,
	0xe4,0x1f,0x2a,0x7b,0xe4,0x1f,0x29,0x7b,0xcd,0x1b,0x25,0x68,0x72,0x0f,0x14,0x3d,
	0x00,0x00,0x00,0x20,0x00,0x00,0x00,0x15,0x00,0x00,0x00,0x0c,0x00,0x00,0x00,0x04,
	0x00,0x00,0x00,0x02,0x00,0x00,0x00,0x01,0x00,0x00,0x00,0x00,0x00,0x00,0x00,0x00,
	0x00,0x00,0x00,0x00,0x00,0x00,0x00,0x00,0x00,0x00,0x00,0x00,0x00,0x00,0x00,0x00,
	0x00,0x00,0x00,0x00,0x00,0x00,0x00,0x00,0x00,0x00,0x00,0x00,0x00,0x00,0x00,0x00,
	0x00,0x00,0x00,0x00,0x00,0x00,0x00,0x00,0x00,0x00,0x00,0x00,0x00,0x00,0x00,0x00,
	0x00,0x00,0x00,0x00,0x00,0x00,0x00,0x00,0x00,0x00,0x00,0x00,0x00,0x00,0x00,0x00,
	0x00,0x00,0x00,0x00,0x00,0x00,0x00,0x00,0x00,0x00,0x00,0x00,0x00,0x00,0x00,0x00,
	0x00,0x00,0x00,0x00,0x00,0x00,0x00,0x00,0x00,0x00,0x00,0x00,0x00,0x00,0x00,0x00,
	0x00,0x00,0x00,0x00,0x00,0x00,0x00,0x00,0x00,0x00,0x00,0x00,0x00,0x00,0x00,0x00,
	0x00,0x00,0x00,0x00,0x00,0x00,0x00,0x00,0x00,0x00,0x00,0x00,0x00,0x00,0x00,0x01,
	0x00,0x00,0x00,0x03,0x00,0x00,0x00,0x07,0x00,0x00,0x00,0x0e,0x00,0x00,0x00,0x16,
	0x00,0x00,0x00,0x1d,0x00,0x00,0x00,0x20,0x00,0x00,0x00,0x20,0x00,0x00,0x00,0x1d,
	0x00,0x00,0x00,0x14,0x00,0x00,0x00,0x0b,0x00,0x00,0x00,0x04,0x00,0x00,0x00,0x02,
	0x00,0x00,0x00,0x01,0x00,0x00,0x00,0x00,0x00,0x00,0x00,0x00,0x00,0x00,0x00,0x00,
	0x00,0x00,0x00,0x00,0x00,0x00,0x00,0x00,0x00,0x00,0x00,0x00,0x00,0x00,0x00,0x00,
	0x00,0x00,0x00,0x00,0x00,0x00,0x00,0x00,0x00,0x00,0x00,0x00,0x00,0x00,0x00,0x00,
	0x00,0x00,0x00,0x00,0x00,0x00,0x00,0x00,0x00,0x00,0x00,0x00,0x00,0x00,0x00,0x00,
	0x00,0x00,0x00,0x00,0x00,0x00,0x00,0x00,0x00,0x00,0x00,0x00,0x00,0x00,0x00,0x00,
	0x00,0x00,0x00,0x00,0x00,0x00,0x00,0x00,0x00,0x00,0x00,0x00,0x00,0x00,0x00,0x00,
	0x00,0x00,0x00,0x00,0x00,0x00,0x00,0x00,0x00,0x00,0x00,0x00,0x00,0x00,0x00,0x00,
	0x00,0x00,0x00,0x00,0x00,0x00,0x00,0x00,0x00,0x00,0x00,0x00,0x00,0x00,0x00,0x00,
	0x00,0x00,0x00,0x00,0x00,0x00,0x00,0x00,0x00,0x00,0x00,0x00,0x00,0x00,0x00,0x00,
	0x00,0x00,0x00,0x01,0x00,0x00,0x00,0x03,0x00,0x00,0x00,0x06,0x00,0x00,0x00,0x0c,
	0x00,0x00,0x00,0x11,0x00,0x00,0x00,0x14,0x00,0x00,0x00,0x12,0x00,0x00,0x00,0x0e,
	0x00,0x00,0x00,0x09,0x00,0x00,0x00,0x04,0x00,0x00,0x00,0x02,0x00,0x00,0x00,0x01,
	0x00,0x00,0x00,0x00,0x00,0x00,0x00,0x00,0x00,0x00,0x00,0x00,0x00,0x00,0x00,0x00,
	0x00,0x00,0x00,0x00,0x00,0x00,0x00,0x00,0x00,0x00,0x00,0x00,0x00,0x00,0x00,0x00,
	0x00,0x00,0x00,0x00,0x00,0x00,0x00,0x00,0x00,0x00,0x00,0x00,0x00,0x00,0x00,0x00,
	0x00,0x00,0x00,0x00,0x00,0x00,0x00,0x00,0x00,0x00,0x00,0x00,0x00,0x00,0x00,0x00,
	0x00,0x00,0x00,0x00,0x00,0x00,0x00,0x00,0x00,0x00,0x00,0x00,0x00,0x00,0x00,0x00,
	0x00,0x00,0x00,0x00,0x00,0x00,0x00,0x00,0x00,0x00,0x00,0x00,0x00,0x00,0x00,0x00,
	0x00,0x00,0x00,0x00,0x00,0x00,0x00,0x00,0x00,0x00,0x00,0x00,0x00,0x00,0x00,0x00,
	0x00,0x00,0x00,0x00,0x00,0x00,0x00,0x00,0x00,0x00,0x00,0x00,0x00,0x00,0x00,0x00,
	0x00,0x00,0x00,0x00,0x00,0x00,0x00,0x00,0x00,0x00,0x00,0x00,0x00,0x00,0x00,0x00,
	0x00,0x00,0x00,0x00,0x00,0x00,0x00,0x01,0x00,0x00,0x00,0x02,0x00,0x00,0x00,0x04,
	0x00,0x00,0x00,0x06,0x00,0x00,0x00,0x07,0x00,0x00,0x00,0x07,0x00,0x00,0x00,0x04,
	0x00,0x00,0x00,0x03,0x00,0x00,0x00,0x02,0x00,0x00,0x00,0x01,0x00,0x00,0x00,0x00,
	0x00,0x00,0x00,0x00,0x00,0x00,0x00,0x00,0x00,0x00,0x00,0x00,0x00,0x00,0x00,0x00,
	0x00,0x00,0x00,0x00,0x00,0x00,0x00,0x00,0x00,0x00,0x00,0x00,0x00,0x00,0x00,0x00,
	0x00,0x00,0x00,0x00,0x00,0x00,0x00,0x00,0x00,0x00,0x00,0x00,0x00,0x00,0x00,0x00,
	0x00,0x00,0x00,0x00,0x00,0x00,0x00,0x00,0x00,0x00,0x00,0x00,0x00,0x00,0x00,0x00,
	0x00,0x00,0x00,0x00,0x00,0x00,0x00,0x00,0x00,0x00,0x00,0x00,0x00,0x00,0x00,0x00,
	0x00,0x00,0x00,0x00,0x00,0x00,0x00,0x00,0x00,0x00,0x00,0x00,0x00,0x00,0x00,0x00,
	0x00,0x00,0x00,0x00,0x00,0x00,0x00,0x00,0x00,0x00,0x00,0x00,0x00,0x00,0x00,0x00,
	0x00,0x00,0x00,0x00,0x00,0x00,0x00,0x00,0x00,0x00,0x00,0x00,0x00,0x00,0x00,0x00,
	0x00,0x00,0x00,0x00,0x00,0x00,0x00,0x00,0x00,0x00,0x00,0x00,0x00,0x00,0x00,0x00,
	0x00,0x00,0x00,0x00,0x00,0x00,0x00,0x00,0x00,0x00,0x00,0x01,0x00,0x00,0x00,0x01,
	0x00,0x00,0x00,0x01,0x00,0x00,0x00,0x01,0x00,0x00,0x00,0x01,0x00,0x00,0x00,0x01,
	0x00,0x00,0x00,0x01,0x00,0x00,0x00,0x01,0x00,0x00,0x00,0x00,0x00,0x00,0x00,0x00,
	0x00,0x00,0x00,0x00,0x00,0x00,0x00,0x00,0x00,0x00,0x00,0x00,0x00,0x00,0x00,0x00,
	0x00,0x00,0x00,0x00,0x00,0x00,0x00,0x00,0x00,0x00,0x00,0x00,0x00,0x00,0x00,0x00,
	0x00,0x00,0x00,0x00,0x00,0x00,0x00,0x00,0x00,0x00,0x00,0x00,0x00,0x00,0x00,0x00,
	0x00,0x00,0x00,0x00,0x00,0x00,0x00,0x00,0x00,0x00,0x00,0x00,0x00,0x00,0x00,0x00,
	0x00,0x00,0x00,0x00,0x00,0x00,0x00,0x00,0x00,0x00,0x00,0x00,0x00,0x00,0x00,0x00,
	0x00,0x00,0x00,0x00,0x00,0x00,0x00,0x00,0x00,0x00,0x00,0x00,0x00,0x00,0x00,0x00,
	0x00,0x00,0x00,0x00,0x00,0x00,0x00,0x00,0x00,0x00,0x00,0x00,0x00,0x00,0x00,0x00,
	0x00,0x00,0x00,0x00,0x00,0x00,0x00,0x00,0x00,0x00,0x00,0x00,0x00,0x00,0x00,0x00,
	0x00,0x00,0x00,0x00,0x00,0x00,0x00,0x00,0x00,0x00,0x00,0x00,0x00,0x00,0x00,0x00,
	0x00,0x00,0x00,0x00,0x00,0x00,0x00,0x00,0x00,0x00,0x00,0x00,0x00,0x00,0x00,0x00,
	0x00,0x00,0x00,0x01,0x00,0x00,0x00,0x01,0x00,0x00,0x00,0x01,0x00,0x00,0x00,0x01,
	0x00,0x00,0x00,0x00,0x00,0x00,0x00,0x00,0x00,0x00,0x00,0x00,0x00,0x00,0x00,0x00,
	0x00,0x00,0x00,0x00,0x00,0x00,0x00,0x00,0x00,0x00,0x00,0x00,0x00,0x00,0x00,0x00,
	0x00,0x00,0x00,0x00,0x00,0x00,0x00,0x00,0x00,0x00,0x00,0x00,0x00,0x00,0x00,0x00,
	0x00,0x00,0x00,0x00,0x00,0x00,0x00,0x00,0x00,0x00,0x00,0x00,0x00,0x00,0x00,0x00,
	0x00,0x00,0x00,0x00,0x00,0x00,0x00,0x00,0x00,0x00,0x00,0x00,0x00,0x00,0x00,0x00,
	0x00,0x00,0x00,0x00,0x00,0x00,0x00,0x00,0x00,0x00,0x00,0x00,0x00,0x00,0x00,0x00,
	0x00,0x00,0x00,0x00,0x00,0x00,0x00,0x00,0x00,0x00,0x00,0x00,0x00,0x00,0x00,0x00,
	0x00,0x00,0x00,0x00,0x00,0x00,0x00,0x00,0x00,0x00,0x00,0x00,0x00,0x00,0x00,0x00,
	0x00,0x00,0x00,0x00,0x00,0x00,0x00,0x00,0x00,0x00,0x00,0x00,0x00,0x00,0x00,0x00,
	0x00,0x00,0x00,0x00,0x00,0x00,0x00,0x00,0x00,0x00,0x00,0x00,0x00,0x00,0x00,0x00,
	0x00,0x00,0x00,0x00,0x00,0x00,0x00,0x00,0x00,0x00,0x00,0x00,0x00,0x00,0x00,0x00,
	0x00,0x00,0x00,0x00,0x00,0x00,0x00,0x00,0x00,0x00,0x00,0x00,0x00,0x00,0x00,0x00,
	0x00,0x00,0x00,0x00,0x00,0x00,0x00,0x00,0x00,0x00,0x00,0x00,0x00,0x00,0x00,0x00,
	0x00,0x00,0x00,0x00,0x00,0x00,0x00,0x00,0x00,0x00,0x00,0x00,0x00,0x00,0x00,0x00,
	0x00,0x00,0x00,0x00,0x00,0x00,0x00,0x00,0x00,0x00,0x00,0x00,0x00,0x00,0x00,0x00,
	0x00,0x00,0x00,0x00,0x00,0x00,0x00,0x00,0x00,0x00,0x00,0x00,0x00,0x00,0x00,0x00,
	0x00,0x00,0x00,0x00,0x00,0x00,0x00,0x00,0x00,0x00,0x00,0x00,0x00,0x00,0x00,0x00,
	0x00,0x00,0x00,0x00,0x00,0x00,0x00,0x00,0x00,0x00,0x00,0x00,0x00,0x00,0x00,0x00,
	0x00,0x00,0x00,0x00,0x00,0x00,0x00,0x00,0x00,0x00,0x00,0x00,0x00,0x00,0x00,0x00,
	0x00,0x00,0x00,0x00,0x00,0x00,0x00,0x00,0x00,0x00,0x00,0x00,0x00,0x00,0x00,0x00,
	0x00,0x00,0x00,0x00,0x00,0x00,0x00,0x00,0x00,0x00,0x00,0x00,0x00,0x00,0x00,0x00,
	0x00,0x00,0x00,0x00,0x00,0x00,0x00,0x00,0x00,0x00,0x00,0x00,0x00,0x00,0x00,0x00,
	0x00,0x00,0x00,0x00,0x00,0x00,0x00,0x00,0x00,0x00,0x00,0x00,0x00,0x00,0x00,0x00,
	0x00,0x00,0x00,0x00,0x00,0x00,0x00,0x00,0x00,0x00,0x00,0x00,0x00,0x00,0x00,0x00,
	0x00,0x00,0x00,0x00,0x00,0x00,0x00,0x00,0x00,0x00,0x00,0x00,0x00,0x00,0x00,0x00,
	0x00,0x00,0x00,0x00,0x00,0x00,0x00,0x00,0x00,0x00,0x00,0x00,0x00,0x00,0x00,0x00,
	0x00,0x00,0x00,0x00,0x00,0x00,0x00,0x00,0x00,0x00,0x00,0x00,0x00,0x00,0x00,0x00,
	0x00,0x00,0x00,0x00,0x00,0x00,0x00,0x00,0x00,0x00,0x00,0x00,0x00,0x00,0x00,0x00,
};
static const unsigned char rgba_s_IconMMCE[ 9216 ] __attribute__(   (  aligned( 16 ), section( ".data" )  )   ) = {
	0x00,0x00,0x00,0x00,0x00,0x00,0x00,0x00,0x00,0x00,0x00,0x00,0x00,0x00,0x00,0x00,
	0x00,0x00,0x00,0x00,0x00,0x00,0x00,0x00,0x00,0x00,0x00,0x00,0x00,0x00,0x00,0x00,
	0x00,0x00,0x00,0x00,0x00,0x00,0x00,0x00,0x00,0x00,0x00,0x00,0x00,0x00,0x00,0x00,
	0x00,0x00,0x00,0x00,0x00,0x00,0x00,0x00,0x00,0x00,0x00,0x00,0x00,0x00,0x00,0x00,
	0x00,0x00,0x00,0x00,0x00,0x00,0x00,0x00,0x00,0x00,0x00,0x00,0x00,0x00,0x00,0x00,
	0x00,0x00,0x00,0x00,0x00,0x00,0x00,0x00,0x00,0x00,0x00,0x00,0x00,0x00,0x00,0x00,
	0x00,0x00,0x00,0x00,0x00,0x00,0x00,0x00,0x00,0x00,0x00,0x00,0x00,0x00,0x00,0x00,
	0x00,0x00,0x00,0x00,0x00,0x00,0x00,0x00,0x00,0x00,0x00,0x00,0x00,0x00,0x00,0x00,
	0x00,0x00,0x00,0x00,0x00,0x00,0x00,0x00,0x00,0x00,0x00,0x00,0x00,0x00,0x00,0x00,
	0x00,0x00,0x00,0x00,0x00,0x00,0x00,0x00,0x00,0x00,0x00,0x00,0x00,0x00,0x00,0x00,
	0x00,0x00,0x00,0x00,0x00,0x00,0x00,0x00,0x00,0x00,0x00,0x00,0x00,0x00,0x00,0x00,
	0x00,0x00,0x00,0x00,0x00,0x00,0x00,0x00,0x00,0x00,0x00,0x00,0x00,0x00,0x00,0x00,
	0x00,0x00,0x00,0x00,0x00,0x00,0x00,0x00,0x00,0x00,0x00,0x00,0x00,0x00,0x00,0x00,
	0x00,0x00,0x00,0x00,0x00,0x00,0x00,0x00,0x00,0x00,0x00,0x00,0x00,0x00,0x00,0x00,
	0x00,0x00,0x00,0x00,0x00,0x00,0x00,0x00,0x00,0x00,0x00,0x00,0x00,0x00,0x00,0x00,
	0x00,0x00,0x00,0x00,0x00,0x00,0x00,0x00,0x00,0x00,0x00,0x00,0x00,0x00,0x00,0x00,
	0x00,0x00,0x00,0x00,0x00,0x00,0x00,0x00,0x00,0x00,0x00,0x00,0x00,0x00,0x00,0x00,
	0x00,0x00,0x00,0x00,0x00,0x00,0x00,0x00,0x00,0x00,0x00,0x00,0x00,0x00,0x00,0x00,
	0x00,0x00,0x00,0x00,0x00,0x00,0x00,0x00,0x00,0x00,0x00,0x00,0x00,0x00,0x00,0x00,
	0x00,0x00,0x00,0x00,0x00,0x00,0x00,0x00,0x00,0x00,0x00,0x00,0x00,0x00,0x00,0x00,
	0x00,0x00,0x00,0x00,0x00,0x00,0x00,0x00,0x00,0x00,0x00,0x00,0x00,0x00,0x00,0x00,
	0x00,0x00,0x00,0x00,0x00,0x00,0x00,0x00,0x00,0x00,0x00,0x00,0x00,0x00,0x00,0x00,
	0x00,0x00,0x00,0x00,0x00,0x00,0x00,0x00,0x00,0x00,0x00,0x00,0x00,0x00,0x00,0x00,
	0x00,0x00,0x00,0x00,0x00,0x00,0x00,0x00,0x00,0x00,0x00,0x00,0x00,0x00,0x00,0x00,
	0x00,0x00,0x00,0x00,0x00,0x00,0x00,0x00,0x00,0x00,0x00,0x00,0x00,0x00,0x00,0x00,
	0x00,0x00,0x00,0x00,0x00,0x00,0x00,0x00,0x00,0x00,0x00,0x00,0x00,0x00,0x00,0x00,
	0x00,0x00,0x00,0x00,0x00,0x00,0x00,0x00,0x00,0x00,0x00,0x00,0x00,0x00,0x00,0x00,
	0x00,0x00,0x00,0x00,0x00,0x00,0x00,0x00,0x00,0x00,0x00,0x00,0x00,0x00,0x00,0x00,
	0x00,0x00,0x00,0x00,0x00,0x00,0x00,0x00,0x00,0x00,0x00,0x00,0x00,0x00,0x00,0x00,
	0x00,0x00,0x00,0x00,0x00,0x00,0x00,0x00,0x00,0x00,0x00,0x00,0x00,0x00,0x00,0x00,
	0x00,0x00,0x00,0x00,0x00,0x00,0x00,0x00,0x00,0x00,0x00,0x00,0x00,0x00,0x00,0x00,
	0x00,0x00,0x00,0x00,0x00,0x00,0x00,0x00,0x00,0x00,0x00,0x00,0x00,0x00,0x00,0x00,
	0x00,0x00,0x00,0x00,0x00,0x00,0x00,0x00,0x00,0x00,0x00,0x00,0x00,0x00,0x00,0x00,
	0x00,0x00,0x00,0x00,0x00,0x00,0x00,0x00,0x00,0x00,0x00,0x00,0x00,0x00,0x00,0x00,
	0x00,0x00,0x00,0x00,0x00,0x00,0x00,0x00,0x00,0x00,0x00,0x00,0x00,0x00,0x00,0x00,
	0x00,0x00,0x00,0x00,0x00,0x00,0x00,0x00,0x00,0x00,0x00,0x00,0x00,0x00,0x00,0x00,
	0x00,0x00,0x00,0x00,0x00,0x00,0x00,0x00,0x00,0x00,0x00,0x00,0x00,0x00,0x00,0x00,
	0x00,0x00,0x00,0x00,0x00,0x00,0x00,0x00,0x00,0x00,0x00,0x00,0x00,0x00,0x00,0x00,
	0x00,0x00,0x00,0x00,0x00,0x00,0x00,0x00,0x00,0x00,0x00,0x00,0x00,0x00,0x00,0x00,
	0x00,0x00,0x00,0x00,0x00,0x00,0x00,0x00,0x00,0x00,0x00,0x00,0x00,0x00,0x00,0x00,
	0x00,0x00,0x00,0x00,0x00,0x00,0x00,0x00,0x00,0x00,0x00,0x00,0x00,0x00,0x00,0x00,
	0x00,0x00,0x00,0x00,0x00,0x00,0x00,0x00,0x00,0x00,0x00,0x00,0x00,0x00,0x00,0x00,
	0x00,0x00,0x00,0x00,0x00,0x00,0x00,0x00,0x00,0x00,0x00,0x00,0x00,0x00,0x00,0x00,
	0x00,0x00,0x00,0x00,0x00,0x00,0x00,0x00,0x00,0x00,0x00,0x00,0x00,0x00,0x00,0x00,
	0x00,0x00,0x00,0x00,0x00,0x00,0x00,0x00,0x00,0x00,0x00,0x00,0x00,0x00,0x00,0x00,
	0x00,0x00,0x00,0x00,0x00,0x00,0x00,0x00,0x00,0x00,0x00,0x00,0x00,0x00,0x00,0x00,
	0x00,0x00,0x00,0x00,0x00,0x00,0x00,0x00,0x00,0x00,0x00,0x00,0x00,0x00,0x00,0x00,
	0x00,0x00,0x00,0x00,0x00,0x00,0x00,0x00,0x00,0x00,0x00,0x00,0x00,0x00,0x00,0x00,
	0x00,0x00,0x00,0x00,0x00,0x00,0x00,0x00,0x00,0x00,0x00,0x00,0x00,0x00,0x00,0x00,
	0x00,0x00,0x00,0x00,0x00,0x00,0x00,0x00,0x00,0x00,0x00,0x00,0x00,0x00,0x00,0x00,
	0x00,0x00,0x00,0x00,0x00,0x00,0x00,0x01,0x00,0x00,0x00,0x02,0x00,0x00,0x00,0x03,
	0x00,0x00,0x00,0x04,0x00,0x00,0x00,0x05,0x00,0x00,0x00,0x05,0x00,0x00,0x00,0x05,
	0x00,0x00,0x00,0x05,0x00,0x00,0x00,0x05,0x00,0x00,0x00,0x05,0x00,0x00,0x00,0x05,
	0x00,0x00,0x00,0x05,0x00,0x00,0x00,0x05,0x00,0x00,0x00,0x05,0x00,0x00,0x00,0x05,
	0x00,0x00,0x00,0x05,0x00,0x00,0x00,0x05,0x00,0x00,0x00,0x05,0x00,0x00,0x00,0x05,
	0x00,0x00,0x00,0x05,0x00,0x00,0x00,0x05,0x00,0x00,0x00,0x05,0x00,0x00,0x00,0x05,
	0x00,0x00,0x00,0x05,0x00,0x00,0x00,0x05,0x00,0x00,0x00,0x05,0x00,0x00,0x00,0x05,
	0x00,0x00,0x00,0x05,0x00,0x00,0x00,0x04,0x00,0x00,0x00,0x03,0x00,0x00,0x00,0x02,
	0x00,0x00,0x00,0x01,0x00,0x00,0x00,0x00,0x00,0x00,0x00,0x00,0x00,0x00,0x00,0x00,
	0x00,0x00,0x00,0x00,0x00,0x00,0x00,0x00,0x00,0x00,0x00,0x00,0x00,0x00,0x00,0x00,
	0x00,0x00,0x00,0x00,0x00,0x00,0x00,0x00,0x00,0x00,0x00,0x00,0x00,0x00,0x00,0x00,
	0x00,0x00,0x00,0x00,0x00,0x00,0x00,0x00,0x00,0x00,0x00,0x00,0x00,0x00,0x00,0x00,
	0x00,0x00,0x00,0x01,0xea,0xea,0xea,0x27,0xf6,0xf6,0xf6,0x74,0xf6,0xf6,0xf6,0x80,
	0xf5,0xf5,0xf5,0x80,0xf5,0xf5,0xf5,0x80,0xf3,0xf3,0xf3,0x80,0xf3,0xf3,0xf3,0x80,
	0xf3,0xf3,0xf3,0x80,0xf2,0xf2,0xf2,0x80,0xf1,0xf1,0xf1,0x80,0xf1,0xf1,0xf1,0x80,
	0xf0,0xf0,0xf0,0x80,0xf0,0xf0,0xf0,0x80,0xef,0xef,0xef,0x80,0xef,0xef,0xef,0x80,
	0xee,0xee,0xee,0x80,0xed,0xed,0xed,0x80,0xec,0xec,0xec,0x80,0xeb,0xeb,0xeb,0x80,
	0xeb,0xeb,0xeb,0x80,0xea,0xea,0xea,0x80,0xe9,0xe9,0xe9,0x80,0xe8,0xe8,0xe8,0x80,
	0xe7,0xe7,0xe7,0x80,0xe7,0xe7,0xe7,0x80,0xe6,0xe6,0xe6,0x80,0xe6,0xe6,0xe6,0x80,
	0xe5,0xe5,0xe5,0x80,0xe1,0xe1,0xe1,0x74,0xba,0xba,0xba,0x2c,0x00,0x00,0x00,0x06,
	0x00,0x00,0x00,0x03,0x00,0x00,0x00,0x01,0x00,0x00,0x00,0x00,0x00,0x00,0x00,0x00,
	0x00,0x00,0x00,0x00,0x00,0x00,0x00,0x00,0x00,0x00,0x00,0x00,0x00,0x00,0x00,0x00,
	0x00,0x00,0x00,0x00,0x00,0x00,0x00,0x00,0x00,0x00,0x00,0x00,0x00,0x00,0x00,0x00,
	0x00,0x00,0x00,0x00,0x00,0x00,0x00,0x00,0x00,0x00,0x00,0x00,0x00,0x00,0x00,0x00,
	0x00,0x00,0x00,0x02,0xf5,0xf5,0xf5,0x74,0xf5,0xf5,0xf5,0x80,0xf3,0xf3,0xf3,0x80,
	0xf3,0xf3,0xf3,0x80,0xf2,0xf2,0xf2,0x80,0xf2,0xf2,0xf2,0x80,0xf1,0xf1,0xf1,0x80,
	0xf0,0xf0,0xf0,0x80,0xef,0xef,0xef,0x80,0xef,0xef,0xef,0x80,0xee,0xee,0xee,0x80,
	0xed,0xed,0xed,0x80,0xec,0xec,0xec,0x80,0xec,0xec,0xec,0x80,0xeb,0xeb,0xeb,0x80,
	0xea,0xea,0xea,0x80,0xe9,0xe9,0xe9,0x80,0xe9,0xe9,0xe9,0x80,0xe8,0xe8,0xe8,0x80,
	0xe7,0xe7,0xe7,0x80,0xe6,0xe6,0xe6,0x80,0xe5,0xe5,0xe5,0x80,0xe4,0xe4,0xe4,0x80,
	0xe4,0xe4,0xe4,0x80,0xe3,0xe3,0xe3,0x80,0xe2,0xe2,0xe2,0x80,0xe1,0xe1,0xe1,0x80,
	0xe0,0xe0,0xe0,0x80,0xdf,0xdf,0xdf,0x80,0xcc,0xcc,0xcc,0x75,0x00,0x00,0x00,0x0e,
	0x00,0x00,0x00,0x06,0x00,0x00,0x00,0x02,0x00,0x00,0x00,0x00,0x00,0x00,0x00,0x00,
	0x00,0x00,0x00,0x00,0x00,0x00,0x00,0x00,0x00,0x00,0x00,0x00,0x00,0x00,0x00,0x00,
	0x00,0x00,0x00,0x00,0x00,0x00,0x00,0x00,0x00,0x00,0x00,0x00,0x00,0x00,0x00,0x00,
	0x00,0x00,0x00,0x00,0x00,0x00,0x00,0x00,0x00,0x00,0x00,0x00,0x00,0x00,0x00,0x00,
	0x00,0x00,0x00,0x03,0xf5,0xf5,0xf5,0x80,0xf3,0xf3,0xf3,0x80,0xf2,0xf2,0xf2,0x80,
	0xf1,0xf1,0xf1,0x80,0xf1,0xf1,0xf1,0x80,0xf0,0xf0,0xf0,0x80,0xef,0xef,0xef,0x80,
	0xef,0xef,0xef,0x80,0xee,0xee,0xee,0x80,0xed,0xed,0xed,0x80,0xec,0xec,0xec,0x80,
	0xec,0xec,0xec,0x80,0xeb,0xeb,0xeb,0x80,0xea,0xea,0xea,0x80,0xe9,0xe9,0xe9,0x80,
	0xe8,0xe8,0xe8,0x80,0xe8,0xe8,0xe8,0x80,0xe7,0xe7,0xe7,0x80,0xe6,0xe6,0xe6,0x80,
	0xe5,0xe5,0xe5,0x80,0xe4,0xe4,0xe4,0x80,0xe3,0xe3,0xe3,0x80,0xe3,0xe3,0xe3,0x80,
	0xe2,0xe2,0xe2,0x80,0xe1,0xe1,0xe1,0x80,0xe0,0xe0,0xe0,0x80,0xdf,0xdf,0xdf,0x80,
	0xde,0xde,0xde,0x80,0xdd,0xdd,0xdd,0x80,0xc6,0xc6,0xc6,0x80,0x00,0x00,0x00,0x16,
	0x00,0x00,0x00,0x0a,0x00,0x00,0x00,0x03,0x00,0x00,0x00,0x00,0x00,0x00,0x00,0x00,
	0x00,0x00,0x00,0x00,0x00,0x00,0x00,0x00,0x00,0x00,0x00,0x00,0x00,0x00,0x00,0x00,
	0x00,0x00,0x00,0x00,0x00,0x00,0x00,0x00,0x00,0x00,0x00,0x00,0x00,0x00,0x00,0x00,
	0x00,0x00,0x00,0x00,0x00,0x00,0x00,0x00,0x00,0x00,0x00,0x00,0x00,0x00,0x00,0x00,
	0x00,0x00,0x00,0x04,0xf3,0xf3,0xf3,0x80,0xf1,0xf1,0xf1,0x80,0xf1,0xf1,0xf1,0x80,
	0xf0,0xf0,0xf0,0x80,0xef,0xef,0xef,0x80,0xee,0xee,0xee,0x80,0xee,0xee,0xee,0x80,
	0xed,0xed,0xed,0x80,0xec,0xec,0xec,0x80,0xeb,0xeb,0xeb,0x80,0xeb,0xeb,0xeb,0x80,
	0xea,0xea,0xea,0x80,0xe9,0xe9,0xe9,0x80,0xe3,0xe3,0xe3,0x80,0xcd,0xcd,0xcd,0x80,
	0xcd,0xcd,0xcd,0x80,0xe1,0xe1,0xe1,0x80,0xe5,0xe5,0xe5,0x80,0xe4,0xe4,0xe4,0x80,
	0xe3,0xe3,0xe3,0x80,0xe2,0xe2,0xe2,0x80,0xe2,0xe2,0xe2,0x80,0xe1,0xe1,0xe1,0x80,
	0xe0,0xe0,0xe0,0x80,0xdf,0xdf,0xdf,0x80,0xde,0xde,0xde,0x80,0xdd,0xdd,0xdd,0x80,
	0xdc,0xdc,0xdc,0x80,0xdb,0xdb,0xdb,0x80,0xc4,0xc4,0xc4,0x80,0x00,0x00,0x00,0x1a,
	0x00,0x00,0x00,0x0d,0x00,0x00,0x00,0x04,0x00,0x00,0x00,0x00,0x00,0x00,0x00,0x00,
	0x00,0x00,0x00,0x00,0x00,0x00,0x00,0x00,0x00,0x00,0x00,0x00,0x00,0x00,0x00,0x00,
	0x00,0x00,0x00,0x00,0x00,0x00,0x00,0x00,0x00,0x00,0x00,0x00,0x00,0x00,0x00,0x00,
	0x00,0x00,0x00,0x00,0x00,0x00,0x00,0x00,0x00,0x00,0x00,0x00,0x00,0x00,0x00,0x00,
	0x00,0x00,0x00,0x05,0xf2,0xf2,0xf2,0x80,0xf0,0xf0,0xf0,0x80,0xef,0xef,0xef,0x80,
	0xee,0xee,0xee,0x80,0xee,0xee,0xee,0x80,0xed,0xed,0xed,0x80,0xec,0xec,0xec,0x80,
	0xeb,0xeb,0xeb,0x80,0xeb,0xeb,0xeb,0x80,0xea,0xea,0xea,0x80,0xe9,0xe9,0xe9,0x80,
	0xe7,0xe7,0xe7,0x80,0xd5,0xd5,0xd5,0x80,0xc3,0xc3,0xc3,0x80,0xc1,0xc1,0xc1,0x80,
	0xc0,0xc0,0xc0,0x80,0xc0,0xc0,0xc0,0x80,0xd1,0xd1,0xd1,0x80,0xe1,0xe1,0xe1,0x80,
	0xe1,0xe1,0xe1,0x80,0xe1,0xe1,0xe1,0x80,0xe0,0xe0,0xe0,0x80,0xdf,0xdf,0xdf,0x80,
	0xde,0xde,0xde,0x80,0xdd,0xdd,0xdd,0x80,0xdc,0xdc,0xdc,0x80,0xdb,0xdb,0xdb,0x80,
	0xda,0xda,0xda,0x80,0xda,0xda,0xda,0x80,0xc2,0xc2,0xc2,0x80,0x00,0x00,0x00,0x1c,
	0x00,0x00,0x00,0x0e,0x00,0x00,0x00,0x05,0x00,0x00,0x00,0x00,0x00,0x00,0x00,0x00,
	0x00,0x00,0x00,0x00,0x00,0x00,0x00,0x00,0x00,0x00,0x00,0x00,0x00,0x00,0x00,0x00,
	0x00,0x00,0x00,0x00,0x00,0x00,0x00,0x00,0x00,0x00,0x00,0x00,0x00,0x00,0x00,0x00,
	0x00,0x00,0x00,0x00,0x00,0x00,0x00,0x00,0x00,0x00,0x00,0x00,0x00,0x00,0x00,0x00,
	0x00,0x00,0x00,0x05,0xf0,0xf0,0xf0,0x80,0xee,0xee,0xee,0x80,0xee,0xee,0xee,0x80,
	0xed,0xed,0xed,0x80,0xec,0xec,0xec,0x80,0xeb,0xeb,0xeb,0x80,0xea,0xea,0xea,0x80,
	0xea,0xea,0xea,0x80,0xe9,0xe9,0xe9,0x80,0xe8,0xe8,0xe8,0x80,0xdc,0xdc,0xdc,0x80,
	0xc6,0xc6,0xc6,0x80,0xc1,0xc1,0xc1,0x80,0xc0,0xc0,0xc0,0x80,0xbf,0xbf,0xbf,0x80,
	0xbf,0xbf,0xbf,0x80,0xbe,0xbe,0xbe,0x80,0xbd,0xbd,0xbd,0x80,0xc2,0xc2,0xc2,0x80,
	0xd5,0xd5,0xd5,0x80,0xdf,0xdf,0xdf,0x80,0xde,0xde,0xde,0x80,0xdd,0xdd,0xdd,0x80,
	0xdc,0xdc,0xdc,0x80,0xdb,0xdb,0xdb,0x80,0xda,0xda,0xda,0x80,0xd9,0xd9,0xd9,0x80,
	0xd8,0xd8,0xd8,0x80,0xd8,0xd8,0xd8,0x80,0xc0,0xc0,0xc0,0x80,0x00,0x00,0x00,0x1c,
	0x00,0x00,0x00,0x0e,0x00,0x00,0x00,0x05,0x00,0x00,0x00,0x00,0x00,0x00,0x00,0x00,
	0x00,0x00,0x00,0x00,0x00,0x00,0x00,0x00,0x00,0x00,0x00,0x00,0x00,0x00,0x00,0x00,
	0x00,0x00,0x00,0x00,0x00,0x00,0x00,0x00,0x00,0x00,0x00,0x00,0x00,0x00,0x00,0x00,
	0x00,0x00,0x00,0x00,0x00,0x00,0x00,0x00,0x00,0x00,0x00,0x00,0x00,0x00,0x00,0x00,
	0x00,0x00,0x00,0x05,0xee,0xee,0xee,0x80,0xed,0xed,0xed,0x80,0xec,0xec,0xec,0x80,
	0xeb,0xeb,0xeb,0x80,0xea,0xea,0xea,0x80,0xea,0xea,0xea,0x80,0xe9,0xe9,0xe9,0x80,
	0xe8,0xe8,0xe8,0x80,0xe7,0xe7,0xe7,0x80,0xe6,0xe6,0xe6,0x80,0xe5,0xe5,0xe5,0x80,
	0xe5,0xe5,0xe5,0x80,0xe4,0xe4,0xe4,0x80,0xe3,0xe3,0xe3,0x80,0xe2,0xe2,0xe2,0x80,
	0xe1,0xe1,0xe1,0x80,0xe0,0xe0,0xe0,0x80,0xdf,0xdf,0xdf,0x80,0xdf,0xdf,0xdf,0x80,
	0xde,0xde,0xde,0x80,0xdd,0xdd,0xdd,0x80,0xdc,0xdc,0xdc,0x80,0xdb,0xdb,0xdb,0x80,
	0xda,0xda,0xda,0x80,0xd9,0xd9,0xd9,0x80,0xd8,0xd8,0xd8,0x80,0xd7,0xd7,0xd7,0x80,
	0xd6,0xd6,0xd6,0x80,0xd6,0xd6,0xd6,0x80,0xbe,0xbe,0xbe,0x80,0x00,0x00,0x00,0x1c,
	0x00,0x00,0x00,0x0e,0x00,0x00,0x00,0x05,0x00,0x00,0x00,0x00,0x00,0x00,0x00,0x00,
	0x00,0x00,0x00,0x00,0x00,0x00,0x00,0x00,0x00,0x00,0x00,0x00,0x00,0x00,0x00,0x00,
	0x00,0x00,0x00,0x00,0x00,0x00,0x00,0x00,0x00,0x00,0x00,0x00,0x00,0x00,0x00,0x00,
	0x00,0x00,0x00,0x00,0x00,0x00,0x00,0x00,0x00,0x00,0x00,0x00,0x00,0x00,0x00,0x00,
	0x00,0x00,0x00,0x05,0xed,0xed,0xed,0x80,0xeb,0xeb,0xeb,0x80,0xea,0xea,0xea,0x80,
	0xe9,0xe9,0xe9,0x80,0xe9,0xe9,0xe9,0x80,0xe8,0xe8,0xe8,0x80,0xe7,0xe7,0xe7,0x80,
	0xe6,0xe6,0xe6,0x80,0xe5,0xe5,0xe5,0x80,0xe5,0xe5,0xe5,0x80,0xe4,0xe4,0xe4,0x80,
	0xe3,0xe3,0xe3,0x80,0xe2,0xe2,0xe2,0x80,0xe1,0xe1,0xe1,0x80,0xe0,0xe0,0xe0,0x80,
	0xdf,0xdf,0xdf,0x80,0xde,0xde,0xde,0x80,0xde,0xde,0xde,0x80,0xdd,0xdd,0xdd,0x80,
	0xdc,0xdc,0xdc,0x80,0xdb,0xdb,0xdb,0x80,0xda,0xda,0xda,0x80,0xd9,0xd9,0xd9,0x80,
	0xd8,0xd8,0xd8,0x80,0xd7,0xd7,0xd7,0x80,0xd6,0xd6,0xd6,0x80,0xd5,0xd5,0xd5,0x80,
	0xd5,0xd5,0xd5,0x80,0xd4,0xd4,0xd4,0x80,0xbd,0xbd,0xbd,0x80,0x00,0x00,0x00,0x1c,
	0x00,0x00,0x00,0x0e,0x00,0x00,0x00,0x05,0x00,0x00,0x00,0x00,0x00,0x00,0x00,0x00,
	0x00,0x00,0x00,0x00,0x00,0x00,0x00,0x00,0x00,0x00,0x00,0x00,0x00,0x00,0x00,0x00,
	0x00,0x00,0x00,0x00,0x00,0x00,0x00,0x00,0x00,0x00,0x00,0x00,0x00,0x00,0x00,0x00,
	0x00,0x00,0x00,0x00,0x00,0x00,0x00,0x00,0x00,0x00,0x00,0x00,0x00,0x00,0x00,0x00,
	0x00,0x00,0x00,0x05,0xeb,0xeb,0xeb,0x80,0xe9,0xe9,0xe9,0x80,0xe8,0xe8,0xe8,0x80,
	0xe8,0xe8,0xe8,0x80,0xe7,0xe7,0xe7,0x80,0xe6,0xe6,0xe6,0x80,0xe5,0xe5,0xe5,0x80,
	0xe4,0xe4,0xe4,0x80,0xe4,0xe4,0xe4,0x80,0xe3,0xe3,0xe3,0x80,0xe2,0xe2,0xe2,0x80,
	0xe1,0xe1,0xe1,0x80,0xe0,0xe0,0xe0,0x80,0xdf,0xdf,0xdf,0x80,0xde,0xde,0xde,0x80,
	0xdd,0xdd,0xdd,0x80,0xdd,0xdd,0xdd,0x80,0xdc,0xdc,0xdc,0x80,0xdb,0xdb,0xdb,0x80,
	0xda,0xda,0xda,0x80,0xd9,0xd9,0xd9,0x80,0xd8,0xd8,0xd8,0x80,0xd7,0xd7,0xd7,0x80,
	0xd6,0xd6,0xd6,0x80,0xd5,0xd5,0xd5,0x80,0xd4,0xd4,0xd4,0x80,0xd3,0xd3,0xd3,0x80,
	0xd3,0xd3,0xd3,0x80,0xd2,0xd2,0xd2,0x80,0xbb,0xbb,0xbb,0x80,0x00,0x00,0x00,0x1c,
	0x00,0x00,0x00,0x0e,0x00,0x00,0x00,0x05,0x00,0x00,0x00,0x00,0x00,0x00,0x00,0x00,
	0x00,0x00,0x00,0x00,0x00,0x00,0x00,0x00,0x00,0x00,0x00,0x00,0x00,0x00,0x00,0x00,
	0x00,0x00,0x00,0x00,0x00,0x00,0x00,0x00,0x00,0x00,0x00,0x00,0x00,0x00,0x00,0x00,
	0x00,0x00,0x00,0x00,0x00,0x00,0x00,0x00,0x00,0x00,0x00,0x00,0x00,0x00,0x00,0x00,
	0x00,0x00,0x00,0x05,0xe9,0xe9,0xe9,0x80,0xe8,0xe8,0xe8,0x80,0xe7,0xe7,0xe7,0x80,
	0xe6,0xe6,0xe6,0x80,0xe5,0xe5,0xe5,0x80,0xe4,0xe4,0xe4,0x80,0xe3,0xe3,0xe3,0x80,
	0xe3,0xe3,0xe3,0x80,0xe2,0xe2,0xe2,0x80,0xe1,0xe1,0xe1,0x80,0xe0,0xe0,0xe0,0x80,
	0xdf,0xdf,0xdf,0x80,0xde,0xde,0xde,0x80,0xdd,0xdd,0xdd,0x80,0xdc,0xdc,0xdc,0x80,
	0xdc,0xdc,0xdc,0x80,0xdb,0xdb,0xdb,0x80,0xda,0xda,0xda,0x80,0xd9,0xd9,0xd9,0x80,
	0xd8,0xd8,0xd8,0x80,0xd7,0xd7,0xd7,0x80,0xd6,0xd6,0xd6,0x80,0xd5,0xd5,0xd5,0x80,
	0xd4,0xd4,0xd4,0x80,0xd3,0xd3,0xd3,0x80,0xd2,0xd2,0xd2,0x80,0xd1,0xd1,0xd1,0x80,
	0xd0,0xd0,0xd0,0x80,0xd0,0xd0,0xd0,0x80,0xb9,0xb9,0xb9,0x80,0x00,0x00,0x00,0x1c,
	0x00,0x00,0x00,0x0e,0x00,0x00,0x00,0x05,0x00,0x00,0x00,0x00,0x00,0x00,0x00,0x00,
	0x00,0x00,0x00,0x00,0x00,0x00,0x00,0x00,0x00,0x00,0x00,0x00,0x00,0x00,0x00,0x00,
	0x00,0x00,0x00,0x00,0x00,0x00,0x00,0x00,0x00,0x00,0x00,0x00,0x00,0x00,0x00,0x00,
	0x00,0x00,0x00,0x00,0x00,0x00,0x00,0x00,0x00,0x00,0x00,0x00,0x00,0x00,0x00,0x00,
	0x00,0x00,0x00,0x05,0xe8,0xe8,0xe8,0x80,0xe6,0xe6,0xe6,0x80,0xe5,0xe5,0xe5,0x80,
	0xe4,0xe4,0xe4,0x80,0xe3,0xe3,0xe3,0x80,0xe2,0xe2,0xe2,0x80,0xe2,0xe2,0xe2,0x80,
	0xe1,0xe1,0xe1,0x80,0xe0,0xe0,0xe0,0x80,0xdf,0xdf,0xdf,0x80,0xde,0xde,0xde,0x80,
	0xdd,0xdd,0xdd,0x80,0xdc,0xdc,0xdc,0x80,0xdb,0xdb,0xdb,0x80,0xda,0xda,0xda,0x80,
	0xda,0xda,0xda,0x80,0xd9,0xd9,0xd9,0x80,0xd8,0xd8,0xd8,0x80,0xd7,0xd7,0xd7,0x80,
	0xd6,0xd6,0xd6,0x80,0xd5,0xd5,0xd5,0x80,0xd4,0xd4,0xd4,0x80,0xd3,0xd3,0xd3,0x80,
	0xd2,0xd2,0xd2,0x80,0xd1,0xd1,0xd1,0x80,0xd0,0xd0,0xd0,0x80,0xcf,0xcf,0xcf,0x80,
	0xce,0xce,0xce,0x80,0xce,0xce,0xce,0x80,0xb7,0xb7,0xb7,0x80,0x00,0x00,0x00,0x1c,
	0x00,0x00,0x00,0x0e,0x00,0x00,0x00,0x05,0x00,0x00,0x00,0x00,0x00,0x00,0x00,0x00,
	0x00,0x00,0x00,0x00,0x00,0x00,0x00,0x00,0x00,0x00,0x00,0x00,0x00,0x00,0x00,0x00,
	0x00,0x00,0x00,0x00,0x00,0x00,0x00,0x00,0x00,0x00,0x00,0x00,0x00,0x00,0x00,0x00,
	0x00,0x00,0x00,0x00,0x00,0x00,0x00,0x00,0x00,0x00,0x00,0x00,0x00,0x00,0x00,0x00,
	0x00,0x00,0x00,0x05,0xe6,0xe6,0xe6,0x80,0xe4,0xe4,0xe4,0x80,0xe3,0xe3,0xe3,0x80,
	0xe2,0xe2,0xe2,0x80,0xe1,0xe1,0xe1,0x80,0xe1,0xe1,0xe1,0x80,0xe0,0xe0,0xe0,0x80,
	0xdf,0xdf,0xdf,0x80,0xde,0xde,0xde,0x80,0xdd,0xdd,0xdd,0x80,0xdc,0xdc,0xdc,0x80,
	0xdb,0xdb,0xdb,0x80,0xda,0xda,0xda,0x80,0xd9,0xd9,0xd9,0x80,0xd9,0xd9,0xd9,0x80,
	0xd8,0xd8,0xd8,0x80,0xd7,0xd7,0xd7,0x80,0xd6,0xd6,0xd6,0x80,0xd5,0xd5,0xd5,0x80,
	0xd4,0xd4,0xd4,0x80,0xd3,0xd3,0xd3,0x80,0xd2,0xd2,0xd2,0x80,0xd1,0xd1,0xd1,0x80,
	0xd0,0xd0,0xd0,0x80,0xcf,0xcf,0xcf,0x80,0xce,0xce,0xce,0x80,0xcd,0xcd,0xcd,0x80,
	0xcc,0xcc,0xcc,0x80,0xcb,0xcb,0xcb,0x80,0xb6,0xb6,0xb6,0x80,0x00,0x00,0x00,0x1c,
	0x00,0x00,0x00,0x0e,0x00,0x00,0x00,0x05,0x00,0x00,0x00,0x00,0x00,0x00,0x00,0x00,
	0x00,0x00,0x00,0x00,0x00,0x00,0x00,0x00,0x00,0x00,0x00,0x00,0x00,0x00,0x00,0x00,
	0x00,0x00,0x00,0x00,0x00,0x00,0x00,0x00,0x00,0x00,0x00,0x00,0x00,0x00,0x00,0x00,
	0x00,0x00,0x00,0x00,0x00,0x00,0x00,0x00,0x00,0x00,0x00,0x00,0x00,0x00,0x00,0x00,
	0x00,0x00,0x00,0x05,0xe4,0xe4,0xe4,0x80,0xe2,0xe2,0xe2,0x80,0xe1,0xe1,0xe1,0x80,
	0xe0,0xe0,0xe0,0x80,0xe0,0xe0,0xe0,0x80,0xdf,0xdf,0xdf,0x80,0xde,0xde,0xde,0x80,
	0xdd,0xdd,0xdd,0x80,0xdc,0xdc,0xdc,0x80,0xdb,0xdb,0xdb,0x80,0xda,0xda,0xda,0x80,
	0xd9,0xd9,0xd9,0x80,0xd8,0xd8,0xd8,0x80,0xd7,0xd7,0xd7,0x80,0xd7,0xd7,0xd7,0x80,
	0xd6,0xd6,0xd6,0x80,0xd5,0xd5,0xd5,0x80,0xd4,0xd4,0xd4,0x80,0xd3,0xd3,0xd3,0x80,
	0xd2,0xd2,0xd2,0x80,0xd1,0xd1,0xd1,0x80,0xd0,0xd0,0xd0,0x80,0xcf,0xcf,0xcf,0x80,
	0xce,0xce,0xce,0x80,0xcd,0xcd,0xcd,0x80,0xcc,0xcc,0xcc,0x80,0xcb,0xcb,0xcb,0x80,
	0xca,0xca,0xca,0x80,0xc9,0xc9,0xc9,0x80,0xb4,0xb4,0xb4,0x80,0x00,0x00,0x00,0x1c,
	0x00,0x00,0x00,0x0e,0x00,0x00,0x00,0x05,0x00,0x00,0x00,0x00,0x00,0x00,0x00,0x00,
	0x00,0x00,0x00,0x00,0x00,0x00,0x00,0x00,0x00,0x00,0x00,0x00,0x00,0x00,0x00,0x00,
	0x00,0x00,0x00,0x00,0x00,0x00,0x00,0x00,0x00,0x00,0x00,0x00,0x00,0x00,0x00,0x00,
	0x00,0x00,0x00,0x00,0x00,0x00,0x00,0x00,0x00,0x00,0x00,0x00,0x00,0x00,0x00,0x00,
	0x00,0x00,0x00,0x05,0xe2,0xe2,0xe2,0x80,0xe0,0xe0,0xe0,0x80,0xdf,0xdf,0xdf,0x80,
	0xdf,0xdf,0xdf,0x80,0xde,0xde,0xde,0x80,0xdd,0xdd,0xdd,0x80,0xdc,0xdc,0xdc,0x80,
	0xdb,0xdb,0xdb,0x80,0xda,0xda,0xda,0x80,0xd9,0xd9,0xd9,0x80,0xd8,0xd8,0xd8,0x80,
	0xd7,0xd7,0xd7,0x80,0xd6,0xd6,0xd6,0x80,0xd6,0xd6,0xd6,0x80,0xd5,0xd5,0xd5,0x80,
	0xd4,0xd4,0xd4,0x80,0xd3,0xd3,0xd3,0x80,0xd2,0xd2,0xd2,0x80,0xd1,0xd1,0xd1,0x80,
	0xd0,0xd0,0xd0,0x80,0xcf,0xcf,0xcf,0x80,0xce,0xce,0xce,0x80,0xcd,0xcd,0xcd,0x80,
	0xcc,0xcc,0xcc,0x80,0xcb,0xcb,0xcb,0x80,0xca,0xca,0xca,0x80,0xc9,0xc9,0xc9,0x80,
	0xc8,0xc8,0xc8,0x80,0xc7,0xc7,0xc7,0x80,0xb1,0xb1,0xb1,0x80,0x00,0x00,0x00,0x1c,
	0x00,0x00,0x00,0x0e,0x00,0x00,0x00,0x05,0x00,0x00,0x00,0x00,0x00,0x00,0x00,0x00,
	0x00,0x00,0x00,0x00,0x00,0x00,0x00,0x00,0x00,0x00,0x00,0x00,0x00,0x00,0x00,0x00,
	0x00,0x00,0x00,0x00,0x00,0x00,0x00,0x00,0x00,0x00,0x00,0x00,0x00,0x00,0x00,0x00,
	0x00,0x00,0x00,0x00,0x00,0x00,0x00,0x00,0x00,0x00,0x00,0x00,0x00,0x00,0x00,0x00,
	0x00,0x00,0x00,0x05,0xe1,0xe1,0xe1,0x80,0xde,0xde,0xde,0x80,0xde,0xde,0xde,0x80,
	0xdd,0xdd,0xdd,0x80,0xdc,0xdc,0xdc,0x80,0xdb,0xdb,0xdb,0x80,0xda,0xda,0xda,0x80,
	0xd9,0xd9,0xd9,0x80,0xd8,0xd8,0xd8,0x80,0xd7,0xd7,0xd7,0x80,0xd6,0xd6,0xd6,0x80,
	0xd5,0xd5,0xd5,0x80,0xd4,0xd4,0xd4,0x80,0xd4,0xd4,0xd4,0x80,0xd3,0xd3,0xd3,0x80,
	0xd2,0xd2,0xd2,0x80,0xd1,0xd1,0xd1,0x80,0xd0,0xd0,0xd0,0x80,0xcf,0xcf,0xcf,0x80,
	0xce,0xce,0xce,0x80,0xcd,0xcd,0xcd,0x80,0xcc,0xcc,0xcc,0x80,0xcb,0xcb,0xcb,0x80,
	0xca,0xca,0xca,0x80,0xc9,0xc9,0xc9,0x80,0xc8,0xc8,0xc8,0x80,0xc7,0xc7,0xc7,0x80,
	0xc6,0xc6,0xc6,0x80,0xc5,0xc5,0xc5,0x80,0xaf,0xaf,0xaf,0x80,0x00,0x00,0x00,0x1c,
	0x00,0x00,0x00,0x0e,0x00,0x00,0x00,0x05,0x00,0x00,0x00,0x00,0x00,0x00,0x00,0x00,
	0x00,0x00,0x00,0x00,0x00,0x00,0x00,0x00,0x00,0x00,0x00,0x00,0x00,0x00,0x00,0x00,
	0x00,0x00,0x00,0x00,0x00,0x00,0x00,0x00,0x00,0x00,0x00,0x00,0x00,0x00,0x00,0x00,
	0x00,0x00,0x00,0x00,0x00,0x00,0x00,0x00,0x00,0x00,0x00,0x00,0x00,0x00,0x00,0x00,
	0x00,0x00,0x00,0x05,0xdf,0xdf,0xdf,0x80,0xdc,0xdc,0xdc,0x80,0xd7,0xd7,0xd7,0x80,
	0xd2,0xd2,0xd2,0x80,0xd1,0xd1,0xd1,0x80,0xd0,0xd0,0xd0,0x80,0xd0,0xd0,0xd0,0x80,
	0xcf,0xcf,0xcf,0x80,0xce,0xce,0xce,0x80,0xcd,0xcd,0xcd,0x80,0xcc,0xcc,0xcc,0x80,
	0xcb,0xcb,0xcb,0x80,0xca,0xca,0xca,0x80,0xca,0xca,0xca,0x80,0xc9,0xc9,0xc9,0x80,
	0xc8,0xc8,0xc8,0x80,0xc7,0xc7,0xc7,0x80,0xc6,0xc6,0xc6,0x80,0xc5,0xc5,0xc5,0x80,
	0xc4,0xc4,0xc4,0x80,0xc3,0xc3,0xc3,0x80,0xc2,0xc2,0xc2,0x80,0xc1,0xc1,0xc1,0x80,
	0xc0,0xc0,0xc0,0x80,0xbf,0xbf,0xbf,0x80,0xbe,0xbe,0xbe,0x80,0xbd,0xbd,0xbd,0x80,
	0xbf,0xbf,0xbf,0x80,0xc3,0xc3,0xc3,0x80,0xad,0xad,0xad,0x80,0x00,0x00,0x00,0x1c,
	0x00,0x00,0x00,0x0e,0x00,0x00,0x00,0x05,0x00,0x00,0x00,0x00,0x00,0x00,0x00,0x00,
	0x00,0x00,0x00,0x00,0x00,0x00,0x00,0x00,0x00,0x00,0x00,0x00,0x00,0x00,0x00,0x00,
	0x00,0x00,0x00,0x00,0x00,0x00,0x00,0x00,0x00,0x00,0x00,0x00,0x00,0x00,0x00,0x00,
	0x00,0x00,0x00,0x00,0x00,0x00,0x00,0x00,0x00,0x00,0x00,0x00,0x00,0x00,0x00,0x00,
	0x00,0x00,0x00,0x05,0xdd,0xdd,0xdd,0x80,0xdb,0xdb,0xdb,0x80,0xd1,0xd1,0xd1,0x80,
	0x43,0x63,0x88,0x80,0x43,0x63,0x88,0x80,0x43,0x63,0x88,0x80,0x44,0x64,0x89,0x80,
	0x44,0x64,0x89,0x80,0x46,0x65,0x8b,0x80,0x46,0x65,0x8b,0x80,0x46,0x65,0x8b,0x80,
	0x48,0x67,0x8c,0x80,0x48,0x68,0x8c,0x80,0x48,0x68,0x8c,0x80,0x49,0x68,0x8d,0x80,
	0x4a,0x69,0x8e,0x80,0x4b,0x6b,0x8f,0x80,0x4c,0x6c,0x90,0x80,0x4c,0x6c,0x90,0x80,
	0x4d,0x6c,0x91,0x80,0x4e,0x6d,0x92,0x80,0x4f,0x6e,0x93,0x80,0x50,0x6f,0x94,0x80,
	0x51,0x70,0x95,0x80,0x52,0x71,0x96,0x80,0x53,0x72,0x97,0x80,0x56,0x76,0x9a,0x80,
	0xba,0xba,0xba,0x80,0xc1,0xc1,0xc1,0x80,0xac,0xac,0xac,0x80,0x00,0x00,0x00,0x1c,
	0x00,0x00,0x00,0x0e,0x00,0x00,0x00,0x05,0x00,0x00,0x00,0x00,0x00,0x00,0x00,0x00,
	0x00,0x00,0x00,0x00,0x00,0x00,0x00,0x00,0x00,0x00,0x00,0x00,0x00,0x00,0x00,0x00,
	0x00,0x00,0x00,0x00,0x00,0x00,0x00,0x00,0x00,0x00,0x00,0x00,0x00,0x00,0x00,0x00,
	0x00,0x00,0x00,0x00,0x00,0x00,0x00,0x00,0x00,0x00,0x00,0x00,0x00,0x00,0x00,0x00,
	0x00,0x00,0x00,0x05,0xdc,0xdc,0xdc,0x80,0xd9,0xd9,0xd9,0x80,0xd0,0xd0,0xd0,0x80,
	0x44,0x64,0x89,0x80,0x48,0x67,0x8c,0x80,0x48,0x67,0x8c,0x80,0x49,0x68,0x8d,0x80,
	0x4a,0x69,0x8e,0x80,0x4a,0x69,0x8e,0x80,0x4b,0x6a,0x8f,0x80,0x4c,0x6b,0x90,0x80,
	0x4c,0x6c,0x90,0x80,0x4d,0x6c,0x91,0x80,0x4e,0x6d,0x92,0x80,0x4e,0x6e,0x92,0x80,
	0x4f,0x6f,0x93,0x80,0x50,0x70,0x94,0x80,0x51,0x71,0x95,0x80,0x52,0x71,0x96,0x80,
	0x53,0x72,0x97,0x80,0x54,0x73,0x98,0x80,0x55,0x74,0x99,0x80,0x56,0x75,0x9a,0x80,
	0x57,0x76,0x9b,0x80,0x57,0x77,0x9b,0x80,0x59,0x78,0x9d,0x80,0x7b,0x98,0xbc,0x80,
	0xb8,0xb8,0xb8,0x80,0xbf,0xbf,0xbf,0x80,0xaa,0xaa,0xaa,0x80,0x00,0x00,0x00,0x1c,
	0x00,0x00,0x00,0x0e,0x00,0x00,0x00,0x05,0x00,0x00,0x00,0x00,0x00,0x00,0x00,0x00,
	0x00,0x00,0x00,0x00,0x00,0x00,0x00,0x00,0x00,0x00,0x00,0x00,0x00,0x00,0x00,0x00,
	0x00,0x00,0x00,0x00,0x00,0x00,0x00,0x00,0x00,0x00,0x00,0x00,0x00,0x00,0x00,0x00,
	0x00,0x00,0x00,0x00,0x00,0x00,0x00,0x00,0x00,0x00,0x00,0x00,0x00,0x00,0x00,0x00,
	0x00,0x00,0x00,0x05,0xda,0xda,0xda,0x80,0xd7,0xd7,0xd7,0x80,0xce,0xce,0xce,0x80,
	0x46,0x65,0x8b,0x80,0x49,0x68,0x8d,0x80,0x4a,0x69,0x8e,0x80,0x4a,0x69,0x8e,0x80,
	0x4b,0x6a,0x8f,0x80,0x4c,0x6b,0x90,0x80,0x4d,0x6c,0x91,0x80,0x4d,0x6d,0x91,0x80,
	0x4e,0x6e,0x92,0x80,0x4f,0x6e,0x93,0x80,0x50,0x6f,0x94,0x80,0x50,0x70,0x94,0x80,
	0x51,0x71,0x95,0x80,0x52,0x72,0x96,0x80,0x53,0x73,0x97,0x80,0x54,0x74,0x98,0x80,
	0x55,0x75,0x99,0x80,0x56,0x75,0x9a,0x80,0x57,0x76,0x9b,0x80,0x58,0x77,0x9c,0x80,
	0x59,0x78,0x9d,0x80,0x5a,0x79,0x9e,0x80,0x5b,0x7a,0x9f,0x80,0x7d,0x9a,0xbd,0x80,
	0xb7,0xb7,0xb7,0x80,0xbd,0xbd,0xbd,0x80,0xa8,0xa8,0xa8,0x80,0x00,0x00,0x00,0x1c,
	0x00,0x00,0x00,0x0e,0x00,0x00,0x00,0x05,0x00,0x00,0x00,0x00,0x00,0x00,0x00,0x00,
	0x00,0x00,0x00,0x00,0x00,0x00,0x00,0x00,0x00,0x00,0x00,0x00,0x00,0x00,0x00,0x00,
	0x00,0x00,0x00,0x00,0x00,0x00,0x00,0x00,0x00,0x00,0x00,0x00,0x00,0x00,0x00,0x00,
	0x00,0x00,0x00,0x00,0x00,0x00,0x00,0x00,0x00,0x00,0x00,0x00,0x00,0x00,0x00,0x00,
	0x00,0x00,0x00,0x05,0xd8,0xd8,0xd8,0x80,0xd5,0xd5,0xd5,0x80,0xcc,0xcc,0xcc,0x80,
	0x48,0x67,0x8c,0x80,0x4b,0x6a,0x8f,0x80,0x4b,0x6b,0x8f,0x80,0x4c,0x6b,0x90,0x80,
	0x4d,0x6c,0x91,0x80,0x4e,0x6d,0x92,0x80,0x4e,0x6e,0x92,0x80,0x4f,0x6f,0x93,0x80,
	0x50,0x70,0x94,0x80,0x51,0x70,0x95,0x80,0x51,0x71,0x95,0x80,0x52,0x72,0x96,0x80,
	0x53,0x73,0x97,0x80,0x54,0x74,0x98,0x80,0x55,0x75,0x99,0x80,0x56,0x76,0x9a,0x80,
	0x57,0x77,0x9b,0x80,0x58,0x78,0x9c,0x80,0x59,0x79,0x9d,0x80,0x5a,0x7a,0x9e,0x80,
	0x5b,0x7b,0x9f,0x80,0x5c,0x7c,0xa0,0x80,0x5d,0x7d,0xa1,0x80,0x7f,0x9c,0xbf,0x80,
	0xb5,0xb5,0xb5,0x80,0xbb,0xbb,0xbb,0x80,0xa6,0xa6,0xa6,0x80,0x00,0x00,0x00,0x1c,
	0x00,0x00,0x00,0x0e,0x00,0x00,0x00,0x05,0x00,0x00,0x00,0x00,0x00,0x00,0x00,0x00,
	0x00,0x00,0x00,0x00,0x00,0x00,0x00,0x00,0x00,0x00,0x00,0x00,0x00,0x00,0x00,0x00,
	0x00,0x00,0x00,0x00,0x00,0x00,0x00,0x00,0x00,0x00,0x00,0x00,0x00,0x00,0x00,0x00,
	0x00,0x00,0x00,0x00,0x00,0x00,0x00,0x00,0x00,0x00,0x00,0x00,0x00,0x00,0x00,0x00,
	0x00,0x00,0x00,0x05,0xd6,0xd6,0xd6,0x80,0xd3,0xd3,0xd3,0x80,0xca,0xca,0xca,0x80,
	0x4a,0x69,0x8e,0x80,0x4c,0x6c,0x90,0x80,0x4d,0x6d,0x91,0x80,0x4e,0x6d,0x92,0x80,
	0x4f,0x6e,0x93,0x80,0x4f,0x6f,0x93,0x80,0x50,0x70,0x94,0x80,0x51,0x71,0x95,0x80,
	0x52,0x72,0x96,0x80,0x53,0x73,0x97,0x80,0x54,0x73,0x98,0x80,0x55,0x74,0x99,0x80,
	0x56,0x75,0x9a,0x80,0x57,0x76,0x9b,0x80,0x58,0x77,0x9c,0x80,0x59,0x78,0x9d,0x80,
	0x5a,0x79,0x9e,0x80,0x5b,0x7a,0x9f,0x80,0x5c,0x7b,0xa0,0x80,0x5d,0x7c,0xa1,0x80,
	0x5e,0x7d,0xa2,0x80,0x5f,0x7e,0xa2,0x80,0x60,0x7f,0xa3,0x80,0x82,0x9f,0xc2,0x80,
	0xb3,0xb3,0xb3,0x80,0xb9,0xb9,0xb9,0x80,0xa5,0xa5,0xa5,0x80,0x00,0x00,0x00,0x1c,
	0x00,0x00,0x00,0x0e,0x00,0x00,0x00,0x05,0x00,0x00,0x00,0x00,0x00,0x00,0x00,0x00,
	0x00,0x00,0x00,0x00,0x00,0x00,0x00,0x00,0x00,0x00,0x00,0x00,0x00,0x00,0x00,0x00,
	0x00,0x00,0x00,0x00,0x00,0x00,0x00,0x00,0x00,0x00,0x00,0x00,0x00,0x00,0x00,0x00,
	0x00,0x00,0x00,0x00,0x00,0x00,0x00,0x00,0x00,0x00,0x00,0x00,0x00,0x00,0x00,0x00,
	0x00,0x00,0x00,0x05,0xd4,0xd4,0xd4,0x80,0xd1,0xd1,0xd1,0x80,0xc8,0xc8,0xc8,0x80,
	0x4b,0x6b,0x8f,0x80,0x4e,0x6e,0x92,0x80,0x4f,0x6f,0x93,0x80,0x50,0x6f,0x94,0x80,
	0x51,0x70,0x95,0x80,0x51,0x71,0x95,0x80,0x52,0x72,0x96,0x80,0x53,0x73,0x97,0x80,
	0x54,0x74,0x98,0x80,0x55,0x75,0x99,0x80,0x56,0x76,0x9a,0x80,0x57,0x77,0x9b,0x80,
	0x58,0x78,0x9c,0x80,0x59,0x79,0x9d,0x80,0x5a,0x7a,0x9e,0x80,0x5b,0x7b,0x9f,0x80,
	0x5c,0x7b,0xa0,0x80,0x5d,0x7c,0xa1,0x80,0x5e,0x7d,0xa2,0x80,0x5f,0x7e,0xa3,0x80,
	0x60,0x7f,0xa4,0x80,0x61,0x80,0xa4,0x80,0x62,0x81,0xa6,0x80,0x82,0x9f,0xc2,0x80,
	0xb1,0xb1,0xb1,0x80,0xb7,0xb7,0xb7,0x80,0xa3,0xa3,0xa3,0x80,0x00,0x00,0x00,0x1c,
	0x00,0x00,0x00,0x0e,0x00,0x00,0x00,0x05,0x00,0x00,0x00,0x00,0x00,0x00,0x00,0x00,
	0x00,0x00,0x00,0x00,0x00,0x00,0x00,0x00,0x00,0x00,0x00,0x00,0x00,0x00,0x00,0x00,
	0x00,0x00,0x00,0x00,0x00,0x00,0x00,0x00,0x00,0x00,0x00,0x00,0x00,0x00,0x00,0x00,
	0x00,0x00,0x00,0x00,0x00,0x00,0x00,0x00,0x00,0x00,0x00,0x00,0x00,0x00,0x00,0x00,
	0x00,0x00,0x00,0x05,0xd2,0xd2,0xd2,0x80,0xcf,0xcf,0xcf,0x80,0xc6,0xc6,0xc6,0x80,
	0x4d,0x6d,0x91,0x80,0x50,0x70,0x94,0x80,0x51,0x71,0x95,0x80,0x52,0x71,0x96,0x80,
	0x53,0x72,0x97,0x80,0x54,0x73,0x98,0x80,0x55,0x74,0x99,0x80,0x56,0x75,0x9a,0x80,
	0x57,0x76,0x9b,0x80,0x57,0x77,0x9b,0x80,0x59,0x78,0x9d,0x80,0x5a,0x79,0x9e,0x80,
	0x5b,0x7a,0x9f,0x80,0x5c,0x7b,0x9f,0x80,0x5c,0x7c,0xa0,0x80,0x5d,0x7d,0xa1,0x80,
	0x5f,0x7e,0xa2,0x80,0x60,0x7f,0xa3,0x80,0x61,0x80,0xa4,0x80,0x62,0x81,0xa5,0x80,
	0x63,0x82,0xa6,0x80,0x64,0x83,0xa7,0x80,0x65,0x84,0xa8,0x80,0x86,0xa3,0xc6,0x80,
	0xaf,0xaf,0xaf,0x80,0xb5,0xb5,0xb5,0x80,0xa1,0xa1,0xa1,0x80,0x00,0x00,0x00,0x1c,
	0x00,0x00,0x00,0x0e,0x00,0x00,0x00,0x05,0x00,0x00,0x00,0x00,0x00,0x00,0x00,0x00,
	0x00,0x00,0x00,0x00,0x00,0x00,0x00,0x00,0x00,0x00,0x00,0x00,0x00,0x00,0x00,0x00,
	0x00,0x00,0x00,0x00,0x00,0x00,0x00,0x00,0x00,0x00,0x00,0x00,0x00,0x00,0x00,0x00,
	0x00,0x00,0x00,0x00,0x00,0x00,0x00,0x00,0x00,0x00,0x00,0x00,0x00,0x00,0x00,0x00,
	0x00,0x00,0x00,0x05,0xd0,0xd0,0xd0,0x80,0xcd,0xcd,0xcd,0x80,0xc4,0xc4,0xc4,0x80,
	0x4f,0x6f,0x93,0x80,0x52,0x72,0x96,0x80,0x53,0x73,0x97,0x80,0x54,0x74,0x98,0x80,
	0x55,0x75,0x99,0x80,0x56,0x75,0x9a,0x80,0x57,0x76,0x9b,0x80,0x58,0x77,0x9c,0x80,
	0x59,0x78,0x9d,0x80,0x5a,0x79,0x9e,0x80,0x5b,0x7a,0x9f,0x80,0x5c,0x7b,0xa0,0x80,
	0x5d,0x7c,0xa1,0x80,0x5e,0x7d,0xa2,0x80,0x5f,0x7e,0xa3,0x80,0x60,0x7f,0xa4,0x80,
	0x61,0x80,0xa4,0x80,0x62,0x81,0xa5,0x80,0x63,0x82,0xa6,0x80,0x64,0x83,0xa7,0x80,
	0x65,0x84,0xa8,0x80,0x66,0x85,0xa9,0x80,0x67,0x86,0xaa,0x80,0x86,0xa3,0xc6,0x80,
	0xad,0xad,0xad,0x80,0xb3,0xb3,0xb3,0x80,0x9f,0x9f,0x9f,0x80,0x00,0x00,0x00,0x1c,
	0x00,0x00,0x00,0x0e,0x00,0x00,0x00,0x05,0x00,0x00,0x00,0x00,0x00,0x00,0x00,0x00,
	0x00,0x00,0x00,0x00,0x00,0x00,0x00,0x00,0x00,0x00,0x00,0x00,0x00,0x00,0x00,0x00,
	0x00,0x00,0x00,0x00,0x00,0x00,0x00,0x00,0x00,0x00,0x00,0x00,0x00,0x00,0x00,0x00,
	0x00,0x00,0x00,0x00,0x00,0x00,0x00,0x00,0x00,0x00,0x00,0x00,0x00,0x00,0x00,0x00,
	0x00,0x00,0x00,0x05,0xcd,0xcd,0xcd,0x80,0xcb,0xcb,0xcb,0x80,0xc2,0xc2,0xc2,0x80,
	0x51,0x71,0x95,0x80,0x54,0x74,0x98,0x80,0x55,0x75,0x99,0x80,0x56,0x76,0x9a,0x80,
	0x57,0x77,0x9b,0x80,0x58,0x78,0x9c,0x80,0x59,0x79,0x9d,0x80,0x5a,0x7a,0x9e,0x80,
	0x5b,0x7b,0x9f,0x80,0x5c,0x7c,0xa0,0x80,0x5d,0x7d,0xa1,0x80,0x5e,0x7e,0xa2,0x80,
	0x60,0x7f,0xa3,0x80,0x61,0x80,0xa4,0x80,0x62,0x81,0xa5,0x80,0x63,0x82,0xa6,0x80,
	0x64,0x83,0xa7,0x80,0x65,0x84,0xa8,0x80,0x66,0x85,0xa9,0x80,0x67,0x86,0xa9,0x80,
	0x68,0x86,0xaa,0x80,0x69,0x87,0xab,0x80,0x69,0x88,0xac,0x80,0x89,0xa6,0xc9,0x80,
	0xab,0xab,0xab,0x80,0xb1,0xb1,0xb1,0x80,0x9e,0x9e,0x9e,0x80,0x00,0x00,0x00,0x1c,
	0x00,0x00,0x00,0x0e,0x00,0x00,0x00,0x05,0x00,0x00,0x00,0x00,0x00,0x00,0x00,0x00,
	0x00,0x00,0x00,0x00,0x00,0x00,0x00,0x00,0x00,0x00,0x00,0x00,0x00,0x00,0x00,0x00,
	0x00,0x00,0x00,0x00,0x00,0x00,0x00,0x00,0x00,0x00,0x00,0x00,0x00,0x00,0x00,0x00,
	0x00,0x00,0x00,0x00,0x00,0x00,0x00,0x00,0x00,0x00,0x00,0x00,0x00,0x00,0x00,0x00,
	0x00,0x00,0x00,0x05,0xcc,0xcc,0xcc,0x80,0xc9,0xc9,0xc9,0x80,0xc0,0xc0,0xc0,0x80,
	0x54,0x73,0x98,0x80,0x57,0x76,0x9b,0x80,0x58,0x77,0x9c,0x80,0x59,0x78,0x9d,0x80,
	0x5a,0x79,0x9e,0x80,0x5b,0x7a,0x9f,0x80,0x5c,0x7b,0xa0,0x80,0x5d,0x7c,0xa1,0x80,
	0x5e,0x7d,0xa2,0x80,0x5f,0x7e,0xa2,0x80,0x60,0x7f,0xa3,0x80,0x61,0x80,0xa4,0x80,
	0x62,0x81,0xa5,0x80,0x63,0x82,0xa6,0x80,0x64,0x83,0xa7,0x80,0x65,0x84,0xa8,0x80,
	0x66,0x85,0xa9,0x80,0x67,0x86,0xaa,0x80,0x68,0x87,0xab,0x80,0x69,0x88,0xac,0x80,
	0x6a,0x89,0xac,0x80,0x6b,0x8a,0xad,0x80,0x6c,0x8b,0xae,0x80,0x89,0xa6,0xc9,0x80,
	0xa9,0xa9,0xa9,0x80,0xb0,0xb0,0xb0,0x80,0x9b,0x9b,0x9b,0x80,0x00,0x00,0x00,0x1c,
	0x00,0x00,0x00,0x0e,0x00,0x00,0x00,0x05,0x00,0x00,0x00,0x00,0x00,0x00,0x00,0x00,
	0x00,0x00,0x00,0x00,0x00,0x00,0x00,0x00,0x00,0x00,0x00,0x00,0x00,0x00,0x00,0x00,
	0x00,0x00,0x00,0x00,0x00,0x00,0x00,0x00,0x00,0x00,0x00,0x00,0x00,0x00,0x00,0x00,
	0x00,0x00,0x00,0x00,0x00,0x00,0x00,0x00,0x00,0x00,0x00,0x00,0x00,0x00,0x00,0x00,
	0x00,0x00,0x00,0x05,0xca,0xca,0xca,0x80,0xc6,0xc6,0xc6,0x80,0xbe,0xbe,0xbe,0x80,
	0x56,0x76,0x9a,0x80,0x59,0x79,0x9d,0x80,0x5a,0x7a,0x9e,0x80,0x5b,0x7b,0x9f,0x80,
	0x5c,0x7b,0xa0,0x80,0x5d,0x7c,0xa1,0x80,0x5e,0x7d,0xa2,0x80,0x5f,0x7e,0xa3,0x80,
	0x60,0x7f,0xa4,0x80,0x61,0x80,0xa4,0x80,0x62,0x81,0xa6,0x80,0x63,0x82,0xa6,0x80,
	0x64,0x83,0xa7,0x80,0x65,0x84,0xa8,0x80,0x66,0x85,0xa9,0x80,0x68,0x86,0xaa,0x80,
	0x69,0x87,0xab,0x80,0x69,0x88,0xac,0x80,0x6a,0x89,0xad,0x80,0x6c,0x8a,0xae,0x80,
	0x6c,0x8b,0xae,0x80,0x6d,0x8b,0xaf,0x80,0x6e,0x8d,0xb0,0x80,0x8c,0xa9,0xcb,0x80,
	0xa8,0xa8,0xa8,0x80,0xae,0xae,0xae,0x80,0x9b,0x9b,0x9b,0x80,0x00,0x00,0x00,0x1c,
	0x00,0x00,0x00,0x0e,0x00,0x00,0x00,0x05,0x00,0x00,0x00,0x00,0x00,0x00,0x00,0x00,
	0x00,0x00,0x00,0x00,0x00,0x00,0x00,0x00,0x00,0x00,0x00,0x00,0x00,0x00,0x00,0x00,
	0x00,0x00,0x00,0x00,0x00,0x00,0x00,0x00,0x00,0x00,0x00,0x00,0x00,0x00,0x00,0x00,
	0x00,0x00,0x00,0x00,0x00,0x00,0x00,0x00,0x00,0x00,0x00,0x00,0x00,0x00,0x00,0x00,
	0x00,0x00,0x00,0x05,0xc8,0xc8,0xc8,0x80,0xc4,0xc4,0xc4,0x80,0xbc,0xbc,0xbc,0x80,
	0x59,0x78,0x9d,0x80,0x5c,0x7b,0x9f,0x80,0x5c,0x7c,0xa0,0x80,0x5d,0x7d,0xa1,0x80,
	0x5f,0x7e,0xa2,0x80,0x60,0x7f,0xa3,0x80,0x61,0x80,0xa4,0x80,0x62,0x81,0xa5,0x80,
	0x63,0x82,0xa6,0x80,0x64,0x83,0xa7,0x80,0x65,0x84,0xa8,0x80,0x66,0x85,0xa9,0x80,
	0x67,0x86,0xaa,0x80,0x68,0x87,0xaa,0x80,0x69,0x87,0xab,0x80,0x6a,0x89,0xac,0x80,
	0x6a,0x89,0xad,0x80,0x6c,0x8a,0xae,0x80,0x6d,0x8b,0xaf,0x80,0x6e,0x8c,0xb0,0x80,
	0x6e,0x8d,0xb0,0x80,0x70,0x8e,0xb2,0x80,0x70,0x8f,0xb2,0x80,0x8d,0xaa,0xcd,0x80,
	0xa6,0xa6,0xa6,0x80,0xac,0xac,0xac,0x80,0x99,0x99,0x99,0x80,0x00,0x00,0x00,0x1c,
	0x00,0x00,0x00,0x0e,0x00,0x00,0x00,0x05,0x00,0x00,0x00,0x00,0x00,0x00,0x00,0x00,
	0x00,0x00,0x00,0x00,0x00,0x00,0x00,0x00,0x00,0x00,0x00,0x00,0x00,0x00,0x00,0x00,
	0x00,0x00,0x00,0x00,0x00,0x00,0x00,0x00,0x00,0x00,0x00,0x00,0x00,0x00,0x00,0x00,
	0x00,0x00,0x00,0x00,0x00,0x00,0x00,0x00,0x00,0x00,0x00,0x00,0x00,0x00,0x00,0x00,
	0x00,0x00,0x00,0x05,0xc6,0xc6,0xc6,0x80,0xc2,0xc2,0xc2,0x80,0xb9,0xb9,0xb9,0x80,
	0x5a,0x7a,0x9e,0x80,0x5e,0x7d,0xa2,0x80,0x5f,0x7e,0xa3,0x80,0x60,0x7f,0xa4,0x80,
	0x61,0x80,0xa4,0x80,0x62,0x81,0xa5,0x80,0x63,0x82,0xa6,0x80,0x64,0x83,0xa7,0x80,
	0x65,0x84,0xa8,0x80,0x66,0x85,0xa9,0x80,0x67,0x86,0xaa,0x80,0x68,0x87,0xab,0x80,
	0x69,0x88,0xac,0x80,0x6a,0x89,0xad,0x80,0x6b,0x8a,0xad,0x80,0x6c,0x8b,0xae,0x80,
	0x6d,0x8b,0xaf,0x80,0x6e,0x8d,0xb0,0x80,0x6f,0x8d,0xb1,0x80,0x70,0x8e,0xb2,0x80,
	0x71,0x8f,0xb2,0x80,0x71,0x90,0xb3,0x80,0x72,0x91,0xb4,0x80,0x90,0xad,0xcf,0x80,
	0xa4,0xa4,0xa4,0x80,0xaa,0xaa,0xaa,0x80,0x97,0x97,0x97,0x80,0x00,0x00,0x00,0x1c,
	0x00,0x00,0x00,0x0e,0x00,0x00,0x00,0x05,0x00,0x00,0x00,0x00,0x00,0x00,0x00,0x00,
	0x00,0x00,0x00,0x00,0x00,0x00,0x00,0x00,0x00,0x00,0x00,0x00,0x00,0x00,0x00,0x00,
	0x00,0x00,0x00,0x00,0x00,0x00,0x00,0x00,0x00,0x00,0x00,0x00,0x00,0x00,0x00,0x00,
	0x00,0x00,0x00,0x00,0x00,0x00,0x00,0x00,0x00,0x00,0x00,0x00,0x00,0x00,0x00,0x00,
	0x00,0x00,0x00,0x05,0xc4,0xc4,0xc4,0x80,0xc0,0xc0,0xc0,0x80,0xb8,0xb8,0xb8,0x80,
	0x5d,0x7d,0xa1,0x80,0x61,0x80,0xa4,0x80,0x62,0x81,0xa5,0x80,0x63,0x82,0xa6,0x80,
	0x64,0x83,0xa7,0x80,0x65,0x84,0xa8,0x80,0x66,0x85,0xa9,0x80,0x67,0x86,0xa9,0x80,
	0x68,0x86,0xaa,0x80,0x69,0x87,0xab,0x80,0x69,0x88,0xac,0x80,0x6a,0x89,0xad,0x80,
	0x6c,0x8a,0xae,0x80,0x6d,0x8b,0xaf,0x80,0x6e,0x8c,0xb0,0x80,0x6e,0x8d,0xb0,0x80,
	0x6f,0x8d,0xb1,0x80,0x70,0x8f,0xb2,0x80,0x71,0x90,0xb3,0x80,0x71,0x90,0xb3,0x80,
	0x73,0x91,0xb4,0x80,0x74,0x93,0xb6,0x80,0x74,0x93,0xb6,0x80,0x90,0xad,0xcf,0x80,
	0xa2,0xa2,0xa2,0x80,0xa8,0xa8,0xa8,0x80,0x95,0x95,0x95,0x80,0x00,0x00,0x00,0x1c,
	0x00,0x00,0x00,0x0e,0x00,0x00,0x00,0x05,0x00,0x00,0x00,0x00,0x00,0x00,0x00,0x00,
	0x00,0x00,0x00,0x00,0x00,0x00,0x00,0x00,0x00,0x00,0x00,0x00,0x00,0x00,0x00,0x00,
	0x00,0x00,0x00,0x00,0x00,0x00,0x00,0x00,0x00,0x00,0x00,0x00,0x00,0x00,0x00,0x00,
	0x00,0x00,0x00,0x00,0x00,0x00,0x00,0x00,0x00,0x00,0x00,0x00,0x00,0x00,0x00,0x00,
	0x00,0x00,0x00,0x05,0xc2,0xc2,0xc2,0x80,0xbe,0xbe,0xbe,0x80,0xb6,0xb6,0xb6,0x80,
	0x5f,0x7e,0xa2,0x80,0x63,0x82,0xa6,0x80,0x64,0x83,0xa7,0x80,0x65,0x84,0xa8,0x80,
	0x66,0x85,0xa9,0x80,0x67,0x86,0xaa,0x80,0x68,0x87,0xab,0x80,0x69,0x88,0xac,0x80,
	0x6a,0x89,0xac,0x80,0x6b,0x8a,0xad,0x80,0x6c,0x8b,0xae,0x80,0x6d,0x8b,0xaf,0x80,
	0x6e,0x8c,0xb0,0x80,0x6f,0x8d,0xb1,0x80,0x70,0x8e,0xb2,0x80,0x71,0x8f,0xb2,0x80,
	0x71,0x90,0xb3,0x80,0x72,0x91,0xb4,0x80,0x73,0x91,0xb4,0x80,0x74,0x93,0xb6,0x80,
	0x74,0x93,0xb6,0x80,0x75,0x94,0xb7,0x80,0x75,0x94,0xb7,0x80,0x91,0xae,0xd1,0x80,
	0xa0,0xa0,0xa0,0x80,0xa7,0xa7,0xa7,0x80,0x94,0x94,0x94,0x80,0x00,0x00,0x00,0x1c,
	0x00,0x00,0x00,0x0e,0x00,0x00,0x00,0x05,0x00,0x00,0x00,0x00,0x00,0x00,0x00,0x00,
	0x00,0x00,0x00,0x00,0x00,0x00,0x00,0x00,0x00,0x00,0x00,0x00,0x00,0x00,0x00,0x00,
	0x00,0x00,0x00,0x00,0x00,0x00,0x00,0x00,0x00,0x00,0x00,0x00,0x00,0x00,0x00,0x00,
	0x00,0x00,0x00,0x00,0x00,0x00,0x00,0x00,0x00,0x00,0x00,0x00,0x00,0x00,0x00,0x00,
	0x00,0x00,0x00,0x05,0xc0,0xc0,0xc0,0x80,0xbc,0xbc,0xbc,0x80,0xb4,0xb4,0xb4,0x80,
	0x6e,0x8c,0xb0,0x80,0xa5,0xbc,0xda,0x80,0xa6,0xbd,0xdb,0x80,0xa8,0xbf,0xdb,0x80,
	0xa8,0xbf,0xdb,0x80,0xa8,0xbf,0xdb,0x80,0xaa,0xc0,0xdc,0x80,0xaa,0xc0,0xdc,0x80,
	0xaa,0xc0,0xdc,0x80,0xaa,0xc0,0xdc,0x80,0xac,0xc2,0xdd,0x80,0xac,0xc2,0xdd,0x80,
	0xac,0xc2,0xdd,0x80,0xad,0xc3,0xdd,0x80,0xad,0xc3,0xdd,0x80,0xaf,0xc4,0xde,0x80,
	0xaf,0xc4,0xde,0x80,0xaf,0xc4,0xde,0x80,0xb0,0xc4,0xde,0x80,0xb0,0xc4,0xde,0x80,
	0xb1,0xc5,0xdf,0x80,0xb1,0xc5,0xdf,0x80,0xb1,0xc5,0xdf,0x80,0xb8,0xca,0xe2,0x80,
	0x9f,0x9f,0x9f,0x80,0xa5,0xa5,0xa5,0x80,0x94,0x94,0x94,0x80,0x00,0x00,0x00,0x1c,
	0x00,0x00,0x00,0x0e,0x00,0x00,0x00,0x05,0x00,0x00,0x00,0x00,0x00,0x00,0x00,0x00,
	0x00,0x00,0x00,0x00,0x00,0x00,0x00,0x00,0x00,0x00,0x00,0x00,0x00,0x00,0x00,0x00,
	0x00,0x00,0x00,0x00,0x00,0x00,0x00,0x00,0x00,0x00,0x00,0x00,0x00,0x00,0x00,0x00,
	0x00,0x00,0x00,0x00,0x00,0x00,0x00,0x00,0x00,0x00,0x00,0x00,0x00,0x00,0x00,0x00,
	0x00,0x00,0x00,0x05,0xbe,0xbe,0xbe,0x80,0xba,0xba,0xba,0x80,0xb5,0xb5,0xb5,0x80,
	0xb1,0xb1,0xb1,0x80,0xb1,0xb1,0xb1,0x80,0xb0,0xb0,0xb0,0x80,0xaf,0xaf,0xaf,0x80,
	0xae,0xae,0xae,0x80,0xad,0xad,0xad,0x80,0xac,0xac,0xac,0x80,0xab,0xab,0xab,0x80,
	0xaa,0xaa,0xaa,0x80,0xa9,0xa9,0xa9,0x80,0xa9,0xa9,0xa9,0x80,0xa8,0xa8,0xa8,0x80,
	0xa7,0xa7,0xa7,0x80,0xa6,0xa6,0xa6,0x80,0xa5,0xa5,0xa5,0x80,0xa4,0xa4,0xa4,0x80,
	0xa3,0xa3,0xa3,0x80,0xa3,0xa3,0xa3,0x80,0xa2,0xa2,0xa2,0x80,0xa1,0xa1,0xa1,0x80,
	0xa0,0xa0,0xa0,0x80,0x9f,0x9f,0x9f,0x80,0x9f,0x9f,0x9f,0x80,0x9f,0x9f,0x9f,0x80,
	0xa0,0xa0,0xa0,0x80,0xa3,0xa3,0xa3,0x80,0x91,0x91,0x91,0x80,0x00,0x00,0x00,0x1c,
	0x00,0x00,0x00,0x0e,0x00,0x00,0x00,0x05,0x00,0x00,0x00,0x00,0x00,0x00,0x00,0x00,
	0x00,0x00,0x00,0x00,0x00,0x00,0x00,0x00,0x00,0x00,0x00,0x00,0x00,0x00,0x00,0x00,
	0x00,0x00,0x00,0x00,0x00,0x00,0x00,0x00,0x00,0x00,0x00,0x00,0x00,0x00,0x00,0x00,
	0x00,0x00,0x00,0x00,0x00,0x00,0x00,0x00,0x00,0x00,0x00,0x00,0x00,0x00,0x00,0x00,
	0x00,0x00,0x00,0x05,0xbc,0xbc,0xbc,0x80,0xb8,0xb8,0xb8,0x80,0xb7,0xb7,0xb7,0x80,
	0xb7,0xb7,0xb7,0x80,0xb4,0xb4,0xb4,0x80,0xb0,0xb0,0xb0,0x80,0xad,0xad,0xad,0x80,
	0xac,0xac,0xac,0x80,0xad,0xad,0xad,0x80,0xaf,0xaf,0xaf,0x80,0xb0,0xb0,0xb0,0x80,
	0xaf,0xaf,0xaf,0x80,0xae,0xae,0xae,0x80,0xae,0xae,0xae,0x80,0xad,0xad,0xad,0x80,
	0xac,0xac,0xac,0x80,0xab,0xab,0xab,0x80,0xaa,0xaa,0xaa,0x80,0xa9,0xa9,0xa9,0x80,
	0xa9,0xa9,0xa9,0x80,0xa6,0xa6,0xa6,0x80,0xa2,0xa2,0xa2,0x80,0x9f,0x9f,0x9f,0x80,
	0x9f,0x9f,0x9f,0x80,0xa0,0xa0,0xa0,0x80,0xa2,0xa2,0xa2,0x80,0xa3,0xa3,0xa3,0x80,
	0xa2,0xa2,0xa2,0x80,0xa0,0xa0,0xa0,0x80,0x8f,0x8f,0x8f,0x80,0x00,0x00,0x00,0x1c,
	0x00,0x00,0x00,0x0e,0x00,0x00,0x00,0x05,0x00,0x00,0x00,0x00,0x00,0x00,0x00,0x00,
	0x00,0x00,0x00,0x00,0x00,0x00,0x00,0x00,0x00,0x00,0x00,0x00,0x00,0x00,0x00,0x00,
	0x00,0x00,0x00,0x00,0x00,0x00,0x00,0x00,0x00,0x00,0x00,0x00,0x00,0x00,0x00,0x00,
	0x00,0x00,0x00,0x00,0x00,0x00,0x00,0x00,0x00,0x00,0x00,0x00,0x00,0x00,0x00,0x00,
	0x00,0x00,0x00,0x05,0xb9,0xb9,0xb9,0x79,0xb5,0xb5,0xb5,0x80,0xb5,0xb5,0xb5,0x80,
	0xb5,0xb5,0xb5,0x80,0xae,0xae,0xae,0x80,0xc4,0xc4,0xc4,0x80,0xc8,0xc8,0xc8,0x80,
	0xbd,0xbd,0xbd,0x80,0xae,0xae,0xae,0x80,0xa9,0xa9,0xa9,0x80,0xae,0xae,0xae,0x80,
	0xae,0xae,0xae,0x80,0xad,0xad,0xad,0x80,0xac,0xac,0xac,0x80,0xab,0xab,0xab,0x80,
	0xaa,0xaa,0xaa,0x80,0xa9,0xa9,0xa9,0x80,0xa8,0xa8,0xa8,0x80,0xa8,0xa8,0xa8,0x80,
	0xa7,0xa7,0xa7,0x80,0xa0,0xa0,0xa0,0x80,0xc1,0xc1,0xc1,0x80,0xc8,0xc8,0xc8,0x80,
	0xbd,0xbd,0xbd,0x80,0xab,0xab,0xab,0x80,0x9e,0x9e,0x9e,0x80,0xa1,0xa1,0xa1,0x80,
	0xa1,0xa1,0xa1,0x80,0x9b,0x9b,0x9b,0x80,0x8a,0x8a,0x8a,0x7b,0x00,0x00,0x00,0x1a,
	0x00,0x00,0x00,0x0e,0x00,0x00,0x00,0x05,0x00,0x00,0x00,0x00,0x00,0x00,0x00,0x00,
	0x00,0x00,0x00,0x00,0x00,0x00,0x00,0x00,0x00,0x00,0x00,0x00,0x00,0x00,0x00,0x00,
	0x00,0x00,0x00,0x00,0x00,0x00,0x00,0x00,0x00,0x00,0x00,0x00,0x00,0x00,0x00,0x00,
	0x00,0x00,0x00,0x00,0x00,0x00,0x00,0x00,0x00,0x00,0x00,0x00,0x00,0x00,0x00,0x00,
	0x00,0x00,0x00,0x04,0xae,0xae,0xae,0x5b,0xb1,0xb1,0xb1,0x80,0xb4,0xb4,0xb4,0x80,
	0xb3,0xb3,0xb3,0x80,0xaa,0xaa,0xaa,0x80,0xa9,0xa9,0xa9,0x80,0x91,0x91,0x91,0x80,
	0x80,0x80,0x80,0x80,0x88,0x88,0x88,0x80,0xa5,0xa5,0xa5,0x80,0xad,0xad,0xad,0x80,
	0xac,0xac,0xac,0x80,0xab,0xab,0xab,0x80,0xaa,0xaa,0xaa,0x80,0xa9,0xa9,0xa9,0x80,
	0xa8,0xa8,0xa8,0x80,0xa7,0xa7,0xa7,0x80,0xa7,0xa7,0xa7,0x80,0xa6,0xa6,0xa6,0x80,
	0xa5,0xa5,0xa5,0x80,0x9e,0x9e,0x9e,0x80,0xa6,0xa6,0xa6,0x80,0x91,0x91,0x91,0x80,
	0x80,0x80,0x80,0x80,0x86,0x86,0x86,0x80,0x9a,0x9a,0x9a,0x80,0xa0,0xa0,0xa0,0x80,
	0x9e,0x9e,0x9e,0x80,0x90,0x90,0x90,0x80,0x77,0x77,0x77,0x62,0x00,0x00,0x00,0x19,
	0x00,0x00,0x00,0x0c,0x00,0x00,0x00,0x04,0x00,0x00,0x00,0x00,0x00,0x00,0x00,0x00,
	0x00,0x00,0x00,0x00,0x00,0x00,0x00,0x00,0x00,0x00,0x00,0x00,0x00,0x00,0x00,0x00,
	0x00,0x00,0x00,0x00,0x00,0x00,0x00,0x00,0x00,0x00,0x00,0x00,0x00,0x00,0x00,0x00,
	0x00,0x00,0x00,0x00,0x00,0x00,0x00,0x00,0x00,0x00,0x00,0x00,0x00,0x00,0x00,0x00,
	0x00,0x00,0x00,0x03,0x7b,0x7b,0x7b,0x1c,0xa6,0xa6,0xa6,0x79,0xaa,0xaa,0xaa,0x80,
	0xaf,0xaf,0xaf,0x80,0xa6,0xa6,0xa6,0x80,0xa1,0xa1,0xa1,0x80,0xa7,0xa7,0xa7,0x80,
	0xa6,0xa6,0xa6,0x80,0x9e,0x9e,0x9e,0x80,0xa2,0xa2,0xa2,0x80,0xab,0xab,0xab,0x80,
	0xaa,0xaa,0xaa,0x80,0xa9,0xa9,0xa9,0x80,0xa8,0xa8,0xa8,0x80,0xa7,0xa7,0xa7,0x80,
	0xa7,0xa7,0xa7,0x80,0xa6,0xa6,0xa6,0x80,0xa5,0xa5,0xa5,0x80,0xa4,0xa4,0xa4,0x80,
	0xa3,0xa3,0xa3,0x80,0x9a,0x9a,0x9a,0x80,0x95,0x95,0x95,0x80,0x9b,0x9b,0x9b,0x80,
	0x9a,0x9a,0x9a,0x80,0x94,0x94,0x94,0x80,0x95,0x95,0x95,0x80,0x99,0x99,0x99,0x80,
	0x8f,0x8f,0x8f,0x80,0x80,0x80,0x80,0x7a,0x38,0x38,0x38,0x2e,0x00,0x00,0x00,0x15,
	0x00,0x00,0x00,0x0a,0x00,0x00,0x00,0x03,0x00,0x00,0x00,0x00,0x00,0x00,0x00,0x00,
	0x00,0x00,0x00,0x00,0x00,0x00,0x00,0x00,0x00,0x00,0x00,0x00,0x00,0x00,0x00,0x00,
	0x00,0x00,0x00,0x00,0x00,0x00,0x00,0x00,0x00,0x00,0x00,0x00,0x00,0x00,0x00,0x00,
	0x00,0x00,0x00,0x00,0x00,0x00,0x00,0x00,0x00,0x00,0x00,0x00,0x00,0x00,0x00,0x00,
	0x00,0x00,0x00,0x02,0x00,0x00,0x00,0x06,0x65,0x65,0x65,0x20,0x8b,0x8b,0x8b,0x5e,
	0x91,0x91,0x91,0x7b,0x8e,0x8e,0x8e,0x80,0x86,0x86,0x86,0x80,0x80,0x80,0x80,0x80,
	0x80,0x80,0x80,0x80,0x84,0x84,0x84,0x80,0x8a,0x8a,0x8a,0x80,0x8d,0x8d,0x8d,0x80,
	0x8b,0x8b,0x8b,0x80,0x8b,0x8b,0x8b,0x80,0x8a,0x8a,0x8a,0x80,0x8a,0x8a,0x8a,0x80,
	0x88,0x88,0x88,0x80,0x88,0x88,0x88,0x80,0x88,0x88,0x88,0x80,0x88,0x88,0x88,0x80,
	0x86,0x86,0x86,0x80,0x84,0x84,0x84,0x80,0x7c,0x7c,0x7c,0x80,0x77,0x77,0x77,0x80,
	0x77,0x77,0x77,0x80,0x7a,0x7a,0x7a,0x80,0x80,0x80,0x80,0x80,0x7f,0x7f,0x7f,0x7b,
	0x70,0x70,0x70,0x62,0x38,0x38,0x38,0x2e,0x00,0x00,0x00,0x18,0x00,0x00,0x00,0x0e,
	0x00,0x00,0x00,0x06,0x00,0x00,0x00,0x02,0x00,0x00,0x00,0x00,0x00,0x00,0x00,0x00,
	0x00,0x00,0x00,0x00,0x00,0x00,0x00,0x00,0x00,0x00,0x00,0x00,0x00,0x00,0x00,0x00,
	0x00,0x00,0x00,0x00,0x00,0x00,0x00,0x00,0x00,0x00,0x00,0x00,0x00,0x00,0x00,0x00,
	0x00,0x00,0x00,0x00,0x00,0x00,0x00,0x00,0x00,0x00,0x00,0x00,0x00,0x00,0x00,0x00,
	0x00,0x00,0x00,0x01,0x00,0x00,0x00,0x03,0x00,0x00,0x00,0x08,0x00,0x00,0x00,0x0e,
	0x00,0x00,0x00,0x15,0x00,0x00,0x00,0x19,0x00,0x00,0x00,0x1a,0x00,0x00,0x00,0x1c,
	0x00,0x00,0x00,0x1c,0x00,0x00,0x00,0x1c,0x00,0x00,0x00,0x1c,0x00,0x00,0x00,0x1c,
	0x00,0x00,0x00,0x1c,0x00,0x00,0x00,0x1c,0x00,0x00,0x00,0x1c,0x00,0x00,0x00,0x1c,
	0x00,0x00,0x00,0x1c,0x00,0x00,0x00,0x1c,0x00,0x00,0x00,0x1c,0x00,0x00,0x00,0x1c,
	0x00,0x00,0x00,0x1c,0x00,0x00,0x00,0x1c,0x00,0x00,0x00,0x1c,0x00,0x00,0x00,0x1c,
	0x00,0x00,0x00,0x1c,0x00,0x00,0x00,0x1c,0x00,0x00,0x00,0x1c,0x00,0x00,0x00,0x1a,
	0x00,0x00,0x00,0x19,0x00,0x00,0x00,0x15,0x00,0x00,0x00,0x0e,0x00,0x00,0x00,0x08,
	0x00,0x00,0x00,0x03,0x00,0x00,0x00,0x01,0x00,0x00,0x00,0x00,0x00,0x00,0x00,0x00,
	0x00,0x00,0x00,0x00,0x00,0x00,0x00,0x00,0x00,0x00,0x00,0x00,0x00,0x00,0x00,0x00,
	0x00,0x00,0x00,0x00,0x00,0x00,0x00,0x00,0x00,0x00,0x00,0x00,0x00,0x00,0x00,0x00,
	0x00,0x00,0x00,0x00,0x00,0x00,0x00,0x00,0x00,0x00,0x00,0x00,0x00,0x00,0x00,0x00,
	0x00,0x00,0x00,0x00,0x00,0x00,0x00,0x01,0x00,0x00,0x00,0x03,0x00,0x00,0x00,0x06,
	0x00,0x00,0x00,0x0a,0x00,0x00,0x00,0x0c,0x00,0x00,0x00,0x0e,0x00,0x00,0x00,0x0e,
	0x00,0x00,0x00,0x0e,0x00,0x00,0x00,0x0e,0x00,0x00,0x00,0x0e,0x00,0x00,0x00,0x0e,
	0x00,0x00,0x00,0x0e,0x00,0x00,0x00,0x0e,0x00,0x00,0x00,0x0e,0x00,0x00,0x00,0x0e,
	0x00,0x00,0x00,0x0e,0x00,0x00,0x00,0x0e,0x00,0x00,0x00,0x0e,0x00,0x00,0x00,0x0e,
	0x00,0x00,0x00,0x0e,0x00,0x00,0x00,0x0e,0x00,0x00,0x00,0x0e,0x00,0x00,0x00,0x0e,
	0x00,0x00,0x00,0x0e,0x00,0x00,0x00,0x0e,0x00,0x00,0x00,0x0e,0x00,0x00,0x00,0x0e,
	0x00,0x00,0x00,0x0c,0x00,0x00,0x00,0x0a,0x00,0x00,0x00,0x06,0x00,0x00,0x00,0x03,
	0x00,0x00,0x00,0x01,0x00,0x00,0x00,0x00,0x00,0x00,0x00,0x00,0x00,0x00,0x00,0x00,
	0x00,0x00,0x00,0x00,0x00,0x00,0x00,0x00,0x00,0x00,0x00,0x00,0x00,0x00,0x00,0x00,
	0x00,0x00,0x00,0x00,0x00,0x00,0x00,0x00,0x00,0x00,0x00,0x00,0x00,0x00,0x00,0x00,
	0x00,0x00,0x00,0x00,0x00,0x00,0x00,0x00,0x00,0x00,0x00,0x00,0x00,0x00,0x00,0x00,
	0x00,0x00,0x00,0x00,0x00,0x00,0x00,0x00,0x00,0x00,0x00,0x01,0x00,0x00,0x00,0x02,
	0x00,0x00,0x00,0x03,0x00,0x00,0x00,0x04,0x00,0x00,0x00,0x05,0x00,0x00,0x00,0x05,
	0x00,0x00,0x00,0x05,0x00,0x00,0x00,0x05,0x00,0x00,0x00,0x05,0x00,0x00,0x00,0x05,
	0x00,0x00,0x00,0x05,0x00,0x00,0x00,0x05,0x00,0x00,0x00,0x05,0x00,0x00,0x00,0x05,
	0x00,0x00,0x00,0x05,0x00,0x00,0x00,0x05,0x00,0x00,0x00,0x05,0x00,0x00,0x00,0x05,
	0x00,0x00,0x00,0x05,0x00,0x00,0x00,0x05,0x00,0x00,0x00,0x05,0x00,0x00,0x00,0x05,
	0x00,0x00,0x00,0x05,0x00,0x00,0x00,0x05,0x00,0x00,0x00,0x05,0x00,0x00,0x00,0x05,
	0x00,0x00,0x00,0x04,0x00,0x00,0x00,0x03,0x00,0x00,0x00,0x02,0x00,0x00,0x00,0x01,
	0x00,0x00,0x00,0x00,0x00,0x00,0x00,0x00,0x00,0x00,0x00,0x00,0x00,0x00,0x00,0x00,
	0x00,0x00,0x00,0x00,0x00,0x00,0x00,0x00,0x00,0x00,0x00,0x00,0x00,0x00,0x00,0x00,
	0x00,0x00,0x00,0x00,0x00,0x00,0x00,0x00,0x00,0x00,0x00,0x00,0x00,0x00,0x00,0x00,
	0x00,0x00,0x00,0x00,0x00,0x00,0x00,0x00,0x00,0x00,0x00,0x00,0x00,0x00,0x00,0x00,
	0x00,0x00,0x00,0x00,0x00,0x00,0x00,0x00,0x00,0x00,0x00,0x00,0x00,0x00,0x00,0x00,
	0x00,0x00,0x00,0x00,0x00,0x00,0x00,0x00,0x00,0x00,0x00,0x00,0x00,0x00,0x00,0x00,
	0x00,0x00,0x00,0x00,0x00,0x00,0x00,0x00,0x00,0x00,0x00,0x00,0x00,0x00,0x00,0x00,
	0x00,0x00,0x00,0x00,0x00,0x00,0x00,0x00,0x00,0x00,0x00,0x00,0x00,0x00,0x00,0x00,
	0x00,0x00,0x00,0x00,0x00,0x00,0x00,0x00,0x00,0x00,0x00,0x00,0x00,0x00,0x00,0x00,
	0x00,0x00,0x00,0x00,0x00,0x00,0x00,0x00,0x00,0x00,0x00,0x00,0x00,0x00,0x00,0x00,
	0x00,0x00,0x00,0x00,0x00,0x00,0x00,0x00,0x00,0x00,0x00,0x00,0x00,0x00,0x00,0x00,
	0x00,0x00,0x00,0x00,0x00,0x00,0x00,0x00,0x00,0x00,0x00,0x00,0x00,0x00,0x00,0x00,
	0x00,0x00,0x00,0x00,0x00,0x00,0x00,0x00,0x00,0x00,0x00,0x00,0x00,0x00,0x00,0x00,
	0x00,0x00,0x00,0x00,0x00,0x00,0x00,0x00,0x00,0x00,0x00,0x00,0x00,0x00,0x00,0x00,
	0x00,0x00,0x00,0x00,0x00,0x00,0x00,0x00,0x00,0x00,0x00,0x00,0x00,0x00,0x00,0x00,
	0x00,0x00,0x00,0x00,0x00,0x00,0x00,0x00,0x00,0x00,0x00,0x00,0x00,0x00,0x00,0x00,
	0x00,0x00,0x00,0x00,0x00,0x00,0x00,0x00,0x00,0x00,0x00,0x00,0x00,0x00,0x00,0x00,
	0x00,0x00,0x00,0x00,0x00,0x00,0x00,0x00,0x00,0x00,0x00,0x00,0x00,0x00,0x00,0x00,
	0x00,0x00,0x00,0x00,0x00,0x00,0x00,0x00,0x00,0x00,0x00,0x00,0x00,0x00,0x00,0x00,
	0x00,0x00,0x00,0x00,0x00,0x00,0x00,0x00,0x00,0x00,0x00,0x00,0x00,0x00,0x00,0x00,
	0x00,0x00,0x00,0x00,0x00,0x00,0x00,0x00,0x00,0x00,0x00,0x00,0x00,0x00,0x00,0x00,
	0x00,0x00,0x00,0x00,0x00,0x00,0x00,0x00,0x00,0x00,0x00,0x00,0x00,0x00,0x00,0x00,
	0x00,0x00,0x00,0x00,0x00,0x00,0x00,0x00,0x00,0x00,0x00,0x00,0x00,0x00,0x00,0x00,
	0x00,0x00,0x00,0x00,0x00,0x00,0x00,0x00,0x00,0x00,0x00,0x00,0x00,0x00,0x00,0x00,
	0x00,0x00,0x00,0x00,0x00,0x00,0x00,0x00,0x00,0x00,0x00,0x00,0x00,0x00,0x00,0x00,
	0x00,0x00,0x00,0x00,0x00,0x00,0x00,0x00,0x00,0x00,0x00,0x00,0x00,0x00,0x00,0x00,
};

const unsigned char* const g_RGBA_Browser[ 9 ] = {
 rgba_s_IconFolder,
 rgba_s_IconAVI,
 rgba_s_IconMP3,
 rgba_s_IconM3U,
 rgba_s_IconFile,
 rgba_s_IconPart,
 rgba_s_IconAVIS,
 rgba_s_IconShare,
 rgba_s_IconPicture
};

const unsigned char* const g_RGBA_Misc[ 12 ] = {
 rgba_s_IconError,
 rgba_s_IconDisplay,
 rgba_s_IconHelp,
 rgba_s_IconNetwork,
 rgba_s_IconBrowser,
 rgba_s_IconPlayer,
 rgba_s_IconOn,
 rgba_s_IconOff,
 rgba_s_IconSave,
 rgba_s_IconExit,
 rgba_s_IconFinish,
 rgba_g_IconBall
};

const unsigned char* const g_RGBA_Dev[ 11 ] = {
 rgba_s_IconUSB,
 rgba_s_IconCDROM,
 rgba_s_IconHDD,
 rgba_s_IconCDDA,
 rgba_s_IconHost,
 rgba_s_IconDVD,
 rgba_s_IconSMB,
 rgba_s_IconMX4SIO,
 rgba_s_IconATA,
 rgba_s_IconILINK,
 rgba_s_IconMMCE
};
